race_id,driver_id,year,round,team,grid,qualification_position_number,position_number,won,p_base,p_grid,p_grid_pole
821,fernando-alonso,2010,1,ferrari,3.0,3.0,1.0,1,0.08625593292669215,0.07679536456599831,0.08902612789769476
821,felipe-massa,2010,1,ferrari,2.0,2.0,2.0,0,0.060497983728205425,0.15090275023668767,0.20237788261857892
821,lewis-hamilton,2010,1,mclaren,4.0,4.0,3.0,0,0.04616902504087214,0.03930850497699963,0.041305619711305745
821,sebastian-vettel,2010,1,red-bull,1.0,1.0,4.0,0,0.08637513389587934,0.5863187933197147,0.5466967041073452
821,nico-rosberg,2010,1,mercedes,5.0,5.0,5.0,0,0.17819311871738575,0.04463846329275134,0.04123563166347098
821,michael-schumacher,2010,1,mercedes,7.0,7.0,6.0,0,0.13655367506550598,0.02428752048269115,0.01969980597555007
821,jenson-button,2010,1,mclaren,8.0,8.0,7.0,0,0.038759637158695126,0.011584380771010126,0.009368685336656713
821,mark-webber,2010,1,red-bull,6.0,6.0,8.0,0,0.07552422348395185,0.025607207460901463,0.022404444216429568
821,vitantonio-liuzzi,2010,1,aston-martin,12.0,12.0,9.0,0,0.005453502861167548,0.0024002446202066046,0.0018184375243916523
821,rubens-barrichello,2010,1,williams,11.0,11.0,10.0,0,0.015507885192095746,0.004629814570188387,0.003435890050331692
821,robert-kubica,2010,1,alpine,9.0,9.0,11.0,0,0.008766146488264882,0.005192348555314053,0.0042460341966886654
821,adrian-sutil,2010,1,aston-martin,10.0,10.0,12.0,0,0.003977467801741173,0.0032088745938293234,0.0025890837068194405
821,jaime-alguersuari,2010,1,racing-bulls,18.0,18.0,13.0,0,0.002196276700799163,0.0009795790821231604,0.00064043868393003
821,nico-hulkenberg,2010,1,williams,13.0,13.0,14.0,0,0.01618558914480161,0.003474125964040427,0.0024239074176243625
821,heikki-kovalainen,2010,1,caterham,21.0,21.0,15.0,0,0.01863243644231781,0.0017171336545172475,0.0009839781387933825
821,sebastien-buemi,2010,1,racing-bulls,15.0,15.0,16.0,0,0.004339926705676086,0.0014264916862291933,0.001009523074670736
821,jarno-trulli,2010,1,caterham,20.0,20.0,17.0,0,0.018372084061839985,0.001867113294206759,0.0010893554662623221
821,pedro-de-la-rosa,2010,1,audi,14.0,14.0,,0,0.03173362160288239,0.003987664139993479,0.002641176115838016
821,bruno-senna,2010,1,hrt,23.0,23.0,,0,0.022857833805775232,0.0014915364304788402,0.0008288969593753434
821,timo-glock,2010,1,manor,19.0,19.0,,0,0.02932301573476439,0.0021250660715284473,0.0012735202325487537
821,vitaly-petrov,2010,1,alpine,17.0,17.0,,0,0.009407848012553233,0.0017263040271970405,0.0011143829228678769
821,kamui-kobayashi,2010,1,audi,16.0,16.0,,0,0.05920196781658257,0.0033341524413537903,0.002122325406424038
821,lucas-di-grassi,2010,1,manor,22.0,22.0,,0,0.022857833805775232,0.0016115521399923212,0.0009105929685394438
821,karun-chandhok,2010,1,hrt,24.0,24.0,,0,0.022857833805775232,0.001385013622046477,0.000757555607862393
822,jenson-button,2010,2,mclaren,4.0,4.0,1.0,1,0.050821197203938295,0.0399932021953148,0.04134244500322709
822,robert-kubica,2010,2,alpine,9.0,9.0,2.0,0,0.009085303658914615,0.004712184032301889,0.003857488502198133
822,felipe-massa,2010,2,ferrari,5.0,5.0,3.0,0,0.08739442482412609,0.03287006822409933,0.030771338080787837
822,fernando-alonso,2010,2,ferrari,3.0,3.0,4.0,0,0.12361203705308242,0.08240599402534372,0.09389713704731253
822,nico-rosberg,2010,2,mercedes,6.0,6.0,5.0,0,0.2029141656476189,0.03154924308930859,0.027023757089747732
822,lewis-hamilton,2010,2,mclaren,11.0,11.0,6.0,0,0.062132451265315594,0.006991808932277332,0.004968997174122577
822,vitantonio-liuzzi,2010,2,aston-martin,13.0,13.0,7.0,0,0.007528531313224935,0.0021845902955720136,0.0015837641138454711
822,rubens-barrichello,2010,2,williams,8.0,8.0,8.0,0,0.01796611002358238,0.007793057253762996,0.006473941964281321
822,mark-webber,2010,2,red-bull,2.0,2.0,9.0,0,0.08872127579070432,0.17078719779312818,0.2232723047692393
822,michael-schumacher,2010,2,mercedes,7.0,7.0,10.0,0,0.1550708633327621,0.02357305471629,0.01897815968549344
822,jaime-alguersuari,2010,2,racing-bulls,17.0,17.0,11.0,0,0.0029723288357405295,0.0010890223434305017,0.0007214340307467663
822,pedro-de-la-rosa,2010,2,audi,14.0,14.0,12.0,0,0.020950351426248293,0.003058764775816822,0.0020577237846945476
822,heikki-kovalainen,2010,2,caterham,19.0,19.0,13.0,0,0.007449945104361189,0.0012529196740166284,0.0007741819784776997
822,karun-chandhok,2010,2,hrt,22.0,24.0,14.0,0,0.00045876152052280424,0.0002762297792674539,0.00018334814694113695
822,timo-glock,2010,2,manor,23.0,21.0,,0,0.0005801184891198838,0.00026085782228430003,0.00017094592640235222
822,lucas-di-grassi,2010,2,manor,24.0,22.0,,0,0.00045876152052280424,0.00023739970777621763,0.00015253403189486616
822,sebastian-vettel,2010,2,red-bull,1.0,1.0,,0,0.10438978690297857,0.5789097538533315,0.5352525622894675
822,adrian-sutil,2010,2,aston-martin,10.0,10.0,,0,0.005427907373460025,0.003353966953277253,0.0026676982806718283
822,vitaly-petrov,2010,2,alpine,18.0,18.0,,0,0.0026036691277996787,0.0012663868845762835,0.0007840079019575029
822,bruno-senna,2010,2,hrt,21.0,23.0,,0,0.00045876152052280424,0.00029953310083756664,0.00020230178720144918
822,sebastien-buemi,2010,2,racing-bulls,12.0,12.0,,0,0.005128100570790872,0.002092734512615955,0.0015931495018420743
822,nico-hulkenberg,2010,2,williams,15.0,15.0,,0,0.012852880475624672,0.0025347320133452898,0.0016558307338352565
822,kamui-kobayashi,2010,2,audi,16.0,16.0,,0,0.03102226701903829,0.002507298022025343,0.0016149481756116905
823,sebastian-vettel,2010,3,red-bull,3.0,3.0,1.0,1,0.0720565676932254,0.08327519485225031,0.09237451313377708
823,mark-webber,2010,3,red-bull,1.0,1.0,2.0,0,0.07091403028526047,0.5631106722893913,0.5125415566423364
823,nico-rosberg,2010,3,mercedes,2.0,2.0,3.0,0,0.20373336504376,0.23729193954559635,0.29853399637456046
823,robert-kubica,2010,3,alpine,6.0,6.0,4.0,0,0.010982256101263434,0.011107300661610631,0.010285849630252152
823,adrian-sutil,2010,3,aston-martin,4.0,4.0,5.0,0,0.005227989370034721,0.01849569302818839,0.02013457474796001
823,lewis-hamilton,2010,3,mclaren,20.0,20.0,6.0,0,0.07803815483150424,0.0030582643725183276,0.0016742945546371682
823,felipe-massa,2010,3,ferrari,21.0,21.0,7.0,0,0.108191738001025,0.0032899010610121103,0.0017394402374591403
823,jenson-button,2010,3,mclaren,17.0,17.0,8.0,0,0.06745626705606271,0.0040080092542347,0.0023260860730203487
823,jaime-alguersuari,2010,3,racing-bulls,14.0,14.0,9.0,0,0.0036158687948675346,0.0017263515334317674,0.0012015665593075738
823,nico-hulkenberg,2010,3,williams,5.0,5.0,10.0,0,0.006496817581480497,0.017370212815153087,0.01657641462830553
823,sebastien-buemi,2010,3,racing-bulls,13.0,13.0,11.0,0,0.00461808449871452,0.0020057534134292187,0.0014409678523010442
823,rubens-barrichello,2010,3,williams,7.0,7.0,12.0,0,0.01746506053954807,0.010525333014892025,0.00900170157619221
823,fernando-alonso,2010,3,ferrari,19.0,19.0,13.0,0,0.1492548958358486,0.004025723906118959,0.0022212115359810966
823,lucas-di-grassi,2010,3,manor,24.0,24.0,14.0,0,0.0004598275127187267,0.0002638459536912098,0.00016514014462988994
823,karun-chandhok,2010,3,hrt,22.0,22.0,15.0,0,0.001846277152674548,0.00047252341769712393,0.0002964924306152617
823,bruno-senna,2010,3,hrt,23.0,23.0,16.0,0,0.0007085833994880319,0.000402842308218707,0.00024475419549698624
823,jarno-trulli,2010,3,caterham,18.0,18.0,17.0,0,0.011152775817788355,0.0018364530200201973,0.0011072963731660823
823,heikki-kovalainen,2010,3,caterham,15.0,15.0,,0,0.011511762158680343,0.0025293885876118156,0.001633463908140611
823,vitaly-petrov,2010,3,alpine,11.0,11.0,,0,0.0018878057285353785,0.0033243044027019314,0.002385084701973896
823,vitantonio-liuzzi,2010,3,aston-martin,10.0,10.0,,0,0.008388190014500356,0.003907209410120045,0.0030436801924790227
823,michael-schumacher,2010,3,mercedes,8.0,8.0,,0,0.1484496481494245,0.020667879582998615,0.015410223317976708
823,kamui-kobayashi,2010,3,audi,9.0,9.0,,0,0.016970295625055934,0.006760484276549534,0.005263549423161474
823,timo-glock,2010,3,manor,16.0,16.0,,0,0.0005737388085386624,0.0005447192925637538,0.0003981417662698976
824,jenson-button,2010,4,mclaren,5.0,5.0,1.0,1,0.07527373731744935,0.031170885988214367,0.029208138464962126
824,lewis-hamilton,2010,4,mclaren,6.0,6.0,2.0,0,0.08802555394883009,0.022999795587786396,0.02018372898387529
824,nico-rosberg,2010,4,mercedes,4.0,4.0,3.0,0,0.17833940739194123,0.05740753117674366,0.05783295426713346
824,fernando-alonso,2010,4,ferrari,3.0,3.0,4.0,0,0.13758897624924865,0.08628885963158686,0.09754799017408132
824,robert-kubica,2010,4,alpine,8.0,8.0,5.0,0,0.01271742501047564,0.0061105481867563035,0.005215161068165014
824,sebastian-vettel,2010,4,red-bull,1.0,1.0,6.0,0,0.09974372711223697,0.5689727445601381,0.5250656809037446
824,vitaly-petrov,2010,4,alpine,14.0,14.0,7.0,0,0.0018674912335973617,0.001956494525137549,0.0013130188817859322
824,mark-webber,2010,4,red-bull,2.0,2.0,8.0,0,0.09737655918705534,0.16986346574564135,0.22214443563074102
824,felipe-massa,2010,4,ferrari,7.0,7.0,9.0,0,0.1067467250761587,0.01931288398393433,0.015842403299989566
824,michael-schumacher,2010,4,mercedes,9.0,9.0,10.0,0,0.10408081305932644,0.013358336561220582,0.00985268050654623
824,adrian-sutil,2010,4,aston-martin,10.0,10.0,11.0,0,0.006285095028227148,0.003444407301520186,0.0027303333718499477
824,rubens-barrichello,2010,4,williams,11.0,11.0,12.0,0,0.01943546199827703,0.004420650386682881,0.0032640252506495803
824,jaime-alguersuari,2010,4,racing-bulls,12.0,12.0,13.0,0,0.005100904412772938,0.002265657544455543,0.0016957344061347137
824,heikki-kovalainen,2010,4,caterham,21.0,21.0,14.0,0,0.0050537519500291,0.0008764173748170859,0.0005298377457280318
824,nico-hulkenberg,2010,4,williams,16.0,16.0,15.0,0,0.010836430498440866,0.002189838732574353,0.0013923241294442274
824,bruno-senna,2010,4,hrt,23.0,23.0,16.0,0,0.0017547264868651498,0.0004980348584562363,0.00030172509196828176
824,karun-chandhok,2010,4,hrt,24.0,24.0,17.0,0,0.0034945337102487125,0.0004906191984289776,0.00029584796190089364
824,jarno-trulli,2010,4,caterham,20.0,20.0,,0,0.005237216842329165,0.0009570404292704102,0.0005895653902711973
824,lucas-di-grassi,2010,4,manor,22.0,22.0,,0,0.001236389706677141,0.00036812687080555167,0.00023917528968106923
824,pedro-de-la-rosa,2010,4,audi,17.0,17.0,,0,0.013726722692966247,0.0016968776286108332,0.0010895908667182294
824,sebastien-buemi,2010,4,racing-bulls,13.0,13.0,,0,0.006135621317935106,0.002002413821743572,0.0014589376112510055
824,kamui-kobayashi,2010,4,audi,15.0,15.0,,0,0.011720407427089697,0.0020816179877061964,0.0013970287524052666
824,vitantonio-liuzzi,2010,4,aston-martin,18.0,18.0,,0,0.008222322341821839,0.0012667519177685612,0.0008096819509729217
825,mark-webber,2010,5,red-bull,1.0,1.0,1.0,1,0.09372757383419772,0.5686490994287215,0.5250505065721601
825,fernando-alonso,2010,5,ferrari,4.0,4.0,2.0,0,0.13693676506271812,0.05286559352295615,0.05369271477191792
825,sebastian-vettel,2010,5,red-bull,2.0,2.0,3.0,0,0.09763112705877201,0.17071349433692112,0.22361293794125944
825,michael-schumacher,2010,5,mercedes,6.0,6.0,4.0,0,0.09693719675090591,0.02699149335728075,0.023178448748500165
825,jenson-button,2010,5,mclaren,5.0,5.0,5.0,0,0.09268168138143436,0.03451658556530908,0.03207107481860174
825,felipe-massa,2010,5,ferrari,9.0,9.0,6.0,0,0.10285677670675454,0.012570645139522179,0.009386038810624494
825,adrian-sutil,2010,5,aston-martin,11.0,11.0,7.0,0,0.0058043642172809036,0.0027941698328784767,0.0021528908029246367
825,robert-kubica,2010,5,alpine,7.0,7.0,8.0,0,0.016269226643409018,0.008685624868056924,0.007713244494281632
825,rubens-barrichello,2010,5,williams,17.0,18.0,9.0,0,0.017823237942363176,0.0020162536424187163,0.0012706631652258736
825,jaime-alguersuari,2010,5,racing-bulls,15.0,16.0,10.0,0,0.004924451600389335,0.0014712872874003016,0.001021821496373749
825,vitaly-petrov,2010,5,alpine,19.0,14.0,11.0,0,0.003616966619048573,0.0013420954105586326,0.0008008261686276568
825,kamui-kobayashi,2010,5,audi,10.0,10.0,12.0,0,0.0075122172903777625,0.0035413997093820425,0.0028161091689736274
825,nico-rosberg,2010,5,mercedes,8.0,8.0,13.0,0,0.17461851140008502,0.01720415437614551,0.013396030832995483
825,lewis-hamilton,2010,5,mclaren,3.0,3.0,14.0,0,0.10658413358456714,0.08501116440938696,0.09581727712135843
825,vitantonio-liuzzi,2010,5,aston-martin,16.0,17.0,15.0,0,0.006627193121890925,0.0014719114492559484,0.0009880699628464658
825,nico-hulkenberg,2010,5,williams,13.0,13.0,16.0,0,0.010551876466592768,0.003075059624071292,0.00212401760643345
825,jarno-trulli,2010,5,caterham,18.0,19.0,17.0,0,0.0035743713471309817,0.0010024756286400659,0.0006512356422106469
825,timo-glock,2010,5,manor,22.0,21.0,18.0,0,0.0007881853425074454,0.0003263091080105209,0.0002138916899167808
825,lucas-di-grassi,2010,5,manor,23.0,22.0,19.0,0,0.0009346278227553013,0.0003064555911660966,0.00019811887897782228
825,sebastien-buemi,2010,5,racing-bulls,14.0,15.0,,0,0.00484114841652101,0.001656640169693193,0.0011802676078087096
825,karun-chandhok,2010,5,hrt,24.0,23.0,,0,0.0037253602663690623,0.0005322019276296138,0.00031791820674933
825,pedro-de-la-rosa,2010,5,audi,12.0,12.0,,0,0.008668174561935506,0.0026100674950124397,0.0019433646715331303
825,bruno-senna,2010,5,hrt,21.0,24.0,,0,0.002364832561993355,0.0006458181195824306,0.0004025308196985755
826,mark-webber,2010,6,red-bull,1.0,1.0,1.0,1,0.11109411394205769,0.6364534564078618,0.6011278681421943
826,sebastian-vettel,2010,6,red-bull,3.0,3.0,2.0,0,0.11337385665948334,0.0941564034764042,0.1083881784175299
826,robert-kubica,2010,6,alpine,2.0,2.0,3.0,0,0.017829329369302212,0.08328972511986961,0.12120890124328677
826,felipe-massa,2010,6,ferrari,4.0,4.0,4.0,0,0.10952980645050692,0.05571832613142301,0.057773763491332286
826,lewis-hamilton,2010,6,mclaren,5.0,5.0,5.0,0,0.09005527564283725,0.034478938439336464,0.03320207761691911
826,fernando-alonso,2010,6,ferrari,24.0,,6.0,0,0.14905889721203652,0.002527597028289583,0.0013485632631008667
826,nico-rosberg,2010,6,mercedes,6.0,6.0,7.0,0,0.14820418591562656,0.02818545934348327,0.025247335528224966
826,adrian-sutil,2010,6,aston-martin,12.0,12.0,8.0,0,0.0067697387901326875,0.0026376851709206998,0.0020178014389024947
826,vitantonio-liuzzi,2010,6,aston-martin,10.0,10.0,9.0,0,0.007123456538360566,0.003638947923198483,0.0029824801802746134
826,sebastien-buemi,2010,6,racing-bulls,13.0,13.0,10.0,0,0.004058950966369867,0.0018806744178650823,0.0014214293461096124
826,jaime-alguersuari,2010,6,racing-bulls,17.0,17.0,11.0,0,0.005158588500160348,0.0012033933085509525,0.0008260102930986409
826,michael-schumacher,2010,6,mercedes,7.0,7.0,12.0,0,0.09345363428326572,0.020715273388246202,0.01738606320662163
826,vitaly-petrov,2010,6,alpine,14.0,14.0,13.0,0,0.004955938749210031,0.0025209823981878162,0.0017365239531782278
826,karun-chandhok,2010,6,hrt,23.0,23.0,14.0,0,0.002019657579456682,0.0004678008163388683,0.00029904714336930225
826,jarno-trulli,2010,6,caterham,19.0,19.0,15.0,0,0.0033616245505560913,0.0009269038889051473,0.0006092280724588851
826,heikki-kovalainen,2010,6,caterham,18.0,18.0,,0,0.003574574678135052,0.0010237734044837154,0.0006873177941459222
826,bruno-senna,2010,6,hrt,22.0,22.0,,0,0.0014161627178426149,0.000490282882366551,0.0003168288963236678
826,rubens-barrichello,2010,6,williams,9.0,9.0,,0,0.01743337373801034,0.0062423448748596365,0.005151037077867128
826,kamui-kobayashi,2010,6,audi,16.0,16.0,,0,0.007863627324201936,0.0015455108392813592,0.0010727981085616536
826,lucas-di-grassi,2010,6,manor,21.0,21.0,,0,0.0010979489685179916,0.00041748415555261644,0.000283718541652941
826,timo-glock,2010,6,manor,20.0,20.0,,0,0.0010364637093091724,0.0004522554628416631,0.0003127092098560025
826,pedro-de-la-rosa,2010,6,audi,15.0,15.0,,0,0.006405271584819284,0.0016991368147647706,0.0012041882436437407
826,jenson-button,2010,6,mclaren,8.0,8.0,,0,0.08547838106399218,0.015143819563243082,0.012223885186058285
826,nico-hulkenberg,2010,6,williams,11.0,11.0,,0,0.009647141065808933,0.004183824743725531,0.0031722456052889485
827,lewis-hamilton,2010,7,mclaren,2.0,2.0,1.0,1,0.07538295438615329,0.1370063270812301,0.18602414413493
827,jenson-button,2010,7,mclaren,4.0,4.0,2.0,0,0.060441816759525174,0.04021742763656495,0.041995295409502975
827,mark-webber,2010,7,red-bull,1.0,1.0,3.0,0,0.13549922304148296,0.6194009449612887,0.5740088759519356
827,michael-schumacher,2010,7,mercedes,5.0,5.0,4.0,0,0.08364017176967971,0.03203074867490973,0.030247564710536825
827,nico-rosberg,2010,7,mercedes,6.0,6.0,5.0,0,0.13649063469997777,0.02431961524328095,0.02162532468372717
827,robert-kubica,2010,7,alpine,7.0,7.0,6.0,0,0.02200582070565472,0.00909756679599126,0.008145771107712748
827,felipe-massa,2010,7,ferrari,8.0,8.0,7.0,0,0.11878966621101811,0.015415744677483793,0.012165604395161924
827,fernando-alonso,2010,7,ferrari,12.0,12.0,8.0,0,0.15671018027718836,0.007793076355493304,0.005309390746333113
827,adrian-sutil,2010,7,aston-martin,11.0,11.0,9.0,0,0.008648600485669577,0.0030410478535212735,0.002354218487037321
827,kamui-kobayashi,2010,7,audi,10.0,10.0,10.0,0,0.0053740030821897876,0.0026973737015435957,0.0022378347423066985
827,pedro-de-la-rosa,2010,7,audi,13.0,13.0,11.0,0,0.004538605754020472,0.0016837207152829096,0.001262950227701056
827,jaime-alguersuari,2010,7,racing-bulls,16.0,16.0,12.0,0,0.006267583333106459,0.001309228628026614,0.0009009342242592019
827,vitantonio-liuzzi,2010,7,aston-martin,18.0,18.0,13.0,0,0.008997232108147823,0.001294578377948657,0.0008342896914804492
827,rubens-barrichello,2010,7,williams,15.0,15.0,14.0,0,0.011124491063164491,0.001894949323531299,0.0013018098314260752
827,vitaly-petrov,2010,7,alpine,9.0,9.0,15.0,0,0.006134343882675532,0.005263971792789339,0.004202357826569945
827,sebastien-buemi,2010,7,racing-bulls,14.0,14.0,16.0,0,0.005104786383775843,0.0016230612655820033,0.0011701123384709486
827,nico-hulkenberg,2010,7,williams,17.0,17.0,17.0,0,0.006801260125149861,0.0014609292983800183,0.0009501325700249804
827,timo-glock,2010,7,manor,21.0,21.0,18.0,0,0.0008265766331234833,0.00033819362930782095,0.00022917133554450076
827,lucas-di-grassi,2010,7,manor,25.0,23.0,19.0,0,0.0008422607746783091,0.00025005473433165493,0.00015880731472246192
827,karun-chandhok,2010,7,hrt,24.0,24.0,20.0,0,0.0024404652645193454,0.00040006414340411085,0.00024921175925965433
827,bruno-senna,2010,7,hrt,22.0,22.0,,0,0.0012653751754529625,0.0004399972739222315,0.00028012822804958923
827,sebastian-vettel,2010,7,red-bull,3.0,3.0,,0,0.1369116280675009,0.09155554119122385,0.10339339717699524
827,heikki-kovalainen,2010,7,caterham,20.0,20.0,,0,0.0028328722786638647,0.0006991627823248543,0.0004497156812498965
827,jarno-trulli,2010,7,caterham,19.0,19.0,,0,0.0029294477374812436,0.0007666738626369765,0.0005029574250616138
828,lewis-hamilton,2010,8,mclaren,1.0,1.0,1.0,1,0.0976918359734217,0.5633442882711522,0.5204702370298085
828,jenson-button,2010,8,mclaren,4.0,5.0,2.0,0,0.0784968463673344,0.049480108204264045,0.049843536294777474
828,fernando-alonso,2010,8,ferrari,3.0,4.0,3.0,0,0.15149572526557856,0.09501037768665245,0.10600128648433557
828,sebastian-vettel,2010,8,red-bull,2.0,3.0,4.0,0,0.09474814147915338,0.18026941832031904,0.2332281261533253
828,mark-webber,2010,8,red-bull,7.0,2.0,5.0,0,0.11355154810499198,0.020674635274296593,0.01679929917711598
828,nico-rosberg,2010,8,mercedes,10.0,10.0,6.0,0,0.14950811476837908,0.011508245734325509,0.008205155837691698
828,robert-kubica,2010,8,alpine,8.0,8.0,7.0,0,0.024424861042266564,0.008204563501048303,0.006798490230164617
828,sebastien-buemi,2010,8,racing-bulls,15.0,15.0,8.0,0,0.005405919700624727,0.001630479713311331,0.0011136060041816308
828,vitantonio-liuzzi,2010,8,aston-martin,5.0,6.0,9.0,0,0.010075326775275149,0.013971588086826584,0.014092769938983002
828,adrian-sutil,2010,8,aston-martin,9.0,9.0,10.0,0,0.010055172834425315,0.005020405855271046,0.0040653156019188706
828,michael-schumacher,2010,8,mercedes,13.0,13.0,11.0,0,0.09481717864662688,0.007009167356445007,0.004497227554299641
828,jaime-alguersuari,2010,8,racing-bulls,16.0,16.0,12.0,0,0.006910289098231194,0.0014882087405637709,0.0009961986791763907
828,nico-hulkenberg,2010,8,williams,12.0,12.0,13.0,0,0.00666006125497359,0.0028927797680351874,0.0020949694345895396
828,rubens-barrichello,2010,8,williams,11.0,11.0,14.0,0,0.01072703835208956,0.003506412131281324,0.002643748891132089
828,felipe-massa,2010,8,ferrari,6.0,7.0,15.0,0,0.11729797566987295,0.027806287964158505,0.023844780557970263
828,heikki-kovalainen,2010,8,caterham,19.0,19.0,16.0,0,0.0018062468248315191,0.0006904090234604032,0.0004501298233108629
828,vitaly-petrov,2010,8,alpine,14.0,14.0,17.0,0,0.0068971082934759734,0.002778524898363405,0.0018298129994175993
828,karun-chandhok,2010,8,hrt,24.0,24.0,18.0,0,0.002107497604167914,0.00041002769295623995,0.00025094655183621474
828,lucas-di-grassi,2010,8,manor,23.0,23.0,19.0,0,0.0010518342555897247,0.0003551689822157081,0.00022427492020074907
828,timo-glock,2010,8,manor,21.0,21.0,,0,0.0010799405160334158,0.0004170635998331688,0.00027258178816156654
828,jarno-trulli,2010,8,caterham,20.0,20.0,,0,0.001864184841931855,0.0006331392689855616,0.00040516389426364376
828,pedro-de-la-rosa,2010,8,audi,17.0,17.0,,0,0.005635098784076044,0.0012769016618519441,0.0008370732003972158
828,bruno-senna,2010,8,hrt,22.0,22.0,,0,0.0010506720373631884,0.0004494394955095963,0.0002809501663698926
828,kamui-kobayashi,2010,8,audi,18.0,18.0,,0,0.006641381509285389,0.001172358768873124,0.0007543187865716014
829,sebastian-vettel,2010,9,red-bull,1.0,1.0,1.0,1,0.10153958252881409,0.5806932717508778,0.5333625454251624
829,lewis-hamilton,2010,9,mclaren,3.0,3.0,2.0,0,0.11790805858732753,0.08469283819780876,0.09541684137948278
829,jenson-button,2010,9,mclaren,7.0,7.0,3.0,0,0.0949322814212713,0.019016043292108695,0.015555048489276153
829,rubens-barrichello,2010,9,williams,9.0,9.0,4.0,0,0.010525281384111896,0.004636704366062853,0.00380335255428187
829,robert-kubica,2010,9,alpine,6.0,6.0,5.0,0,0.024480067705146352,0.01257057094562119,0.011722646193606695
829,adrian-sutil,2010,9,aston-martin,13.0,13.0,6.0,0,0.01139739367980775,0.0026206448627987804,0.0018563214822478668
829,kamui-kobayashi,2010,9,audi,18.0,18.0,7.0,0,0.0045115946742595395,0.0009390682165926104,0.0006186589914835829
829,fernando-alonso,2010,9,ferrari,4.0,4.0,8.0,0,0.14069657152502082,0.05170581620986554,0.052535827526819595
829,sebastien-buemi,2010,9,racing-bulls,11.0,11.0,9.0,0,0.006600205700001485,0.002826527017006176,0.0021731091606812503
829,nico-rosberg,2010,9,mercedes,12.0,12.0,10.0,0,0.13774193499757414,0.007576515320717191,0.00510977681321551
829,felipe-massa,2010,9,ferrari,5.0,5.0,11.0,0,0.09967335320491172,0.03403892397989033,0.03164033216331982
829,pedro-de-la-rosa,2010,9,audi,16.0,16.0,12.0,0,0.003916339782536608,0.0011388929682351048,0.0007822541765590604
829,jaime-alguersuari,2010,9,racing-bulls,17.0,17.0,13.0,0,0.007839016329676436,0.0013443502557389589,0.0008808852116113391
829,vitaly-petrov,2010,9,alpine,10.0,10.0,14.0,0,0.006820756615887016,0.004629198432267117,0.0034932872324014348
829,michael-schumacher,2010,9,mercedes,15.0,15.0,15.0,0,0.0849891432795443,0.004929002999456115,0.0030343255916437037
829,vitantonio-liuzzi,2010,9,aston-martin,14.0,14.0,16.0,0,0.011521551720148768,0.002305567897787082,0.0015888176637977175
829,lucas-di-grassi,2010,9,manor,21.0,21.0,17.0,0,0.0010670013956413005,0.0003831545264999855,0.00025344644744688873
829,karun-chandhok,2010,9,hrt,23.0,23.0,18.0,0,0.001967253213334036,0.0003963407231810683,0.00024998014890746233
829,timo-glock,2010,9,manor,22.0,22.0,19.0,0,0.0009841918163870304,0.0003509052844423424,0.00022781439967964985
829,bruno-senna,2010,9,hrt,24.0,24.0,20.0,0,0.0009037258015029868,0.0003442779985229241,0.0002110236731333641
829,jarno-trulli,2010,9,caterham,19.0,19.0,21.0,0,0.0016037943867003022,0.0006154321821735836,0.00040682921466500023
829,nico-hulkenberg,2010,9,williams,8.0,8.0,,0,0.007070344770011322,0.005501026986212319,0.004684854722307614
829,heikki-kovalainen,2010,9,caterham,20.0,20.0,,0,0.0016895857631614717,0.0005653770209525301,0.00036695743236340734
829,mark-webber,2010,9,red-bull,2.0,2.0,,0,0.11962096971722178,0.17617954856518092,0.23002506390590588
830,mark-webber,2010,10,red-bull,2.0,2.0,1.0,1,0.09156822736310183,0.16991360160334387,0.222125260194762
830,lewis-hamilton,2010,10,mclaren,4.0,4.0,2.0,0,0.14695383336630088,0.058914226656780096,0.058832477697840814
830,nico-rosberg,2010,10,mercedes,5.0,5.0,3.0,0,0.12119319657330903,0.03430937381500331,0.03214993413360721
830,jenson-button,2010,10,mclaren,14.0,14.0,4.0,0,0.1185436382862144,0.0065311204269180734,0.0040698237547353595
830,rubens-barrichello,2010,10,williams,8.0,8.0,5.0,0,0.011952648337698867,0.006089727416793891,0.005198579733555819
830,kamui-kobayashi,2010,10,audi,12.0,12.0,6.0,0,0.0064731958340360695,0.0022863883551666486,0.001723891324092994
830,sebastian-vettel,2010,10,red-bull,1.0,1.0,7.0,0,0.09631193406113299,0.5704354267229662,0.5264420803253429
830,adrian-sutil,2010,10,aston-martin,11.0,11.0,8.0,0,0.013834536500650802,0.003911203847846499,0.0029220549726908843
830,michael-schumacher,2010,10,mercedes,10.0,10.0,9.0,0,0.07291084699918261,0.009826185460852512,0.007048158696632964
830,nico-hulkenberg,2010,10,williams,13.0,13.0,10.0,0,0.006001713259970773,0.002465098834770264,0.0017356351736870792
830,vitantonio-liuzzi,2010,10,aston-martin,20.0,15.0,11.0,0,0.012797405665561482,0.001372068493290346,0.0008188229681840556
830,sebastien-buemi,2010,10,racing-bulls,16.0,17.0,12.0,0,0.008319884423436178,0.0016784879963429524,0.0011088939346656404
830,vitaly-petrov,2010,10,alpine,15.0,16.0,13.0,0,0.008158205043708226,0.0025503791166481965,0.0016381411965585718
830,fernando-alonso,2010,10,ferrari,3.0,3.0,14.0,0,0.13649854590668237,0.08799955776305662,0.09928339919787092
830,felipe-massa,2010,10,ferrari,7.0,7.0,15.0,0,0.09581579323692087,0.019527407666197368,0.015960348464904787
830,jarno-trulli,2010,10,caterham,21.0,21.0,16.0,0,0.0014200413180437538,0.000507064829235325,0.0003238331445953076
830,heikki-kovalainen,2010,10,caterham,18.0,19.0,17.0,0,0.001439329003480992,0.0006639283696201995,0.0004492507638396476
830,timo-glock,2010,10,manor,19.0,20.0,18.0,0,0.0012579402038191084,0.0005273647591255201,0.0003563582080720269
830,karun-chandhok,2010,10,hrt,23.0,23.0,19.0,0,0.0021920497292537804,0.00043701816162915576,0.0002729530001223641
830,sakon-yamamoto,2010,10,hrt,24.0,24.0,20.0,0,0.0012451219491721058,0.00038658766552433186,0.00023546408587885254
830,jaime-alguersuari,2010,10,racing-bulls,17.0,18.0,,0,0.009253389782485171,0.001524196756323151,0.0009861165534551612
830,pedro-de-la-rosa,2010,10,audi,9.0,9.0,,0,0.005206050583701942,0.0037030006018772053,0.003097800757334217
830,robert-kubica,2010,10,alpine,6.0,6.0,,0,0.029268985397038046,0.014028670582304182,0.012956805262110082
830,lucas-di-grassi,2010,10,manor,22.0,22.0,,0,0.0013834871750977118,0.0004119140983840345,0.0002639164554603258
831,fernando-alonso,2010,11,ferrari,2.0,2.0,1.0,1,0.1026171816901644,0.15628708658243415,0.2092746156176805
831,felipe-massa,2010,11,ferrari,3.0,3.0,2.0,0,0.07261131976438277,0.07489627258245292,0.08570551727305659
831,sebastian-vettel,2010,11,red-bull,1.0,1.0,3.0,0,0.1044074495934576,0.588326055610743,0.5449392310923777
831,lewis-hamilton,2010,11,mclaren,6.0,6.0,4.0,0,0.1644841929876303,0.030097796544853114,0.02593582291591536
831,jenson-button,2010,11,mclaren,5.0,5.0,5.0,0,0.1318002125942015,0.04056365830903082,0.037283717482304767
831,mark-webber,2010,11,red-bull,4.0,4.0,6.0,0,0.10478530383324626,0.05266951776760878,0.05338513336836864
831,robert-kubica,2010,11,alpine,7.0,7.0,7.0,0,0.020823611981168638,0.009348245937695197,0.00830807581224254
831,nico-rosberg,2010,11,mercedes,9.0,9.0,8.0,0,0.12804989457098637,0.012418715494384407,0.009406912827376442
831,michael-schumacher,2010,11,mercedes,11.0,11.0,9.0,0,0.07452892078801628,0.008359561445102451,0.005823149151243661
831,vitaly-petrov,2010,11,alpine,13.0,13.0,10.0,0,0.007958462018294758,0.00292976909039305,0.0020339473274601804
831,kamui-kobayashi,2010,11,audi,12.0,12.0,11.0,0,0.0077294917704290355,0.002291449346096833,0.0017476350599246108
831,rubens-barrichello,2010,11,williams,8.0,8.0,12.0,0,0.015114271414125064,0.0066081643507975504,0.005640092031701634
831,nico-hulkenberg,2010,11,williams,10.0,10.0,13.0,0,0.007563423094414731,0.004222474588118223,0.003278383356354546
831,pedro-de-la-rosa,2010,11,audi,14.0,15.0,14.0,0,0.004545099929552605,0.001674067143290513,0.001194919695252005
831,jaime-alguersuari,2010,11,racing-bulls,15.0,16.0,15.0,0,0.007161640401838761,0.0017311794634279488,0.001189940717893551
831,vitantonio-liuzzi,2010,11,aston-martin,21.0,22.0,16.0,0,0.014246057535753245,0.0013055889219232796,0.0007679299497017661
831,adrian-sutil,2010,11,aston-martin,19.0,14.0,17.0,0,0.015751096885799776,0.001567553087920522,0.0009587145429629018
831,timo-glock,2010,11,manor,23.0,20.0,18.0,0,0.0012362933538874515,0.00036644974228024793,0.00023314632407553444
831,bruno-senna,2010,11,hrt,20.0,21.0,19.0,0,0.0010796560063482021,0.0005196705200870115,0.0003407512615481539
831,heikki-kovalainen,2010,11,caterham,18.0,19.0,,0,0.0016917675281852887,0.000700870491839975,0.00047529893357562173
831,lucas-di-grassi,2010,11,manor,24.0,24.0,,0,0.0011845720952498569,0.0003390333802094289,0.0002121523048918948
831,sakon-yamamoto,2010,11,hrt,22.0,23.0,,0,0.0012767017171618758,0.0004465892969274251,0.00028336014186518835
831,jarno-trulli,2010,11,caterham,17.0,18.0,,0,0.001685033412086243,0.000773940061341618,0.0005361463115094162
831,sebastien-buemi,2010,11,racing-bulls,16.0,17.0,,0,0.007668345033618929,0.001556290241041415,0.0010454065007168337
832,mark-webber,2010,12,red-bull,2.0,2.0,1.0,1,0.10556208285183313,0.17355430330206012,0.2266442036261142
832,fernando-alonso,2010,12,ferrari,3.0,3.0,2.0,0,0.11977294639316195,0.08095497295544536,0.092087764539347
832,sebastian-vettel,2010,12,red-bull,1.0,1.0,3.0,0,0.1079204559673286,0.5812396196076343,0.5355962528911697
832,felipe-massa,2010,12,ferrari,4.0,4.0,4.0,0,0.08539973337432857,0.04765648565890157,0.04841750219140677
832,vitaly-petrov,2010,12,alpine,7.0,7.0,5.0,0,0.009027658706580273,0.008726730334475007,0.0075842327182954325
832,nico-hulkenberg,2010,12,williams,10.0,10.0,6.0,0,0.007616176635155832,0.004071659787329645,0.00315533276252632
832,pedro-de-la-rosa,2010,12,audi,9.0,9.0,7.0,0,0.004750086246067357,0.0036095050763583145,0.003018485014723073
832,jenson-button,2010,12,mclaren,11.0,11.0,8.0,0,0.12987617122500128,0.00999609395180444,0.006816217197784374
832,kamui-kobayashi,2010,12,audi,23.0,18.0,9.0,0,0.008061649260714074,0.0007374241952740489,0.00043807692179834466
832,rubens-barrichello,2010,12,williams,12.0,12.0,10.0,0,0.014439086916992565,0.0031314598747956114,0.002290682718085885
832,michael-schumacher,2010,12,mercedes,14.0,14.0,11.0,0,0.06725215111710293,0.005134061645318624,0.0032682029673184974
832,sebastien-buemi,2010,12,racing-bulls,15.0,15.0,12.0,0,0.005615093115111241,0.0015192054668514698,0.0010508602483763287
832,vitantonio-liuzzi,2010,12,aston-martin,16.0,16.0,13.0,0,0.01168482289038966,0.0018772955015083038,0.0012275258350913578
832,heikki-kovalainen,2010,12,caterham,19.0,20.0,14.0,0,0.001187183639832369,0.0005346182317237729,0.0003591169901355131
832,jarno-trulli,2010,12,caterham,20.0,21.0,15.0,0,0.001182509822595396,0.0004887799111468367,0.00032207288608010866
832,timo-glock,2010,12,manor,18.0,19.0,16.0,0,0.00114967097773451,0.0005272619973080401,0.00036768905930542026
832,bruno-senna,2010,12,hrt,22.0,23.0,17.0,0,0.001009760649700808,0.0004027880846328441,0.0002560712129467108
832,lucas-di-grassi,2010,12,manor,21.0,22.0,18.0,0,0.0009831934430556937,0.0003977806872856426,0.00026120164641743284
832,sakon-yamamoto,2010,12,hrt,24.0,24.0,19.0,0,0.0010368366487727573,0.0003469541693088001,0.0002136112828696489
832,lewis-hamilton,2010,12,mclaren,5.0,5.0,,0,0.161743314161593,0.04019453464683393,0.03692990044772742
832,robert-kubica,2010,12,alpine,8.0,8.0,,0,0.022467758399293415,0.007479210625614298,0.006276313664753476
832,nico-rosberg,2010,12,mercedes,6.0,6.0,,0,0.11354569079527654,0.023476076239356377,0.020685918528594905
832,adrian-sutil,2010,12,aston-martin,13.0,13.0,,0,0.012743342938538259,0.002714950320102455,0.0019211794935566706
832,jaime-alguersuari,2010,12,racing-bulls,17.0,17.0,,0,0.005972623823839773,0.001228227728930287,0.000811585155575408
833,lewis-hamilton,2010,13,mclaren,2.0,2.0,1.0,1,0.11053641462135955,0.16766499605603088,0.22252196873759097
833,mark-webber,2010,13,red-bull,1.0,1.0,2.0,0,0.1369849499103015,0.6267787422489409,0.5796007873125065
833,robert-kubica,2010,13,alpine,3.0,3.0,3.0,0,0.019933151925844328,0.039226017671364716,0.04814535826591597
833,felipe-massa,2010,13,ferrari,6.0,6.0,4.0,0,0.1074886998037661,0.025224995470498557,0.022118374815412928
833,adrian-sutil,2010,13,aston-martin,8.0,8.0,5.0,0,0.010621983213759952,0.005765872879161472,0.004984792081788628
833,nico-rosberg,2010,13,mercedes,14.0,12.0,6.0,0,0.07855767070347376,0.004558837545947012,0.003001697262426675
833,michael-schumacher,2010,13,mercedes,21.0,11.0,7.0,0,0.05458862348236696,0.002181303272653864,0.0012270311805022943
833,kamui-kobayashi,2010,13,audi,17.0,19.0,8.0,0,0.010870222945502826,0.0013994852234746565,0.0009296819166801153
833,vitaly-petrov,2010,13,alpine,23.0,24.0,9.0,0,0.011452850054690517,0.0010784977603663102,0.0006128404182750823
833,vitantonio-liuzzi,2010,13,aston-martin,12.0,14.0,10.0,0,0.010861116082434175,0.002851790341845719,0.002119638746749853
833,pedro-de-la-rosa,2010,13,audi,24.0,22.0,11.0,0,0.006947624823678169,0.0007388460591943127,0.0004283435836476312
833,sebastien-buemi,2010,13,racing-bulls,16.0,15.0,12.0,0,0.005873305935871985,0.001307180127478388,0.0008975308444049978
833,jaime-alguersuari,2010,13,racing-bulls,11.0,13.0,13.0,0,0.005308778849892851,0.0024881735362241963,0.001961918615284866
833,nico-hulkenberg,2010,13,williams,9.0,9.0,14.0,0,0.010884543480791911,0.005355663915071362,0.0043369534820261145
833,sebastian-vettel,2010,13,red-bull,4.0,4.0,15.0,0,0.13750877467271647,0.056112952944357364,0.05678194649510637
833,heikki-kovalainen,2010,13,caterham,13.0,16.0,16.0,0,0.0016986386413990846,0.001164233482914708,0.0009012737693587874
833,lucas-di-grassi,2010,13,manor,22.0,23.0,17.0,0,0.0012657187744176868,0.00039845806327668665,0.00025784252383689713
833,timo-glock,2010,13,manor,20.0,17.0,18.0,0,0.0015114739819823313,0.00047759361467310116,0.0003211834693498316
833,jarno-trulli,2010,13,caterham,15.0,18.0,19.0,0,0.0016770349936084358,0.0009064899864902988,0.0006650707324312932
833,sakon-yamamoto,2010,13,hrt,19.0,21.0,20.0,0,0.0012525002285889864,0.0005464469570510283,0.00036959495852456836
833,fernando-alonso,2010,13,ferrari,10.0,10.0,,0,0.15091315447158415,0.01067164272880811,0.007774348249244178
833,jenson-button,2010,13,mclaren,5.0,5.0,,0,0.10354725311351613,0.033821347341881074,0.03183985242561359
833,bruno-senna,2010,13,hrt,18.0,20.0,,0,0.0012757484492898093,0.0006013316173475628,0.000415141235529886
833,rubens-barrichello,2010,13,williams,7.0,7.0,,0,0.018439766839162288,0.008679101154947733,0.007786828877791994
834,fernando-alonso,2010,14,ferrari,1.0,1.0,1.0,1,0.11551955686012069,0.5690879280757865,0.5281507885182605
834,jenson-button,2010,14,mclaren,2.0,2.0,2.0,0,0.08436040535172612,0.165690723746831,0.21689346469782814
834,felipe-massa,2010,14,ferrari,3.0,3.0,3.0,0,0.09955058829014986,0.08297804825784666,0.09360007070363688
834,sebastian-vettel,2010,14,red-bull,6.0,6.0,4.0,0,0.13341440338603913,0.029239285820830685,0.024986937093731967
834,nico-rosberg,2010,14,mercedes,7.0,7.0,5.0,0,0.09410721298129025,0.01731116713329625,0.014425998351676085
834,mark-webber,2010,14,red-bull,4.0,4.0,6.0,0,0.1485199941691176,0.05977775879264431,0.0595443934971892
834,nico-hulkenberg,2010,14,williams,8.0,8.0,7.0,0,0.010876253099058547,0.006570814508205616,0.005519485793762463
834,robert-kubica,2010,14,alpine,9.0,9.0,8.0,0,0.02853509148981021,0.007032593509858255,0.005561146511596969
834,michael-schumacher,2010,14,mercedes,12.0,12.0,9.0,0,0.06592102212422715,0.006569356168325747,0.004449975847907702
834,rubens-barrichello,2010,14,williams,10.0,10.0,10.0,0,0.015248397638270858,0.004586548847180126,0.003564088731982423
834,sebastien-buemi,2010,14,racing-bulls,14.0,14.0,11.0,0,0.007398547456942241,0.0019056192523415328,0.0013417655451458163
834,vitantonio-liuzzi,2010,14,aston-martin,19.0,20.0,12.0,0,0.014867823766607093,0.0015472184777702558,0.0009402922955286306
834,vitaly-petrov,2010,14,alpine,20.0,15.0,13.0,0,0.01588922815045484,0.0016654894082943688,0.0009679866745034034
834,pedro-de-la-rosa,2010,14,audi,16.0,17.0,14.0,0,0.009268184785299683,0.0017796884907434953,0.0011676048666005045
834,jaime-alguersuari,2010,14,racing-bulls,15.0,16.0,15.0,0,0.0066537342519659625,0.0016746221763897693,0.0011471239657199427
834,adrian-sutil,2010,14,aston-martin,11.0,11.0,16.0,0,0.015202465386868683,0.00401447672503812,0.0029935479820637737
834,timo-glock,2010,14,manor,24.0,21.0,17.0,0,0.0019012970245110435,0.00040361332000211876,0.00024715635596734404
834,heikki-kovalainen,2010,14,caterham,18.0,19.0,18.0,0,0.002090153623996279,0.0007515143750516145,0.0005035434883009147
834,sakon-yamamoto,2010,14,hrt,23.0,24.0,19.0,0,0.0013045648741013818,0.0004098338257163415,0.00025456293158286245
834,lucas-di-grassi,2010,14,manor,21.0,22.0,20.0,0,0.0016327650308554647,0.0005026406463666189,0.0003227408508712857
834,jarno-trulli,2010,14,caterham,17.0,18.0,,0,0.0020103944842979724,0.0008273817973307964,0.0005659854948660417
834,bruno-senna,2010,14,hrt,22.0,23.0,,0,0.0012240644816302981,0.00044039807527849323,0.00027784012558892317
834,lewis-hamilton,2010,14,mclaren,5.0,5.0,,0,0.10991367885699303,0.03438252054681674,0.03209756015790897
834,kamui-kobayashi,2010,14,audi,25.0,13.0,,0,0.014590172435665594,0.0008507580220545233,0.0004759395177792771
835,fernando-alonso,2010,15,ferrari,1.0,1.0,1.0,1,0.13670269388293052,0.5852696947947365,0.5385536452669004
835,sebastian-vettel,2010,15,red-bull,2.0,2.0,2.0,0,0.13728577110129528,0.19097165211001624,0.2455362558583536
835,mark-webber,2010,15,red-bull,5.0,5.0,3.0,0,0.14950864390245094,0.039023685317534695,0.035677237687865224
835,jenson-button,2010,15,mclaren,4.0,4.0,4.0,0,0.07303652111145718,0.043065337491240974,0.0439623271161489
835,nico-rosberg,2010,15,mercedes,7.0,7.0,5.0,0,0.09619853527758393,0.016687599541770806,0.013877012638839802
835,rubens-barrichello,2010,15,williams,6.0,6.0,6.0,0,0.017266369829056483,0.011315779706210803,0.010563170924709276
835,robert-kubica,2010,15,alpine,8.0,8.0,7.0,0,0.029160589558993904,0.008290433440393319,0.006840663978799613
835,felipe-massa,2010,15,ferrari,24.0,24.0,8.0,0,0.11665338901433746,0.0022828835895142893,0.0011737824128757043
835,adrian-sutil,2010,15,aston-martin,15.0,16.0,9.0,0,0.01397203290290875,0.0021690464395856517,0.001442158128283873
835,nico-hulkenberg,2010,15,williams,17.0,12.0,10.0,0,0.01314976713116051,0.0018033597448857612,0.0011357041970811962
835,vitaly-petrov,2010,15,alpine,12.0,13.0,11.0,0,0.01598227855061229,0.0038868465240724463,0.002729382877483838
835,jaime-alguersuari,2010,15,racing-bulls,25.0,11.0,12.0,0,0.006866128928043937,0.0006714041256847695,0.00037853772189579707
835,michael-schumacher,2010,15,mercedes,9.0,9.0,13.0,0,0.06602253061991394,0.010431543459745516,0.007848810073805997
835,sebastien-buemi,2010,15,racing-bulls,13.0,14.0,14.0,0,0.007943401079487477,0.002122535884902263,0.0015315313053791274
835,lucas-di-grassi,2010,15,manor,20.0,20.0,15.0,0,0.0016386620342319952,0.0005283957093619202,0.00034449605938786834
835,heikki-kovalainen,2010,15,caterham,19.0,19.0,16.0,0,0.0018639839877737454,0.0006148314478606643,0.0004059444090500859
835,timo-glock,2010,15,manor,18.0,18.0,,0,0.001970765414163634,0.0006449094517235512,0.0004386595689037672
835,nick-heidfeld,2010,15,audi,14.0,15.0,,0,0.009215089683548212,0.0019840170504003014,0.001384409165113824
835,lewis-hamilton,2010,15,mclaren,3.0,3.0,,0,0.077433053473619,0.07142090406883511,0.08125960324594586
835,christian-klien,2010,15,hrt,22.0,22.0,,0,0.0008932200890160263,0.00039350970173663305,0.0002483387663610212
835,kamui-kobayashi,2010,15,audi,10.0,10.0,,0,0.010331140167318063,0.003599274804810028,0.002853274072341111
835,bruno-senna,2010,15,hrt,23.0,23.0,,0,0.001054802844112591,0.00036943632753004676,0.00022992858101749192
835,jarno-trulli,2010,15,caterham,21.0,21.0,,0,0.0016883942198778852,0.0005121484243159557,0.0003252108205685517
835,vitantonio-liuzzi,2010,15,aston-martin,16.0,17.0,,0,0.014162235196106238,0.0019407708431318318,0.001259915122888053
836,sebastian-vettel,2010,16,red-bull,1.0,1.0,1.0,1,0.15362489734341045,0.6204618650455266,0.5696335099050425
836,mark-webber,2010,16,red-bull,2.0,2.0,2.0,0,0.16523901927357817,0.18678137043346066,0.24339603155029776
836,fernando-alonso,2010,16,ferrari,4.0,5.0,3.0,0,0.14824763088577864,0.05000630415710229,0.051075831706040895
836,jenson-button,2010,16,mclaren,5.0,6.0,4.0,0,0.06186719780747714,0.02450281543433844,0.02367725149807774
836,lewis-hamilton,2010,16,mclaren,8.0,3.0,5.0,0,0.054824731473664935,0.010698885102829655,0.00865625106479508
836,michael-schumacher,2010,16,mercedes,10.0,10.0,6.0,0,0.06025683553620254,0.00784543445395808,0.005779916545738418
836,kamui-kobayashi,2010,16,audi,14.0,14.0,7.0,0,0.006812295411495263,0.0015634788048471818,0.001129706724778123
836,nick-heidfeld,2010,16,audi,11.0,11.0,8.0,0,0.006153434173136773,0.002358565200874783,0.001861808273620082
836,rubens-barrichello,2010,16,williams,7.0,8.0,9.0,0,0.020209064764551546,0.008547314763134542,0.007614697399602307
836,sebastien-buemi,2010,16,racing-bulls,18.0,18.0,10.0,0,0.008211727816521576,0.0011387948838639396,0.000738233629944039
836,jaime-alguersuari,2010,16,racing-bulls,16.0,16.0,11.0,0,0.007331060505434887,0.0013844468455319245,0.0009361254245405173
836,heikki-kovalainen,2010,16,caterham,20.0,20.0,12.0,0,0.0017875370146972567,0.0005048512292481252,0.0003339040185687342
836,jarno-trulli,2010,16,caterham,19.0,19.0,13.0,0,0.0015030143094881948,0.0005438612154239445,0.00036563015519014213
836,timo-glock,2010,16,manor,22.0,22.0,14.0,0,0.0017893927298052296,0.0004122127135864931,0.0002647431606291174
836,bruno-senna,2010,16,hrt,23.0,23.0,15.0,0,0.0008568684072335353,0.00031090179802705523,0.0001987348905683401
836,sakon-yamamoto,2010,16,hrt,24.0,24.0,16.0,0,0.0009725808503035872,0.0002918518738137581,0.00018399423179690013
836,nico-rosberg,2010,16,mercedes,6.0,7.0,17.0,0,0.09288193211848317,0.019814312977527056,0.017792639189517904
836,adrian-sutil,2010,16,aston-martin,15.0,15.0,,0,0.012658618920725746,0.0018837828418302011,0.001283872779543108
836,robert-kubica,2010,16,alpine,3.0,4.0,,0,0.03129617635116831,0.04359581277237304,0.05263841379052905
836,nico-hulkenberg,2010,16,williams,9.0,9.0,,0,0.014971248694466078,0.005378131086775757,0.004340588844490682
836,felipe-massa,2010,16,ferrari,12.0,12.0,,0,0.12022823114237732,0.007253481846990818,0.0048975657117065
836,vitaly-petrov,2010,16,alpine,13.0,13.0,,0,0.017109070980685148,0.0032227921411255214,0.0022277636755489963
836,vitantonio-liuzzi,2010,16,aston-martin,17.0,17.0,,0,0.011167433489314498,0.001498732377810151,0.0009727858294330561
837,fernando-alonso,2010,17,ferrari,3.0,3.0,1.0,1,0.12718836832686242,0.06905829138798678,0.0796192025923999
837,lewis-hamilton,2010,17,mclaren,4.0,4.0,2.0,0,0.06577595641448307,0.03554328796995913,0.03707115646300236
837,felipe-massa,2010,17,ferrari,6.0,6.0,3.0,0,0.08683029288619912,0.019993938408793852,0.0176815019598111
837,michael-schumacher,2010,17,mercedes,9.0,9.0,4.0,0,0.05824035782993589,0.008338538236315456,0.006440783655713405
837,robert-kubica,2010,17,alpine,8.0,8.0,5.0,0,0.019480760070094482,0.005939556839577826,0.005081383603071922
837,vitantonio-liuzzi,2010,17,aston-martin,17.0,18.0,6.0,0,0.0076523002536452635,0.0011685371219720896,0.0007727708368752697
837,rubens-barrichello,2010,17,williams,10.0,10.0,7.0,0,0.018550762466627235,0.003981073885002732,0.003134829191989734
837,kamui-kobayashi,2010,17,audi,12.0,12.0,8.0,0,0.00931821391673161,0.002150651615125047,0.0016287985212095444
837,nick-heidfeld,2010,17,audi,13.0,13.0,9.0,0,0.008405054068508364,0.0018544128262978645,0.001360769854472225
837,nico-hulkenberg,2010,17,williams,11.0,11.0,10.0,0,0.011668525283046242,0.003240880381110173,0.002444146826539363
837,jaime-alguersuari,2010,17,racing-bulls,15.0,16.0,11.0,0,0.008700765830417578,0.001531023120508068,0.0010558070753382196
837,jenson-button,2010,17,mclaren,7.0,7.0,12.0,0,0.07446070143629996,0.013559568273593791,0.01149722471745464
837,heikki-kovalainen,2010,17,caterham,21.0,21.0,13.0,0,0.0024324789164698168,0.00048474737144974466,0.0003117806313765999
837,bruno-senna,2010,17,hrt,24.0,24.0,14.0,0,0.0011176609563839424,0.000293922927966457,0.00018371217892577816
837,sakon-yamamoto,2010,17,hrt,23.0,23.0,15.0,0,0.001232906164612319,0.000319204763337743,0.0002030369287689337
837,adrian-sutil,2010,17,aston-martin,14.0,14.0,,0,0.008621807562832694,0.0016553516054458879,0.0011793676545729542
837,sebastian-vettel,2010,17,red-bull,1.0,1.0,,0,0.18607743797104181,0.6173117836121952,0.56395299352092
837,vitaly-petrov,2010,17,alpine,20.0,15.0,,0,0.011138836457901355,0.0011484462544305088,0.0006913407745185155
837,timo-glock,2010,17,manor,19.0,20.0,,0,0.0022963606374277737,0.0005434373095356645,0.0003658896970190948
837,sebastien-buemi,2010,17,racing-bulls,16.0,17.0,,0,0.009790022300674925,0.0013822219057198928,0.0009322730970102737
837,lucas-di-grassi,2010,17,manor,22.0,22.0,,0,0.002203021304211746,0.00041952217507613883,0.0002672220142758203
837,jarno-trulli,2010,17,caterham,18.0,19.0,,0,0.002043732398554361,0.0006245730273888634,0.00042432436021230195
837,mark-webber,2010,17,red-bull,2.0,2.0,,0,0.19772290577093832,0.1856390902509566,0.24066949465384752
837,nico-rosberg,2010,17,mercedes,5.0,5.0,,0,0.07905077077609962,0.02381793873025447,0.023030189190674576
838,sebastian-vettel,2010,18,red-bull,2.0,2.0,1.0,1,0.10976724039057373,0.24361722438801858,0.3022191459276819
838,mark-webber,2010,18,red-bull,3.0,3.0,2.0,0,0.11631395866658152,0.12086187439611545,0.1289787519546992
838,fernando-alonso,2010,18,ferrari,5.0,5.0,3.0,0,0.184486268699072,0.055161516261580175,0.048466770985373664
838,lewis-hamilton,2010,18,mclaren,4.0,4.0,4.0,0,0.08666892100758641,0.06517944807729667,0.06313581602163165
838,jenson-button,2010,18,mclaren,11.0,11.0,5.0,0,0.08971290858330325,0.011233457895344036,0.007460520640949217
838,nico-rosberg,2010,18,mercedes,13.0,13.0,6.0,0,0.06964097316747721,0.007309866106013616,0.004632865284692349
838,michael-schumacher,2010,18,mercedes,8.0,8.0,7.0,0,0.06312408614669694,0.016879018628141416,0.012804885125540686
838,nico-hulkenberg,2010,18,williams,1.0,1.0,8.0,0,0.016357534734632116,0.4021256371603322,0.37382985671813096
838,robert-kubica,2010,18,alpine,7.0,7.0,9.0,0,0.023161534895885995,0.013002532442644528,0.010926871771245208
838,kamui-kobayashi,2010,18,audi,12.0,12.0,10.0,0,0.013966069778407456,0.004236644271339002,0.0029558199608995285
838,jaime-alguersuari,2010,18,racing-bulls,14.0,14.0,11.0,0,0.009986961464178738,0.0029388477444918,0.0019474863994396764
838,adrian-sutil,2010,18,aston-martin,22.0,18.0,12.0,0,0.0092606801566618,0.001321430411698341,0.000739428793142566
838,sebastien-buemi,2010,18,racing-bulls,19.0,15.0,13.0,0,0.009559287733964104,0.0017204573365179388,0.0010164279370563044
838,rubens-barrichello,2010,18,williams,6.0,6.0,14.0,0,0.026050200617478595,0.018489610286302017,0.016287162386569697
838,felipe-massa,2010,18,ferrari,9.0,9.0,15.0,0,0.12607191150459884,0.019187568937907573,0.013450879158826083
838,vitaly-petrov,2010,18,alpine,10.0,10.0,16.0,0,0.010921706266496948,0.006551422625415825,0.0047599423075230405
838,nick-heidfeld,2010,18,audi,15.0,16.0,17.0,0,0.012581556831146572,0.002847155336148507,0.0018243912865305726
838,heikki-kovalainen,2010,18,caterham,20.0,21.0,18.0,0,0.0030078651057950834,0.0009382201721470424,0.0005726172507255195
838,jarno-trulli,2010,18,caterham,18.0,20.0,19.0,0,0.0022949574511985493,0.0011012627364008045,0.000696036253573529
838,timo-glock,2010,18,manor,17.0,19.0,20.0,0,0.0021261656933831558,0.0010568387297128401,0.000697138206815846
838,bruno-senna,2010,18,hrt,24.0,24.0,21.0,0,0.0017483004767783878,0.0005834702598553729,0.00033596242219634855
838,christian-klien,2010,18,hrt,23.0,23.0,22.0,0,0.0014181988820045396,0.0006171669395370451,0.0003598312914206527
838,lucas-di-grassi,2010,18,manor,21.0,22.0,,0,0.002040673616487691,0.000728964684363408,0.00044405482176449135
838,vitantonio-liuzzi,2010,18,aston-martin,16.0,17.0,,0,0.009732038129610314,0.002310364172675825,0.0014573370935712989
839,sebastian-vettel,2010,19,red-bull,1.0,1.0,1.0,1,0.12735167141506118,0.5955391303873374,0.5502591003820688
839,lewis-hamilton,2010,19,mclaren,2.0,2.0,2.0,0,0.09277662428861684,0.15401828046248295,0.20476422249619342
839,jenson-button,2010,19,mclaren,4.0,4.0,3.0,0,0.09508726258416401,0.04617342572259708,0.04739910586620489
839,nico-rosberg,2010,19,mercedes,9.0,9.0,4.0,0,0.07159184047302077,0.009652522304512356,0.0074452055840995525
839,robert-kubica,2010,19,alpine,11.0,11.0,5.0,0,0.022301800244339545,0.003978195790101137,0.0030070377086977053
839,vitaly-petrov,2010,19,alpine,10.0,10.0,6.0,0,0.0102282429699046,0.0043924853615882045,0.0033971035792287763
839,fernando-alonso,2010,19,ferrari,3.0,3.0,7.0,0,0.16487152069937505,0.08689148687775604,0.09880134428451434
839,mark-webber,2010,19,red-bull,5.0,5.0,8.0,0,0.13346096541141156,0.03628617521022737,0.03377734825997271
839,jaime-alguersuari,2010,19,racing-bulls,17.0,17.0,9.0,0,0.010387958574045784,0.001459494063664582,0.0009544467695023801
839,felipe-massa,2010,19,ferrari,6.0,6.0,10.0,0,0.10381291388590375,0.024983150373503234,0.021761006720548873
839,nick-heidfeld,2010,19,audi,14.0,14.0,11.0,0,0.01163005043224828,0.002156365552905501,0.0015081785970448632
839,rubens-barrichello,2010,19,williams,7.0,7.0,12.0,0,0.02461574019052582,0.009585839451628157,0.00847152134116357
839,adrian-sutil,2010,19,aston-martin,13.0,13.0,13.0,0,0.00799729724997789,0.002090171454743701,0.0015264291159480794
839,kamui-kobayashi,2010,19,audi,12.0,12.0,14.0,0,0.01382674100262686,0.002862352481570259,0.002126635150156303
839,sebastien-buemi,2010,19,racing-bulls,18.0,18.0,15.0,0,0.009755204869922884,0.0013141436401305382,0.0008403727765499822
839,nico-hulkenberg,2010,19,williams,15.0,15.0,16.0,0,0.01707856080463504,0.0024646093076735993,0.0016286094961808536
839,heikki-kovalainen,2010,19,caterham,20.0,20.0,17.0,0,0.002811375804339741,0.0006257902907145195,0.00040688781326203734
839,lucas-di-grassi,2010,19,manor,22.0,22.0,18.0,0,0.0016236522889187467,0.0004250384711293712,0.00027218477128975637
839,bruno-senna,2010,19,hrt,23.0,23.0,19.0,0,0.0015339545148315723,0.000405144344385985,0.0002534618122182379
839,christian-klien,2010,19,hrt,24.0,24.0,20.0,0,0.0012474105039975913,0.0003695952312060539,0.00022680808655201274
839,jarno-trulli,2010,19,caterham,19.0,19.0,21.0,0,0.0021543792326344257,0.000668799612385534,0.00044134715916649875
839,timo-glock,2010,19,manor,21.0,21.0,,0,0.0017998147999688649,0.0004649861987522715,0.0003034967043645837
839,michael-schumacher,2010,19,mercedes,8.0,8.0,,0,0.06455395107034805,0.011744723056028254,0.009450584208204825
839,vitantonio-liuzzi,2010,19,aston-martin,16.0,16.0,,0,0.007501066689181189,0.0014480943529759575,0.0009775613168669032
840,sebastian-vettel,2011,1,red-bull,1.0,1.0,1.0,1,0.1456688543744615,0.5958705338073699,0.5250741480101004
840,lewis-hamilton,2011,1,mclaren,2.0,2.0,2.0,0,0.11406667639205312,0.16352083647025484,0.24303459408085096
840,vitaly-petrov,2011,1,alpine,6.0,6.0,3.0,0,0.013019751788410373,0.010940050261185347,0.009765531214268399
840,fernando-alonso,2011,1,ferrari,5.0,5.0,4.0,0,0.15772730630058174,0.03687193038263778,0.032618496183110905
840,mark-webber,2011,1,red-bull,3.0,3.0,5.0,0,0.14362631611612595,0.08961479092159884,0.10419506745268006
840,jenson-button,2011,1,mclaren,4.0,4.0,6.0,0,0.11580245164298907,0.04980374151317011,0.050027513152227095
840,felipe-massa,2011,1,ferrari,8.0,8.0,7.0,0,0.0991159195366688,0.01449523261699039,0.009842844637019302
840,sebastien-buemi,2011,1,racing-bulls,10.0,10.0,8.0,0,0.009480570744673799,0.0037648692005074016,0.002640878842298769
840,adrian-sutil,2011,1,aston-martin,16.0,16.0,9.0,0,0.006567020871864799,0.001417485953455946,0.0007876573447817703
840,paul-di-resta,2011,1,aston-martin,14.0,14.0,10.0,0,0.006147330362289428,0.00175234987658753,0.0010502291073890644
840,jaime-alguersuari,2011,1,racing-bulls,12.0,12.0,11.0,0,0.0107193231093622,0.0028431560769780592,0.0017985369403884862
840,nick-heidfeld,2011,1,alpine,18.0,18.0,12.0,0,0.02157880999105055,0.001891546058781886,0.0009063759345962581
840,jarno-trulli,2011,1,caterham,20.0,20.0,13.0,0,0.0018029019790104569,0.000593539836914877,0.00031087440179222595
840,jerome-dambrosio,2011,1,manor,22.0,22.0,14.0,0,0.001283374471134991,0.0004245013710217782,0.00021871008260353238
840,timo-glock,2011,1,manor,21.0,21.0,,0,0.0013683866797650625,0.0004678743549089752,0.00024743987670397224
840,rubens-barrichello,2011,1,williams,17.0,17.0,,0,0.021848032788716925,0.002067434260609249,0.001029159756867072
840,nico-rosberg,2011,1,mercedes,7.0,7.0,,0,0.06210227972399909,0.014374191702529042,0.011095699421141796
840,heikki-kovalainen,2011,1,caterham,19.0,19.0,,0,0.0024024863580008058,0.0007002783549590703,0.0003773056773984861
840,michael-schumacher,2011,1,mercedes,11.0,11.0,,0,0.046532971716934435,0.006110835931072167,0.003656255951280465
840,pastor-maldonado,2011,1,williams,15.0,15.0,,0,0.019139235051906924,0.00247482104846685,0.001322681932500944
841,sebastian-vettel,2011,2,red-bull,1.0,1.0,1.0,1,0.1606735537527917,0.5962405499028177,0.5255644090733064
841,jenson-button,2011,2,mclaren,4.0,4.0,2.0,0,0.12038663827048074,0.048923404958595866,0.049223174921367685
841,nick-heidfeld,2011,2,alpine,6.0,6.0,3.0,0,0.02239103230419728,0.012340132746250834,0.01100418641320938
841,mark-webber,2011,2,red-bull,3.0,3.0,4.0,0,0.1522915812258795,0.08872535525707334,0.10320303568040606
841,felipe-massa,2011,2,ferrari,7.0,7.0,5.0,0,0.09744364742603567,0.0174838116254545,0.012881480974139142
841,fernando-alonso,2011,2,ferrari,5.0,5.0,6.0,0,0.15635895312138764,0.03542182769404245,0.031527490164369384
841,kamui-kobayashi,2011,2,audi,10.0,10.0,7.0,0,0.012311195706132224,0.003916572058773211,0.002753296183986845
841,lewis-hamilton,2011,2,mclaren,2.0,2.0,8.0,0,0.12349030414146103,0.16238938484562324,0.24172186070348722
841,michael-schumacher,2011,2,mercedes,11.0,11.0,9.0,0,0.025137063719860152,0.004578036974980299,0.002870389579946409
841,paul-di-resta,2011,2,aston-martin,14.0,14.0,10.0,0,0.006269351098841394,0.0017283503470627828,0.0010332202559284204
841,adrian-sutil,2011,2,aston-martin,17.0,17.0,11.0,0,0.007470300708659848,0.0012970453958193434,0.0006945066193200959
841,nico-rosberg,2011,2,mercedes,9.0,9.0,12.0,0,0.033091501214372064,0.0069619059662443025,0.004886012497819318
841,sebastien-buemi,2011,2,racing-bulls,12.0,12.0,13.0,0,0.010415609256268124,0.002747143141701548,0.0017396182286527995
841,jaime-alguersuari,2011,2,racing-bulls,13.0,13.0,14.0,0,0.011258665949621124,0.0024441776918274986,0.0014790303634346547
841,heikki-kovalainen,2011,2,caterham,19.0,19.0,15.0,0,0.0020619168195450403,0.0006380432746825497,0.00034826300234195434
841,timo-glock,2011,2,manor,21.0,21.0,16.0,0,0.0012297270306206897,0.00043426566207538283,0.00023198239438166444
841,vitaly-petrov,2011,2,alpine,8.0,8.0,17.0,0,0.015764989836808924,0.006845119615116107,0.0051925107072466675
841,vitantonio-liuzzi,2011,2,hrt,23.0,23.0,,0,0.0013181823510889968,0.0003884156717729007,0.00019469592663548662
841,jerome-dambrosio,2011,2,manor,22.0,22.0,,0,0.002549995327712017,0.00048757157998083827,0.0002532512905763704
841,jarno-trulli,2011,2,caterham,20.0,20.0,,0,0.0017040604276890431,0.0005549854401780032,0.0002944080263784286
841,sergio-perez,2011,2,audi,16.0,16.0,,0,0.010545011244491607,0.0016732313801918336,0.0009022025485342815
841,rubens-barrichello,2011,2,williams,15.0,15.0,,0,0.012961060450885636,0.0019985524831178663,0.0011113728343140259
841,narain-karthikeyan,2011,2,hrt,24.0,24.0,,0,0.001452347183185845,0.0003705021523504737,0.00018126025346604902
841,pastor-maldonado,2011,2,williams,18.0,18.0,,0,0.011423311431983697,0.0014116141342670832,0.0007083413567512945
842,lewis-hamilton,2011,3,mclaren,3.0,3.0,1.0,1,0.12113809177231641,0.08149203624608305,0.09652464406683228
842,sebastian-vettel,2011,3,red-bull,1.0,1.0,2.0,0,0.1747272312835497,0.6237555577006929,0.5477494147100194
842,mark-webber,2011,3,red-bull,18.0,18.0,3.0,0,0.16192606030692905,0.004224913688672285,0.0017785418929194966
842,jenson-button,2011,3,mclaren,2.0,2.0,4.0,0,0.12427623619476927,0.16487348562238605,0.24556578396630302
842,nico-rosberg,2011,3,mercedes,4.0,4.0,5.0,0,0.031191679035206657,0.027863947910845423,0.03103829741773019
842,felipe-massa,2011,3,ferrari,6.0,6.0,6.0,0,0.09805883990269365,0.0231061112486761,0.01859848243628123
842,fernando-alonso,2011,3,ferrari,5.0,5.0,7.0,0,0.15270387180429404,0.035616709440028024,0.03174597222471498
842,michael-schumacher,2011,3,mercedes,14.0,14.0,8.0,0,0.024656060930810027,0.0030288693122316017,0.0016630074534851084
842,vitaly-petrov,2011,3,alpine,10.0,10.0,9.0,0,0.01476005306204887,0.004635924591304945,0.0031044717418720687
842,kamui-kobayashi,2011,3,audi,13.0,13.0,10.0,0,0.011864999809528175,0.0024497142391982714,0.0015003851278342804
842,paul-di-resta,2011,3,aston-martin,8.0,8.0,11.0,0,0.0077287414172192365,0.004923012114170689,0.004012483204144261
842,nick-heidfeld,2011,3,alpine,16.0,16.0,12.0,0,0.023716044847320407,0.00234504788451966,0.0012026572127298105
842,rubens-barrichello,2011,3,williams,15.0,15.0,13.0,0,0.007890107430017477,0.001653223288677984,0.0009509686462422325
842,sebastien-buemi,2011,3,racing-bulls,9.0,9.0,14.0,0,0.009954958237558067,0.00447468606403273,0.0033493580902049587
842,adrian-sutil,2011,3,aston-martin,11.0,11.0,15.0,0,0.008266653762068536,0.002897736341822046,0.0019724511249534444
842,heikki-kovalainen,2011,3,caterham,19.0,19.0,16.0,0,0.0019124418132473232,0.0006226234973123341,0.0003428900259145409
842,sergio-perez,2011,3,audi,12.0,12.0,17.0,0,0.0018277135770304726,0.0017013549660026663,0.0010952124051121048
842,pastor-maldonado,2011,3,williams,17.0,17.0,18.0,0,0.00699440190955214,0.0012904138286386631,0.0006917822861652693
842,jarno-trulli,2011,3,caterham,20.0,20.0,19.0,0,0.001463695546593223,0.0005305190703946772,0.00028400243509656115
842,jerome-dambrosio,2011,3,manor,21.0,21.0,20.0,0,0.001066907375409214,0.00041871734146249937,0.0002251036089336447
842,timo-glock,2011,3,manor,22.0,22.0,21.0,0,0.001187368389139427,0.0003977651083915907,0.00020823669609902116
842,vitantonio-liuzzi,2011,3,hrt,23.0,23.0,22.0,0,0.0009947462316976829,0.0003502578181546133,0.00017915231437265084
842,narain-karthikeyan,2011,3,hrt,24.0,24.0,23.0,0,0.0010908865488733605,0.0003336854965896716,0.00016658218676094056
842,jaime-alguersuari,2011,3,racing-bulls,7.0,7.0,,0,0.010602208812127504,0.00701368717971152,0.006050118725278446
843,sebastian-vettel,2011,4,red-bull,1.0,1.0,1.0,1,0.1802817597234451,0.6157303043092586,0.5410428715997662
843,mark-webber,2011,4,red-bull,2.0,2.0,2.0,0,0.16628369068294643,0.18276455917512774,0.26651584893934055
843,fernando-alonso,2011,4,ferrari,5.0,5.0,3.0,0,0.13879745835696292,0.03348074424120616,0.030073992564202366
843,lewis-hamilton,2011,4,mclaren,4.0,4.0,4.0,0,0.1308785248718198,0.04989185491777806,0.05013770098716574
843,nico-rosberg,2011,4,mercedes,3.0,3.0,5.0,0,0.03397420302744106,0.04612354711181046,0.060277389198869324
843,jenson-button,2011,4,mclaren,6.0,6.0,6.0,0,0.13082020035358094,0.02482702725147435,0.019839879422115913
843,nick-heidfeld,2011,4,alpine,9.0,9.0,7.0,0,0.02210848731853475,0.005990932140338573,0.004280417725305347
843,vitaly-petrov,2011,4,alpine,7.0,7.0,8.0,0,0.01466916236340415,0.0082697362761834,0.006817108487488013
843,sebastien-buemi,2011,4,racing-bulls,16.0,16.0,9.0,0,0.007731073579644075,0.0014501269017222528,0.000802365051208929
843,kamui-kobayashi,2011,4,audi,24.0,24.0,10.0,0,0.011363875487326413,0.0008137978806177778,0.00035500892823631293
843,felipe-massa,2011,4,ferrari,10.0,10.0,11.0,0,0.09170998313320511,0.009086486806767657,0.005521997341693951
843,michael-schumacher,2011,4,mercedes,8.0,8.0,12.0,0,0.026438611100435775,0.007972317436686298,0.0059887615319064655
843,adrian-sutil,2011,4,aston-martin,12.0,12.0,13.0,0,0.007845675005219578,0.0023868190039395935,0.0015542781003678894
843,sergio-perez,2011,4,audi,15.0,15.0,14.0,0,0.0028209445156425327,0.0012569225196694474,0.0007175634481265274
843,rubens-barrichello,2011,4,williams,11.0,11.0,15.0,0,0.007137879131520878,0.0026323447001955313,0.0018229241720628003
843,jaime-alguersuari,2011,4,racing-bulls,17.0,17.0,16.0,0,0.0073320442165370845,0.001287993548589129,0.0006887399017461829
843,pastor-maldonado,2011,4,williams,14.0,14.0,17.0,0,0.005333455907961822,0.0016073391089736716,0.0009719575242648923
843,jarno-trulli,2011,4,caterham,19.0,19.0,18.0,0,0.0014058607729989176,0.0005558110038948367,0.00030788014760010717
843,heikki-kovalainen,2011,4,caterham,18.0,18.0,19.0,0,0.0018607899079478188,0.0006577084771630841,0.00037537340791902985
843,jerome-dambrosio,2011,4,manor,23.0,20.0,20.0,0,0.0010087937257751546,0.0003388636253691119,0.00017467528476907237
843,narain-karthikeyan,2011,4,hrt,22.0,23.0,21.0,0,0.0008681651174956024,0.0003463521523192796,0.0001843500773835161
843,vitantonio-liuzzi,2011,4,hrt,20.0,21.0,22.0,0,0.0008359626966255005,0.0004039676391764657,0.00022693714233794997
843,paul-di-resta,2011,4,aston-martin,13.0,13.0,,0,0.008493399003528633,0.00212444377173853,0.0013219790161229483
844,sebastian-vettel,2011,5,red-bull,2.0,2.0,1.0,1,0.19530161238253835,0.1861317797171202,0.26870710832752803
844,lewis-hamilton,2011,5,mclaren,3.0,3.0,2.0,0,0.1283227116737614,0.07825590971931862,0.09225991544206834
844,jenson-button,2011,5,mclaren,5.0,5.0,3.0,0,0.126074758479376,0.03233363152904436,0.028561924245579007
844,mark-webber,2011,5,red-bull,1.0,1.0,4.0,0,0.17926066624659212,0.5996501035401418,0.5218455589621721
844,fernando-alonso,2011,5,ferrari,4.0,4.0,5.0,0,0.1305109174044712,0.04611532887121333,0.04702475480178659
844,michael-schumacher,2011,5,mercedes,10.0,10.0,6.0,0,0.02562477753050486,0.005195090658795973,0.003424308652650602
844,nico-rosberg,2011,5,mercedes,7.0,7.0,7.0,0,0.034713824956862115,0.010413181689164998,0.008390522045189803
844,nick-heidfeld,2011,5,alpine,24.0,,8.0,0,0.023728314381050976,0.0010993339049584403,0.00044711162695917445
844,sergio-perez,2011,5,audi,12.0,12.0,9.0,0,0.0036138840726561454,0.0019004763714856431,0.0012250170537818836
844,kamui-kobayashi,2011,5,audi,14.0,14.0,10.0,0,0.011340628332273716,0.0019816086804979247,0.0011675008581811508
844,vitaly-petrov,2011,5,alpine,6.0,6.0,11.0,0,0.016012633516405177,0.010749983569379876,0.009580156062487776
844,paul-di-resta,2011,5,aston-martin,16.0,16.0,12.0,0,0.0048689817963515555,0.0011922318519608384,0.0006681981683185951
844,adrian-sutil,2011,5,aston-martin,17.0,17.0,13.0,0,0.00640006469364055,0.0011559419157021766,0.0006256225730290017
844,sebastien-buemi,2011,5,racing-bulls,11.0,11.0,14.0,0,0.007881199207713406,0.0026741307593352906,0.0018217945864507422
844,pastor-maldonado,2011,5,williams,9.0,9.0,15.0,0,0.004641171723506812,0.0031372205478257713,0.0024452124411762817
844,jaime-alguersuari,2011,5,racing-bulls,13.0,13.0,16.0,0,0.0069640944519440895,0.0019404179927471315,0.0012032035569575928
844,rubens-barrichello,2011,5,williams,19.0,19.0,17.0,0,0.0062771992834312305,0.0009403222950108508,0.0004800952705036428
844,jarno-trulli,2011,5,caterham,18.0,18.0,18.0,0,0.0013027006409105954,0.0005692415902016056,0.0003255573424104576
844,timo-glock,2011,5,manor,20.0,20.0,19.0,0,0.0009718106363977227,0.0004064863700326754,0.00022703338453471054
844,jerome-dambrosio,2011,5,manor,23.0,23.0,20.0,0,0.0009222209160900836,0.00031512059564443607,0.00016265644484860398
844,narain-karthikeyan,2011,5,hrt,22.0,22.0,21.0,0,0.0007909728580121391,0.00031946228562454367,0.0001708367960441653
844,felipe-massa,2011,5,ferrari,8.0,8.0,,0,0.08206332955998968,0.012349913589305267,0.00852121585546985
844,heikki-kovalainen,2011,5,caterham,15.0,15.0,,0,0.0016862887896547016,0.0008349620565944533,0.0005290253029614546
844,vitantonio-liuzzi,2011,5,hrt,21.0,21.0,,0,0.000725236465865378,0.0003381198988937611,0.00018567019891044362
845,sebastian-vettel,2011,6,red-bull,1.0,1.0,1.0,1,0.210066017234131,0.6244874681519423,0.5470374757547493
845,fernando-alonso,2011,6,ferrari,4.0,4.0,2.0,0,0.09992534369626757,0.04052410027624228,0.04271105480870957
845,jenson-button,2011,6,mclaren,2.0,2.0,3.0,0,0.13954473567315956,0.16148304153458248,0.24035820322604498
845,mark-webber,2011,6,red-bull,3.0,3.0,4.0,0,0.1888195843370417,0.0916142173277473,0.10591375835946609
845,kamui-kobayashi,2011,6,audi,12.0,13.0,5.0,0,0.012647215000258182,0.00268175689992455,0.0017274666268411163
845,lewis-hamilton,2011,6,mclaren,9.0,9.0,6.0,0,0.14309114162811024,0.012214492355253619,0.007769749550180376
845,adrian-sutil,2011,6,aston-martin,14.0,15.0,7.0,0,0.0067538730991662825,0.0016344203744369256,0.0009940284234327662
845,nick-heidfeld,2011,6,alpine,15.0,16.0,8.0,0,0.024616363391741627,0.002474759047609997,0.001324993763652882
845,rubens-barrichello,2011,6,williams,11.0,12.0,9.0,0,0.005815038702368063,0.002313952028412755,0.0016336029876057392
845,sebastien-buemi,2011,6,racing-bulls,16.0,17.0,10.0,0,0.007484479837856096,0.0013577883824237107,0.0007597019514879893
845,nico-rosberg,2011,6,mercedes,7.0,7.0,11.0,0,0.03852016468069583,0.010769322075183274,0.00870504636990246
845,paul-di-resta,2011,6,aston-martin,13.0,14.0,12.0,0,0.005502929533517719,0.0017573776501173493,0.0011150787622226212
845,jarno-trulli,2011,6,caterham,18.0,19.0,13.0,0,0.0011770812954438117,0.0005372703910968973,0.00031356729597592275
845,heikki-kovalainen,2011,6,caterham,17.0,18.0,14.0,0,0.0014179846584178788,0.0006232026473405952,0.0003754918679510683
845,jerome-dambrosio,2011,6,manor,21.0,22.0,15.0,0,0.000902325666755142,0.0003625818774843117,0.00019917825815513732
845,vitantonio-liuzzi,2011,6,hrt,23.0,,16.0,0,0.0006351051047202463,0.00027138973958036583,0.0001442758144261738
845,narain-karthikeyan,2011,6,hrt,22.0,,17.0,0,0.0007716878483852962,0.0003086984793351354,0.00016820546980603117
845,pastor-maldonado,2011,6,williams,8.0,8.0,18.0,0,0.004702333162409195,0.0037809754393428575,0.0031973027622213884
845,vitaly-petrov,2011,6,alpine,10.0,11.0,,0,0.016534868291996508,0.004468656774370293,0.0030116041016005467
845,jaime-alguersuari,2011,6,racing-bulls,19.0,20.0,,0,0.006527987181689262,0.0009737366397149572,0.000494556834485138
845,felipe-massa,2011,6,ferrari,6.0,6.0,,0,0.05446405461358862,0.01713500066281183,0.014382327569135241
845,michael-schumacher,2011,6,mercedes,5.0,5.0,,0,0.029102730258357048,0.017822944076888624,0.017435888858617094
845,timo-glock,2011,6,manor,20.0,21.0,,0,0.0009769551039231887,0.00040284716815752655,0.00022744058333045404
846,jenson-button,2011,7,mclaren,7.0,7.0,1.0,1,0.14559110567837077,0.01949773349163961,0.01455493625387844
846,sebastian-vettel,2011,7,red-bull,1.0,1.0,2.0,0,0.22754648561069873,0.6614698593215476,0.5883583838605652
846,mark-webber,2011,7,red-bull,4.0,4.0,3.0,0,0.20027922733273676,0.058813797941299144,0.0586837918834095
846,michael-schumacher,2011,7,mercedes,8.0,8.0,4.0,0,0.019927228381883943,0.007039047186819315,0.00550274477746088
846,vitaly-petrov,2011,7,alpine,10.0,10.0,5.0,0,0.012192176693802168,0.004093091054283948,0.002858105915447985
846,felipe-massa,2011,7,ferrari,3.0,3.0,6.0,0,0.039938627225789,0.05169929534451419,0.06650241839244733
846,kamui-kobayashi,2011,7,audi,13.0,13.0,7.0,0,0.017060072444875587,0.0027106237487453935,0.0016689818294699547
846,jaime-alguersuari,2011,7,racing-bulls,24.0,18.0,8.0,0,0.005302215738138002,0.0006203413005773705,0.00028430421891437494
846,rubens-barrichello,2011,7,williams,16.0,16.0,9.0,0,0.006221152047199601,0.0012754420143023407,0.0007415385366533632
846,sebastien-buemi,2011,7,racing-bulls,15.0,15.0,10.0,0,0.006969429053053795,0.0014990175487473033,0.0008954333175156456
846,nico-rosberg,2011,7,mercedes,6.0,6.0,11.0,0,0.029314959915403005,0.01281005593815602,0.011771214202541277
846,pedro-de-la-rosa,2011,7,audi,17.0,17.0,12.0,0,0.012138185551698502,0.0015590737032064729,0.0008255861019411257
846,vitantonio-liuzzi,2011,7,hrt,20.0,21.0,13.0,0,0.0007407206639364728,0.0003768516886874931,0.00021906318768195364
846,jerome-dambrosio,2011,7,manor,23.0,,14.0,0,0.0010810778833706687,0.00033347678132620776,0.0001775970502759174
846,timo-glock,2011,7,manor,21.0,22.0,15.0,0,0.0009213373397104407,0.00037360548071121644,0.00020954662275210936
846,jarno-trulli,2011,7,caterham,18.0,19.0,16.0,0,0.0014399657525341846,0.000597859044229974,0.00035150733903298873
846,narain-karthikeyan,2011,7,hrt,22.0,23.0,17.0,0,0.0008553690655724736,0.00033244269887517427,0.00018305029226397886
846,paul-di-resta,2011,7,aston-martin,11.0,11.0,18.0,0,0.006124804725748695,0.0025348631506591454,0.0017832974709681073
846,pastor-maldonado,2011,7,williams,12.0,12.0,,0,0.004232589265592291,0.0018869655618426768,0.0012919739740413954
846,nick-heidfeld,2011,7,alpine,9.0,9.0,,0,0.020923869777903715,0.005672670061569277,0.004198617542687325
846,adrian-sutil,2011,7,aston-martin,14.0,14.0,,0,0.008155494580783698,0.0018075877692353057,0.0011088535783313634
846,fernando-alonso,2011,7,ferrari,2.0,2.0,,0,0.0860328153093686,0.12765332110374333,0.2061093936957295
846,heikki-kovalainen,2011,7,caterham,19.0,20.0,,0,0.0017042709275732276,0.0005699554332299792,0.000324883984556684
846,lewis-hamilton,2011,7,mclaren,5.0,5.0,,0,0.14530681903425574,0.03477302263205152,0.03139477597143364
847,sebastian-vettel,2011,8,red-bull,1.0,1.0,1.0,1,0.2636247865798692,0.6346075142232227,0.5518935610124338
847,fernando-alonso,2011,8,ferrari,4.0,4.0,2.0,0,0.06421045559658627,0.031477361318486365,0.03436228786024045
847,mark-webber,2011,8,red-bull,2.0,2.0,3.0,0,0.23149258449889165,0.1858978067629882,0.2683280342078192
847,lewis-hamilton,2011,8,mclaren,3.0,3.0,4.0,0,0.1069924555570389,0.06773156833564101,0.08171073773923011
847,felipe-massa,2011,8,ferrari,5.0,5.0,5.0,0,0.03607774343314592,0.018364723588894138,0.01769721339921792
847,jenson-button,2011,8,mclaren,6.0,6.0,6.0,0,0.1306771512994712,0.021679033892052915,0.017667910910397756
847,nico-rosberg,2011,8,mercedes,7.0,7.0,7.0,0,0.03442291222872424,0.009531700589980211,0.007821868224522317
847,jaime-alguersuari,2011,8,racing-bulls,18.0,18.0,8.0,0,0.007197146272390333,0.0010389997987336637,0.0005426729664174935
847,adrian-sutil,2011,8,aston-martin,10.0,10.0,9.0,0,0.006433460356551848,0.0026572273558054713,0.0019732492276244855
847,nick-heidfeld,2011,8,alpine,9.0,9.0,10.0,0,0.01803723310167287,0.00488280294461284,0.0035834846330661755
847,sergio-perez,2011,8,audi,16.0,16.0,11.0,0,0.008639671974590618,0.0014645573931168685,0.000783679771430905
847,rubens-barrichello,2011,8,williams,13.0,13.0,12.0,0,0.0066053185822522766,0.0016742673269524127,0.0010805030693417826
847,sebastien-buemi,2011,8,racing-bulls,17.0,17.0,13.0,0,0.009138995399260424,0.0012223456619957717,0.0006590140786681772
847,paul-di-resta,2011,8,aston-martin,12.0,12.0,14.0,0,0.005708449103634442,0.001880242294852164,0.001259918174382761
847,vitaly-petrov,2011,8,alpine,11.0,11.0,15.0,0,0.013243357384434594,0.003181662606660156,0.002086226285500619
847,kamui-kobayashi,2011,8,audi,14.0,14.0,16.0,0,0.02080101243363009,0.002333348392342746,0.0013435744129998244
847,michael-schumacher,2011,8,mercedes,8.0,8.0,17.0,0,0.025337155119424012,0.006976332652587603,0.0053126947423610335
847,pastor-maldonado,2011,8,williams,15.0,15.0,18.0,0,0.003483862155403157,0.0011022009432128548,0.00065707009942754
847,heikki-kovalainen,2011,8,caterham,19.0,19.0,19.0,0,0.0016267565569782392,0.0005079848906551876,0.0002860636146126649
847,jarno-trulli,2011,8,caterham,20.0,20.0,20.0,0,0.0014953053737529972,0.00045466001534432,0.00024876967383652984
847,timo-glock,2011,8,manor,21.0,21.0,21.0,0,0.0012372222366937578,0.0003809805153692722,0.00020681567851985912
847,jerome-dambrosio,2011,8,manor,23.0,23.0,22.0,0,0.0014366836635469377,0.00033910956959108966,0.00017479718377090786
847,vitantonio-liuzzi,2011,8,hrt,22.0,22.0,23.0,0,0.0010164228515948742,0.0003278424185041572,0.0001748191416893629
847,narain-karthikeyan,2011,8,hrt,24.0,24.0,24.0,0,0.0010638582404611668,0.00028572650839785976,0.00014503389248832907
848,fernando-alonso,2011,9,ferrari,3.0,3.0,1.0,1,0.07338471314562928,0.056428979624041135,0.0713465523652893
848,sebastian-vettel,2011,9,red-bull,2.0,2.0,2.0,0,0.2671676438765684,0.1999957177221655,0.2865408307629084
848,mark-webber,2011,9,red-bull,1.0,1.0,3.0,0,0.2321495241709105,0.6349042762845255,0.5484249703034851
848,lewis-hamilton,2011,9,mclaren,10.0,10.0,4.0,0,0.1058374872192921,0.00876553045698772,0.005327961690925848
848,felipe-massa,2011,9,ferrari,4.0,4.0,5.0,0,0.04130711239053304,0.029475543659014995,0.03171951586667264
848,nico-rosberg,2011,9,mercedes,9.0,9.0,6.0,0,0.0311450612856845,0.006111876939924979,0.004360760592692954
848,sergio-perez,2011,9,audi,12.0,12.0,7.0,0,0.009579787375383658,0.0025095971786535257,0.0015820457010589934
848,nick-heidfeld,2011,9,alpine,16.0,16.0,8.0,0,0.016632887419795333,0.001809353344932665,0.0009594215470721048
848,michael-schumacher,2011,9,mercedes,13.0,13.0,9.0,0,0.02132220303750805,0.0029318408636853943,0.0017008633615925215
848,jaime-alguersuari,2011,9,racing-bulls,18.0,18.0,10.0,0,0.007881986434763424,0.001109800832125914,0.000573619405364807
848,adrian-sutil,2011,9,aston-martin,11.0,11.0,11.0,0,0.0069121456232527495,0.0023950511111770767,0.001668310407029597
848,vitaly-petrov,2011,9,alpine,14.0,14.0,12.0,0,0.011854040551266671,0.002078862804361971,0.0011897170978836863
848,rubens-barrichello,2011,9,williams,15.0,15.0,13.0,0,0.006287226616176462,0.001323394981129181,0.0007859297209349793
848,pastor-maldonado,2011,9,williams,7.0,7.0,14.0,0,0.0032150335354565345,0.004103096968686471,0.003754729209024472
848,paul-di-resta,2011,9,aston-martin,6.0,6.0,15.0,0,0.005690661154884239,0.00645171842639334,0.006333117600480464
848,timo-glock,2011,9,manor,20.0,20.0,16.0,0,0.0010676213645441984,0.0004031154696852109,0.0002257583830429064
848,jerome-dambrosio,2011,9,manor,22.0,22.0,17.0,0,0.00118533280394842,0.0003518765340890475,0.0001866813017583723
848,vitantonio-liuzzi,2011,9,hrt,23.0,23.0,18.0,0,0.0008242763898395443,0.0002879309497667709,0.00015091885934664996
848,daniel-ricciardo,2011,9,hrt,24.0,24.0,19.0,0,0.0008747401650719473,0.00027189940721605616,0.00013910881361046154
848,jenson-button,2011,9,mclaren,5.0,5.0,,0,0.1259880961503558,0.03028140090723179,0.027221213278213512
848,sebastien-buemi,2011,9,racing-bulls,19.0,19.0,,0,0.009412725141379726,0.0010605535510437806,0.0005314394169113902
848,kamui-kobayashi,2011,9,audi,8.0,8.0,,0,0.017466235167246446,0.005925189676628729,0.004690355177302782
848,jarno-trulli,2011,9,caterham,21.0,21.0,,0,0.0013443392954100675,0.0004137777047306149,0.00022038320648787757
848,heikki-kovalainen,2011,9,caterham,17.0,17.0,,0,0.0014691196850988488,0.0006096146018026685,0.0003657959309101004
849,lewis-hamilton,2011,10,mclaren,2.0,2.0,1.0,1,0.08499248787668853,0.12697519191103157,0.20019887993361365
849,fernando-alonso,2011,10,ferrari,4.0,4.0,2.0,0,0.09051221234936618,0.03768097523622876,0.04086861552158791
849,mark-webber,2011,10,red-bull,1.0,1.0,3.0,0,0.24542966964411178,0.6532297192830983,0.5753174917772431
849,sebastian-vettel,2011,10,red-bull,3.0,3.0,4.0,0,0.2829436583269503,0.10245394129592772,0.11901574013174407
849,felipe-massa,2011,10,ferrari,5.0,5.0,5.0,0,0.05061990809376365,0.021956642091795202,0.021022063791643408
849,adrian-sutil,2011,10,aston-martin,8.0,8.0,6.0,0,0.007433373982988096,0.0042837156250338125,0.003641648998177795
849,nico-rosberg,2011,10,mercedes,6.0,6.0,7.0,0,0.035176702839592205,0.012975895122217656,0.011820847083282392
849,michael-schumacher,2011,10,mercedes,10.0,10.0,8.0,0,0.02389115864395495,0.004855313398301458,0.0033170681139976146
849,kamui-kobayashi,2011,10,audi,17.0,17.0,9.0,0,0.013477363894014938,0.0014896174115009407,0.0007957385128934572
849,vitaly-petrov,2011,10,alpine,9.0,9.0,10.0,0,0.012698401430361644,0.004601078411057174,0.0034429397383444063
849,sergio-perez,2011,10,audi,15.0,15.0,11.0,0,0.01207352680654927,0.0017938914688811417,0.0010287948355109766
849,jaime-alguersuari,2011,10,racing-bulls,16.0,16.0,12.0,0,0.007401321849295307,0.0013170990149341992,0.0007517072476460966
849,paul-di-resta,2011,10,aston-martin,12.0,12.0,13.0,0,0.005849191828566664,0.001999014593630844,0.0013521500044076258
849,pastor-maldonado,2011,10,williams,13.0,13.0,14.0,0,0.0036043963724955233,0.0014799138409281706,0.0009724213625280502
849,sebastien-buemi,2011,10,racing-bulls,24.0,,15.0,0,0.007581096792914439,0.0006597271239317058,0.0002993976958150337
849,heikki-kovalainen,2011,10,caterham,18.0,18.0,16.0,0,0.0011537557315678148,0.0005032552873775841,0.00030411662410813675
849,timo-glock,2011,10,manor,19.0,19.0,17.0,0,0.0012201602929139447,0.0004672900711411,0.0002733618214306058
849,jerome-dambrosio,2011,10,manor,21.0,21.0,18.0,0,0.0013091205379765936,0.0004008567991391376,0.0002215649657998423
849,daniel-ricciardo,2011,10,hrt,22.0,23.0,19.0,0,0.0008606487255283106,0.00031942120562259004,0.0001748808893490972
849,karun-chandhok,2011,10,caterham,20.0,20.0,20.0,0,0.0016231314104814642,0.000460094606303444,0.0002617453107510165
849,vitantonio-liuzzi,2011,10,hrt,23.0,22.0,,0,0.0008931114325190313,0.00029885294057024366,0.00015954622095459313
849,jenson-button,2011,10,mclaren,7.0,7.0,,0,0.08442416462968144,0.014675593311905485,0.01139872621110045
849,rubens-barrichello,2011,10,williams,14.0,14.0,,0,0.006683974386686905,0.0015376871754856037,0.0009674889959187079
849,nick-heidfeld,2011,10,alpine,11.0,11.0,,0,0.01814746212103109,0.003585212773956165,0.002393064212151905
850,jenson-button,2011,11,mclaren,3.0,3.0,1.0,1,0.06119574763078548,0.056758407315579726,0.07313197580607923
850,sebastian-vettel,2011,11,red-bull,1.0,1.0,2.0,0,0.28338859252976983,0.6880809899202394,0.6128689539475211
850,fernando-alonso,2011,11,ferrari,5.0,5.0,3.0,0,0.10625981599583272,0.02775124115206741,0.02656611424350376
850,lewis-hamilton,2011,11,mclaren,2.0,2.0,4.0,0,0.07503653338013559,0.12046537236748375,0.1950947363232972
850,mark-webber,2011,11,red-bull,6.0,6.0,5.0,0,0.24949862859673846,0.03045004989424194,0.024193678735807325
850,felipe-massa,2011,11,ferrari,4.0,4.0,6.0,0,0.059547310816133556,0.03487597545429287,0.03792731769465518
850,paul-di-resta,2011,11,aston-martin,11.0,11.0,7.0,0,0.006614088307079534,0.002491140515253999,0.0017705284873161132
850,sebastien-buemi,2011,11,racing-bulls,23.0,18.0,8.0,0,0.00762196320948301,0.0007213976243701456,0.00033905924813466446
850,nico-rosberg,2011,11,mercedes,7.0,7.0,9.0,0,0.03875245070289892,0.010488783743296894,0.008804821889006442
850,jaime-alguersuari,2011,11,racing-bulls,16.0,16.0,10.0,0,0.007666544187469451,0.001349266898722238,0.0007785156228125055
850,kamui-kobayashi,2011,11,audi,13.0,13.0,11.0,0,0.014953358022356197,0.002494178564382612,0.0015592367960110167
850,vitaly-petrov,2011,11,alpine,12.0,12.0,12.0,0,0.011256282475114995,0.002663950690137047,0.0017401560222718242
850,rubens-barrichello,2011,11,williams,15.0,15.0,13.0,0,0.0053420945564967605,0.0012707938068494762,0.0007873764694876381
850,adrian-sutil,2011,11,aston-martin,8.0,8.0,14.0,0,0.009134578059050517,0.004699703909533936,0.003995759079576362
850,sergio-perez,2011,11,audi,10.0,10.0,15.0,0,0.012953391849803007,0.0037694630500948604,0.002734086245997468
850,pastor-maldonado,2011,11,williams,17.0,17.0,16.0,0,0.003601425433551254,0.0009216003182260919,0.0005325299144945629
850,timo-glock,2011,11,manor,20.0,21.0,17.0,0,0.0013159023778581435,0.000446278356165126,0.0002555113997556857
850,daniel-ricciardo,2011,11,hrt,22.0,23.0,18.0,0,0.0010984873246788526,0.00034148728854610977,0.00019008054701832188
850,jerome-dambrosio,2011,11,manor,24.0,24.0,19.0,0,0.0013740898706914736,0.0003298990726935625,0.0001703685312488868
850,vitantonio-liuzzi,2011,11,hrt,21.0,22.0,20.0,0,0.0008089329571726232,0.00034076980144114293,0.00019487885159614988
850,heikki-kovalainen,2011,11,caterham,18.0,19.0,,0,0.001241168918834393,0.0005234293483601462,0.00031901499257979657
850,michael-schumacher,2011,11,mercedes,9.0,9.0,,0,0.026577557967078985,0.0061504372490850424,0.004483464472822553
850,nick-heidfeld,2011,11,alpine,14.0,14.0,,0,0.013640472022190184,0.0021513732497873282,0.0012874766738466214
850,jarno-trulli,2011,11,caterham,19.0,20.0,,0,0.0011205828087960184,0.0004640104091490769,0.00027435800515967633
851,sebastian-vettel,2011,12,red-bull,1.0,1.0,1.0,1,0.2782968236600127,0.6719589394316506,0.5930089344667215
851,mark-webber,2011,12,red-bull,3.0,3.0,2.0,0,0.2404363181412856,0.09753562211877398,0.11361079892577491
851,jenson-button,2011,12,mclaren,13.0,13.0,3.0,0,0.07302144528119255,0.0048073274961018065,0.0026462075319982283
851,fernando-alonso,2011,12,ferrari,8.0,8.0,4.0,0,0.11387810240428889,0.012531483341676471,0.009052794464160529
851,michael-schumacher,2011,12,mercedes,24.0,,5.0,0,0.018431958700464022,0.0009734523665488871,0.00041139138704329373
851,nico-rosberg,2011,12,mercedes,5.0,5.0,6.0,0,0.030297329317735603,0.016545842224154863,0.016948097323902865
851,adrian-sutil,2011,12,aston-martin,15.0,15.0,7.0,0,0.009640856924513132,0.0016118867159114446,0.0009446802179453785
851,felipe-massa,2011,12,ferrari,4.0,4.0,8.0,0,0.06393995893872172,0.035380348423652105,0.03786885917698969
851,vitaly-petrov,2011,12,alpine,10.0,10.0,9.0,0,0.009325428439126935,0.0032874424118488625,0.0023967557314400266
851,pastor-maldonado,2011,12,williams,21.0,16.0,10.0,0,0.003590812593229794,0.0006306771463534128,0.0003198350193599502
851,paul-di-resta,2011,12,aston-martin,17.0,18.0,11.0,0,0.007937680362768275,0.001233430943714516,0.0006738274462566586
851,kamui-kobayashi,2011,12,audi,12.0,12.0,12.0,0,0.014302071836515119,0.0027628050007960756,0.0017944355725420717
851,bruno-senna,2011,12,alpine,7.0,7.0,13.0,0,0.009160980817689368,0.006044625753861342,0.005391370929453543
851,jarno-trulli,2011,12,caterham,18.0,19.0,14.0,0,0.0008692326989144655,0.0004518909617345011,0.0002771991223605037
851,heikki-kovalainen,2011,12,caterham,16.0,17.0,15.0,0,0.0009581667933512879,0.0005681034874156037,0.0003723855159218124
851,rubens-barrichello,2011,12,williams,14.0,14.0,16.0,0,0.005376120357383362,0.0014123022347186298,0.0008997927818837624
851,jerome-dambrosio,2011,12,manor,20.0,,17.0,0,0.001345020869602824,0.0004426859028987268,0.0002505402823743462
851,timo-glock,2011,12,manor,19.0,20.0,18.0,0,0.001337371130499951,0.00048280101459781806,0.0002812845822969257
851,vitantonio-liuzzi,2011,12,hrt,22.0,,19.0,0,0.0008163009281116742,0.0003111964951957588,0.0001712975556058544
851,sergio-perez,2011,12,audi,9.0,9.0,,0,0.011628594819899567,0.0042878158190125795,0.003278256192296682
851,daniel-ricciardo,2011,12,hrt,23.0,,,0,0.0010939155830390875,0.0003118531903605479,0.00016728144450226852
851,lewis-hamilton,2011,12,mclaren,2.0,2.0,,0,0.0865384569642148,0.12610543413946879,0.19985120172321147
851,sebastien-buemi,2011,12,racing-bulls,11.0,11.0,,0,0.008947816395615493,0.0026964418633392863,0.0018827433514704125
851,jaime-alguersuari,2011,12,racing-bulls,6.0,6.0,,0,0.00882923604182379,0.0076255915162133725,0.007500029254487233
852,sebastian-vettel,2011,13,red-bull,1.0,1.0,1.0,1,0.2968151986677726,0.6939828328272594,0.6202908572343928
852,jenson-button,2011,13,mclaren,3.0,3.0,2.0,0,0.06078384757796055,0.055243541820517515,0.07214059833361104
852,fernando-alonso,2011,13,ferrari,4.0,4.0,3.0,0,0.11643575232911771,0.041937762233252504,0.04552600079902091
852,lewis-hamilton,2011,13,mclaren,2.0,2.0,4.0,0,0.059655784033428076,0.11044594344893134,0.18137968700855753
852,michael-schumacher,2011,13,mercedes,8.0,8.0,5.0,0,0.022351472759511617,0.007003598166363122,0.005535364106093449
852,felipe-massa,2011,13,ferrari,6.0,6.0,6.0,0,0.0649636745621696,0.017844385286610483,0.015425859259002719
852,jaime-alguersuari,2011,13,racing-bulls,18.0,18.0,7.0,0,0.005609162650111442,0.0009620432697072676,0.0005331509259510958
852,paul-di-resta,2011,13,aston-martin,11.0,11.0,8.0,0,0.008968090873891605,0.002768802158902941,0.001948555362255281
852,bruno-senna,2011,13,alpine,10.0,10.0,9.0,0,0.009510577773651469,0.0033498538654118024,0.0024754254414121675
852,sebastien-buemi,2011,13,racing-bulls,16.0,16.0,10.0,0,0.0056804715921360245,0.0011822282637507571,0.000700250299044145
852,pastor-maldonado,2011,13,williams,14.0,14.0,11.0,0,0.004182878373463124,0.001341368395041432,0.0008658483535628548
852,rubens-barrichello,2011,13,williams,13.0,13.0,12.0,0,0.0055890516859222325,0.0016471620832866078,0.001107935910640873
852,heikki-kovalainen,2011,13,caterham,20.0,20.0,13.0,0,0.0011541536514953748,0.000420232441419505,0.0002438831476531972
852,jarno-trulli,2011,13,caterham,19.0,19.0,14.0,0,0.0010606858869175622,0.00044872293174620713,0.0002681323948361461
852,timo-glock,2011,13,manor,21.0,21.0,15.0,0,0.0013833788870954242,0.00041483152702276663,0.00023171015868573162
852,daniel-ricciardo,2011,13,hrt,23.0,23.0,,0,0.0008170974650823433,0.0002863757012523922,0.00015728219162359456
852,sergio-perez,2011,13,audi,15.0,15.0,,0,0.00786446871234387,0.0015572536141732255,0.0009227298647089886
852,kamui-kobayashi,2011,13,audi,17.0,17.0,,0,0.011912508635360692,0.0014035748776204046,0.0007740917167576118
852,adrian-sutil,2011,13,aston-martin,12.0,12.0,,0,0.011324022152317635,0.002537818188896139,0.0016993344821513254
852,mark-webber,2011,13,red-bull,5.0,5.0,,0,0.2560561757231167,0.04180181162483461,0.03694873970585033
852,jerome-dambrosio,2011,13,manor,22.0,22.0,,0,0.0014085363039295347,0.00038477206002041374,0.00020933391120598488
852,vitaly-petrov,2011,13,alpine,7.0,7.0,,0,0.010130251961603836,0.006294676992492721,0.005689530224538258
852,nico-rosberg,2011,13,mercedes,9.0,9.0,,0,0.03557578853688154,0.006478745022801591,0.004785383394920777
852,vitantonio-liuzzi,2011,13,hrt,24.0,24.0,,0,0.0007669692047194879,0.00026166319868488954,0.0001403157735232522
853,sebastian-vettel,2011,14,red-bull,1.0,1.0,1.0,1,0.2647813078245533,0.6360329555104083,0.5571176225599449
853,jenson-button,2011,14,mclaren,3.0,3.0,2.0,0,0.08536877419714121,0.061710067874400795,0.07618616960899073
853,mark-webber,2011,14,red-bull,2.0,2.0,3.0,0,0.1887114766996138,0.1761606099736116,0.25623445127819594
853,fernando-alonso,2011,14,ferrari,5.0,5.0,4.0,0,0.14761287923297398,0.030647410503221624,0.027896820467096628
853,lewis-hamilton,2011,14,mclaren,4.0,4.0,5.0,0,0.08248978988902873,0.03726796607029654,0.039109360079694046
853,paul-di-resta,2011,14,aston-martin,10.0,10.0,6.0,0,0.01074511855672914,0.0033399320255581744,0.0023944082059085495
853,nico-rosberg,2011,14,mercedes,7.0,7.0,7.0,0,0.031312649225737225,0.009345766109034731,0.0077099060081833514
853,adrian-sutil,2011,14,aston-martin,9.0,9.0,8.0,0,0.010670892601075017,0.003996481708284469,0.003040929179539223
853,felipe-massa,2011,14,ferrari,6.0,6.0,9.0,0,0.0825344402395025,0.01915671571279345,0.015752285415559442
853,sergio-perez,2011,14,audi,11.0,11.0,10.0,0,0.005988522878904534,0.002303509655850576,0.001603681121677787
853,pastor-maldonado,2011,14,williams,13.0,13.0,11.0,0,0.0056967564935404835,0.0016768374714491742,0.0010704655250876435
853,sebastien-buemi,2011,14,racing-bulls,14.0,14.0,12.0,0,0.008203119639105116,0.001685541498165369,0.0010146684775328033
853,rubens-barrichello,2011,14,williams,12.0,12.0,13.0,0,0.007354574699515642,0.002061128029992863,0.001375827868308865
853,kamui-kobayashi,2011,14,audi,17.0,17.0,14.0,0,0.008724764660488271,0.0012047916184096251,0.0006552323650905906
853,bruno-senna,2011,14,alpine,15.0,15.0,15.0,0,0.010580821966622956,0.001666805854730449,0.0009472574579669843
853,heikki-kovalainen,2011,14,caterham,19.0,19.0,16.0,0,0.001681618926985356,0.0005206543720617844,0.000293313551296305
853,vitaly-petrov,2011,14,alpine,18.0,18.0,17.0,0,0.009255071799087015,0.0011749021197113951,0.0006025249904610005
853,jerome-dambrosio,2011,14,manor,22.0,22.0,18.0,0,0.0014137945196136894,0.00038030869450034373,0.00019867541560388385
853,daniel-ricciardo,2011,14,hrt,23.0,23.0,19.0,0,0.0007893698195138013,0.0002749030193307885,0.0001462527043126002
853,vitantonio-liuzzi,2011,14,hrt,24.0,24.0,20.0,0,0.0007447064042453426,0.00025152253476031216,0.00013065210856920154
853,jaime-alguersuari,2011,14,racing-bulls,16.0,16.0,21.0,0,0.008334807580684002,0.0013452179943522356,0.0007509058638291703
853,jarno-trulli,2011,14,caterham,20.0,20.0,,0,0.0015385931065789984,0.00046542041569472644,0.00025476030615204104
853,michael-schumacher,2011,14,mercedes,8.0,8.0,,0,0.023864672736296756,0.0069045183310798555,0.005285407382499738
853,timo-glock,2011,14,manor,21.0,21.0,,0,0.0016014763024631484,0.00042603290230081465,0.00022842205849853695
854,jenson-button,2011,15,mclaren,2.0,2.0,1.0,1,0.09345763780155247,0.13328035753376719,0.20881667886973887
854,fernando-alonso,2011,15,ferrari,5.0,5.0,2.0,0,0.1398880665934634,0.031084239380430992,0.028817177156722072
854,sebastian-vettel,2011,15,red-bull,1.0,1.0,3.0,0,0.27245552290902464,0.6675689228838427,0.5921250433073544
854,mark-webber,2011,15,red-bull,6.0,6.0,4.0,0,0.1940155893448414,0.02790619116149404,0.022091598584317074
854,lewis-hamilton,2011,15,mclaren,3.0,3.0,5.0,0,0.08824823636106294,0.06531671819225084,0.08138846532828804
854,michael-schumacher,2011,15,mercedes,8.0,7.0,6.0,0,0.01696728407511589,0.00629723406345773,0.0049788236412296235
854,felipe-massa,2011,15,ferrari,4.0,4.0,7.0,0,0.07710560398606982,0.03889144004954826,0.04096026762641295
854,sergio-perez,2011,15,audi,17.0,17.0,8.0,0,0.006532628144775973,0.0011602852959283051,0.0006396818804088482
854,vitaly-petrov,2011,15,alpine,10.0,9.0,9.0,0,0.00779745395652668,0.003125153674211017,0.00229267766349866
854,nico-rosberg,2011,15,mercedes,23.0,,10.0,0,0.025629478793335516,0.0011427103689886004,0.0004969032987283062
854,adrian-sutil,2011,15,aston-martin,11.0,11.0,11.0,0,0.012570461470875035,0.0031422253417960587,0.0021409642158011486
854,paul-di-resta,2011,15,aston-martin,12.0,12.0,12.0,0,0.012958248979348655,0.0027273857560108344,0.0017690080824493517
854,kamui-kobayashi,2011,15,audi,7.0,10.0,13.0,0,0.008654095565147514,0.005761697603083218,0.005241325090037119
854,pastor-maldonado,2011,15,williams,14.0,14.0,14.0,0,0.006086728692639738,0.001566782285956363,0.0009706922823750648
854,jaime-alguersuari,2011,15,racing-bulls,16.0,16.0,15.0,0,0.006809209389990213,0.0012925943515053068,0.0007399237039407664
854,bruno-senna,2011,15,alpine,9.0,8.0,16.0,0,0.009059357585744556,0.0039004392383924454,0.003035902340836642
854,rubens-barrichello,2011,15,williams,13.0,13.0,17.0,0,0.007527746117900865,0.0018844258401586134,0.0012167964569363807
854,heikki-kovalainen,2011,15,caterham,18.0,18.0,18.0,0,0.0015230370512710138,0.0005662612271725039,0.0003367207766797661
854,jarno-trulli,2011,15,caterham,19.0,19.0,19.0,0,0.001297767957042848,0.0004942414524217655,0.0002851609603027925
854,timo-glock,2011,15,manor,21.0,21.0,20.0,0,0.0013155362771565104,0.000409743784570779,0.00022534254131346463
854,jerome-dambrosio,2011,15,manor,20.0,20.0,21.0,0,0.0012873484846396047,0.00044305039365892594,0.0002504852953930316
854,daniel-ricciardo,2011,15,hrt,22.0,22.0,22.0,0,0.0007909075624054045,0.0003074398340495563,0.0001703113038782754
854,vitantonio-liuzzi,2011,15,hrt,24.0,,23.0,0,0.0007337234777209482,0.00025940219072686604,0.00013682931913468646
854,sebastien-buemi,2011,15,racing-bulls,15.0,15.0,,0,0.007288329422348406,0.001471058096577152,0.0008732202742226958
855,sebastian-vettel,2011,16,red-bull,2.0,2.0,1.0,1,0.26166618165285427,0.23259005246686265,0.31799226050916773
855,lewis-hamilton,2011,16,mclaren,1.0,1.0,2.0,0,0.09452968789783592,0.5204714614589557,0.4529748697199569
855,mark-webber,2011,16,red-bull,4.0,4.0,3.0,0,0.18771888932824368,0.06453353874220011,0.059679954020296036
855,jenson-button,2011,16,mclaren,3.0,3.0,4.0,0,0.10317640246821597,0.08044130203711661,0.09235235612745313
855,fernando-alonso,2011,16,ferrari,6.0,6.0,5.0,0,0.14304843541653975,0.026733948839339612,0.020694049913985373
855,felipe-massa,2011,16,ferrari,5.0,5.0,6.0,0,0.07778027614890877,0.031065351235591145,0.02669628679519075
855,jaime-alguersuari,2011,16,racing-bulls,11.0,11.0,7.0,0,0.005412708865528725,0.002599347385883306,0.0017358869960807295
855,nico-rosberg,2011,16,mercedes,7.0,7.0,8.0,0,0.026457441067623703,0.010505847637497932,0.008260857569884187
855,sebastien-buemi,2011,16,racing-bulls,13.0,13.0,9.0,0,0.005267240660524796,0.0019356530275498835,0.0011762783365348334
855,paul-di-resta,2011,16,aston-martin,9.0,9.0,10.0,0,0.012546354843818679,0.00516199700826095,0.0036557527205486272
855,adrian-sutil,2011,16,aston-martin,10.0,10.0,11.0,0,0.012361083511804333,0.004288783582063319,0.002861859100371857
855,rubens-barrichello,2011,16,williams,18.0,18.0,12.0,0,0.006668969575882992,0.0011983341711509093,0.0006007873863604039
855,bruno-senna,2011,16,alpine,15.0,15.0,13.0,0,0.008458226434247205,0.0018483788741401085,0.001000780857996096
855,heikki-kovalainen,2011,16,caterham,19.0,19.0,14.0,0,0.0014521139024046127,0.0005902835808097868,0.00031655528556298477
855,kamui-kobayashi,2011,16,audi,14.0,14.0,15.0,0,0.00898468449364751,0.002081300251239136,0.0011802914200371578
855,sergio-perez,2011,16,audi,17.0,17.0,16.0,0,0.007471834089432094,0.0014181283278337758,0.0007209561339507491
855,jarno-trulli,2011,16,caterham,20.0,20.0,17.0,0,0.0012362379861696766,0.0005175507011724307,0.0002697251052070517
855,timo-glock,2011,16,manor,21.0,21.0,18.0,0,0.0011799708257298092,0.00045718680772488795,0.0002347543321492158
855,daniel-ricciardo,2011,16,hrt,24.0,,19.0,0,0.0007001623261980102,0.0002934361262994166,0.0001446845350627522
855,jerome-dambrosio,2011,16,manor,22.0,22.0,20.0,0,0.0011406995761342575,0.0004181924910542007,0.0002091768006253577
855,vitantonio-liuzzi,2011,16,hrt,23.0,23.0,21.0,0,0.0006415139973805647,0.00030840485801373636,0.00015580022089113534
855,pastor-maldonado,2011,16,williams,16.0,16.0,,0,0.005671460946795752,0.0014051294710300758,0.0007532506587916142
855,vitaly-petrov,2011,16,alpine,8.0,8.0,,0,0.00795161820379093,0.0053631867445609535,0.004143116999222906
855,michael-schumacher,2011,16,mercedes,12.0,12.0,,0,0.018477805780287935,0.00377320417364937,0.002189708454672457
856,sebastian-vettel,2011,17,red-bull,1.0,1.0,1.0,1,0.2667621410488029,0.6321607865870178,0.5519965869797934
856,jenson-button,2011,17,mclaren,4.0,5.0,2.0,0,0.10950641674333024,0.04115618188393413,0.04241417169112016
856,fernando-alonso,2011,17,ferrari,3.0,4.0,3.0,0,0.13760972460378462,0.07108218003703,0.08653520791696814
856,mark-webber,2011,17,red-bull,2.0,3.0,4.0,0,0.1911537111854142,0.17534247637808678,0.2542445908971635
856,michael-schumacher,2011,17,mercedes,11.0,12.0,5.0,0,0.01315014418049961,0.0031497882936510043,0.0020748774695204296
856,nico-rosberg,2011,17,mercedes,7.0,7.0,6.0,0,0.021387969895500885,0.007813203985821499,0.0066369305953075
856,lewis-hamilton,2011,17,mclaren,5.0,2.0,7.0,0,0.10239516672835224,0.027531034400115565,0.025014903201010723
856,jaime-alguersuari,2011,17,racing-bulls,10.0,10.0,8.0,0,0.006656806085306658,0.002722705715787964,0.0020094144617112783
856,adrian-sutil,2011,17,aston-martin,8.0,8.0,9.0,0,0.012480871632163137,0.005174268066414346,0.0041521416242533945
856,sergio-perez,2011,17,audi,20.0,17.0,10.0,0,0.00656083444208138,0.0008317980466939779,0.0004128373861274056
856,vitaly-petrov,2011,17,alpine,16.0,11.0,11.0,0,0.005740063743085872,0.0011735579928166305,0.0006621547991602008
856,bruno-senna,2011,17,alpine,14.0,15.0,12.0,0,0.006965829036184203,0.0015555377957299646,0.0009460342404161462
856,paul-di-resta,2011,17,aston-martin,12.0,13.0,13.0,0,0.012793811075146365,0.002592292863355377,0.0016540944074337992
856,heikki-kovalainen,2011,17,caterham,18.0,19.0,14.0,0,0.0015664663582741995,0.0005457639329422777,0.0003188016676111621
856,rubens-barrichello,2011,17,williams,15.0,16.0,15.0,0,0.005673047292039213,0.0012471956589335284,0.0007457682080091709
856,jerome-dambrosio,2011,17,manor,21.0,23.0,16.0,0,0.0010710564444333548,0.00036197163919809554,0.0001978587086302444
856,narain-karthikeyan,2011,17,hrt,24.0,22.0,17.0,0,0.0006372140831549272,0.00023314335135370037,0.00012221661407912985
856,daniel-ricciardo,2011,17,hrt,23.0,21.0,18.0,0,0.0006961113621820809,0.00025688744595105773,0.00013791236583702597
856,jarno-trulli,2011,17,caterham,19.0,20.0,19.0,0,0.0013104197093813626,0.0004740014225259158,0.000268665933012851
856,felipe-massa,2011,17,ferrari,6.0,6.0,,0,0.07630564895446676,0.018404279283152646,0.015164905578897518
856,sebastien-buemi,2011,17,racing-bulls,9.0,9.0,,0,0.006369656038227237,0.0032255732772171358,0.002526869295323151
856,pastor-maldonado,2011,17,williams,13.0,14.0,,0,0.004180146282290261,0.0014698628609059066,0.0009536556709915537
856,timo-glock,2011,17,manor,22.0,,,0,0.0011339548584099325,0.00033928113608579094,0.00018061838940459425
856,kamui-kobayashi,2011,17,audi,17.0,18.0,,0,0.007892788217488409,0.0011562279452789748,0.0006287818982175647
857,lewis-hamilton,2011,18,mclaren,2.0,2.0,1.0,1,0.1072205023964391,0.13791988239707625,0.21270921952611568
857,fernando-alonso,2011,18,ferrari,5.0,5.0,2.0,0,0.11152495317008464,0.02715050765893084,0.025627838151246758
857,jenson-button,2011,18,mclaren,3.0,3.0,3.0,0,0.11909227628282118,0.07060258815865639,0.08656623939194992
857,mark-webber,2011,18,red-bull,4.0,4.0,4.0,0,0.20149106285902943,0.05508664590842405,0.05462317944900199
857,felipe-massa,2011,18,ferrari,6.0,6.0,5.0,0,0.05309655152132775,0.01625388106084241,0.013865067060297264
857,nico-rosberg,2011,18,mercedes,7.0,7.0,6.0,0,0.02649874604140771,0.008658159779958973,0.007356547779495835
857,michael-schumacher,2011,18,mercedes,8.0,8.0,7.0,0,0.016811502502756478,0.00608911469762774,0.004802934448860471
857,adrian-sutil,2011,18,aston-martin,9.0,9.0,8.0,0,0.013379128589956482,0.004392754217192816,0.003337767016186355
857,paul-di-resta,2011,18,aston-martin,10.0,10.0,9.0,0,0.013064066606073756,0.003640903062425832,0.002606709961746002
857,kamui-kobayashi,2011,18,audi,16.0,16.0,10.0,0,0.006372935537460463,0.001205234838601557,0.0006950597521973187
857,sergio-perez,2011,18,audi,11.0,11.0,11.0,0,0.006587743641830112,0.0023173486558829303,0.0016514863797734384
857,rubens-barrichello,2011,18,williams,24.0,,12.0,0,0.004881947485931007,0.0005266108362549673,0.00024823065288087724
857,vitaly-petrov,2011,18,alpine,12.0,12.0,13.0,0,0.006431550345574826,0.002038712322344655,0.0013655934551839387
857,pastor-maldonado,2011,18,williams,23.0,17.0,14.0,0,0.003271110881030682,0.000508864628547928,0.00024594371832777935
857,jaime-alguersuari,2011,18,racing-bulls,15.0,15.0,15.0,0,0.006618190233229959,0.0013543727955237098,0.0008116976940964036
857,bruno-senna,2011,18,alpine,14.0,14.0,16.0,0,0.007635373342455152,0.0016373829312911574,0.001004844739530276
857,heikki-kovalainen,2011,18,caterham,17.0,18.0,17.0,0,0.001726559283158154,0.0006330388256821732,0.00038587508935270627
857,jarno-trulli,2011,18,caterham,18.0,19.0,18.0,0,0.001396979584609118,0.0005420085781258938,0.0003200487541871045
857,timo-glock,2011,18,manor,19.0,20.0,19.0,0,0.0010462518336413745,0.0004304192997245448,0.00025353539359349844
857,vitantonio-liuzzi,2011,18,hrt,22.0,23.0,20.0,0,0.0007078762037478109,0.0002873770397995315,0.00015934004499521662
857,daniel-ricciardo,2011,18,hrt,20.0,21.0,,0,0.0007784884018784083,0.0003473584859439679,0.00020320969545153803
857,sebastien-buemi,2011,18,racing-bulls,13.0,13.0,,0,0.00544043079409534,0.0016437694310096937,0.0010686297880082038
857,jerome-dambrosio,2011,18,manor,21.0,22.0,,0,0.00110569153368661,0.00036773207616115394,0.0002046702972561495
857,sebastian-vettel,2011,18,red-bull,1.0,1.0,,0,0.28382008092777444,0.6563653323139709,0.5798863317602653
858,mark-webber,2011,19,red-bull,2.0,2.0,1.0,1,0.1630166068455548,0.17502101590695873,0.25447359462728486
858,sebastian-vettel,2011,19,red-bull,1.0,1.0,2.0,0,0.1902563020936151,0.6014273729911433,0.5268272204390666
858,jenson-button,2011,19,mclaren,3.0,3.0,3.0,0,0.15090230655786135,0.08292866739696206,0.09715467280661064
858,fernando-alonso,2011,19,ferrari,5.0,5.0,4.0,0,0.1404248774703689,0.031789785303193936,0.02869140493493847
858,felipe-massa,2011,19,ferrari,7.0,7.0,5.0,0,0.06748458367406852,0.014633333196934042,0.010939372238730389
858,adrian-sutil,2011,19,aston-martin,8.0,8.0,6.0,0,0.017007547497320762,0.0063146718220236575,0.0049036419148193065
858,nico-rosberg,2011,19,mercedes,6.0,6.0,7.0,0,0.03421848230256163,0.013355624967650213,0.0118177148188717
858,paul-di-resta,2011,19,aston-martin,11.0,11.0,8.0,0,0.016437131559119092,0.0036170409131693585,0.0023463522923406425
858,kamui-kobayashi,2011,19,audi,16.0,16.0,9.0,0,0.00815342482849967,0.0014182456749586925,0.0007817601498921415
858,vitaly-petrov,2011,19,alpine,15.0,15.0,10.0,0,0.007067712296855077,0.0015312399187523858,0.0008741157153793665
858,jaime-alguersuari,2011,19,racing-bulls,13.0,13.0,11.0,0,0.006171626246300036,0.0017823241759702339,0.001133240895909668
858,sebastien-buemi,2011,19,racing-bulls,14.0,14.0,12.0,0,0.004682036865939789,0.0014567407553418158,0.0008888305513059015
858,sergio-perez,2011,19,audi,17.0,17.0,13.0,0,0.008285248994619139,0.0012832458000126782,0.000683494118934753
858,rubens-barrichello,2011,19,williams,12.0,12.0,14.0,0,0.005929830499697215,0.002000995021390756,0.0013381867940687763
858,michael-schumacher,2011,19,mercedes,10.0,10.0,15.0,0,0.021991446243539856,0.004923821365876894,0.003267800941925225
858,heikki-kovalainen,2011,19,caterham,19.0,19.0,16.0,0,0.001962441730785861,0.0005863388586660295,0.00032328175288557677
858,bruno-senna,2011,19,alpine,9.0,9.0,17.0,0,0.008045344291037374,0.003819038762311716,0.0029088737054559174
858,jarno-trulli,2011,19,caterham,20.0,20.0,18.0,0,0.0015902618464820936,0.0005073250660946988,0.0002718631839724382
858,jerome-dambrosio,2011,19,manor,23.0,23.0,19.0,0,0.001055589739211835,0.00033073933745751243,0.00016984107668335677
858,daniel-ricciardo,2011,19,hrt,22.0,22.0,20.0,0,0.0007491503408479855,0.00031152746184,0.000167544085609626
858,vitantonio-liuzzi,2011,19,hrt,21.0,21.0,,0,0.0007398528958204343,0.000336364326803312,0.0001857266084316703
858,lewis-hamilton,2011,19,mclaren,4.0,4.0,,0,0.1387647259122876,0.04942037727040742,0.04922006022710533
858,pastor-maldonado,2011,19,williams,18.0,18.0,,0,0.00398663330554149,0.0008951342201849843,0.0004764924968024824
858,timo-glock,2011,19,manor,24.0,24.0,,0,0.0010768359620644112,0.00030902948589549067,0.00015491362297506372
859,jenson-button,2012,1,mclaren,2.0,2.0,1.0,1,0.12220373062763162,0.19841269565658284,0.30869134956043187
859,sebastian-vettel,2012,1,red-bull,6.0,6.0,2.0,0,0.23121000191005509,0.0390751851505182,0.02738255795041653
859,lewis-hamilton,2012,1,mclaren,1.0,1.0,3.0,0,0.09260728749985404,0.5907325718419751,0.5135163326568212
859,mark-webber,2012,1,red-bull,5.0,5.0,4.0,0,0.1992931748010696,0.05085169994993289,0.04033860747305856
859,fernando-alonso,2012,1,ferrari,12.0,12.0,5.0,0,0.15620622588533528,0.010191265427052593,0.004699788388691936
859,kamui-kobayashi,2012,1,audi,13.0,13.0,6.0,0,0.00756540627305105,0.002954128727154863,0.0015596547546016541
859,kimi-raikkonen,2012,1,alpine,17.0,18.0,7.0,0,0.007610367555171651,0.0018679854801951794,0.0008262174874475088
859,sergio-perez,2012,1,audi,22.0,17.0,8.0,0,0.007269671547508589,0.0011938144306850205,0.00044077652017069047
859,daniel-ricciardo,2012,1,racing-bulls,10.0,10.0,9.0,0,0.004993154761823337,0.00395765679121473,0.002569147125161597
859,paul-di-resta,2012,1,aston-martin,15.0,15.0,10.0,0,0.016936207052755187,0.003139326074169594,0.0014121278457203653
859,jean-eric-vergne,2012,1,racing-bulls,11.0,11.0,11.0,0,0.004831263618829866,0.0033317268042938417,0.0020271436772998173
859,nico-rosberg,2012,1,mercedes,7.0,7.0,12.0,0,0.031143334215525443,0.014098754935789637,0.010423637561639264
859,pastor-maldonado,2012,1,williams,8.0,8.0,13.0,0,0.002398869764739732,0.0044903282299930455,0.003492734508831106
859,timo-glock,2012,1,manor,20.0,21.0,14.0,0,0.0006444737451904084,0.0005708682455713825,0.0002672088589134259
859,charles-pic,2012,1,manor,21.0,22.0,15.0,0,0.0006462739174542957,0.0005259212351884046,0.00023813915525108594
859,bruno-senna,2012,1,williams,14.0,14.0,16.0,0,0.0030541429731324532,0.0018711875123606937,0.0009948612511437745
859,felipe-massa,2012,1,ferrari,16.0,16.0,,0,0.07342159165722796,0.004941770104543391,0.0018744473892227797
859,heikki-kovalainen,2012,1,caterham,18.0,19.0,,0,0.0014734706543311732,0.0009236614658073173,0.000440406209714785
859,vitaly-petrov,2012,1,caterham,19.0,20.0,,0,0.0012222606034235305,0.000794956131404349,0.000365375691826764
859,michael-schumacher,2012,1,mercedes,4.0,4.0,,0,0.018486014199147815,0.03100664561753665,0.03354001429775514
859,romain-grosjean,2012,1,alpine,3.0,3.0,,0,0.003594165419216064,0.02815201485712626,0.040496754613269556
859,nico-hulkenberg,2012,1,aston-martin,9.0,9.0,,0,0.013188911317525908,0.006915835330903901,0.004402717022610533
860,fernando-alonso,2012,2,ferrari,8.0,9.0,1.0,1,0.11875298721885943,0.01663022615749217,0.010415700153603026
860,sergio-perez,2012,2,audi,9.0,10.0,2.0,0,0.009272436489936526,0.005439872475165038,0.003641557676227519
860,lewis-hamilton,2012,2,mclaren,1.0,1.0,3.0,0,0.11186639326217006,0.5774577723178703,0.4981358807949246
860,mark-webber,2012,2,red-bull,4.0,4.0,4.0,0,0.2125524439325556,0.0693448449526092,0.06408673304733671
860,kimi-raikkonen,2012,2,alpine,10.0,5.0,5.0,0,0.007514685401164528,0.004152821888038504,0.0026675191055357604
860,bruno-senna,2012,2,williams,13.0,13.0,6.0,0,0.0030473659731437125,0.0019336516138860082,0.0010867659687576951
860,paul-di-resta,2012,2,aston-martin,14.0,14.0,7.0,0,0.014496457820928036,0.0030161803670382577,0.0014573492175740377
860,jean-eric-vergne,2012,2,racing-bulls,18.0,18.0,8.0,0,0.004654548661388988,0.0013131646844716579,0.0005682171576378514
860,nico-hulkenberg,2012,2,aston-martin,16.0,16.0,9.0,0,0.009392989958932495,0.0021001605554180082,0.0009267837873959335
860,michael-schumacher,2012,2,mercedes,3.0,3.0,10.0,0,0.012644865148737458,0.04009255620635825,0.054351468161421515
860,sebastian-vettel,2012,2,red-bull,5.0,6.0,11.0,0,0.24963408641346477,0.04990608544160803,0.03962887014175631
860,daniel-ricciardo,2012,2,racing-bulls,15.0,15.0,12.0,0,0.006034720929498632,0.0019406403453394532,0.0009504786813305624
860,nico-rosberg,2012,2,mercedes,7.0,8.0,13.0,0,0.023153243933897,0.011477157892833396,0.008745200874614218
860,jenson-button,2012,2,mclaren,2.0,2.0,14.0,0,0.1485594038928223,0.19433847986890143,0.3000388045959748
860,felipe-massa,2012,2,ferrari,12.0,12.0,15.0,0,0.04870934887117363,0.006327589750588813,0.0030089076558430673
860,vitaly-petrov,2012,2,caterham,19.0,20.0,16.0,0,0.0009344186962358377,0.0006551910747897093,0.00030900792611628596
860,timo-glock,2012,2,manor,20.0,21.0,17.0,0,0.0007844293736190785,0.0005593019397234261,0.00025982326685701864
860,heikki-kovalainen,2012,2,caterham,24.0,19.0,18.0,0,0.0011158393598889372,0.0004656205756773271,0.00018734620601542444
860,pastor-maldonado,2012,2,williams,11.0,11.0,19.0,0,0.0025462503380413036,0.0024283547005738483,0.0015290016273487035
860,charles-pic,2012,2,manor,21.0,22.0,20.0,0,0.0007052523920847145,0.0004980364168944436,0.00022381991306756954
860,pedro-de-la-rosa,2012,2,hrt,22.0,23.0,21.0,0,0.00042401297438895134,0.00038095106457398237,0.00017200332878974383
860,narain-karthikeyan,2012,2,hrt,23.0,24.0,22.0,0,0.00046429691486487266,0.00036337427760406367,0.00015918023728698024
860,kamui-kobayashi,2012,2,audi,17.0,17.0,,0,0.009914010090638888,0.0018856879726781729,0.0008192099810382744
860,romain-grosjean,2012,2,alpine,6.0,7.0,,0,0.0028255119515641657,0.007292277459866464,0.006630370493546283
861,nico-rosberg,2012,3,mercedes,1.0,1.0,1.0,1,0.024241899991100487,0.5213002823065745,0.4941824931822947
861,jenson-button,2012,3,mclaren,5.0,6.0,2.0,0,0.1371702271491757,0.06527992927451196,0.051733938080131985
861,lewis-hamilton,2012,3,mclaren,7.0,2.0,3.0,0,0.11516355689437685,0.03490677950473871,0.022008191052819006
861,mark-webber,2012,3,red-bull,6.0,7.0,4.0,0,0.20952970053855363,0.0565353799475105,0.03801661945501182
861,sebastian-vettel,2012,3,red-bull,11.0,11.0,5.0,0,0.2297822810335804,0.020780448556906757,0.009254355535591903
861,romain-grosjean,2012,3,alpine,10.0,10.0,6.0,0,0.0025282634886275583,0.004848848081868627,0.002967544848637401
861,bruno-senna,2012,3,williams,14.0,14.0,7.0,0,0.004080297865492177,0.003092417967240996,0.001555062900234291
861,pastor-maldonado,2012,3,williams,13.0,13.0,8.0,0,0.002924049737488802,0.0031615198903464977,0.0016720831569925496
861,fernando-alonso,2012,3,ferrari,9.0,9.0,9.0,0,0.13060189752503817,0.023012911825994124,0.012657061189815275
861,kamui-kobayashi,2012,3,audi,3.0,4.0,10.0,0,0.009249702439781137,0.05764294994681927,0.07748390638006132
861,sergio-perez,2012,3,audi,8.0,8.0,11.0,0,0.011681537678793168,0.011715557501946784,0.008084061563520662
861,paul-di-resta,2012,3,aston-martin,15.0,15.0,12.0,0,0.01859425813418187,0.004810020145721607,0.0020821147688631957
861,felipe-massa,2012,3,ferrari,12.0,12.0,13.0,0,0.04940044028877855,0.010428954660854828,0.004718066373519525
861,kimi-raikkonen,2012,3,alpine,4.0,5.0,14.0,0,0.008494293885899193,0.03353616666625874,0.03825375957452247
861,nico-hulkenberg,2012,3,aston-martin,16.0,16.0,15.0,0,0.012094111359888174,0.00377010122627463,0.0015620652014529206
861,jean-eric-vergne,2012,3,racing-bulls,24.0,18.0,16.0,0,0.008092269569614816,0.0015888607515342494,0.0005304219179579285
861,daniel-ricciardo,2012,3,racing-bulls,17.0,17.0,17.0,0,0.007430587142084614,0.0027793007284194885,0.0011729749566792103
861,vitaly-petrov,2012,3,caterham,19.0,20.0,18.0,0,0.001105664284280818,0.0011395363507353692,0.0005078103214090967
861,timo-glock,2012,3,manor,20.0,21.0,19.0,0,0.0008975566802744015,0.0009608162362344111,0.0004226956381547511
861,charles-pic,2012,3,manor,21.0,22.0,20.0,0,0.0007252717867269442,0.0008275952274442634,0.0003522263566245319
861,pedro-de-la-rosa,2012,3,hrt,22.0,23.0,21.0,0,0.0004533113752086123,0.0006381053854585575,0.00027418259888118356
861,narain-karthikeyan,2012,3,hrt,23.0,24.0,22.0,0,0.0004843581349841474,0.0006040338783884912,0.00025181320523723696
861,heikki-kovalainen,2012,3,caterham,18.0,19.0,23.0,0,0.0012838354231633137,0.0013086500467817865,0.0006049851122349436
861,michael-schumacher,2012,3,mercedes,2.0,3.0,,0,0.013990627592906531,0.1353308338914349,0.22965156662935218
862,sebastian-vettel,2012,4,red-bull,1.0,1.0,1.0,1,0.22536226111880103,0.6232982747782811,0.5352634774833678
862,kimi-raikkonen,2012,4,alpine,11.0,11.0,2.0,0,0.009355806294436723,0.003215496693876039,0.0019745708385049605
862,romain-grosjean,2012,4,alpine,7.0,7.0,3.0,0,0.003598996716654201,0.0051457559741931004,0.004297443339126695
862,mark-webber,2012,4,red-bull,3.0,3.0,4.0,0,0.20818082601742371,0.09408552050932593,0.1097775731334479
862,nico-rosberg,2012,4,mercedes,5.0,5.0,5.0,0,0.024294311628901118,0.017332453233265984,0.017179078443613747
862,paul-di-resta,2012,4,aston-martin,10.0,10.0,6.0,0,0.017009328682622258,0.004759698738782891,0.002959095224285788
862,fernando-alonso,2012,4,ferrari,9.0,9.0,7.0,0,0.11000902809871543,0.01110505824262712,0.006688305287189965
862,lewis-hamilton,2012,4,mclaren,2.0,2.0,8.0,0,0.13112250208379825,0.15816779921982338,0.2505471794957072
862,felipe-massa,2012,4,ferrari,14.0,14.0,9.0,0,0.04200843267151602,0.0038847090886429156,0.0017330217666778375
862,michael-schumacher,2012,4,mercedes,22.0,18.0,10.0,0,0.011606701221390124,0.0011116369125259993,0.00040248842246485894
862,sergio-perez,2012,4,audi,8.0,8.0,11.0,0,0.012387929860830892,0.0061637027612318,0.004576752886784235
862,nico-hulkenberg,2012,4,aston-martin,13.0,13.0,12.0,0,0.010952437893364622,0.0026575901181662737,0.0013824570953536123
862,kamui-kobayashi,2012,4,audi,12.0,12.0,13.0,0,0.010099776055694792,0.0029047380592172618,0.00163732616635819
862,jean-eric-vergne,2012,4,racing-bulls,17.0,19.0,14.0,0,0.007077147578431966,0.001395990628306883,0.0006437745321443187
862,daniel-ricciardo,2012,4,racing-bulls,6.0,6.0,15.0,0,0.006430763882892552,0.007947069742125822,0.007439468876989555
862,vitaly-petrov,2012,4,caterham,18.0,20.0,16.0,0,0.0010294576432999204,0.0006242651301937236,0.0003146051538404036
862,heikki-kovalainen,2012,4,caterham,16.0,16.0,17.0,0,0.0011314188804133493,0.0007852943152497136,0.0004287396272333951
862,jenson-button,2012,4,mclaren,4.0,4.0,18.0,0,0.15629335428678298,0.05146798617374264,0.05089201342318944
862,timo-glock,2012,4,manor,23.0,23.0,19.0,0,0.0008777988041643955,0.00038628508247354654,0.00016755524048911902
862,pedro-de-la-rosa,2012,4,hrt,20.0,22.0,20.0,0,0.00043870234093863975,0.0003807552597483708,0.000189521908696461
862,narain-karthikeyan,2012,4,hrt,24.0,24.0,21.0,0,0.00045895867238322227,0.00028330435855079887,0.0001245760379559132
862,bruno-senna,2012,4,williams,15.0,15.0,22.0,0,0.005533249571487568,0.0015830786447406761,0.0008045942894884752
862,pastor-maldonado,2012,4,williams,21.0,17.0,,0,0.004008631463901217,0.0008085118004609507,0.00032692946868401597
862,charles-pic,2012,4,manor,19.0,21.0,,0,0.0007321785311550169,0.0005050245344469548,0.00024945185840615056
863,pastor-maldonado,2012,5,williams,1.0,1.0,1.0,1,0.0028308333878487644,0.2989661280447293,0.2784802049957956
863,fernando-alonso,2012,5,ferrari,2.0,2.0,2.0,0,0.10997332733134162,0.34167538796939706,0.4646693345306424
863,kimi-raikkonen,2012,5,alpine,4.0,4.0,3.0,0,0.014975399305399536,0.051028060744480436,0.048976242577874016
863,romain-grosjean,2012,5,alpine,3.0,3.0,4.0,0,0.00622310776006748,0.06327716157857491,0.07386590061289512
863,kamui-kobayashi,2012,5,audi,9.0,9.0,5.0,0,0.010519429693975776,0.011488913854146549,0.006381045082116932
863,sebastian-vettel,2012,5,red-bull,7.0,7.0,6.0,0,0.25423790541856056,0.05709029225482887,0.030208011932824946
863,nico-rosberg,2012,5,mercedes,6.0,6.0,7.0,0,0.029357625219881108,0.03258429617527894,0.022892358132976673
863,lewis-hamilton,2012,5,mclaren,24.0,,8.0,0,0.10446094063785301,0.005084709699555752,0.0012333300155276223
863,jenson-button,2012,5,mclaren,10.0,10.0,9.0,0,0.11322212403121114,0.023067130943351024,0.010145378009278679
863,nico-hulkenberg,2012,5,aston-martin,13.0,13.0,10.0,0,0.012287620700423356,0.006632379831771785,0.0027790213462396286
863,mark-webber,2012,5,red-bull,11.0,11.0,11.0,0,0.2296194298511292,0.02566588135217808,0.009988126866813534
863,jean-eric-vergne,2012,5,racing-bulls,14.0,14.0,12.0,0,0.00708467887339794,0.00463935636746542,0.0019849767184790127
863,daniel-ricciardo,2012,5,racing-bulls,15.0,15.0,13.0,0,0.006381227711712298,0.00399407375424965,0.0016306281534105196
863,paul-di-resta,2012,5,aston-martin,12.0,12.0,14.0,0,0.02003345156755739,0.00884785278614737,0.00391420529865052
863,felipe-massa,2012,5,ferrari,16.0,16.0,15.0,0,0.043119218344543395,0.0074638339853838765,0.00246978801971375
863,heikki-kovalainen,2012,5,caterham,19.0,19.0,16.0,0,0.0012598929320128628,0.001458711258517142,0.0005714767130522997
863,vitaly-petrov,2012,5,caterham,18.0,18.0,17.0,0,0.0011627075748922397,0.0015595379332011957,0.0006338633335425503
863,timo-glock,2012,5,manor,21.0,21.0,18.0,0,0.000825697842216971,0.001051081055969328,0.00039683628535788925
863,pedro-de-la-rosa,2012,5,hrt,22.0,22.0,19.0,0,0.00046181488267718797,0.0007879613606883511,0.00029804889180404617
863,sergio-perez,2012,5,audi,5.0,5.0,,0,0.01303800387519587,0.0333367917230312,0.027609017995749878
863,charles-pic,2012,5,manor,20.0,20.0,,0,0.0006010444604368197,0.0010343622622538216,0.00040372324602294945
863,narain-karthikeyan,2012,5,hrt,23.0,,,0,0.0004743130004768834,0.0007367582358751107,0.0002703841413185465
863,bruno-senna,2012,5,williams,17.0,17.0,,0,0.003966113323493689,0.0026988329916680285,0.0010502932486061616
863,michael-schumacher,2012,5,mercedes,8.0,8.0,,0,0.01388409227369483,0.01583050383725691,0.009147803851306697
864,mark-webber,2012,6,red-bull,1.0,2.0,1.0,1,0.20984202827961293,0.6819601071284149,0.6023170869793503
864,nico-rosberg,2012,6,mercedes,2.0,3.0,2.0,0,0.028062742967189584,0.09640563996241748,0.18266836748103332
864,fernando-alonso,2012,6,ferrari,5.0,6.0,3.0,0,0.12196703579812361,0.03491485060571343,0.03214311463451407
864,sebastian-vettel,2012,6,red-bull,9.0,10.0,4.0,0,0.2415672679969526,0.017057362197349064,0.009698982026857093
864,lewis-hamilton,2012,6,mclaren,3.0,4.0,5.0,0,0.10688369194814984,0.08190771290141487,0.10346326668404349
864,felipe-massa,2012,6,ferrari,7.0,7.0,6.0,0,0.044579385987271625,0.014409510370012939,0.010555717220413152
864,paul-di-resta,2012,6,aston-martin,14.0,15.0,7.0,0,0.020786635153840088,0.003232129709101655,0.0016248731011995145
864,nico-hulkenberg,2012,6,aston-martin,10.0,11.0,8.0,0,0.013871944624386035,0.005046564326422533,0.0031893702571122364
864,kimi-raikkonen,2012,6,alpine,8.0,8.0,9.0,0,0.02361224235687253,0.008702606706526355,0.006398489805800714
864,bruno-senna,2012,6,williams,13.0,14.0,10.0,0,0.004205024672450601,0.00204934654961998,0.001197088844247377
864,sergio-perez,2012,6,audi,23.0,,11.0,0,0.011197251026412018,0.0011117277388102648,0.0004139391164559044
864,jean-eric-vergne,2012,6,racing-bulls,16.0,17.0,12.0,0,0.008316588237006345,0.001833667033250866,0.0008984255428261113
864,heikki-kovalainen,2012,6,caterham,17.0,18.0,13.0,0,0.0015109370198469133,0.0008805891202516346,0.0004659536848042422
864,timo-glock,2012,6,manor,19.0,20.0,14.0,0,0.0008679899103917663,0.0005919079396902735,0.00030297592113739415
864,narain-karthikeyan,2012,6,hrt,22.0,23.0,15.0,0,0.0004718288583173284,0.0003717381181911693,0.00017770653301065148
864,jenson-button,2012,6,mclaren,12.0,13.0,16.0,0,0.11442391650142895,0.007941031662578004,0.003908843328255291
864,daniel-ricciardo,2012,6,racing-bulls,15.0,16.0,,0,0.007434339882370738,0.0019758826408867356,0.0010115512417998988
864,charles-pic,2012,6,manor,21.0,22.0,,0,0.0005625079300202284,0.00043626092513036365,0.00020863870267822553
864,michael-schumacher,2012,6,mercedes,6.0,1.0,,0,0.011706187276382167,0.011360234285694715,0.010201994860384289
864,vitaly-petrov,2012,6,caterham,18.0,19.0,,0,0.001386854200414581,0.000778065386693515,0.0003960215253184343
864,kamui-kobayashi,2012,6,audi,11.0,12.0,,0,0.011664170912715906,0.003941406397608004,0.002422984377802127
864,romain-grosjean,2012,6,alpine,4.0,5.0,,0,0.010470296832255414,0.021927038420353883,0.025830332962248168
864,pedro-de-la-rosa,2012,6,hrt,20.0,21.0,,0,0.0005065417869322407,0.00044683811123768326,0.00022790216481782105
864,pastor-maldonado,2012,6,williams,24.0,9.0,,0,0.004102589840656015,0.000717781762629708,0.0002763730038902106
865,lewis-hamilton,2012,7,mclaren,2.0,2.0,1.0,1,0.09363685340123742,0.13724762333886673,0.2275486338114547
865,romain-grosjean,2012,7,alpine,7.0,7.0,2.0,0,0.007379741593290719,0.006635072334101515,0.005352020757060317
865,sergio-perez,2012,7,audi,15.0,15.0,3.0,0,0.009681597264421988,0.0019190370937434919,0.0009559572580144132
865,sebastian-vettel,2012,7,red-bull,1.0,1.0,4.0,0,0.2542800426030084,0.644510170360088,0.5570965568402704
865,fernando-alonso,2012,7,ferrari,3.0,3.0,5.0,0,0.13477890577517118,0.07655700797195113,0.09731258017968353
865,nico-rosberg,2012,7,mercedes,5.0,5.0,6.0,0,0.027308220127716755,0.017758198313466457,0.01788542711770973
865,mark-webber,2012,7,red-bull,4.0,4.0,7.0,0,0.22820265827071753,0.0591458629138666,0.057123276061929525
865,kimi-raikkonen,2012,7,alpine,12.0,12.0,8.0,0,0.019458831816392498,0.0035923599822436543,0.0020082852784301993
865,kamui-kobayashi,2012,7,audi,11.0,11.0,9.0,0,0.008528701705413392,0.0031241642373729056,0.0019216319952762178
865,felipe-massa,2012,7,ferrari,6.0,6.0,10.0,0,0.05024353732346654,0.017344956557502848,0.013766164372128364
865,paul-di-resta,2012,7,aston-martin,8.0,8.0,11.0,0,0.023741656157129653,0.007789149941357564,0.005580305051503793
865,nico-hulkenberg,2012,7,aston-martin,13.0,13.0,12.0,0,0.016068704414256566,0.0030236239229995323,0.001557381519042503
865,pastor-maldonado,2012,7,williams,22.0,17.0,13.0,0,0.0033255533701512905,0.0006858544296450113,0.0002780140747305736
865,daniel-ricciardo,2012,7,racing-bulls,14.0,14.0,14.0,0,0.005402515679038829,0.0017598671138791806,0.0009432641830383009
865,jean-eric-vergne,2012,7,racing-bulls,19.0,20.0,15.0,0,0.008282172581351875,0.0011967194063899605,0.0005211276774089373
865,jenson-button,2012,7,mclaren,10.0,10.0,16.0,0,0.09081413223703746,0.008832474959073638,0.004903335491462199
865,bruno-senna,2012,7,williams,16.0,16.0,17.0,0,0.0040630172162015,0.0012538575242620172,0.0006310766531645701
865,heikki-kovalainen,2012,7,caterham,17.0,18.0,18.0,0,0.0014998273889068685,0.0007761517004742876,0.00040560519600368764
865,vitaly-petrov,2012,7,caterham,18.0,19.0,19.0,0,0.0012355357550886388,0.0006630703267395541,0.00033331927033625024
865,charles-pic,2012,7,manor,23.0,23.0,20.0,0,0.0004875486919494275,0.00031668255475700866,0.00014016443552500795
865,timo-glock,2012,7,manor,21.0,22.0,,0,0.0008961689832596339,0.0004467633226133892,0.00021032419778898456
865,michael-schumacher,2012,7,mercedes,9.0,9.0,,0,0.009668919362427501,0.004735249629244574,0.0031989705385512975
865,pedro-de-la-rosa,2012,7,hrt,20.0,21.0,,0,0.0004840131590959131,0.0003908818894700785,0.00019588810120902875
865,narain-karthikeyan,2012,7,hrt,24.0,24.0,,0,0.0005311451232684505,0.000295200175890988,0.00013068993827752975
866,fernando-alonso,2012,8,ferrari,11.0,11.0,1.0,1,0.13704821088408187,0.009319550035183484,0.004922224593170634
866,kimi-raikkonen,2012,8,alpine,5.0,5.0,2.0,0,0.02535438761754411,0.019325779196203645,0.01928938141979665
866,michael-schumacher,2012,8,mercedes,12.0,12.0,3.0,0,0.007944995088713672,0.002979778596039539,0.0016821496909843758
866,mark-webber,2012,8,red-bull,19.0,19.0,4.0,0,0.22135911294240618,0.004560158543068227,0.0015389850147033287
866,nico-hulkenberg,2012,8,aston-martin,8.0,8.0,5.0,0,0.016232997960474983,0.007605502170780995,0.005485097181761829
866,nico-rosberg,2012,8,mercedes,6.0,6.0,6.0,0,0.025313194616439758,0.01387605591129083,0.012545096680431347
866,paul-di-resta,2012,8,aston-martin,10.0,10.0,7.0,0,0.02367727062817637,0.005855646917093643,0.0036283917353960122
866,jenson-button,2012,8,mclaren,9.0,9.0,8.0,0,0.08201353842112219,0.011224818950092034,0.006755049648487052
866,sergio-perez,2012,8,audi,15.0,15.0,9.0,0,0.01377962903693669,0.002400651684399037,0.0011762412227529588
866,bruno-senna,2012,8,williams,14.0,14.0,10.0,0,0.004116720108332635,0.0017400125369675854,0.000962774397833915
866,daniel-ricciardo,2012,8,racing-bulls,17.0,17.0,11.0,0,0.005563972972637267,0.0014050142444274607,0.0006636031806434153
866,pastor-maldonado,2012,8,williams,3.0,3.0,12.0,0,0.003576810114597382,0.022799296956082408,0.03595022077806682
866,vitaly-petrov,2012,8,caterham,20.0,20.0,13.0,0,0.0012498886859974862,0.0006120838948500718,0.00028803309303336984
866,heikki-kovalainen,2012,8,caterham,16.0,16.0,14.0,0,0.0015169574338109344,0.0009497712826619438,0.0005201292326421113
866,charles-pic,2012,8,manor,23.0,23.0,15.0,0,0.0005198012663862093,0.0003531569695483986,0.0001583639129484122
866,felipe-massa,2012,8,ferrari,13.0,13.0,16.0,0,0.05116539935366507,0.005162769846330961,0.002434591844542761
866,pedro-de-la-rosa,2012,8,hrt,21.0,21.0,17.0,0,0.0004180792513963138,0.0003744541733768722,0.00018469697027138286
866,narain-karthikeyan,2012,8,hrt,22.0,22.0,18.0,0,0.0004560363184571313,0.0003554970042415276,0.00016988463696640608
866,lewis-hamilton,2012,8,mclaren,2.0,2.0,19.0,0,0.09620722867455192,0.15181984186929956,0.2539914197367535
866,romain-grosjean,2012,8,alpine,4.0,4.0,,0,0.011283804245882755,0.02194008959964677,0.02549056517874612
866,sebastian-vettel,2012,8,red-bull,1.0,1.0,,0,0.25193678476155024,0.7056584800863113,0.6147216541961315
866,kamui-kobayashi,2012,8,audi,7.0,7.0,,0,0.011415705303557299,0.008262317405660313,0.006796706185729513
866,jean-eric-vergne,2012,8,racing-bulls,18.0,18.0,,0,0.007849474313281493,0.0014192721264433728,0.0006447394682065647
867,mark-webber,2012,9,red-bull,2.0,2.0,1.0,1,0.2014740486010678,0.20228545828770159,0.3011667100867854
867,fernando-alonso,2012,9,ferrari,1.0,1.0,2.0,0,0.16872924024316857,0.5950895100510523,0.5209904157705296
867,sebastian-vettel,2012,9,red-bull,4.0,4.0,3.0,0,0.19007316831850232,0.061199875265879604,0.05687965101619038
867,felipe-massa,2012,9,ferrari,5.0,5.0,4.0,0,0.057519176371161544,0.02765202438959601,0.023247594026387736
867,kimi-raikkonen,2012,9,alpine,6.0,6.0,5.0,0,0.031523615844008264,0.015424078352602342,0.01269899400181894
867,romain-grosjean,2012,9,alpine,9.0,10.0,6.0,0,0.011038925790271686,0.00558661397630395,0.003492324522052503
867,michael-schumacher,2012,9,mercedes,3.0,3.0,7.0,0,0.014011826340373809,0.039011711895650864,0.05127374151975443
867,lewis-hamilton,2012,9,mclaren,8.0,8.0,8.0,0,0.08595393180034816,0.013986821441413206,0.008627110687134251
867,bruno-senna,2012,9,williams,13.0,15.0,9.0,0,0.00608832312906588,0.002300745141537407,0.0012276576769801064
867,jenson-button,2012,9,mclaren,16.0,18.0,10.0,0,0.08155007760930524,0.004239065824444604,0.001632225004921257
867,kamui-kobayashi,2012,9,audi,17.0,12.0,11.0,0,0.010904619927960985,0.0018236395354082396,0.0007715880931956363
867,nico-hulkenberg,2012,9,aston-martin,14.0,9.0,12.0,0,0.025349216425328967,0.00349372863723454,0.001575104635041756
867,daniel-ricciardo,2012,9,racing-bulls,12.0,14.0,13.0,0,0.006582547611474819,0.002708759494844859,0.0015207751726002252
867,jean-eric-vergne,2012,9,racing-bulls,23.0,16.0,14.0,0,0.006660404352688391,0.0009003734917916421,0.00032481760094237364
867,nico-rosberg,2012,9,mercedes,11.0,13.0,15.0,0,0.04114337147217569,0.006003725359313334,0.003261520110750775
867,pastor-maldonado,2012,9,williams,7.0,7.0,16.0,0,0.005211975600727183,0.006273514719277135,0.005099145253953318
867,heikki-kovalainen,2012,9,caterham,19.0,20.0,17.0,0,0.0022313254901467406,0.0008264063332596781,0.00036879964776006727
867,timo-glock,2012,9,manor,20.0,21.0,18.0,0,0.0011857079040312934,0.0005983505510180673,0.00027007432580958366
867,charles-pic,2012,9,manor,24.0,,19.0,0,0.0007767877016653821,0.0003848114988699411,0.000153458015537965
867,pedro-de-la-rosa,2012,9,hrt,21.0,22.0,20.0,0,0.0005973360711958586,0.0004310598232078614,0.00019541399566097884
867,narain-karthikeyan,2012,9,hrt,22.0,23.0,21.0,0,0.0006382884849822574,0.0004066207104879723,0.00017859393652003102
867,sergio-perez,2012,9,audi,15.0,17.0,,0,0.015554929608710136,0.0025195220910363544,0.0011605991480993034
867,paul-di-resta,2012,9,aston-martin,10.0,11.0,,0,0.035201155301639024,0.006853583128068461,0.003883685751573389
868,fernando-alonso,2012,10,ferrari,1.0,1.0,1.0,1,0.18356712726160085,0.6215486655249063,0.5428881820200171
868,jenson-button,2012,10,mclaren,6.0,7.0,2.0,0,0.07031466929162622,0.021476308250535203,0.016350711267375324
868,kimi-raikkonen,2012,10,alpine,10.0,10.0,3.0,0,0.03627434606743336,0.006904961447366932,0.003993342945870542
868,kamui-kobayashi,2012,10,audi,12.0,13.0,4.0,0,0.00873082018880465,0.0030541671119010223,0.0016808740486178714
868,sebastian-vettel,2012,10,red-bull,2.0,2.0,5.0,0,0.20138499911010382,0.20533870588579084,0.30577864056408455
868,sergio-perez,2012,10,audi,17.0,12.0,6.0,0,0.010463576078954099,0.001788283092859484,0.0007766552429467687
868,michael-schumacher,2012,10,mercedes,3.0,4.0,7.0,0,0.013651706668479112,0.03892169671987831,0.05173542872590434
868,mark-webber,2012,10,red-bull,8.0,3.0,8.0,0,0.2168014981144308,0.01994250707575248,0.01157245435920584
868,nico-hulkenberg,2012,10,aston-martin,4.0,5.0,9.0,0,0.018176949406270675,0.026076956650617964,0.02853713879454084
868,nico-rosberg,2012,10,mercedes,21.0,17.0,10.0,0,0.03541291521227343,0.001921473508926273,0.0006801972306932055
868,paul-di-resta,2012,10,aston-martin,9.0,9.0,11.0,0,0.02131497536680699,0.006911562482769707,0.004358114641283121
868,felipe-massa,2012,10,ferrari,13.0,14.0,12.0,0,0.06453388370179966,0.0057531239691675385,0.0025202212907599214
868,daniel-ricciardo,2012,10,racing-bulls,11.0,11.0,13.0,0,0.006271240126105872,0.003117401715000167,0.0018734598588830119
868,jean-eric-vergne,2012,10,racing-bulls,15.0,18.0,14.0,0,0.006203754176344584,0.001834543492906935,0.0008929187717978751
868,pastor-maldonado,2012,10,williams,5.0,6.0,15.0,0,0.005009520507890425,0.01109209075752314,0.011394966370491776
868,vitaly-petrov,2012,10,caterham,18.0,20.0,16.0,0,0.0017321554517063427,0.0008425642678956917,0.0003942517447016917
868,bruno-senna,2012,10,williams,14.0,16.0,17.0,0,0.00629379615559511,0.0020717392435842417,0.001056895362399059
868,romain-grosjean,2012,10,alpine,19.0,15.0,18.0,0,0.013543585755354387,0.0017076507771860447,0.000638518607347334
868,heikki-kovalainen,2012,10,caterham,16.0,19.0,19.0,0,0.0020623633007920907,0.0010866610649503013,0.0005508345996023322
868,charles-pic,2012,10,manor,20.0,21.0,20.0,0,0.0007482524989785202,0.0005219489163212978,0.0002380073640256206
868,pedro-de-la-rosa,2012,10,hrt,23.0,23.0,21.0,0,0.000545529532463284,0.0003608731785363536,0.00015566702492909848
868,timo-glock,2012,10,manor,22.0,22.0,22.0,0,0.0011032235827692378,0.0005009980917878776,0.00021410223865266998
868,narain-karthikeyan,2012,10,hrt,24.0,24.0,23.0,0,0.0005722382800961123,0.0003407407301305938,0.00014278949066522372
868,lewis-hamilton,2012,10,mclaren,7.0,8.0,,0,0.07528687416332037,0.01688437604370525,0.011575627435204877
869,lewis-hamilton,2012,11,mclaren,1.0,1.0,1.0,1,0.0558222333523495,0.5489945722732418,0.5031288401805746
869,kimi-raikkonen,2012,11,alpine,5.0,5.0,2.0,0,0.03963321743310432,0.03059282219130682,0.028456383081790444
869,romain-grosjean,2012,11,alpine,2.0,2.0,3.0,0,0.013168818618073069,0.10292607966701149,0.17853191543337116
869,sebastian-vettel,2012,11,red-bull,3.0,3.0,4.0,0,0.1990700229267141,0.13592944505160967,0.15496165286953748
869,fernando-alonso,2012,11,ferrari,6.0,6.0,5.0,0,0.19697111953691543,0.04024278600213575,0.0299063852550652
869,jenson-button,2012,11,mclaren,4.0,4.0,6.0,0,0.06385967115606393,0.054336900919419284,0.05563782102479276
869,bruno-senna,2012,11,williams,9.0,9.0,7.0,0,0.006026819976775817,0.005725047243358199,0.003979100057374466
869,mark-webber,2012,11,red-bull,11.0,11.0,8.0,0,0.20808824973806286,0.0151644263692012,0.007147231263441087
869,felipe-massa,2012,11,ferrari,7.0,7.0,9.0,0,0.06601208924259239,0.02203395260749498,0.01474909613144568
869,nico-rosberg,2012,11,mercedes,13.0,13.0,10.0,0,0.03926878757091277,0.005987173435117146,0.0029266529849260527
869,nico-hulkenberg,2012,11,aston-martin,10.0,10.0,11.0,0,0.020096466674892392,0.007553650564639993,0.004438119362453144
869,paul-di-resta,2012,11,aston-martin,12.0,12.0,12.0,0,0.022798919028523257,0.0057640149271433044,0.0029917612853351656
869,pastor-maldonado,2012,11,williams,8.0,8.0,13.0,0,0.0049736797671253745,0.00658700331629062,0.004960053399631811
869,sergio-perez,2012,11,audi,14.0,14.0,14.0,0,0.014911348120349605,0.0037633252480140096,0.001827725231154331
869,daniel-ricciardo,2012,11,racing-bulls,18.0,18.0,15.0,0,0.006769461748180386,0.0018402367043278073,0.0007925227696587968
869,jean-eric-vergne,2012,11,racing-bulls,16.0,16.0,16.0,0,0.006577788183770269,0.0022278034296627667,0.001039421024252827
869,heikki-kovalainen,2012,11,caterham,19.0,19.0,17.0,0,0.0020994815044800465,0.0010835727605819595,0.0004907073046845311
869,kamui-kobayashi,2012,11,audi,15.0,15.0,18.0,0,0.012860857904790234,0.0031964272534353347,0.0014813218489824508
869,vitaly-petrov,2012,11,caterham,20.0,20.0,19.0,0,0.0018298564701363048,0.0009515375031638649,0.0004161599800845755
869,charles-pic,2012,11,manor,21.0,21.0,20.0,0,0.0007697289351160147,0.0006407025035039711,0.00028528434057813076
869,timo-glock,2012,11,manor,22.0,22.0,21.0,0,0.001047596096302495,0.0006516742459438,0.000281117122777089
869,pedro-de-la-rosa,2012,11,hrt,23.0,23.0,22.0,0,0.0005432125111294553,0.00047695392713116477,0.0002073896430680932
869,narain-karthikeyan,2012,11,hrt,24.0,24.0,,0,0.0005531221545476166,0.0004461959676632485,0.00018848178367971802
869,michael-schumacher,2012,11,mercedes,17.0,17.0,,0,0.016247451349092397,0.002883695888601832,0.0011748566213404382
870,jenson-button,2012,12,mclaren,1.0,1.0,1.0,1,0.07519354726339243,0.6211878790629949,0.5664694257834146
870,sebastian-vettel,2012,12,red-bull,10.0,11.0,2.0,0,0.1932162271566195,0.017712318347420698,0.009014584944038579
870,kimi-raikkonen,2012,12,alpine,3.0,4.0,3.0,0,0.05354781224659342,0.08313951368567843,0.10792512107107288
870,nico-hulkenberg,2012,12,aston-martin,11.0,12.0,4.0,0,0.019653632475534897,0.006490984143172011,0.0036146180115858933
870,felipe-massa,2012,12,ferrari,14.0,14.0,5.0,0,0.06490897605567013,0.006875549405388255,0.0029024890756569905
870,mark-webber,2012,12,red-bull,12.0,7.0,6.0,0,0.19467213160629115,0.013025436533790768,0.005856445073796581
870,michael-schumacher,2012,12,mercedes,13.0,13.0,7.0,0,0.011591207024461064,0.004102090327011659,0.0020653712255424713
870,jean-eric-vergne,2012,12,racing-bulls,15.0,15.0,8.0,0,0.006108087982045888,0.0024672037978697957,0.0012187184664568353
870,daniel-ricciardo,2012,12,racing-bulls,16.0,16.0,9.0,0,0.006381829611517737,0.002241430662019647,0.001059656939268614
870,paul-di-resta,2012,12,aston-martin,9.0,10.0,10.0,0,0.021875045884550803,0.009436924217232238,0.006023055669798199
870,nico-rosberg,2012,12,mercedes,23.0,18.0,11.0,0,0.030706169498821448,0.0021081222148719788,0.0007200248088858533
870,bruno-senna,2012,12,williams,17.0,17.0,12.0,0,0.007385170697841917,0.0021331828126452566,0.0009585958210728289
870,kamui-kobayashi,2012,12,audi,2.0,2.0,13.0,0,0.010751433824815068,0.09354331306632055,0.17403414084936467
870,vitaly-petrov,2012,12,caterham,19.0,20.0,14.0,0,0.0017579347270018746,0.0010432038606019906,0.00047768114965160636
870,timo-glock,2012,12,manor,20.0,21.0,15.0,0,0.0009795879138774482,0.0007623325483645175,0.0003553848150018594
870,charles-pic,2012,12,manor,22.0,23.0,16.0,0,0.0007558341097436446,0.0005980776096053737,0.00026133560573111025
870,heikki-kovalainen,2012,12,caterham,18.0,19.0,17.0,0,0.0020413723789206636,0.0011980499762829881,0.0005691040382503883
870,pedro-de-la-rosa,2012,12,hrt,21.0,22.0,18.0,0,0.0004892734395528103,0.000545283134052218,0.0002566672526510127
870,narain-karthikeyan,2012,12,hrt,24.0,24.0,,0,0.00047860689276549496,0.00043165263653179963,0.00018555034270499964
870,pastor-maldonado,2012,12,williams,6.0,3.0,,0,0.005771458904727625,0.01158664973350846,0.010569728404037455
870,sergio-perez,2012,12,audi,4.0,5.0,,0,0.012908713934115057,0.0305080189017847,0.0354303961059854
870,fernando-alonso,2012,12,ferrari,5.0,6.0,,0,0.19080030946303195,0.055298083488542725,0.046994506579542766
870,lewis-hamilton,2012,12,mclaren,7.0,8.0,,0,0.06906654577337511,0.0221936304952,0.015457851979228622
870,romain-grosjean,2012,12,alpine,8.0,9.0,,0,0.018959091134732813,0.011371069339109112,0.007579545987259739
871,lewis-hamilton,2012,13,mclaren,1.0,1.0,1.0,1,0.05446352552780133,0.5338548422341457,0.4708933473361201
871,sergio-perez,2012,13,audi,12.0,13.0,2.0,0,0.00995814925891879,0.00412554774648716,0.0022032857855531
871,fernando-alonso,2012,13,ferrari,10.0,10.0,3.0,0,0.13127186201784452,0.01429878190778467,0.007404294390260281
871,felipe-massa,2012,13,ferrari,3.0,3.0,4.0,0,0.055764002820698766,0.08465643839330325,0.09939959833042589
871,kimi-raikkonen,2012,13,alpine,7.0,8.0,5.0,0,0.0523548142904499,0.018634880569145636,0.01312410122512422
871,michael-schumacher,2012,13,mercedes,4.0,5.0,6.0,0,0.014385606818518162,0.03145272923842103,0.03338112146297341
871,nico-rosberg,2012,13,mercedes,6.0,7.0,7.0,0,0.03516643788404044,0.020866948508235592,0.016807597400243162
871,paul-di-resta,2012,13,aston-martin,9.0,4.0,8.0,0,0.026854254371410622,0.009775739250263505,0.005875807989788224
871,kamui-kobayashi,2012,13,audi,8.0,9.0,9.0,0,0.009542882053429597,0.008106460099335187,0.005703380753991767
871,bruno-senna,2012,13,williams,13.0,14.0,10.0,0,0.007076010567227775,0.0031597557147253407,0.0016450180885553176
871,pastor-maldonado,2012,13,williams,22.0,12.0,11.0,0,0.0048712243927214885,0.001150933004753999,0.0004190662530200404
871,daniel-ricciardo,2012,13,racing-bulls,14.0,15.0,12.0,0,0.008676114012688666,0.0030211492921689903,0.001464747859030327
871,jerome-dambrosio,2012,13,alpine,15.0,16.0,13.0,0,0.035116450928593654,0.004508926167507198,0.001891666961577432
871,heikki-kovalainen,2012,13,caterham,17.0,18.0,14.0,0,0.0023513987554878066,0.0013343091601893888,0.0006241121638742858
871,vitaly-petrov,2012,13,caterham,18.0,19.0,15.0,0,0.0020980526548379603,0.0011686109382439264,0.0005257898295018032
871,charles-pic,2012,13,manor,20.0,21.0,16.0,0,0.0009702922111580805,0.0007386788615389813,0.0003242919452999759
871,timo-glock,2012,13,manor,19.0,20.0,17.0,0,0.0012455173547205236,0.0008711092323338364,0.00039597892383442086
871,pedro-de-la-rosa,2012,13,hrt,23.0,23.0,18.0,0,0.0005396954742740409,0.00046307034743654,0.00019546402613328505
871,narain-karthikeyan,2012,13,hrt,21.0,22.0,19.0,0,0.00048347802638723346,0.0005222486761075724,0.00023451259299434076
871,mark-webber,2012,13,red-bull,11.0,11.0,20.0,0,0.21676933112925467,0.015071325658127362,0.006825325715647045
871,nico-hulkenberg,2012,13,aston-martin,24.0,,21.0,0,0.025987031140001712,0.0018287388116960518,0.0005642834086345618
871,sebastian-vettel,2012,13,red-bull,5.0,6.0,22.0,0,0.22283556150286601,0.05801358736522268,0.04490343222652305
871,jenson-button,2012,13,mclaren,2.0,2.0,,0,0.07274281370204483,0.17998461859816917,0.2841353230323962
871,jean-eric-vergne,2012,13,racing-bulls,16.0,17.0,,0,0.00847549310462344,0.0023905702246572224,0.001058452298497805
872,sebastian-vettel,2012,14,red-bull,3.0,3.0,1.0,1,0.14496914920561452,0.11936049438071457,0.14201916124242103
872,jenson-button,2012,14,mclaren,4.0,4.0,2.0,0,0.06803712285172289,0.05516300114421825,0.05711895165372593
872,fernando-alonso,2012,14,ferrari,5.0,5.0,3.0,0,0.19294660981909006,0.054309850727601895,0.04613721510156383
872,paul-di-resta,2012,14,aston-martin,6.0,6.0,4.0,0,0.03102827573452615,0.02071349204048893,0.01720142544116509
872,nico-rosberg,2012,14,mercedes,10.0,10.0,5.0,0,0.05233262017778648,0.010306132010686971,0.005998168986350599
872,kimi-raikkonen,2012,14,alpine,12.0,12.0,6.0,0,0.06999893288314388,0.008410961899059828,0.004243499883074628
872,romain-grosjean,2012,14,alpine,8.0,8.0,7.0,0,0.020150475887103707,0.011363526428563859,0.00755478693130809
872,felipe-massa,2012,14,ferrari,13.0,13.0,8.0,0,0.0844750647332535,0.008284601608553101,0.003676418825787241
872,daniel-ricciardo,2012,14,racing-bulls,15.0,15.0,9.0,0,0.00976376080277094,0.0028302385418782407,0.0013764932562286953
872,sergio-perez,2012,14,audi,14.0,14.0,10.0,0,0.018031773105913838,0.004001726488220638,0.0019493229750482672
872,mark-webber,2012,14,red-bull,7.0,7.0,11.0,0,0.14367571497613804,0.02822259096453403,0.01887694380287055
872,timo-glock,2012,14,manor,20.0,21.0,12.0,0,0.0017288441889837392,0.0009141364587480838,0.0004129185217342466
872,kamui-kobayashi,2012,14,audi,17.0,18.0,13.0,0,0.01607760653589986,0.002776528410154606,0.001185299466470686
872,nico-hulkenberg,2012,14,aston-martin,11.0,11.0,14.0,0,0.02602135753482362,0.007003292620580015,0.003851926026144112
872,heikki-kovalainen,2012,14,caterham,19.0,20.0,15.0,0,0.003330499165966488,0.0012734584679812738,0.0005678460281391707
872,charles-pic,2012,14,manor,21.0,22.0,16.0,0,0.0013981841282471909,0.0007875965361760839,0.0003441703765638091
872,pedro-de-la-rosa,2012,14,hrt,24.0,24.0,17.0,0,0.0007609107304363338,0.0004957035223199117,0.00020911009595075562
872,bruno-senna,2012,14,williams,22.0,17.0,18.0,0,0.010497070365755371,0.0015165948862241008,0.0005657506041171058
872,vitaly-petrov,2012,14,caterham,18.0,19.0,19.0,0,0.002960551420087936,0.0013456827506279165,0.0006225334240938746
872,jean-eric-vergne,2012,14,racing-bulls,16.0,16.0,,0,0.007764063647272509,0.002361636990091709,0.0010993417922617954
872,michael-schumacher,2012,14,mercedes,9.0,9.0,,0,0.02250762308016283,0.009477302368297268,0.005926484476300098
872,pastor-maldonado,2012,14,williams,2.0,2.0,,0,0.0073036541553383695,0.07956670306713186,0.15151876742206652
872,narain-karthikeyan,2012,14,hrt,23.0,23.0,,0,0.0006785125277701428,0.0005141793348454582,0.00022327702286745497
872,lewis-hamilton,2012,14,mclaren,1.0,1.0,,0,0.06356162234219154,0.5690005683523014,0.5273201866437465
873,sebastian-vettel,2012,15,red-bull,1.0,1.0,1.0,1,0.15454074657004777,0.6156367178817489,0.5362367439813471
873,felipe-massa,2012,15,ferrari,10.0,11.0,2.0,0,0.08906837042365781,0.01031100569941263,0.005425538248461392
873,kamui-kobayashi,2012,15,audi,3.0,4.0,3.0,0,0.016366919116529297,0.0416054012379268,0.057405736879889556
873,jenson-button,2012,15,mclaren,8.0,3.0,4.0,0,0.06141069996162074,0.012707094352783175,0.008299648881843064
873,lewis-hamilton,2012,15,mclaren,9.0,9.0,5.0,0,0.04714218469960273,0.00958055044491334,0.00577638699728556
873,kimi-raikkonen,2012,15,alpine,7.0,8.0,6.0,0,0.07827812368845699,0.017131129214235954,0.012305211893564871
873,nico-hulkenberg,2012,15,aston-martin,15.0,10.0,7.0,0,0.026586185657265837,0.0032659372093876773,0.0014421617588920752
873,pastor-maldonado,2012,15,williams,12.0,14.0,8.0,0,0.00519443364194211,0.0026144327311958663,0.0015007479267725036
873,mark-webber,2012,15,red-bull,2.0,2.0,9.0,0,0.14047818069905346,0.18411305509477133,0.2870417535426682
873,daniel-ricciardo,2012,15,racing-bulls,14.0,16.0,10.0,0,0.009461037913625207,0.002443406709160993,0.0012517774771892856
873,michael-schumacher,2012,15,mercedes,23.0,13.0,11.0,0,0.017345024553999343,0.0013713030048102866,0.0004575778785250676
873,paul-di-resta,2012,15,aston-martin,11.0,12.0,12.0,0,0.03503483912609055,0.006027492810554833,0.003286127176364854
873,jean-eric-vergne,2012,15,racing-bulls,19.0,17.0,13.0,0,0.005998835950714583,0.0012620744346362837,0.0005254141780694202
873,bruno-senna,2012,15,williams,16.0,18.0,14.0,0,0.007878473927846762,0.001825998170154864,0.0008618973677856034
873,heikki-kovalainen,2012,15,caterham,17.0,19.0,15.0,0,0.0033387901411481686,0.001201854750045803,0.0005763064897346715
873,timo-glock,2012,15,manor,18.0,20.0,16.0,0,0.002106746801126259,0.0009185110336135574,0.0004381890744798485
873,vitaly-petrov,2012,15,caterham,22.0,23.0,17.0,0,0.0028760200211329773,0.000740404797367213,0.00029796493756234054
873,pedro-de-la-rosa,2012,15,hrt,20.0,21.0,18.0,0,0.0007781212006218727,0.0005309555091948084,0.0002529028694857103
873,romain-grosjean,2012,15,alpine,4.0,5.0,19.0,0,0.024135941247966666,0.03072284693740138,0.03229230946732696
873,charles-pic,2012,15,manor,21.0,22.0,,0,0.001639086129808185,0.0006537536172910751,0.0002808699543230549
873,narain-karthikeyan,2012,15,hrt,24.0,24.0,,0,0.0006338389025167672,0.0003654412597979644,0.00015378204873497896
873,sergio-perez,2012,15,audi,5.0,6.0,,0,0.018822778941406,0.018248414967744677,0.017791111066323376
873,fernando-alonso,2012,15,ferrari,6.0,7.0,,0,0.20462336341566642,0.03181626904921056,0.0236876975221161
873,nico-rosberg,2012,15,mercedes,13.0,15.0,,0,0.04626125726815357,0.004905949082640002,0.0024121423812544307
874,sebastian-vettel,2012,16,red-bull,2.0,2.0,1.0,1,0.18097973968389267,0.18858149533322932,0.28988482190124903
874,mark-webber,2012,16,red-bull,1.0,1.0,2.0,0,0.15414067591613617,0.582264445173289,0.5000846107237947
874,fernando-alonso,2012,16,ferrari,4.0,4.0,3.0,0,0.14711032108242358,0.053025196789430226,0.05253016439711274
874,felipe-massa,2012,16,ferrari,6.0,6.0,4.0,0,0.08113830615760062,0.022124933200126446,0.01664023482385113
874,kimi-raikkonen,2012,16,alpine,5.0,5.0,5.0,0,0.07617697839687405,0.028151137872960853,0.025405457165375456
874,nico-hulkenberg,2012,16,aston-martin,8.0,8.0,6.0,0,0.030717465340875882,0.009395268792955078,0.006280318788815461
874,romain-grosjean,2012,16,alpine,7.0,7.0,7.0,0,0.0218042180372305,0.010766260291925303,0.0077318035747564115
874,jean-eric-vergne,2012,16,racing-bulls,16.0,17.0,8.0,0,0.007161465692750752,0.0016957892322434058,0.0007793518479300289
874,daniel-ricciardo,2012,16,racing-bulls,21.0,16.0,9.0,0,0.01138701743344386,0.0012345216219711583,0.0004715526058598001
874,lewis-hamilton,2012,16,mclaren,3.0,3.0,10.0,0,0.060987052628728326,0.06400789446268415,0.07955336030291647
874,sergio-perez,2012,16,audi,12.0,12.0,11.0,0,0.016379078212364378,0.003708549157097963,0.001985161429488581
874,paul-di-resta,2012,16,aston-martin,14.0,14.0,12.0,0,0.03773814778986606,0.00387190388266298,0.001769124039852458
874,michael-schumacher,2012,16,mercedes,10.0,10.0,13.0,0,0.015065030152757817,0.005005613496794188,0.002975116564119046
874,pastor-maldonado,2012,16,williams,15.0,15.0,14.0,0,0.006750125584421963,0.0018477329692031296,0.0008929706604003952
874,bruno-senna,2012,16,williams,17.0,18.0,15.0,0,0.009391684009282182,0.0016556968196035178,0.0007348413822654728
874,vitaly-petrov,2012,16,caterham,18.0,19.0,16.0,0,0.003146431173233783,0.0010116157484866453,0.00046107953346363794
874,heikki-kovalainen,2012,16,caterham,19.0,20.0,17.0,0,0.0036941391270195346,0.0009701480254606434,0.0004262063045664225
874,timo-glock,2012,16,manor,20.0,22.0,18.0,0,0.00210375268419329,0.0007195183282166575,0.0003187648255185208
874,charles-pic,2012,16,manor,24.0,21.0,19.0,0,0.0014769395107474069,0.0004728155796459702,0.00018506633128977676
874,narain-karthikeyan,2012,16,hrt,23.0,,20.0,0,0.0006281835009480836,0.0003686366603749706,0.00015855021672140867
874,pedro-de-la-rosa,2012,16,hrt,22.0,23.0,,0,0.000827816223228171,0.0004332307408432199,0.00019203663747459492
874,kamui-kobayashi,2012,16,audi,13.0,13.0,,0,0.01806182835507956,0.003337223722228186,0.0016917493235256546
874,nico-rosberg,2012,16,mercedes,9.0,9.0,,0,0.03395278134425925,0.007710821106269667,0.004922359049485155
874,jenson-button,2012,16,mclaren,11.0,11.0,,0,0.07918082196264212,0.007639550992297377,0.003925297570167614
875,sebastian-vettel,2012,17,red-bull,1.0,1.0,1.0,1,0.20549964708004947,0.6161434770637465,0.5322718214379017
875,fernando-alonso,2012,17,ferrari,5.0,5.0,2.0,0,0.15984257180702385,0.03596573046013714,0.03086850221715587
875,mark-webber,2012,17,red-bull,2.0,2.0,3.0,0,0.1747839282555767,0.18048791689253696,0.2790838770524345
875,lewis-hamilton,2012,17,mclaren,3.0,3.0,4.0,0,0.04248209269012835,0.053501428737112985,0.06961774615078067
875,jenson-button,2012,17,mclaren,4.0,4.0,5.0,0,0.047860372250025825,0.03406176601979073,0.03644819407864754
875,felipe-massa,2012,17,ferrari,6.0,6.0,6.0,0,0.08979138133094339,0.02204857922046367,0.01672000432194085
875,kimi-raikkonen,2012,17,alpine,7.0,7.0,7.0,0,0.08140873779128753,0.015657033602623514,0.011344768221244807
875,nico-hulkenberg,2012,17,aston-martin,12.0,12.0,8.0,0,0.03157910072857893,0.004566008284179773,0.00235397079138923
875,romain-grosjean,2012,17,alpine,11.0,11.0,9.0,0,0.02460713742085259,0.005005391630377413,0.002668088301183105
875,bruno-senna,2012,17,williams,13.0,13.0,10.0,0,0.008567686306285523,0.002424743374389201,0.0013185983070765678
875,nico-rosberg,2012,17,mercedes,10.0,10.0,11.0,0,0.021831771730205594,0.005275836816602622,0.0032680447615737198
875,paul-di-resta,2012,17,aston-martin,16.0,16.0,12.0,0,0.035954214211645755,0.00291652002452068,0.0012364671170869035
875,daniel-ricciardo,2012,17,racing-bulls,15.0,15.0,13.0,0,0.013038429529291008,0.0022100888439511436,0.0010653070351421296
875,kamui-kobayashi,2012,17,audi,17.0,17.0,14.0,0,0.012477174331328939,0.001778047146823131,0.0007789899661992857
875,jean-eric-vergne,2012,17,racing-bulls,18.0,18.0,15.0,0,0.008618568175654193,0.0014253194083080978,0.0006070022630984152
875,pastor-maldonado,2012,17,williams,9.0,9.0,16.0,0,0.00633696417702172,0.0041222981881699275,0.0028785999110721707
875,vitaly-petrov,2012,17,caterham,19.0,19.0,17.0,0,0.002977879093544162,0.000867671842384926,0.00038871488881876616
875,heikki-kovalainen,2012,17,caterham,20.0,20.0,18.0,0,0.003437262395518055,0.000831615721693121,0.0003597829723134028
875,charles-pic,2012,17,manor,24.0,24.0,19.0,0,0.0013813314463967663,0.00044247964163680973,0.00017680905254345767
875,timo-glock,2012,17,manor,21.0,21.0,20.0,0,0.001940156211634158,0.0006170964565333698,0.0002699938957049147
875,narain-karthikeyan,2012,17,hrt,23.0,23.0,21.0,0,0.0005689649194978853,0.0003402316379533566,0.00015007890305600226
875,michael-schumacher,2012,17,mercedes,14.0,14.0,22.0,0,0.011174928264826562,0.002418171285922829,0.0011918215295406403
875,pedro-de-la-rosa,2012,17,hrt,22.0,22.0,,0,0.0006942640508330272,0.00039038204198540364,0.0001774756938797245
875,sergio-perez,2012,17,audi,8.0,8.0,,0,0.013145435801849957,0.006502165658156782,0.004755341130215636
876,kimi-raikkonen,2012,18,alpine,4.0,4.0,1.0,1,0.07602388654742716,0.05498141757398648,0.05375869083814875
876,fernando-alonso,2012,18,ferrari,6.0,6.0,2.0,0,0.16321299689127572,0.03698822336746842,0.025734169160161996
876,sebastian-vettel,2012,18,red-bull,25.0,,3.0,0,0.21650973920889005,0.003688104647255146,0.0009378099309693498
876,jenson-button,2012,18,mclaren,5.0,5.0,4.0,0,0.052612773000828526,0.03361363052684455,0.028188395753923387
876,pastor-maldonado,2012,18,williams,3.0,3.0,5.0,0,0.005871971406758586,0.03607324528609982,0.04903847290252251
876,kamui-kobayashi,2012,18,audi,15.0,15.0,6.0,0,0.009049277954342462,0.0027066367730460127,0.0012184396838334657
876,felipe-massa,2012,18,ferrari,8.0,8.0,7.0,0,0.09091269504891754,0.01890979985627063,0.010820750525099919
876,bruno-senna,2012,18,williams,14.0,14.0,8.0,0,0.008307171722205402,0.0029358104354061847,0.001400397806619472
876,paul-di-resta,2012,18,aston-martin,12.0,12.0,9.0,0,0.03189351916046207,0.0063343567888571786,0.0030213644058210993
876,daniel-ricciardo,2012,18,racing-bulls,16.0,16.0,10.0,0,0.011424777658101255,0.0026232393984973183,0.0011224981789247318
876,michael-schumacher,2012,18,mercedes,13.0,13.0,11.0,0,0.008221338011039882,0.003411012565806462,0.0016564761806467702
876,jean-eric-vergne,2012,18,racing-bulls,17.0,17.0,12.0,0,0.007573920928278063,0.002082138575123082,0.0008550654676702773
876,heikki-kovalainen,2012,18,caterham,18.0,18.0,13.0,0,0.002956645111051408,0.001308931301423917,0.0005646696157187342
876,timo-glock,2012,18,manor,21.0,21.0,14.0,0,0.0016418000236714345,0.0008073050923761877,0.00032819786134776857
876,sergio-perez,2012,18,audi,11.0,11.0,15.0,0,0.008492961713873173,0.0044941623049272955,0.002498030974869385
876,vitaly-petrov,2012,18,caterham,20.0,20.0,16.0,0,0.0026031654136347898,0.0010518868365174054,0.0004224282788106893
876,pedro-de-la-rosa,2012,18,hrt,24.0,22.0,17.0,0,0.0005580835976113925,0.0004325871804283653,0.0001726948330824633
876,charles-pic,2012,18,manor,19.0,19.0,,0,0.0012140345257554395,0.0008710419603224881,0.00037906623764942917
876,romain-grosjean,2012,18,alpine,9.0,9.0,,0,0.02415798346730767,0.009703224260470437,0.005468227049082824
876,mark-webber,2012,18,red-bull,2.0,2.0,,0,0.18231822801973757,0.25514222545027065,0.3612398715076952
876,lewis-hamilton,2012,18,mclaren,1.0,1.0,,0,0.047362494254867375,0.500699057426562,0.43736560493243726
876,narain-karthikeyan,2012,18,hrt,23.0,23.0,,0,0.00048522677102441386,0.00044519138321087113,0.00018294955654683746
876,nico-rosberg,2012,18,mercedes,7.0,7.0,,0,0.017153935821848206,0.012275467631496074,0.00907882634267902
876,nico-hulkenberg,2012,18,aston-martin,10.0,10.0,,0,0.02944137374109041,0.008421303377332988,0.004546901975738624
877,lewis-hamilton,2012,19,mclaren,2.0,2.0,1.0,1,0.039887337438436046,0.11351809883530133,0.19730188472254798
877,sebastian-vettel,2012,19,red-bull,1.0,1.0,2.0,0,0.19171459502177382,0.6479744815052372,0.5751214642037027
877,fernando-alonso,2012,19,ferrari,7.0,9.0,3.0,0,0.2071369675357472,0.02425770149821111,0.016519288068792905
877,felipe-massa,2012,19,ferrari,11.0,7.0,4.0,0,0.11346615358619462,0.00933265458284511,0.004674812512730621
877,jenson-button,2012,19,mclaren,12.0,12.0,5.0,0,0.05289627713851085,0.005908367876867932,0.003037489448790087
877,kimi-raikkonen,2012,19,alpine,4.0,5.0,6.0,0,0.08132081958893697,0.04375904609131882,0.0473435326894509
877,romain-grosjean,2012,19,alpine,8.0,4.0,7.0,0,0.02129537075995338,0.008881466666087617,0.006000232085979109
877,nico-hulkenberg,2012,19,aston-martin,6.0,8.0,8.0,0,0.023692148702056652,0.014502347187486213,0.012367680503942153
877,pastor-maldonado,2012,19,williams,9.0,10.0,9.0,0,0.009492514913080886,0.005196851078826629,0.003581692427729171
877,bruno-senna,2012,19,williams,10.0,11.0,10.0,0,0.01278162453200993,0.00476715262007981,0.0030582399202680756
877,sergio-perez,2012,19,audi,15.0,15.0,11.0,0,0.010617446838100198,0.00225608706747793,0.0011007955624207381
877,daniel-ricciardo,2012,19,racing-bulls,18.0,18.0,12.0,0,0.014535338402246046,0.00183241305462428,0.0007861813850569113
877,nico-rosberg,2012,19,mercedes,17.0,17.0,13.0,0,0.014815716401924342,0.002018703042146323,0.000907086043454379
877,kamui-kobayashi,2012,19,audi,16.0,16.0,14.0,0,0.012354816917530233,0.0021195588609597155,0.0009897540317404202
877,paul-di-resta,2012,19,aston-martin,13.0,13.0,15.0,0,0.030236143560704566,0.004207727970182119,0.0021212919196082285
877,michael-schumacher,2012,19,mercedes,5.0,6.0,16.0,0,0.008304877047999426,0.01347570160768138,0.013915105790252708
877,vitaly-petrov,2012,19,caterham,21.0,21.0,17.0,0,0.0032458044427584646,0.0008205245812943525,0.00034647573079364164
877,heikki-kovalainen,2012,19,caterham,22.0,22.0,18.0,0,0.0037662906614032306,0.0007941307304006757,0.0003248809079578384
877,timo-glock,2012,19,manor,19.0,19.0,19.0,0,0.0018875731619975593,0.0007842602935213653,0.0003745631670704534
877,charles-pic,2012,19,manor,20.0,20.0,20.0,0,0.0012433244664050867,0.0006311693899574077,0.00029114434674511343
877,pedro-de-la-rosa,2012,19,hrt,23.0,23.0,21.0,0,0.0006708357430124989,0.00038758748303189936,0.0001741920261274708
877,narain-karthikeyan,2012,19,hrt,24.0,24.0,22.0,0,0.0005368962373478016,0.00033639263531369605,0.00014687973231696056
877,mark-webber,2012,19,red-bull,3.0,3.0,,0,0.13444054579104836,0.08976495952245098,0.10825671669456019
877,jean-eric-vergne,2012,19,racing-bulls,14.0,14.0,,0,0.009660581110821914,0.0024726158186960854,0.001258616077961217
878,jenson-button,2012,20,mclaren,2.0,2.0,1.0,1,0.0677377982993544,0.1679667219518112,0.26725082022380725
878,fernando-alonso,2012,20,ferrari,7.0,8.0,2.0,0,0.23139213886864174,0.03121907246524832,0.01967404095364562
878,felipe-massa,2012,20,ferrari,5.0,5.0,3.0,0,0.12913605367896894,0.046104167045389055,0.036526651089134624
878,mark-webber,2012,20,red-bull,3.0,3.0,4.0,0,0.09131823659408646,0.09649189225043868,0.11095170317740936
878,nico-hulkenberg,2012,20,aston-martin,6.0,7.0,5.0,0,0.024221570726515387,0.017998503293083383,0.014352027527656356
878,sebastian-vettel,2012,20,red-bull,4.0,4.0,6.0,0,0.15641908520673314,0.06999516581422745,0.06617959894920741
878,michael-schumacher,2012,20,mercedes,13.0,14.0,7.0,0,0.007945625769992313,0.003228254911923522,0.0016302864122932552
878,jean-eric-vergne,2012,20,racing-bulls,17.0,17.0,8.0,0,0.007178409157117264,0.0019745024393113524,0.0008351947010142509
878,kamui-kobayashi,2012,20,audi,14.0,15.0,9.0,0,0.012550551328640783,0.0033051141465898254,0.001573765723543808
878,kimi-raikkonen,2012,20,alpine,8.0,9.0,10.0,0,0.09016070315152032,0.017312489720324224,0.010818153692017211
878,vitaly-petrov,2012,20,caterham,19.0,19.0,11.0,0,0.003136994484240875,0.001184727893277316,0.0005013885114754355
878,charles-pic,2012,20,manor,22.0,22.0,12.0,0,0.0012108691017953476,0.000655573541611239,0.0002653409563275918
878,daniel-ricciardo,2012,20,racing-bulls,15.0,16.0,13.0,0,0.012448999273275725,0.0028991090096204754,0.0013350357111652491
878,heikki-kovalainen,2012,20,caterham,20.0,20.0,14.0,0,0.0035812150239721437,0.001131603243012135,0.00046248034363059764
878,nico-rosberg,2012,20,mercedes,9.0,10.0,15.0,0,0.014170883031561662,0.007219391764581694,0.004680637692355059
878,timo-glock,2012,20,manor,21.0,21.0,16.0,0,0.001808210774438011,0.0008038629872547355,0.0003357837693745215
878,pedro-de-la-rosa,2012,20,hrt,24.0,24.0,17.0,0,0.0006600349251616144,0.000442335318185728,0.00018050115281275245
878,narain-karthikeyan,2012,20,hrt,23.0,23.0,18.0,0,0.0005294399269423322,0.0004439403886327898,0.0001864832734980003
878,paul-di-resta,2012,20,aston-martin,10.0,11.0,19.0,0,0.028358271812383547,0.007938327716836883,0.004472768995707608
878,lewis-hamilton,2012,20,mclaren,1.0,1.0,,0,0.05356117207208867,0.5067501475802986,0.45049900074603483
878,romain-grosjean,2012,20,alpine,18.0,18.0,,0,0.025249590013109443,0.0029374350832059733,0.0010579669035832688
878,pastor-maldonado,2012,20,williams,16.0,6.0,,0,0.011254828463579395,0.002569059582985471,0.0011055255318773406
878,bruno-senna,2012,20,williams,11.0,12.0,,0,0.014764127867311296,0.005283210234137049,0.002932841051094396
878,sergio-perez,2012,20,audi,12.0,13.0,,0,0.011205190448569238,0.004145391618013012,0.0021920029113342812
879,kimi-raikkonen,2013,1,alpine,7.0,7.0,1.0,1,0.07160568633648705,0.018167592571317243,0.013833903612082839
879,fernando-alonso,2013,1,ferrari,5.0,5.0,2.0,0,0.26332097683518885,0.04991325884309218,0.0425059781817955
879,sebastian-vettel,2013,1,red-bull,1.0,1.0,3.0,0,0.16609031025042328,0.6383355229824111,0.5702107287990374
879,felipe-massa,2013,1,ferrari,4.0,4.0,4.0,0,0.1401003492350363,0.05307132495075704,0.051972246698994064
879,lewis-hamilton,2013,1,mercedes,3.0,3.0,5.0,0,0.009545680000893371,0.032386556641053596,0.046137976205408854
879,mark-webber,2013,1,red-bull,2.0,2.0,6.0,0,0.09544899238103967,0.1494597794846141,0.2377209697707238
879,adrian-sutil,2013,1,aston-martin,12.0,12.0,7.0,0,0.02774787315427254,0.004756657532887729,0.0025816359161762495
879,paul-di-resta,2013,1,aston-martin,9.0,9.0,8.0,0,0.02545974845683451,0.007415673723339505,0.004861594743243644
879,jenson-button,2013,1,mclaren,10.0,10.0,9.0,0,0.06443400829989274,0.00907948653459248,0.0053390757178080235
879,romain-grosjean,2013,1,alpine,8.0,8.0,10.0,0,0.015714253120724282,0.006770843825766437,0.004635153901027893
879,sergio-perez,2013,1,mclaren,15.0,15.0,11.0,0,0.043350621222730194,0.003745227544084744,0.0016770710384734035
879,jean-eric-vergne,2013,1,racing-bulls,13.0,13.0,12.0,0,0.008759492598898985,0.002603433916994102,0.0014119071984111265
879,esteban-gutierrez,2013,1,audi,18.0,18.0,13.0,0,0.010486399490618213,0.0016631417709042555,0.0007346925650183717
879,valtteri-bottas,2013,1,williams,16.0,16.0,14.0,0,0.008660784350086428,0.001892263773943753,0.0009151744608759801
879,jules-bianchi,2013,1,manor,19.0,19.0,15.0,0,0.0020581403789636248,0.0008333591064912331,0.00039624255794851854
879,charles-pic,2013,1,caterham,22.0,,16.0,0,0.003379751627553862,0.0007569530934196285,0.00031035897310424107
879,max-chilton,2013,1,manor,20.0,20.0,17.0,0,0.0020581403789636248,0.0007640192316933393,0.00035117708603940454
879,giedo-van-der-garde,2013,1,caterham,21.0,21.0,18.0,0,0.004245843871450909,0.0009183171634497537,0.00038933258501746946
879,daniel-ricciardo,2013,1,racing-bulls,14.0,14.0,,0,0.014459502114914535,0.002952854740454287,0.001534182022001987
879,nico-rosberg,2013,1,mercedes,6.0,6.0,,0,0.01599071940123853,0.012970026695477655,0.011765029455645759
879,pastor-maldonado,2013,1,williams,17.0,17.0,,0,0.007082726493788477,0.001543705873255801,0.0007155685111654476
880,sebastian-vettel,2013,2,red-bull,1.0,1.0,1.0,1,0.1657560637409312,0.6014608056991194,0.5263376172422216
880,mark-webber,2013,2,red-bull,5.0,5.0,2.0,0,0.0944984693077637,0.02971523440191929,0.02528296595245838
880,lewis-hamilton,2013,2,mercedes,4.0,4.0,3.0,0,0.009036052715406527,0.018634686874408345,0.02175745260824494
880,nico-rosberg,2013,2,mercedes,6.0,6.0,4.0,0,0.012257290581583072,0.010927491447870528,0.009798186034685623
880,felipe-massa,2013,2,ferrari,2.0,2.0,5.0,0,0.14300157492412027,0.16306455302187237,0.24681679132995113
880,romain-grosjean,2013,2,alpine,11.0,11.0,6.0,0,0.016772356756385314,0.0038047824327968197,0.002055774140049588
880,kimi-raikkonen,2013,2,alpine,10.0,7.0,7.0,0,0.07913627104930396,0.009737799763976311,0.005708944145101907
880,nico-hulkenberg,2013,2,audi,12.0,12.0,8.0,0,0.008858189393030813,0.0029088406968591557,0.001657056332328751
880,sergio-perez,2013,2,mclaren,9.0,10.0,9.0,0,0.03688847155838591,0.007895050986204943,0.004901174356267391
880,jean-eric-vergne,2013,2,racing-bulls,17.0,17.0,10.0,0,0.007133387671077966,0.0014654046895562923,0.0006666525202158453
880,valtteri-bottas,2013,2,williams,18.0,18.0,11.0,0,0.01651239525817512,0.0021097894165248723,0.0009561595924048855
880,esteban-gutierrez,2013,2,audi,14.0,14.0,12.0,0,0.009285420225409327,0.002294034155359268,0.0011810410453299413
880,jules-bianchi,2013,2,manor,19.0,19.0,13.0,0,0.002422528786208126,0.0008615380170526869,0.0004044862422975731
880,charles-pic,2013,2,caterham,20.0,20.0,14.0,0,0.0028536520699559524,0.0007915144817329985,0.00034326262621337217
880,giedo-van-der-garde,2013,2,caterham,22.0,22.0,15.0,0,0.0027120540376088065,0.0006565480093949102,0.00026720214751127595
880,max-chilton,2013,2,manor,21.0,21.0,16.0,0,0.0014890779466793383,0.0005696754868729187,0.00024889310326470097
880,jenson-button,2013,2,mclaren,7.0,8.0,17.0,0,0.05510660263391265,0.014779353286025752,0.010883280383913094
880,daniel-ricciardo,2013,2,racing-bulls,13.0,13.0,18.0,0,0.00970988382949462,0.0026943840670350886,0.0014687016107588528
880,pastor-maldonado,2013,2,williams,16.0,16.0,,0,0.00489526025145625,0.001399473133515563,0.0006755575366597257
880,adrian-sutil,2013,2,aston-martin,8.0,9.0,,0,0.02860829584888163,0.009013437631349177,0.006249686994325461
880,paul-di-resta,2013,2,aston-martin,15.0,15.0,,0,0.026044527973866676,0.002965320988128432,0.001356158381519488
880,fernando-alonso,2013,2,ferrari,3.0,3.0,,0,0.26702217344036283,0.11225028131242483,0.13098295567427645
881,fernando-alonso,2013,3,ferrari,3.0,3.0,1.0,1,0.18120420112142488,0.15323620559050857,0.15864473848564262
881,kimi-raikkonen,2013,3,alpine,2.0,2.0,2.0,0,0.09464050213039905,0.25253632424329103,0.3680936780965922
881,lewis-hamilton,2013,3,mercedes,1.0,1.0,3.0,0,0.015010991975136076,0.37610539317084135,0.3265753617829478
881,sebastian-vettel,2013,3,red-bull,9.0,9.0,4.0,0,0.22449438210462055,0.025980796953613345,0.012891843486476894
881,jenson-button,2013,3,mclaren,8.0,8.0,5.0,0,0.04862483818761256,0.01785941421350701,0.0105441180951352
881,felipe-massa,2013,3,ferrari,5.0,5.0,6.0,0,0.12064108184077416,0.05260147441179002,0.0386782056400819
881,daniel-ricciardo,2013,3,racing-bulls,7.0,7.0,7.0,0,0.009716344180486568,0.01218536315902434,0.008673159270037194
881,paul-di-resta,2013,3,aston-martin,11.0,11.0,8.0,0,0.016546373388179186,0.006781845050272649,0.003422438517556193
881,romain-grosjean,2013,3,alpine,6.0,6.0,9.0,0,0.022143139042524098,0.018957261442954326,0.013146401377267877
881,nico-hulkenberg,2013,3,audi,10.0,10.0,10.0,0,0.011406616107534264,0.006972246908072679,0.003849058337547755
881,sergio-perez,2013,3,mclaren,12.0,12.0,11.0,0,0.03642114949234831,0.007774463168595036,0.003499804708079073
881,jean-eric-vergne,2013,3,racing-bulls,15.0,16.0,12.0,0,0.008205416885058069,0.003079176765800834,0.001322404560673794
881,valtteri-bottas,2013,3,williams,16.0,17.0,13.0,0,0.019771675134054596,0.004525597831105599,0.001942650817382737
881,pastor-maldonado,2013,3,williams,14.0,15.0,14.0,0,0.004446978564575223,0.0026841727132452015,0.0012359628289884163
881,jules-bianchi,2013,3,manor,18.0,19.0,15.0,0,0.0031330709924659184,0.0016703770442062587,0.0006995404483156326
881,charles-pic,2013,3,caterham,20.0,21.0,16.0,0,0.003350971402119647,0.0013458348323469919,0.0005043959432458123
881,max-chilton,2013,3,manor,19.0,20.0,17.0,0,0.0017295449585840645,0.0011313366669752833,0.00045391803785870335
881,giedo-van-der-garde,2013,3,caterham,21.0,22.0,18.0,0,0.003322602403646885,0.0012338222624724855,0.00044771183252267525
881,nico-rosberg,2013,3,mercedes,4.0,4.0,,0,0.01987227418228841,0.04137798528837166,0.04089083732835858
881,mark-webber,2013,3,red-bull,22.0,14.0,,0,0.12991611845238202,0.004345585523092964,0.001187320432822134
881,adrian-sutil,2013,3,aston-martin,13.0,13.0,,0,0.018091029371567344,0.005344655677122212,0.002418110851142925
881,esteban-gutierrez,2013,3,audi,17.0,18.0,,0,0.007310698082218188,0.0022706670827901095,0.0008783391213238696
882,sebastian-vettel,2013,4,red-bull,2.0,2.0,1.0,1,0.18393176864895128,0.2780461519310604,0.38325791098305934
882,kimi-raikkonen,2013,4,alpine,8.0,9.0,2.0,0,0.11560205469854265,0.023180203035684972,0.01347046479878696
882,romain-grosjean,2013,4,alpine,11.0,11.0,3.0,0,0.02684027728054249,0.006497183240561286,0.003006337136326233
882,paul-di-resta,2013,4,aston-martin,5.0,7.0,4.0,0,0.01605034871667129,0.02300489687851754,0.019889996434248273
882,lewis-hamilton,2013,4,mercedes,9.0,4.0,5.0,0,0.016545675116906775,0.008533106714644264,0.004972612000646346
882,sergio-perez,2013,4,mclaren,12.0,12.0,6.0,0,0.039324369213507016,0.007095412206933214,0.003196128805106321
882,mark-webber,2013,4,red-bull,7.0,5.0,7.0,0,0.08930806555094548,0.02318763675639245,0.013856406570370582
882,fernando-alonso,2013,4,ferrari,3.0,3.0,8.0,0,0.21702308882098462,0.14624160573194714,0.1510293435685845
882,nico-rosberg,2013,4,mercedes,1.0,1.0,9.0,0,0.017519802323717696,0.36282896085739275,0.31862387366867106
882,jenson-button,2013,4,mclaren,10.0,10.0,10.0,0,0.05548816143765189,0.011484249473644983,0.005859058729491189
882,pastor-maldonado,2013,4,williams,17.0,17.0,11.0,0,0.004851401518684917,0.0017800560883739834,0.000723427257018736
882,nico-hulkenberg,2013,4,audi,14.0,14.0,12.0,0,0.010921229022517456,0.003496150331593341,0.001573226573832446
882,adrian-sutil,2013,4,aston-martin,6.0,8.0,13.0,0,0.014716718533110816,0.01617396633054431,0.012385135254396214
882,valtteri-bottas,2013,4,williams,15.0,15.0,14.0,0,0.014693031708347942,0.0038364462336874226,0.00171624174776989
882,felipe-massa,2013,4,ferrari,4.0,6.0,15.0,0,0.13963380891721155,0.07200964304018076,0.061176836838900746
882,daniel-ricciardo,2013,4,racing-bulls,13.0,13.0,16.0,0,0.012300046807478504,0.0041668828146760855,0.0019606425818139944
882,charles-pic,2013,4,caterham,18.0,19.0,17.0,0,0.0033491888125672296,0.0014388326936440713,0.0005842988772040016
882,esteban-gutierrez,2013,4,audi,22.0,18.0,18.0,0,0.003780627758866611,0.0009550131663007807,0.0003148197633919417
882,jules-bianchi,2013,4,manor,19.0,20.0,19.0,0,0.0032932739996961486,0.0013792697411857493,0.0005591737196643041
882,max-chilton,2013,4,manor,21.0,22.0,20.0,0,0.00190207458916378,0.000883959292869577,0.00033324204534577795
882,giedo-van-der-garde,2013,4,caterham,20.0,21.0,21.0,0,0.0031665658412802066,0.0011703009686798874,0.0004430159243065032
882,jean-eric-vergne,2013,4,racing-bulls,16.0,16.0,,0,0.009758420682653679,0.002610072471485049,0.001067806721064573
883,fernando-alonso,2013,5,ferrari,5.0,5.0,1.0,1,0.17351951390359566,0.06283069264312419,0.050079898202670656
883,kimi-raikkonen,2013,5,alpine,4.0,4.0,2.0,0,0.14517188789723096,0.08976292057165691,0.0861422161646664
883,felipe-massa,2013,5,ferrari,9.0,6.0,3.0,0,0.10581045683744245,0.01811604214018505,0.00973716633486438
883,sebastian-vettel,2013,5,red-bull,3.0,3.0,4.0,0,0.2079061810434549,0.16197251278808428,0.180327818606771
883,mark-webber,2013,5,red-bull,7.0,8.0,5.0,0,0.0979204139689149,0.02643488348802298,0.016669251567227587
883,nico-rosberg,2013,5,mercedes,1.0,1.0,6.0,0,0.020892849202916768,0.426184423569549,0.39246333691628954
883,paul-di-resta,2013,5,aston-martin,10.0,10.0,7.0,0,0.019522491125471376,0.008499980472863222,0.004899281641825486
883,jenson-button,2013,5,mclaren,14.0,14.0,8.0,0,0.05647284651554933,0.007190065332200181,0.003111473834126465
883,sergio-perez,2013,5,mclaren,8.0,9.0,9.0,0,0.042606278375033564,0.016104939605497692,0.010050162798468279
883,daniel-ricciardo,2013,5,racing-bulls,11.0,11.0,10.0,0,0.009499304942133243,0.0055818420656435054,0.0031821367141495844
883,esteban-gutierrez,2013,5,audi,19.0,16.0,11.0,0,0.003820582708672405,0.0013763877934161188,0.0005354377386999863
883,lewis-hamilton,2013,5,mercedes,2.0,2.0,12.0,0,0.020633296629479193,0.13093069714978137,0.21608974334980674
883,adrian-sutil,2013,5,aston-martin,13.0,13.0,13.0,0,0.016225791257462846,0.004967527301738494,0.002402482112966018
883,pastor-maldonado,2013,5,williams,17.0,18.0,14.0,0,0.005344678902488092,0.0020462806805346375,0.0008806837730404178
883,nico-hulkenberg,2013,5,audi,15.0,15.0,15.0,0,0.010269932382720847,0.0033733067739191726,0.0015523113831895285
883,valtteri-bottas,2013,5,williams,16.0,17.0,16.0,0,0.011467071905426725,0.00332568621179088,0.001503539459555844
883,charles-pic,2013,5,caterham,22.0,22.0,17.0,0,0.0029716112421978415,0.001088510091244149,0.00041630909763057654
883,jules-bianchi,2013,5,manor,20.0,20.0,18.0,0,0.002754491370655578,0.0013001751189083163,0.0005463898859562517
883,max-chilton,2013,5,manor,21.0,21.0,19.0,0,0.001731576487384207,0.0009483642402353371,0.00038375724816737443
883,jean-eric-vergne,2013,5,racing-bulls,12.0,12.0,,0,0.006914136346436522,0.004107411272804253,0.002202410702370111
883,giedo-van-der-garde,2013,5,caterham,18.0,19.0,,0,0.002507554537118801,0.001404226383209677,0.0006118837861995482
883,romain-grosjean,2013,5,alpine,6.0,7.0,,0,0.03603705241821376,0.022453124305590565,0.016212308681358107
884,nico-rosberg,2013,6,mercedes,1.0,1.0,1.0,1,0.022299162428990903,0.44104661922303434,0.4056043171160762
884,sebastian-vettel,2013,6,red-bull,3.0,3.0,2.0,0,0.20915011768946917,0.16308307887608667,0.1814322431671062
884,mark-webber,2013,6,red-bull,4.0,4.0,3.0,0,0.10086146380648581,0.06948781481289368,0.06337396105330491
884,lewis-hamilton,2013,6,mercedes,2.0,2.0,4.0,0,0.02068581859978357,0.13130738472551806,0.21625724889005613
884,adrian-sutil,2013,6,aston-martin,8.0,8.0,5.0,0,0.015887038206354075,0.011245076958414844,0.0074922771087517675
884,jenson-button,2013,6,mclaren,9.0,9.0,6.0,0,0.05438200519745991,0.015073417703349806,0.008757735238368768
884,fernando-alonso,2013,6,ferrari,6.0,6.0,7.0,0,0.19803663313019465,0.04873277269290249,0.03415102599882978
884,jean-eric-vergne,2013,6,racing-bulls,10.0,10.0,8.0,0,0.005226731343199206,0.005018043694973965,0.003072791237925902
884,paul-di-resta,2013,6,aston-martin,17.0,17.0,9.0,0,0.020276034420012037,0.0035455806303328423,0.00144042540393018
884,kimi-raikkonen,2013,6,alpine,5.0,5.0,10.0,0,0.12115203015862848,0.058573349297910506,0.04946622630261612
884,nico-hulkenberg,2013,6,audi,11.0,11.0,11.0,0,0.00945034634107744,0.00554507004752329,0.0031437749064842395
884,valtteri-bottas,2013,6,williams,14.0,14.0,12.0,0,0.008761273341462707,0.0037191950950564204,0.0018473702242134391
884,esteban-gutierrez,2013,6,audi,19.0,19.0,13.0,0,0.0052068230063694295,0.001629416674821206,0.0006393645934217746
884,max-chilton,2013,6,manor,22.0,20.0,14.0,0,0.0015533445299048866,0.0008503190024728229,0.0003370067570425121
884,giedo-van-der-garde,2013,6,caterham,15.0,15.0,15.0,0,0.0017896999355088456,0.001678423962780282,0.0008380928619188228
884,sergio-perez,2013,6,mclaren,7.0,7.0,16.0,0,0.041113516223151264,0.02005032982738538,0.013705518396016522
884,romain-grosjean,2013,6,alpine,13.0,13.0,,0,0.025051596683407867,0.005266085739486734,0.0023220801175248638
884,daniel-ricciardo,2013,6,racing-bulls,12.0,12.0,,0,0.008462513058935268,0.004692654165950515,0.002562498144768111
884,jules-bianchi,2013,6,manor,20.0,,,0,0.002348651440329647,0.0012296000904072793,0.000521570059542039
884,pastor-maldonado,2013,6,williams,16.0,16.0,,0,0.004921122584570884,0.0022210492649912994,0.001003129313745079
884,felipe-massa,2013,6,ferrari,21.0,,,0,0.12092535903038215,0.004559293773480843,0.0013889925213720529
884,charles-pic,2013,6,caterham,18.0,18.0,,0,0.0024587188443218567,0.0014454237402268084,0.0006423505869845219
885,sebastian-vettel,2013,7,red-bull,1.0,1.0,1.0,1,0.2604389844751756,0.7189218629225737,0.6482644477750042
885,fernando-alonso,2013,7,ferrari,6.0,6.0,2.0,0,0.15504337630359358,0.028489329860467243,0.023047723432750918
885,lewis-hamilton,2013,7,mercedes,2.0,2.0,3.0,0,0.031672802436253616,0.09712714505074664,0.17532466361014384
885,mark-webber,2013,7,red-bull,5.0,5.0,4.0,0,0.12845962033057617,0.03302935378208794,0.028907081936654425
885,nico-rosberg,2013,7,mercedes,4.0,4.0,5.0,0,0.035118746007539586,0.03162351365441547,0.03616685615993667
885,jean-eric-vergne,2013,7,racing-bulls,7.0,7.0,6.0,0,0.005952338244229991,0.006208280126757875,0.005440566305779776
885,paul-di-resta,2013,7,aston-martin,17.0,17.0,7.0,0,0.025609477235867855,0.0024380811079385946,0.0010983467308727517
885,felipe-massa,2013,7,ferrari,16.0,16.0,8.0,0,0.08181860391467709,0.003926281452769649,0.0016495031410780387
885,kimi-raikkonen,2013,7,alpine,10.0,9.0,9.0,0,0.09488645622065507,0.010539522625150104,0.006484436757917262
885,adrian-sutil,2013,7,aston-martin,8.0,8.0,10.0,0,0.021245945849291153,0.00795742934871009,0.005883167549622036
885,sergio-perez,2013,7,mclaren,12.0,12.0,11.0,0,0.038434030482055855,0.00493684722908359,0.002669716299457827
885,jenson-button,2013,7,mclaren,14.0,14.0,12.0,0,0.05620948900755906,0.004601422929191448,0.0022578691780091556
885,romain-grosjean,2013,7,alpine,22.0,19.0,13.0,0,0.018214857851646088,0.0012113970626942872,0.0004341379795252888
885,valtteri-bottas,2013,7,williams,3.0,3.0,14.0,0,0.00965972955815145,0.03396538760732473,0.05305561096557454
885,daniel-ricciardo,2013,7,racing-bulls,11.0,10.0,15.0,0,0.007599612759136972,0.003264016710937021,0.0021286724643787653
885,pastor-maldonado,2013,7,williams,13.0,13.0,16.0,0,0.0043185208157584315,0.0018927489095437106,0.0011120860216648123
885,jules-bianchi,2013,7,manor,19.0,20.0,17.0,0,0.0018757223393825173,0.0007582571735370858,0.0003744150607338835
885,charles-pic,2013,7,caterham,18.0,18.0,18.0,0,0.002215215416933667,0.0008744361224770222,0.00043982416218185297
885,max-chilton,2013,7,manor,20.0,21.0,19.0,0,0.0019788529797751028,0.0007140856914373124,0.00034108313784917484
885,esteban-gutierrez,2013,7,audi,15.0,15.0,20.0,0,0.006287642803563569,0.0016659355453979238,0.0008563539545957525
885,nico-hulkenberg,2013,7,audi,9.0,11.0,,0,0.010784238664240168,0.005187202082626645,0.00376026805315667
885,giedo-van-der-garde,2013,7,caterham,21.0,22.0,,0,0.0021757363039374275,0.0006674630041320429,0.0003031693231124052
886,nico-rosberg,2013,8,mercedes,2.0,2.0,1.0,1,0.04155281642986423,0.1540389822569503,0.24568576827157268
886,mark-webber,2013,8,red-bull,4.0,4.0,2.0,0,0.13637252604756486,0.06986726421471426,0.0630518158688066
886,fernando-alonso,2013,8,ferrari,9.0,9.0,3.0,0,0.15848023237793826,0.020539202638718314,0.011357235935043127
886,lewis-hamilton,2013,8,mercedes,1.0,1.0,4.0,0,0.038452092393011915,0.4792542757732865,0.4260423627014744
886,kimi-raikkonen,2013,8,alpine,8.0,8.0,5.0,0,0.079978972436948,0.020446402437594418,0.013161325303067375
886,felipe-massa,2013,8,ferrari,11.0,11.0,6.0,0,0.08082426303166514,0.010429747211512824,0.005010726396114752
886,adrian-sutil,2013,8,aston-martin,6.0,6.0,7.0,0,0.021513338341804994,0.018423060567176526,0.014688884497579855
886,daniel-ricciardo,2013,8,racing-bulls,5.0,5.0,8.0,0,0.007663718464230743,0.017500340191956083,0.01706603260159211
886,paul-di-resta,2013,8,aston-martin,21.0,,9.0,0,0.02657953716352344,0.0024546432272267763,0.0008580732821338692
886,nico-hulkenberg,2013,8,audi,14.0,14.0,10.0,0,0.006740709486741907,0.002919064010941549,0.0014550317996025203
886,pastor-maldonado,2013,8,williams,15.0,15.0,11.0,0,0.003895926736668434,0.002028755219130299,0.0009759491889987247
886,valtteri-bottas,2013,8,williams,16.0,16.0,12.0,0,0.008294909407860125,0.002657134205007384,0.0012361247932302344
886,jenson-button,2013,8,mclaren,10.0,10.0,13.0,0,0.04633676780287301,0.01072211231679596,0.00593930846983999
886,esteban-gutierrez,2013,8,audi,17.0,17.0,14.0,0,0.00467482531626287,0.001748627547335498,0.0007633804529053698
886,charles-pic,2013,8,caterham,18.0,18.0,15.0,0,0.0018009564187856546,0.0011558446225335816,0.0005285634267718599
886,jules-bianchi,2013,8,manor,19.0,19.0,16.0,0,0.0017416366312210559,0.0010522111595406254,0.00046810012917749985
886,max-chilton,2013,8,manor,20.0,21.0,17.0,0,0.001688258670885913,0.0009497141860823115,0.00040828063376116937
886,giedo-van-der-garde,2013,8,caterham,22.0,20.0,18.0,0,0.0015695576339045014,0.0007679552051256734,0.0003070975699125005
886,romain-grosjean,2013,8,alpine,7.0,7.0,19.0,0,0.015957969134856143,0.011419675784459467,0.007873822569061521
886,sergio-perez,2013,8,mclaren,13.0,13.0,20.0,0,0.03263555658839354,0.005766718043143533,0.002674994780399345
886,sebastian-vettel,2013,8,red-bull,3.0,3.0,,0,0.27635646742159903,0.16209218808974474,0.1783893394171881
886,jean-eric-vergne,2013,8,racing-bulls,12.0,12.0,,0,0.006888962063396237,0.0037660810910233465,0.002057781911766409
887,sebastian-vettel,2013,9,red-bull,2.0,2.0,1.0,1,0.19625672834753533,0.24308633723330025,0.3494895380686202
887,kimi-raikkonen,2013,9,alpine,4.0,4.0,2.0,0,0.08180750252083885,0.05839421327856599,0.05872067940373682
887,romain-grosjean,2013,9,alpine,5.0,5.0,3.0,0,0.015014309044585068,0.017094428875615027,0.014535167984793181
887,fernando-alonso,2013,9,ferrari,8.0,8.0,4.0,0,0.19200913215766413,0.02342852163171337,0.013639801412074989
887,lewis-hamilton,2013,9,mercedes,1.0,1.0,5.0,0,0.05609904888246017,0.47857572168964935,0.4088112631928942
887,jenson-button,2013,9,mclaren,9.0,9.0,6.0,0,0.03860665659570914,0.010472065940082561,0.006225230433678123
887,mark-webber,2013,9,red-bull,3.0,3.0,7.0,0,0.12475398157634568,0.0974564824629132,0.10662417706015069
887,sergio-perez,2013,9,mclaren,13.0,13.0,8.0,0,0.02555001445463753,0.004566893258765644,0.002119079587287351
887,nico-rosberg,2013,9,mercedes,11.0,11.0,9.0,0,0.06234770060661623,0.008694210186816756,0.004325321880399681
887,nico-hulkenberg,2013,9,audi,10.0,10.0,10.0,0,0.008228670666485204,0.004849612730120547,0.002943948569030556
887,paul-di-resta,2013,9,aston-martin,12.0,12.0,11.0,0,0.03218292305403333,0.0059023333762451375,0.0029042758297086
887,daniel-ricciardo,2013,9,racing-bulls,6.0,6.0,12.0,0,0.008502182708122741,0.011768082336147845,0.010042411108453456
887,adrian-sutil,2013,9,aston-martin,15.0,15.0,13.0,0,0.026914753793491328,0.0036978208659308705,0.0015669077829936703
887,esteban-gutierrez,2013,9,audi,14.0,14.0,14.0,0,0.005451131146701262,0.002230989556193277,0.001079170522625316
887,pastor-maldonado,2013,9,williams,18.0,18.0,15.0,0,0.0049696430696527264,0.0014226352869886234,0.000589971547935209
887,valtteri-bottas,2013,9,williams,17.0,17.0,16.0,0,0.00951544416281986,0.0021710170611048732,0.0009423014692845469
887,charles-pic,2013,9,caterham,22.0,19.0,17.0,0,0.0020735342279560097,0.0007571860346325581,0.00029706771621701216
887,giedo-van-der-garde,2013,9,caterham,20.0,21.0,18.0,0,0.0017221101504608664,0.0008106719922034782,0.0003379509497700107
887,max-chilton,2013,9,manor,21.0,22.0,19.0,0,0.001888428531666061,0.0007918273244977409,0.00032243531353537755
887,jean-eric-vergne,2013,9,racing-bulls,16.0,16.0,,0,0.006279957122216843,0.0019198394268451528,0.0008542466852972752
887,jules-bianchi,2013,9,manor,19.0,20.0,,0,0.002006242905968753,0.0009670099741377219,0.000420974969938364
887,felipe-massa,2013,9,ferrari,7.0,7.0,,0,0.09781990427403284,0.02094209947752994,0.013208078511575362
888,lewis-hamilton,2013,10,mercedes,1.0,1.0,1.0,1,0.0611004708860859,0.4947132675561415,0.4252892352399445
888,kimi-raikkonen,2013,10,alpine,6.0,6.0,2.0,0,0.1075398580834542,0.03232900779431743,0.024617488882708097
888,sebastian-vettel,2013,10,red-bull,2.0,2.0,3.0,0,0.21829971018566915,0.25318727210727393,0.365771385905139
888,mark-webber,2013,10,red-bull,10.0,10.0,4.0,0,0.13297313032172697,0.012931231726257904,0.006417223329924749
888,fernando-alonso,2013,10,ferrari,5.0,5.0,5.0,0,0.15298245219890919,0.048240900989008975,0.039555970868378976
888,romain-grosjean,2013,10,alpine,3.0,3.0,6.0,0,0.021293052769118245,0.04640584281121087,0.0547631779433911
888,jenson-button,2013,10,mclaren,13.0,13.0,7.0,0,0.04410631741229283,0.005892039801737747,0.0027512372424074744
888,felipe-massa,2013,10,ferrari,7.0,7.0,8.0,0,0.06580505812644266,0.017869808886919032,0.011615164602260404
888,sergio-perez,2013,10,mclaren,9.0,9.0,9.0,0,0.029110283750387697,0.008916772867387028,0.005281176542065157
888,pastor-maldonado,2013,10,williams,15.0,15.0,10.0,0,0.00473962914423452,0.0019062399188996975,0.0009051198331737749
888,nico-hulkenberg,2013,10,audi,12.0,12.0,11.0,0,0.008976613618112275,0.003682177303751955,0.0019937498662429692
888,jean-eric-vergne,2013,10,racing-bulls,14.0,14.0,12.0,0,0.004960411157557823,0.0021839362094332624,0.001083522479898971
888,daniel-ricciardo,2013,10,racing-bulls,8.0,8.0,13.0,0,0.007641725867271924,0.006998566714623103,0.00505038993887257
888,giedo-van-der-garde,2013,10,caterham,20.0,20.0,14.0,0,0.0016893955686416518,0.0008053882548757567,0.00034002485239745077
888,charles-pic,2013,10,caterham,19.0,19.0,15.0,0,0.002025463640134385,0.0009621939966600423,0.00042113837601062107
888,jules-bianchi,2013,10,manor,21.0,21.0,16.0,0,0.0015783856685341673,0.0007397672403155668,0.00030791199486075754
888,max-chilton,2013,10,manor,22.0,22.0,17.0,0,0.0016942235936914841,0.0007084493107761215,0.0002862019596160412
888,paul-di-resta,2013,10,aston-martin,18.0,18.0,18.0,0,0.02993834476568551,0.002891113399043094,0.001105691501231825
888,nico-rosberg,2013,10,mercedes,4.0,4.0,19.0,0,0.0647972446726995,0.04869538002588168,0.047516047297289164
888,valtteri-bottas,2013,10,williams,16.0,16.0,,0,0.008329196637102531,0.002267512891951667,0.0010387833259494653
888,esteban-gutierrez,2013,10,audi,17.0,17.0,,0,0.005722587469143484,0.0016286354849811445,0.0006968912197401095
888,adrian-sutil,2013,10,aston-martin,11.0,11.0,,0,0.024696444463103973,0.006044494708552517,0.0031924667984968764
889,sebastian-vettel,2013,11,red-bull,2.0,2.0,1.0,1,0.229251359950594,0.25017888131291666,0.3558682606563528
889,fernando-alonso,2013,11,ferrari,9.0,9.0,2.0,0,0.14995294464501702,0.017178574966804267,0.009453752005944631
889,lewis-hamilton,2013,11,mercedes,1.0,1.0,3.0,0,0.05980469766783137,0.4828335415801496,0.4139430923366025
889,nico-rosberg,2013,11,mercedes,4.0,4.0,4.0,0,0.0523432008720669,0.04316159419631053,0.041904172756650926
889,mark-webber,2013,11,red-bull,3.0,3.0,5.0,0,0.14132198556521938,0.09876710296039809,0.1068714134982506
889,jenson-button,2013,11,mclaren,6.0,6.0,6.0,0,0.045572765369766524,0.02145470143283905,0.016459712251209346
889,felipe-massa,2013,11,ferrari,10.0,10.0,7.0,0,0.06493189590819545,0.009443422882596338,0.004799052975977648
889,romain-grosjean,2013,11,alpine,7.0,7.0,8.0,0,0.02565114999450784,0.011530788528679552,0.007605722178474306
889,adrian-sutil,2013,11,aston-martin,12.0,12.0,9.0,0,0.014915848651993248,0.004195492404831794,0.0021351828524460003
889,daniel-ricciardo,2013,11,racing-bulls,19.0,19.0,10.0,0,0.007704155889572293,0.0015719216539889461,0.0006321479096035146
889,sergio-perez,2013,11,mclaren,13.0,13.0,11.0,0,0.03000115893412985,0.004695978484108598,0.0021515164798878647
889,jean-eric-vergne,2013,11,racing-bulls,18.0,18.0,12.0,0,0.005193291511523825,0.001413412771353038,0.0005862658937378939
889,nico-hulkenberg,2013,11,audi,11.0,11.0,13.0,0,0.007852345875749955,0.00397991419580032,0.0022880368566682574
889,esteban-gutierrez,2013,11,audi,21.0,21.0,14.0,0,0.004084078643310191,0.0009590179706478855,0.000356935681183159
889,valtteri-bottas,2013,11,williams,20.0,20.0,15.0,0,0.005762471007091549,0.0012791626828395387,0.0005033837541929367
889,giedo-van-der-garde,2013,11,caterham,14.0,14.0,16.0,0,0.0018626857798665648,0.0014913506650513725,0.0007848112774513439
889,pastor-maldonado,2013,11,williams,17.0,17.0,17.0,0,0.0044775751319416045,0.001484212273771653,0.0006482565863353112
889,jules-bianchi,2013,11,manor,15.0,15.0,18.0,0,0.001603973631367993,0.0012810545445564596,0.0006583423510437789
889,max-chilton,2013,11,manor,16.0,16.0,19.0,0,0.0016591709727220964,0.001168070815009037,0.0005754739596254574
889,paul-di-resta,2013,11,aston-martin,5.0,5.0,,0,0.018941827878632574,0.020834391325501654,0.01895406218679495
889,kimi-raikkonen,2013,11,alpine,8.0,8.0,,0,0.12497623325607606,0.020354602434117294,0.01252988115675011
889,charles-pic,2013,11,caterham,22.0,22.0,,0,0.0021351828628237307,0.000742809917728348,0.00029052439481660173
890,sebastian-vettel,2013,12,red-bull,1.0,1.0,1.0,1,0.24663952240791887,0.6645604033417901,0.5856032575460128
890,fernando-alonso,2013,12,ferrari,5.0,5.0,2.0,0,0.16107828450779785,0.03813623620764243,0.034348407980801854
890,mark-webber,2013,12,red-bull,2.0,2.0,3.0,0,0.14900329448558292,0.15955097861761863,0.2504879975361215
890,felipe-massa,2013,12,ferrari,4.0,4.0,4.0,0,0.0687330438736062,0.03630008221754844,0.0374971975230083
890,nico-hulkenberg,2013,12,audi,3.0,3.0,5.0,0,0.007575690569966221,0.02830517211958577,0.04287844127238591
890,nico-rosberg,2013,12,mercedes,6.0,6.0,6.0,0,0.061877750503901166,0.018434563345074248,0.015094988487826947
890,daniel-ricciardo,2013,12,racing-bulls,7.0,7.0,7.0,0,0.008364584353835573,0.007020327060604687,0.006053547346354473
890,romain-grosjean,2013,12,alpine,13.0,13.0,8.0,0,0.02062825559546973,0.0030355316229868814,0.001522657483365773
890,lewis-hamilton,2013,12,mercedes,12.0,12.0,9.0,0,0.0710159418569039,0.006106776363528756,0.0031694990317010594
890,jenson-button,2013,12,mclaren,9.0,9.0,10.0,0,0.04628781552267635,0.008686826751911554,0.00568666363057588
890,kimi-raikkonen,2013,12,alpine,11.0,11.0,11.0,0,0.07772776144125014,0.007836769999848281,0.004460129061830188
890,sergio-perez,2013,12,mclaren,8.0,8.0,12.0,0,0.029396347964098853,0.008444524391119257,0.005942459026277088
890,esteban-gutierrez,2013,12,audi,16.0,17.0,13.0,0,0.004135259936522532,0.0012265866060537113,0.0006108462327595362
890,pastor-maldonado,2013,12,williams,14.0,15.0,14.0,0,0.003974525892321419,0.0015747828965849684,0.0008785415621189699
890,valtteri-bottas,2013,12,williams,18.0,18.0,15.0,0,0.005214828750503245,0.0011790902124955652,0.0005590522620815492
890,adrian-sutil,2013,12,aston-martin,17.0,14.0,16.0,0,0.012679315333026159,0.0017676608492765322,0.0008108048632067729
890,charles-pic,2013,12,caterham,20.0,20.0,17.0,0,0.0017135280080937583,0.0006386228397463312,0.0002998712045869138
890,giedo-van-der-garde,2013,12,caterham,19.0,19.0,18.0,0,0.0017513743818628308,0.0007042587277553582,0.00034217160886758114
890,jules-bianchi,2013,12,manor,21.0,21.0,19.0,0,0.0014784498313576723,0.0005624910524868564,0.00025983371861755636
890,max-chilton,2013,12,manor,22.0,22.0,20.0,0,0.0014838979097950731,0.0005208348503553341,0.00023332471577816057
890,jean-eric-vergne,2013,12,racing-bulls,10.0,10.0,,0,0.005616735500818914,0.003142239788744916,0.0021307848127390225
890,paul-di-resta,2013,12,aston-martin,15.0,16.0,,0,0.013623791372690715,0.002265240137241366,0.0011295230929821362
891,sebastian-vettel,2013,13,red-bull,1.0,1.0,1.0,1,0.260879120479089,0.6864719628321598,0.6134111067294049
891,fernando-alonso,2013,13,ferrari,7.0,7.0,2.0,0,0.17293582831944068,0.02237885792007306,0.01634068664769932
891,kimi-raikkonen,2013,13,alpine,13.0,13.0,3.0,0,0.067018329443995,0.005626134084916634,0.002938166013175485
891,nico-rosberg,2013,13,mercedes,2.0,2.0,4.0,0,0.059090255038174236,0.1181839730969623,0.2043892955320193
891,lewis-hamilton,2013,13,mercedes,5.0,5.0,5.0,0,0.06530193175159843,0.026325407545287095,0.024892858082813187
891,felipe-massa,2013,13,ferrari,6.0,6.0,6.0,0,0.07509663732140949,0.019119541918487422,0.015301782257273128
891,jenson-button,2013,13,mclaren,8.0,8.0,7.0,0,0.039767340654483924,0.010146973560789392,0.007382892603665581
891,sergio-perez,2013,13,mclaren,14.0,14.0,8.0,0,0.02523870078459731,0.0031308191121471704,0.0015657132108498235
891,nico-hulkenberg,2013,13,audi,11.0,11.0,9.0,0,0.008902900757552172,0.003384015358272999,0.0021959757873772916
891,adrian-sutil,2013,13,aston-martin,15.0,15.0,10.0,0,0.00874858325088723,0.0019388395803465604,0.0010111548896931798
891,pastor-maldonado,2013,13,williams,18.0,18.0,11.0,0,0.0037192144202280028,0.0010179717416524956,0.000492450949787329
891,esteban-gutierrez,2013,13,audi,10.0,10.0,12.0,0,0.0044272667259158205,0.0028010857053898924,0.0019195186535844234
891,valtteri-bottas,2013,13,williams,16.0,16.0,13.0,0,0.004698472392953747,0.0013973105659066019,0.0007326811609279978
891,jean-eric-vergne,2013,13,racing-bulls,12.0,12.0,14.0,0,0.0044124727828955485,0.0021092915763678065,0.0013019978840852627
891,mark-webber,2013,13,red-bull,4.0,4.0,15.0,0,0.15788786987993664,0.05099702433513403,0.05137585391023834
891,giedo-van-der-garde,2013,13,caterham,20.0,20.0,16.0,0,0.0015597471038814484,0.0006255752989782759,0.00030128099687398854
891,max-chilton,2013,13,manor,22.0,22.0,17.0,0,0.001234004414003338,0.0004916645546013355,0.00022678121321201394
891,jules-bianchi,2013,13,manor,21.0,21.0,18.0,0,0.0012606384880607514,0.0005376980477498594,0.00025581549987739783
891,charles-pic,2013,13,caterham,19.0,19.0,19.0,0,0.0015537525202978725,0.0006810335311790495,0.0003392716239660117
891,paul-di-resta,2013,13,aston-martin,17.0,17.0,20.0,0,0.008668482383982826,0.0015612635717615153,0.0007495774700608425
891,romain-grosjean,2013,13,alpine,3.0,3.0,,0,0.019701397375123903,0.0364757134597479,0.04941924582814944
891,daniel-ricciardo,2013,13,racing-bulls,9.0,9.0,,0,0.00789705371149261,0.004597842602088767,0.0034558930552658364
892,sebastian-vettel,2013,14,red-bull,1.0,1.0,1.0,1,0.24393570139927565,0.6808367439851257,0.6047557007638447
892,kimi-raikkonen,2013,14,alpine,9.0,10.0,2.0,0,0.06161900266484045,0.010363517332976802,0.006876350889232376
892,romain-grosjean,2013,14,alpine,3.0,4.0,3.0,0,0.015272806211499408,0.033086641184553164,0.04458622037350367
892,nico-hulkenberg,2013,14,audi,7.0,8.0,4.0,0,0.010157390275854382,0.00770809756684304,0.006583688205864645
892,lewis-hamilton,2013,14,mercedes,2.0,2.0,5.0,0,0.0754640294832381,0.1319872699806073,0.22272498791744808
892,fernando-alonso,2013,14,ferrari,5.0,6.0,6.0,0,0.19299507572058958,0.04154364137586032,0.037031964167124565
892,nico-rosberg,2013,14,mercedes,4.0,5.0,7.0,0,0.06932062951671433,0.039101974184911195,0.04171081484788939
892,jenson-button,2013,14,mclaren,11.0,12.0,8.0,0,0.043564275586514094,0.0061640830037701325,0.0035554077124448067
892,felipe-massa,2013,14,ferrari,6.0,7.0,9.0,0,0.08344809061977909,0.02003189246885997,0.015672163150799716
892,sergio-perez,2013,14,mclaren,10.0,11.0,10.0,0,0.027940167280487864,0.005796903936549542,0.0035417640557466844
892,esteban-gutierrez,2013,14,audi,8.0,9.0,11.0,0,0.005095514003665845,0.004349387303777821,0.0033732781467744493
892,valtteri-bottas,2013,14,williams,17.0,17.0,12.0,0,0.005115584455415054,0.001306169140615516,0.0006426528319249283
892,pastor-maldonado,2013,14,williams,18.0,18.0,13.0,0,0.004260063954106298,0.0010816429003805618,0.0005113451729572969
892,charles-pic,2013,14,caterham,19.0,19.0,14.0,0,0.0015015837312096422,0.0006765363294195155,0.00033220455885351225
892,giedo-van-der-garde,2013,14,caterham,20.0,20.0,15.0,0,0.0015967977806679993,0.000639673630956106,0.00030386991234295283
892,jules-bianchi,2013,14,manor,22.0,21.0,16.0,0,0.0012617950470217836,0.0005003578860974917,0.00022708069619674153
892,max-chilton,2013,14,manor,21.0,22.0,17.0,0,0.0012668625525416766,0.0005424641195973972,0.00025388082657206866
892,jean-eric-vergne,2013,14,racing-bulls,16.0,16.0,18.0,0,0.0039018446138839136,0.0012616616830964495,0.0006434387015425985
892,daniel-ricciardo,2013,14,racing-bulls,12.0,13.0,19.0,0,0.006030701329851283,0.002555114533327206,0.0015839429154553583
892,adrian-sutil,2013,14,aston-martin,14.0,14.0,20.0,0,0.008429669731716015,0.002182474211234591,0.0011808886952572044
892,mark-webber,2013,14,red-bull,13.0,3.0,,0,0.1303409337569857,0.006454795450609771,0.00296417087158064
892,paul-di-resta,2013,14,aston-martin,15.0,15.0,,0,0.007481480284141907,0.0018289577908304799,0.0009441845866436577
893,sebastian-vettel,2013,15,red-bull,2.0,2.0,1.0,1,0.21549076142924528,0.24082887695204044,0.3597581019755915
893,mark-webber,2013,15,red-bull,1.0,1.0,2.0,0,0.09397915146182564,0.5137294899204647,0.423873028359331
893,romain-grosjean,2013,15,alpine,4.0,4.0,3.0,0,0.022921934129690996,0.028015083641586197,0.0281194191714568
893,fernando-alonso,2013,15,ferrari,8.0,8.0,4.0,0,0.19377478031043058,0.022164384433964176,0.013363527777750045
893,kimi-raikkonen,2013,15,alpine,9.0,9.0,5.0,0,0.0872425878190452,0.013872157469325254,0.008284030149748937
893,nico-hulkenberg,2013,15,audi,7.0,7.0,6.0,0,0.014189801232972003,0.010341532914583344,0.007991117652562644
893,esteban-gutierrez,2013,15,audi,14.0,14.0,7.0,0,0.0066842752844800315,0.0021914929272764277,0.0010618902742404418
893,nico-rosberg,2013,15,mercedes,6.0,6.0,8.0,0,0.078559723343658,0.02431447028419253,0.018150879512899138
893,jenson-button,2013,15,mclaren,10.0,10.0,9.0,0,0.0473949680377379,0.008827482222562093,0.00497632557744206
893,felipe-massa,2013,15,ferrari,5.0,5.0,10.0,0,0.08432376711502504,0.032364997105443445,0.02634796387945188
893,paul-di-resta,2013,15,aston-martin,12.0,12.0,11.0,0,0.005471271382286658,0.0028048379647836468,0.0015797023044684944
893,jean-eric-vergne,2013,15,racing-bulls,17.0,18.0,12.0,0,0.003544043838182816,0.0013017903515100569,0.0005934756097116951
893,daniel-ricciardo,2013,15,racing-bulls,16.0,16.0,13.0,0,0.005282351005237116,0.0017623367174260237,0.0008402771390889287
893,adrian-sutil,2013,15,aston-martin,22.0,17.0,14.0,0,0.0063360500201930245,0.001081552852215481,0.0004089679968779337
893,sergio-perez,2013,15,mclaren,11.0,11.0,15.0,0,0.030363629988366326,0.006007830086963536,0.0031632306287703474
893,pastor-maldonado,2013,15,williams,15.0,15.0,16.0,0,0.004931415317125709,0.0018367558679160997,0.0008951951510782998
893,valtteri-bottas,2013,15,williams,13.0,13.0,17.0,0,0.005952787526543543,0.0025722849503390984,0.0013810241869598153
893,charles-pic,2013,15,caterham,20.0,20.0,18.0,0,0.00181455852677911,0.0007869192913642535,0.00034073684680368144
893,max-chilton,2013,15,manor,18.0,19.0,19.0,0,0.0014107257688598435,0.000864436174892557,0.00041008600115288794
893,lewis-hamilton,2013,15,mercedes,3.0,3.0,,0,0.08700414996299088,0.08278316495801881,0.0977803861085599
893,giedo-van-der-garde,2013,15,caterham,19.0,21.0,,0,0.0018903561913827791,0.000876141793028225,0.00039263099939313367
893,jules-bianchi,2013,15,manor,21.0,22.0,,0,0.001436910307941437,0.0006719811201036129,0.00028800269666046877
894,sebastian-vettel,2013,16,red-bull,1.0,1.0,1.0,1,0.25118328499809334,0.6760888541067913,0.6030589281190287
894,nico-rosberg,2013,16,mercedes,2.0,2.0,2.0,0,0.058224278558988284,0.11626758872865155,0.19926756667230971
894,romain-grosjean,2013,16,alpine,17.0,17.0,3.0,0,0.028827111878269474,0.0021751220077963025,0.0008989696139308629
894,felipe-massa,2013,16,ferrari,5.0,5.0,4.0,0,0.07845088994128945,0.025853409929277385,0.022871025286121935
894,sergio-perez,2013,16,mclaren,9.0,9.0,5.0,0,0.02569645607718638,0.0065005051323127104,0.004269290335368029
894,lewis-hamilton,2013,16,mercedes,3.0,3.0,6.0,0,0.05482147735313116,0.05676818621043884,0.07438936894665477
894,kimi-raikkonen,2013,16,alpine,6.0,6.0,7.0,0,0.10031841186103804,0.02372522122510222,0.01979749536024848
894,paul-di-resta,2013,16,aston-martin,12.0,12.0,8.0,0,0.005795536785878338,0.002360886065520511,0.001436246825405888
894,adrian-sutil,2013,16,aston-martin,13.0,13.0,9.0,0,0.006448677709485812,0.002175042416945558,0.0012566970116327356
894,daniel-ricciardo,2013,16,racing-bulls,11.0,11.0,10.0,0,0.005574396118681683,0.002780563736052592,0.0018291090738030385
894,fernando-alonso,2013,16,ferrari,8.0,8.0,11.0,0,0.18491731007826723,0.017932166521060364,0.01175242550047364
894,pastor-maldonado,2013,16,williams,18.0,18.0,12.0,0,0.004376980526945791,0.0010625070474235422,0.0005014879924157543
894,jean-eric-vergne,2013,16,racing-bulls,14.0,14.0,13.0,0,0.0038693817523443304,0.0015388798260942299,0.0008595143770950307
894,jenson-button,2013,16,mclaren,10.0,10.0,14.0,0,0.04196519527932881,0.00695533927064866,0.0042863249249899685
894,esteban-gutierrez,2013,16,audi,16.0,16.0,15.0,0,0.008711420178837241,0.00159163051133741,0.0007532477457305476
894,valtteri-bottas,2013,16,williams,15.0,15.0,16.0,0,0.005137874313226628,0.0015680399723505393,0.0008363748899937303
894,max-chilton,2013,16,manor,22.0,22.0,17.0,0,0.0012334922046301146,0.00048406747558370195,0.00022046732176608588
894,jules-bianchi,2013,16,manor,19.0,19.0,18.0,0,0.0011533476874222024,0.000599929555359178,0.0003007611458856936
894,nico-hulkenberg,2013,16,audi,7.0,7.0,19.0,0,0.01769709457790874,0.009211218537037488,0.007588433219356126
894,mark-webber,2013,16,red-bull,4.0,4.0,,0,0.11255095472316284,0.043194664008175676,0.043281054249090685
894,charles-pic,2013,16,caterham,21.0,21.0,,0,0.0015583468628135066,0.0005657513781312054,0.0002601915417789937
894,giedo-van-der-garde,2013,16,caterham,20.0,20.0,,0,0.0014880805330706583,0.0006004263379090128,0.00028501984691949966
895,sebastian-vettel,2013,17,red-bull,2.0,2.0,1.0,1,0.2218381019418292,0.25550510559069534,0.37675932639500975
895,mark-webber,2013,17,red-bull,1.0,1.0,2.0,0,0.0817859991212836,0.5009823569228539,0.4071989793439701
895,nico-rosberg,2013,17,mercedes,3.0,3.0,3.0,0,0.07584297138187576,0.08166419931920593,0.09562720698630268
895,romain-grosjean,2013,17,alpine,6.0,6.0,4.0,0,0.03740592814299415,0.01778561063569043,0.013100479309685548
895,fernando-alonso,2013,17,ferrari,10.0,10.0,5.0,0,0.17662278793245176,0.015146483776833388,0.007764119051257879
895,paul-di-resta,2013,17,aston-martin,11.0,11.0,6.0,0,0.007819850446644776,0.0038626734839683815,0.002215254225826689
895,lewis-hamilton,2013,17,mercedes,4.0,4.0,7.0,0,0.06865688716378594,0.047724743521841,0.04616222357797415
895,felipe-massa,2013,17,ferrari,7.0,7.0,8.0,0,0.08383949304401725,0.019068346012846814,0.012259148789562128
895,sergio-perez,2013,17,mclaren,8.0,8.0,9.0,0,0.029260106769063925,0.01060305082597673,0.006805636089153374
895,adrian-sutil,2013,17,aston-martin,17.0,17.0,10.0,0,0.008562823017146115,0.0019340739527485807,0.0008330428920870743
895,pastor-maldonado,2013,17,williams,14.0,14.0,11.0,0,0.0048611965487018885,0.0021431000335102772,0.0010785193414248593
895,jenson-button,2013,17,mclaren,12.0,12.0,12.0,0,0.04228255212709252,0.006418156961495673,0.003166055941145259
895,esteban-gutierrez,2013,17,audi,16.0,16.0,13.0,0,0.008015961110769371,0.0019720907620474487,0.000857553007390642
895,nico-hulkenberg,2013,17,audi,5.0,5.0,14.0,0,0.014450694215924119,0.01900468163976523,0.017938398300518816
895,valtteri-bottas,2013,17,williams,15.0,15.0,15.0,0,0.005307553754153477,0.0019926723432938417,0.0009591781908877419
895,daniel-ricciardo,2013,17,racing-bulls,9.0,9.0,16.0,0,0.006802819838096634,0.005315194385909729,0.00357717619018279
895,jean-eric-vergne,2013,17,racing-bulls,13.0,13.0,17.0,0,0.004639408027973396,0.002353162774262307,0.0012366127761045936
895,giedo-van-der-garde,2013,17,caterham,18.0,18.0,18.0,0,0.0012361729259859065,0.0008474933384795359,0.00039653438823498597
895,charles-pic,2013,17,caterham,19.0,20.0,19.0,0,0.0012881168906028412,0.0007894711443385315,0.0003566103070557166
895,jules-bianchi,2013,17,manor,21.0,19.0,20.0,0,0.0012394375628717097,0.0006561706083031179,0.0002779568053357554
895,max-chilton,2013,17,manor,20.0,21.0,21.0,0,0.001344610189204854,0.0007424189865596336,0.0003251062469497977
895,kimi-raikkonen,2013,17,alpine,22.0,,,0,0.11689652784753078,0.0034887429793741495,0.0011048818439395704
896,sebastian-vettel,2013,18,red-bull,1.0,1.0,1.0,1,0.26211813492544683,0.6927868499561028,0.6238490779957663
896,romain-grosjean,2013,18,alpine,3.0,3.0,2.0,0,0.03330541551967595,0.044422408765127694,0.05844610171050219
896,mark-webber,2013,18,red-bull,2.0,2.0,3.0,0,0.10004517793984806,0.13210254770996305,0.21076844402154998
896,lewis-hamilton,2013,18,mercedes,5.0,5.0,4.0,0,0.0745421431020739,0.026567427241778335,0.02441107590157496
896,fernando-alonso,2013,18,ferrari,6.0,6.0,5.0,0,0.17274736832943705,0.028190821360761974,0.022474096121470992
896,nico-hulkenberg,2013,18,audi,4.0,4.0,6.0,0,0.01324510290554618,0.021178227834000685,0.02579570156212513
896,sergio-perez,2013,18,mclaren,7.0,7.0,7.0,0,0.02833248964894201,0.010415088652126103,0.008126952037258583
896,valtteri-bottas,2013,18,williams,9.0,9.0,8.0,0,0.00530411549440586,0.003719906221483989,0.0027726265696411873
896,nico-rosberg,2013,18,mercedes,12.0,14.0,9.0,0,0.0854941475230176,0.006460725663971784,0.0033359370945624796
896,jenson-button,2013,18,mclaren,15.0,13.0,10.0,0,0.03893366672169778,0.003359983728432078,0.0015912611297415344
896,daniel-ricciardo,2013,18,racing-bulls,10.0,11.0,11.0,0,0.006007306356533155,0.0033546602963452406,0.0023534404703565784
896,felipe-massa,2013,18,ferrari,13.0,15.0,12.0,0,0.08217924374360104,0.005242427168726719,0.002486137570859401
896,esteban-gutierrez,2013,18,audi,20.0,10.0,13.0,0,0.007796841029998798,0.0010632585929445015,0.00044468969268923503
896,heikki-kovalainen,2013,18,alpine,8.0,8.0,14.0,0,0.05579307615285427,0.010929009316863199,0.0075719394225390625
896,paul-di-resta,2013,18,aston-martin,11.0,12.0,15.0,0,0.009866639817983178,0.0033358863072263864,0.002092010428840777
896,jean-eric-vergne,2013,18,racing-bulls,14.0,16.0,16.0,0,0.0041297531614061566,0.0015722074313166275,0.0008792812334795266
896,pastor-maldonado,2013,18,williams,17.0,18.0,17.0,0,0.005187120182991034,0.001252800137897364,0.000613438108896105
896,jules-bianchi,2013,18,manor,19.0,20.0,18.0,0,0.0010990269471384683,0.0005886713357576241,0.0002980019357443658
896,giedo-van-der-garde,2013,18,caterham,18.0,19.0,19.0,0,0.0011948545825398147,0.0006627017656247401,0.0003449286264750442
896,charles-pic,2013,18,caterham,22.0,21.0,20.0,0,0.0012199233710626,0.0004766967932913762,0.00021738260954117067
896,max-chilton,2013,18,manor,21.0,22.0,21.0,0,0.0011616441519849761,0.0005108944795624832,0.0002422540690552061
896,adrian-sutil,2013,18,aston-martin,16.0,17.0,,0,0.010296808391815354,0.0018067992406952012,0.0008852216873302528
897,sebastian-vettel,2013,19,red-bull,1.0,1.0,1.0,1,0.28908587995888313,0.6716772559181806,0.5914099763607946
897,mark-webber,2013,19,red-bull,4.0,4.0,2.0,0,0.11285774157389779,0.04004598872875972,0.039543701056845
897,fernando-alonso,2013,19,ferrari,3.0,3.0,3.0,0,0.15339596813990242,0.0819675711551194,0.10270375155294621
897,jenson-button,2013,19,mclaren,14.0,15.0,4.0,0,0.0381043182582166,0.0034979731784723924,0.0017072626510664412
897,nico-rosberg,2013,19,mercedes,2.0,2.0,5.0,0,0.08233685466638366,0.12359423555683385,0.20523041069830916
897,sergio-perez,2013,19,mclaren,19.0,14.0,6.0,0,0.029087054843831298,0.001821223521371333,0.0007242242525531938
897,felipe-massa,2013,19,ferrari,9.0,9.0,7.0,0,0.07011687948053709,0.008610089062883262,0.005174334070145919
897,nico-hulkenberg,2013,19,audi,10.0,10.0,8.0,0,0.014744608173019558,0.004389756981030609,0.0028629283303266482
897,lewis-hamilton,2013,19,mercedes,5.0,5.0,9.0,0,0.07613337407198634,0.025174998174395585,0.022807607477896463
897,daniel-ricciardo,2013,19,racing-bulls,7.0,7.0,10.0,0,0.006064055359263157,0.005784096970181862,0.005063754879393201
897,paul-di-resta,2013,19,aston-martin,12.0,12.0,11.0,0,0.007462756158954933,0.002448022001684513,0.0014602990074650442
897,esteban-gutierrez,2013,19,audi,17.0,18.0,12.0,0,0.008098482802741752,0.001323098934359982,0.0006035056802564473
897,adrian-sutil,2013,19,aston-martin,15.0,16.0,13.0,0,0.0071217422045080445,0.001638683856438838,0.0008431329062725451
897,heikki-kovalainen,2013,19,alpine,11.0,11.0,14.0,0,0.050624303725767414,0.005707452652190023,0.0031605270912408476
897,jean-eric-vergne,2013,19,racing-bulls,8.0,8.0,15.0,0,0.004000255335540457,0.0037443495134475554,0.0029864065308983045
897,pastor-maldonado,2013,19,williams,16.0,17.0,16.0,0,0.005056059860074524,0.001279889166381435,0.0006412673436740444
897,jules-bianchi,2013,19,manor,21.0,21.0,17.0,0,0.0010161334706385813,0.00045397750791774724,0.0002135503042569265
897,giedo-van-der-garde,2013,19,caterham,20.0,20.0,18.0,0,0.0010736452479657406,0.0005001407624077139,0.00024120337608460953
897,max-chilton,2013,19,manor,22.0,22.0,19.0,0,0.0010113286646050315,0.00041858595488919513,0.0001909357546558542
897,charles-pic,2013,19,caterham,18.0,19.0,,0,0.0010763342997595206,0.0005985953996855362,0.0003094903122869477
897,valtteri-bottas,2013,19,williams,13.0,13.0,,0,0.005914633732057102,0.0019682063267189654,0.0011331665936089835
897,romain-grosjean,2013,19,alpine,6.0,6.0,,0,0.03561758997146585,0.01335580867664983,0.01098856376902256
898,nico-rosberg,2014,1,mercedes,3.0,3.0,1.0,1,0.07708625939433376,0.11469278523256568,0.15529467514640907
898,kevin-magnussen,2014,1,mclaren,4.0,4.0,2.0,0,0.033846233563821354,0.04888681744702227,0.05722965655434439
898,jenson-button,2014,1,mclaren,10.0,11.0,3.0,0,0.04176189495142222,0.012116311392007958,0.007691617833072111
898,fernando-alonso,2014,1,ferrari,5.0,5.0,4.0,0,0.1680957910926131,0.0764512765309262,0.07206450935163027
898,valtteri-bottas,2014,1,williams,15.0,10.0,5.0,0,0.0032934378670054078,0.001996138324042708,0.0011200325656503056
898,nico-hulkenberg,2014,1,aston-martin,7.0,7.0,6.0,0,0.00804051936948557,0.011506889250440982,0.01036624157571392
898,kimi-raikkonen,2014,1,ferrari,11.0,12.0,7.0,0,0.1674325530071554,0.020132837520233583,0.011200016231080715
898,jean-eric-vergne,2014,1,racing-bulls,6.0,6.0,8.0,0,0.003039597838086004,0.008312029851367716,0.008488058959771751
898,daniil-kvyat,2014,1,racing-bulls,8.0,8.0,9.0,0,0.00411761633979919,0.006372275989926321,0.0053747983598952725
898,sergio-perez,2014,1,aston-martin,16.0,16.0,10.0,0,0.005185809316578878,0.002073089559634626,0.0010725127604098454
898,adrian-sutil,2014,1,audi,13.0,14.0,11.0,0,0.010134117441722058,0.004016979155218332,0.002304461509892676
898,esteban-gutierrez,2014,1,audi,20.0,19.0,12.0,0,0.006318429141746283,0.0013779603050677112,0.000591508652738791
898,max-chilton,2014,1,manor,22.0,17.0,13.0,0,0.000703564209825834,0.0005533847324451875,0.00026543068900017905
898,jules-bianchi,2014,1,manor,23.0,18.0,,0,0.0007411908818753874,0.000533125790804233,0.0002482747509181507
898,romain-grosjean,2014,1,alpine,24.0,21.0,,0,0.016693428624962217,0.0015062004754212096,0.000537236583041948
898,pastor-maldonado,2014,1,alpine,21.0,,,0,0.025892294860685953,0.0025941781872274717,0.0010135144545280518
898,marcus-ericsson,2014,1,caterham,19.0,20.0,,0,0.0007078196857071506,0.0007164157458540829,0.00037955726290121706
898,sebastian-vettel,2014,1,red-bull,12.0,13.0,,0,0.3577232254822007,0.024296729762507453,0.012202959388598875
898,lewis-hamilton,2014,1,mercedes,1.0,1.0,,0,0.06627326905238606,0.6571253872594928,0.6490105794621577
898,felipe-massa,2014,1,williams,9.0,9.0,,0,0.0020507898429881037,0.003354905957490942,0.002644072160651882
898,kamui-kobayashi,2014,1,caterham,14.0,15.0,,0,0.000862158035599341,0.001384281530302606,0.0009002857475927466
899,lewis-hamilton,2014,2,mercedes,1.0,1.0,1.0,1,0.051076053296285236,0.41180317016958295,0.3378491780273303
899,nico-rosberg,2014,2,mercedes,3.0,3.0,2.0,0,0.07957459012378452,0.08883490702994659,0.10003244694993113
899,sebastian-vettel,2014,2,red-bull,2.0,2.0,3.0,0,0.17259224951753827,0.2709478282848617,0.39007373503647375
899,fernando-alonso,2014,2,ferrari,4.0,4.0,4.0,0,0.19211718292313526,0.08593644337820301,0.07691729215515737
899,nico-hulkenberg,2014,2,aston-martin,7.0,7.0,5.0,0,0.011281649708317427,0.009712833596794082,0.0070717376332531355
899,jenson-button,2014,2,mclaren,10.0,10.0,6.0,0,0.061101382648737386,0.010297297068216676,0.0052568790934457415
899,felipe-massa,2014,2,williams,13.0,13.0,7.0,0,0.002100133464184737,0.001289522286951009,0.0006503113831302184
899,valtteri-bottas,2014,2,williams,18.0,15.0,8.0,0,0.004555530282733351,0.0013048418812359923,0.0005309719319831987
899,kevin-magnussen,2014,2,mclaren,8.0,8.0,9.0,0,0.05893277358619728,0.014621574616814318,0.00866464347760781
899,daniil-kvyat,2014,2,racing-bulls,11.0,11.0,10.0,0,0.004941624420787777,0.0027895099739020965,0.001533966157514334
899,romain-grosjean,2014,2,alpine,15.0,16.0,11.0,0,0.010235137066067289,0.002006096789663421,0.0008358839465821513
899,kimi-raikkonen,2014,2,ferrari,6.0,6.0,12.0,0,0.18329155315823106,0.041880673570942675,0.028576355027106464
899,kamui-kobayashi,2014,2,caterham,20.0,20.0,13.0,0,0.0007617009507697884,0.000524541991985606,0.00022336866542858755
899,marcus-ericsson,2014,2,caterham,22.0,22.0,14.0,0,0.0006313996908244205,0.00038977621175889985,0.00015561370899596117
899,max-chilton,2014,2,manor,21.0,21.0,15.0,0,0.0008653613704608527,0.0004925273889304557,0.00019988856674609066
899,daniel-ricciardo,2014,2,red-bull,5.0,5.0,,0,0.12695155365734356,0.046153875060627486,0.03595749776558274
899,esteban-gutierrez,2014,2,audi,12.0,12.0,,0,0.007131615619215081,0.0025282394494341087,0.0012526991710713653
899,adrian-sutil,2014,2,audi,17.0,18.0,,0,0.01122940131576122,0.0019512403353223607,0.000767286641119011
899,jean-eric-vergne,2014,2,racing-bulls,9.0,9.0,,0,0.004376506644899063,0.0035847663694346292,0.002253331050121336
899,jules-bianchi,2014,2,manor,19.0,19.0,,0,0.0007345236834433858,0.0005178698529120466,0.00022457638552742266
899,pastor-maldonado,2014,2,alpine,16.0,17.0,,0,0.015518076871283025,0.002432464692479961,0.0009723372258918461
900,lewis-hamilton,2014,3,mercedes,2.0,2.0,1.0,1,0.07458925254503716,0.14767557850760055,0.23911928831555385
900,nico-rosberg,2014,3,mercedes,1.0,1.0,2.0,0,0.11228929571890535,0.6403788293403707,0.5779979249303941
900,sergio-perez,2014,3,aston-martin,4.0,5.0,3.0,0,0.010589898887969552,0.020622532904630612,0.023848947744315313
900,daniel-ricciardo,2014,3,red-bull,13.0,3.0,4.0,0,0.08740058820942666,0.007370696122329386,0.0034514264520773756
900,nico-hulkenberg,2014,3,aston-martin,11.0,12.0,5.0,0,0.017088749940471236,0.0052858069721653895,0.003113423551772204
900,sebastian-vettel,2014,3,red-bull,10.0,11.0,6.0,0,0.15674831848283574,0.017531721441361364,0.009806972080771728
900,felipe-massa,2014,3,williams,7.0,8.0,7.0,0,0.003180110901417864,0.004327454333400227,0.003622298375035222
900,valtteri-bottas,2014,3,williams,3.0,4.0,8.0,0,0.006506219984814862,0.030408041924876943,0.04498724790581939
900,fernando-alonso,2014,3,ferrari,9.0,10.0,9.0,0,0.19589370446770682,0.02190223715230235,0.012826030609691693
900,kimi-raikkonen,2014,3,ferrari,5.0,6.0,10.0,0,0.16698347045655348,0.05263631097953231,0.045639543870024814
900,daniil-kvyat,2014,3,racing-bulls,12.0,13.0,11.0,0,0.013103689716881297,0.004914551945586262,0.002891826101709957
900,romain-grosjean,2014,3,alpine,16.0,16.0,12.0,0,0.009277501746838435,0.0017616143904632437,0.0008015612803968412
900,max-chilton,2014,3,manor,21.0,22.0,13.0,0,0.0009555713985823525,0.0005167246119453724,0.00023545087561781605
900,pastor-maldonado,2014,3,alpine,17.0,17.0,14.0,0,0.011596436922449983,0.0018693498068250826,0.0008175127230176424
900,kamui-kobayashi,2014,3,caterham,18.0,19.0,15.0,0,0.0010162611419459655,0.0006940692410332566,0.0003499352814766597
900,jules-bianchi,2014,3,manor,19.0,20.0,16.0,0,0.000699299760091453,0.0004879311217137561,0.00023742596859692092
900,jenson-button,2014,3,mclaren,6.0,7.0,17.0,0,0.0683305904532635,0.025238664973934722,0.020255610942900737
900,kevin-magnussen,2014,3,mclaren,8.0,9.0,,0,0.04716018960084985,0.011867142902795433,0.00784551101202407
900,esteban-gutierrez,2014,3,audi,15.0,15.0,,0,0.00478939030746142,0.001465369242961082,0.0007231682080985459
900,marcus-ericsson,2014,3,caterham,20.0,21.0,,0,0.0007783867293616619,0.0004788293597497794,0.00022475007153487092
900,jean-eric-vergne,2014,3,racing-bulls,14.0,14.0,,0,0.0037402443495748597,0.0015265737885805603,0.0008062238785651687
900,adrian-sutil,2014,3,audi,22.0,18.0,,0,0.007282828277560487,0.0010399689358415922,0.0003979198206050358
901,lewis-hamilton,2014,4,mercedes,1.0,1.0,1.0,1,0.0996728568730985,0.5124443767379335,0.4313931296952872
901,nico-rosberg,2014,4,mercedes,4.0,4.0,2.0,0,0.1453115129333852,0.06481259271246236,0.06176384053555607
901,fernando-alonso,2014,4,ferrari,5.0,5.0,3.0,0,0.17145586140448987,0.05288363201021597,0.043948328846120197
901,daniel-ricciardo,2014,4,red-bull,2.0,2.0,4.0,0,0.10056151089535595,0.17563039385774581,0.27115364654067525
901,sebastian-vettel,2014,4,red-bull,3.0,3.0,5.0,0,0.1704543409949264,0.12983049427823604,0.15315682962090976
901,nico-hulkenberg,2014,4,aston-martin,8.0,8.0,6.0,0,0.02411758405370737,0.00982119491937754,0.006642632509476056
901,valtteri-bottas,2014,4,williams,7.0,7.0,7.0,0,0.008631067059690046,0.007713680201210634,0.006036788144162426
901,kimi-raikkonen,2014,4,ferrari,11.0,11.0,8.0,0,0.14518418714590572,0.012380061698508396,0.0060679097364584175
901,sergio-perez,2014,4,aston-martin,16.0,16.0,9.0,0,0.015769105010204655,0.002239028915625347,0.0009509682521706631
901,daniil-kvyat,2014,4,racing-bulls,13.0,13.0,10.0,0,0.015887594576923295,0.004882720935244193,0.0026138784998647937
901,jenson-button,2014,4,mclaren,12.0,12.0,11.0,0,0.042011868080151324,0.006153664392673944,0.0030544560207576995
901,jean-eric-vergne,2014,4,racing-bulls,9.0,9.0,12.0,0,0.003056380865326505,0.002750462212371826,0.0018705899920918162
901,kevin-magnussen,2014,4,mclaren,15.0,15.0,13.0,0,0.021729597467641037,0.0026177353232302793,0.0011162648424203256
901,pastor-maldonado,2014,4,alpine,22.0,,14.0,0,0.011018844873040617,0.0011236100869732694,0.0003943296289665883
901,felipe-massa,2014,4,williams,6.0,6.0,15.0,0,0.004451613858842755,0.00619245050853097,0.00535836974878772
901,esteban-gutierrez,2014,4,audi,17.0,17.0,16.0,0,0.0031985291142137117,0.0009649310909882753,0.00042835686916860733
901,jules-bianchi,2014,4,manor,19.0,19.0,17.0,0,0.000831367078729627,0.0004949027209725435,0.00022611504018615677
901,kamui-kobayashi,2014,4,caterham,18.0,18.0,18.0,0,0.0010514542342816202,0.0006796199154468355,0.0003261856753390591
901,max-chilton,2014,4,manor,21.0,21.0,19.0,0,0.0011844057515777706,0.0005401909634664304,0.0002311536420311423
901,marcus-ericsson,2014,4,caterham,20.0,20.0,20.0,0,0.000518423631405564,0.0003406979081574506,0.00015196306152051795
901,romain-grosjean,2014,4,alpine,10.0,10.0,,0,0.009187854269147165,0.003729395118000993,0.002216067587117545
901,adrian-sutil,2014,4,audi,14.0,14.0,,0,0.004714039827955225,0.0017741634926273897,0.000898195510931894
902,lewis-hamilton,2014,5,mercedes,1.0,1.0,1.0,1,0.11549806497712432,0.5491872846233731,0.45984879366374753
902,nico-rosberg,2014,5,mercedes,2.0,2.0,2.0,0,0.16330155632634044,0.21898945500916803,0.3299478373831913
902,daniel-ricciardo,2014,5,red-bull,3.0,3.0,3.0,0,0.10351819781153099,0.09000724640780763,0.10609467195395018
902,sebastian-vettel,2014,5,red-bull,15.0,10.0,4.0,0,0.1687364897587182,0.008467956215679877,0.003408501533882807
902,valtteri-bottas,2014,5,williams,4.0,4.0,5.0,0,0.009284176428159282,0.02101208752371336,0.023991939485431088
902,fernando-alonso,2014,5,ferrari,7.0,7.0,6.0,0,0.16774888484644648,0.029901539575476133,0.019945111594806695
902,kimi-raikkonen,2014,5,ferrari,6.0,6.0,7.0,0,0.13364703626188137,0.03289983635872904,0.0243061993867295
902,romain-grosjean,2014,5,alpine,5.0,5.0,8.0,0,0.005839276004191113,0.009857696197319068,0.00958492476520282
902,sergio-perez,2014,5,aston-martin,11.0,12.0,9.0,0,0.016541366406692803,0.00429679706752399,0.0023424445840271677
902,nico-hulkenberg,2014,5,aston-martin,10.0,11.0,10.0,0,0.025898033660527647,0.006985252471500591,0.00406600984115733
902,jenson-button,2014,5,mclaren,8.0,8.0,11.0,0,0.03422843612397965,0.01127131890476301,0.007459696388133681
902,kevin-magnussen,2014,5,mclaren,14.0,15.0,12.0,0,0.018235503542565208,0.0027753787013972005,0.00126017068249744
902,felipe-massa,2014,5,williams,9.0,9.0,13.0,0,0.004314684520348982,0.003065510879077451,0.002028736407332878
902,daniil-kvyat,2014,5,racing-bulls,12.0,13.0,14.0,0,0.013099956118050978,0.004803444821717064,0.0027099477102376563
902,pastor-maldonado,2014,5,alpine,22.0,,15.0,0,0.007922105027458716,0.0010074935466384298,0.00036411323336687596
902,esteban-gutierrez,2014,5,audi,13.0,14.0,16.0,0,0.002523967736136978,0.0014280486468287075,0.0007781149070262933
902,adrian-sutil,2014,5,audi,16.0,17.0,17.0,0,0.003200705375382807,0.0011946751933958218,0.000567089528703489
902,jules-bianchi,2014,5,manor,18.0,19.0,18.0,0,0.000778123823790755,0.000535235531476226,0.0002560031040511876
902,max-chilton,2014,5,manor,17.0,18.0,19.0,0,0.001037871847880809,0.0007263529956851888,0.0003613683887904782
902,marcus-ericsson,2014,5,caterham,19.0,20.0,20.0,0,0.00047874308890344467,0.0003661929036629646,0.00017097109859964997
902,kamui-kobayashi,2014,5,caterham,20.0,21.0,,0,0.0009304092103315809,0.0005436066193961587,0.0002458962160843227
902,jean-eric-vergne,2014,5,racing-bulls,21.0,16.0,,0,0.0032364111035574784,0.0006775898056709825,0.0002614581430495642
903,nico-rosberg,2014,6,mercedes,1.0,1.0,1.0,1,0.18078060832324722,0.6051749061372146,0.5270583404781433
903,lewis-hamilton,2014,6,mercedes,2.0,2.0,2.0,0,0.1316560872597151,0.1491812233316733,0.2331675932523129
903,daniel-ricciardo,2014,6,red-bull,3.0,3.0,3.0,0,0.11105445001849963,0.07655463207300832,0.0940215153458149
903,fernando-alonso,2014,6,ferrari,5.0,5.0,4.0,0,0.15285306365604578,0.04172522816773473,0.036654176303927526
903,nico-hulkenberg,2014,6,aston-martin,11.0,11.0,5.0,0,0.02442023118695692,0.00476261144437336,0.002728531129185918
903,jenson-button,2014,6,mclaren,12.0,12.0,6.0,0,0.028946909449142123,0.004376321370834472,0.002335787984424534
903,felipe-massa,2014,6,williams,16.0,16.0,7.0,0,0.004582932021135539,0.0009736004768537336,0.00045625760729880874
903,romain-grosjean,2014,6,alpine,14.0,14.0,8.0,0,0.006032134207913153,0.0014838034553065539,0.0007605966058349165
903,jules-bianchi,2014,6,manor,21.0,19.0,9.0,0,0.0007092955991175207,0.0003300983943565096,0.00015015171944424968
903,kevin-magnussen,2014,6,mclaren,8.0,8.0,10.0,0,0.01631647286501268,0.005727682798303183,0.004000185912516807
903,marcus-ericsson,2014,6,caterham,22.0,22.0,11.0,0,0.00046210052287866664,0.00024716519722364555,0.00011119674503833612
903,kimi-raikkonen,2014,6,ferrari,6.0,6.0,12.0,0,0.12135037813620742,0.02594343092174002,0.020155535495082283
903,kamui-kobayashi,2014,6,caterham,20.0,21.0,13.0,0,0.0007170448644203572,0.00039921593418672767,0.00019176040280392072
903,max-chilton,2014,6,manor,19.0,20.0,14.0,0,0.0009092810357314076,0.00046799390023108465,0.00022783920436949783
903,esteban-gutierrez,2014,6,audi,17.0,17.0,,0,0.0022033261518760393,0.0007162419711723299,0.00034512001515626435
903,valtteri-bottas,2014,6,williams,13.0,13.0,,0,0.010856306504685942,0.0025832710160323693,0.0013957479441157239
903,jean-eric-vergne,2014,6,racing-bulls,7.0,7.0,,0,0.0022869751499008596,0.003055607106572392,0.002622506626673799
903,adrian-sutil,2014,6,audi,18.0,18.0,,0,0.0026971198333207865,0.0007530173353186229,0.0003495135086236884
903,daniil-kvyat,2014,6,racing-bulls,9.0,9.0,,0,0.010568248355631466,0.006062839087838822,0.004425416535845484
903,sebastian-vettel,2014,6,red-bull,4.0,4.0,,0,0.1744133247816908,0.06532946590501632,0.0663113338080486
903,sergio-perez,2014,6,aston-martin,10.0,10.0,,0,0.016183710076870656,0.004151643975008939,0.0025308933753386137
904,daniel-ricciardo,2014,7,red-bull,6.0,6.0,1.0,1,0.09912651823561276,0.023200610224717796,0.018401175950713743
904,nico-rosberg,2014,7,mercedes,1.0,1.0,2.0,0,0.22597443613037374,0.6498338918451088,0.5631103402259332
904,sebastian-vettel,2014,7,red-bull,3.0,3.0,3.0,0,0.1144079564885305,0.08298024278456669,0.10468921402833528
904,jenson-button,2014,7,mclaren,9.0,9.0,4.0,0,0.033212907692725856,0.007416388254790004,0.004806553112439285
904,nico-hulkenberg,2014,7,aston-martin,11.0,11.0,5.0,0,0.024365790523644813,0.004840604559677998,0.002822883470759792
904,fernando-alonso,2014,7,ferrari,7.0,7.0,6.0,0,0.15332266257115873,0.023430936966778507,0.016624725743641527
904,valtteri-bottas,2014,7,williams,4.0,4.0,7.0,0,0.00842089962538168,0.015799173809394364,0.019039225152451003
904,jean-eric-vergne,2014,7,racing-bulls,8.0,8.0,8.0,0,0.0016492900384246763,0.002104857376786255,0.0017061648799079287
904,kevin-magnussen,2014,7,mclaren,12.0,12.0,9.0,0,0.017414353726595277,0.0028572321961722515,0.0015237229079569515
904,kimi-raikkonen,2014,7,ferrari,10.0,10.0,10.0,0,0.10969051558450969,0.010064270231499148,0.005617794102150349
904,sergio-perez,2014,7,aston-martin,13.0,13.0,11.0,0,0.012680157352203453,0.0022738283511601733,0.0011827553442445634
904,felipe-massa,2014,7,williams,5.0,5.0,12.0,0,0.004832524383187319,0.007246800865970509,0.007505558466941576
904,adrian-sutil,2014,7,audi,16.0,16.0,13.0,0,0.001954238955908689,0.0007891890745793367,0.00040855614782067814
904,esteban-gutierrez,2014,7,audi,22.0,,14.0,0,0.001621119889353578,0.00040253014946866044,0.00016828538084590522
904,romain-grosjean,2014,7,alpine,14.0,14.0,,0,0.007589084104630585,0.001597833035811463,0.0008146260913992083
904,daniil-kvyat,2014,7,racing-bulls,15.0,15.0,,0,0.006112623120200883,0.0018821203665797734,0.001007239231135533
904,lewis-hamilton,2014,7,mercedes,2.0,2.0,,0,0.16458610800716514,0.16020204695800616,0.24913550872737006
904,kamui-kobayashi,2014,7,caterham,21.0,20.0,,0,0.0009711698384660708,0.0004049164808890361,0.0001860314587597094
904,pastor-maldonado,2014,7,alpine,17.0,17.0,,0,0.009145831818895169,0.0013179091217152053,0.0005905292369149947
904,marcus-ericsson,2014,7,caterham,20.0,21.0,,0,0.000710864166991107,0.000350682187194471,0.00016625121975184152
904,max-chilton,2014,7,manor,18.0,18.0,,0,0.0011762631421439087,0.0005480858131303985,0.0002735427595036264
904,jules-bianchi,2014,7,manor,19.0,19.0,,0,0.0010346846038962855,0.0004558493460030216,0.00021931636102321124
905,nico-rosberg,2014,8,mercedes,3.0,3.0,1.0,1,0.19584337240918584,0.22692433869024944,0.24641539468657422
905,lewis-hamilton,2014,8,mercedes,9.0,9.0,2.0,0,0.10877751075552025,0.023177290810933178,0.012042730112744916
905,valtteri-bottas,2014,8,williams,2.0,2.0,3.0,0,0.01083880510845572,0.1299595920019635,0.22057835331755038
905,felipe-massa,2014,8,williams,1.0,1.0,4.0,0,0.0058846596345081634,0.26906193169051734,0.2535247838677779
905,fernando-alonso,2014,8,ferrari,4.0,4.0,5.0,0,0.15555449810402774,0.13772570237944876,0.12746695032165986
905,sergio-perez,2014,8,aston-martin,15.0,11.0,6.0,0,0.014931023564113856,0.00429438811895312,0.0017997980304730841
905,kevin-magnussen,2014,8,mclaren,6.0,6.0,7.0,0,0.020349324985439333,0.021883618773941498,0.01642583464260238
905,daniel-ricciardo,2014,8,red-bull,5.0,5.0,8.0,0,0.13436863988976003,0.0812390270621598,0.06409388178552199
905,nico-hulkenberg,2014,8,aston-martin,10.0,10.0,9.0,0,0.030343178436693048,0.014240161473448497,0.007849459899698152
905,kimi-raikkonen,2014,8,ferrari,8.0,8.0,10.0,0,0.1069727753272482,0.032568579953239106,0.01893212735513917
905,jenson-button,2014,8,mclaren,11.0,12.0,11.0,0,0.04209537001576765,0.013318058304339684,0.006684235360815175
905,pastor-maldonado,2014,8,alpine,13.0,14.0,12.0,0,0.005920819936104452,0.003942603283978873,0.0019527654529760605
905,adrian-sutil,2014,8,audi,16.0,17.0,13.0,0,0.00233536785300453,0.0019337787860164305,0.0008892325490997105
905,romain-grosjean,2014,8,alpine,22.0,16.0,14.0,0,0.004964099126985555,0.0014271605066739407,0.0004968490056731888
905,jules-bianchi,2014,8,manor,18.0,19.0,15.0,0,0.000854395795939038,0.0010490704420425046,0.0004758439348922112
905,kamui-kobayashi,2014,8,caterham,19.0,20.0,16.0,0,0.0008188091422411013,0.0010117573234074775,0.0004509319573750628
905,max-chilton,2014,8,manor,21.0,21.0,17.0,0,0.0009632934919004631,0.0008821094835078703,0.00036109026460650554
905,marcus-ericsson,2014,8,caterham,20.0,22.0,18.0,0,0.0006176879893977396,0.0007563429618050811,0.0003253610783468564
905,esteban-gutierrez,2014,8,audi,17.0,18.0,19.0,0,0.0019317086434243146,0.0015212571916986197,0.0006712322485081998
905,jean-eric-vergne,2014,8,racing-bulls,14.0,15.0,,0,0.001999206767241183,0.0020994577402498925,0.0010479158267616246
905,sebastian-vettel,2014,8,red-bull,12.0,13.0,,0,0.1497547976389948,0.020037753613015425,0.008806420813355842
905,daniil-kvyat,2014,8,racing-bulls,7.0,7.0,,0,0.0038806553840470236,0.01094601940841001,0.008708807487847584
906,lewis-hamilton,2014,9,mercedes,6.0,6.0,1.0,1,0.13669390771303921,0.022157992300141836,0.016588909874218488
906,valtteri-bottas,2014,9,williams,14.0,16.0,2.0,0,0.016655437954905344,0.0025412313981700166,0.0012724640419324532
906,daniel-ricciardo,2014,9,red-bull,8.0,8.0,3.0,0,0.10123661818832452,0.014757907627406804,0.009714422165803357
906,jenson-button,2014,9,mclaren,3.0,3.0,4.0,0,0.042297371844534,0.05178612894692841,0.06886058760548912
906,sebastian-vettel,2014,9,red-bull,2.0,2.0,5.0,0,0.09057260778763328,0.14146709242268826,0.23524424268928393
906,fernando-alonso,2014,9,ferrari,16.0,18.0,6.0,0,0.1571450255334722,0.005844754468425014,0.0023851755032292467
906,kevin-magnussen,2014,9,mclaren,5.0,5.0,7.0,0,0.02480682046568515,0.014845380236154676,0.013997409833262513
906,nico-hulkenberg,2014,9,aston-martin,4.0,4.0,8.0,0,0.03423339539804507,0.030392424922307582,0.034093562782230816
906,daniil-kvyat,2014,9,racing-bulls,9.0,9.0,9.0,0,0.002658935721691334,0.0026419924596550338,0.0020220185982581904
906,jean-eric-vergne,2014,9,racing-bulls,10.0,10.0,10.0,0,0.0014643743179074203,0.0014350511295002125,0.0010211339550026297
906,sergio-perez,2014,9,aston-martin,7.0,7.0,11.0,0,0.018217836566076534,0.007477597629499331,0.005754769056729071
906,romain-grosjean,2014,9,alpine,11.0,11.0,12.0,0,0.005123259762458236,0.0020415231092775375,0.0012567080360350107
906,adrian-sutil,2014,9,audi,13.0,15.0,13.0,0,0.002447225322216316,0.0012429635600722765,0.0007318781606454255
906,jules-bianchi,2014,9,manor,12.0,12.0,14.0,0,0.0009788292996218454,0.0009705700994932933,0.0006388516727059998
906,kamui-kobayashi,2014,9,caterham,22.0,,15.0,0,0.0009081051401659594,0.0003617041197502207,0.00016186739586588196
906,max-chilton,2014,9,manor,17.0,13.0,16.0,0,0.001054316785784117,0.0005688220566009235,0.00029669411923493027
906,pastor-maldonado,2014,9,alpine,20.0,,17.0,0,0.006235040346887274,0.0008577213273576951,0.0003542572343174501
906,nico-rosberg,2014,9,mercedes,1.0,1.0,,0,0.24292533328732135,0.6927759404721968,0.6031921174725907
906,marcus-ericsson,2014,9,caterham,21.0,,,0,0.0006621741973920248,0.00031119804527059315,0.00014348515688575463
906,esteban-gutierrez,2014,9,audi,19.0,14.0,,0,0.0018581131463047088,0.0005363496895592656,0.0002447504922049973
906,felipe-massa,2014,9,williams,15.0,17.0,,0,0.009169035981707952,0.0014673140950229471,0.0006999207118727823
906,kimi-raikkonen,2014,9,ferrari,18.0,19.0,,0,0.10265623523882625,0.003518339884521172,0.0013247734422012318
907,nico-rosberg,2014,10,mercedes,1.0,1.0,1.0,1,0.1759575356404083,0.6971124954539563,0.6325079571357841
907,valtteri-bottas,2014,10,williams,2.0,2.0,2.0,0,0.02204629313357993,0.09778508395294166,0.18472261160899214
907,lewis-hamilton,2014,10,mercedes,20.0,16.0,3.0,0,0.1370217943087278,0.0036945978813109816,0.0012900646158499236
907,sebastian-vettel,2014,10,red-bull,6.0,6.0,4.0,0,0.1202115119959694,0.02982119913343501,0.024059942178915848
907,fernando-alonso,2014,10,ferrari,7.0,7.0,5.0,0,0.1412206635197421,0.028095506378224135,0.020838913997530885
907,daniel-ricciardo,2014,10,red-bull,5.0,5.0,6.0,0,0.137459022487273,0.04471419699409924,0.040776024687122596
907,nico-hulkenberg,2014,10,aston-martin,9.0,9.0,7.0,0,0.04097937958040366,0.010076133043862292,0.006705949639813439
907,jenson-button,2014,10,mclaren,11.0,11.0,8.0,0,0.05889672838722924,0.008023449228185296,0.0045233383251570055
907,kevin-magnussen,2014,10,mclaren,4.0,4.0,9.0,0,0.03351754319600292,0.029428579545591346,0.03256264928230895
907,sergio-perez,2014,10,aston-martin,10.0,10.0,10.0,0,0.02152526482681168,0.00528840192738945,0.0032716773286776066
907,kimi-raikkonen,2014,10,ferrari,12.0,12.0,11.0,0,0.07458061915959091,0.0071178559592997605,0.003672163627053111
907,pastor-maldonado,2014,10,alpine,18.0,19.0,12.0,0,0.006559863957477178,0.0012533666617981325,0.0005702192810884555
907,jean-eric-vergne,2014,10,racing-bulls,13.0,13.0,13.0,0,0.0023070653313495763,0.0013466752851115215,0.0008062803141304454
907,esteban-gutierrez,2014,10,audi,16.0,14.0,14.0,0,0.0017793994605816237,0.0008314793390339656,0.0004382212393551494
907,jules-bianchi,2014,10,manor,17.0,18.0,15.0,0,0.0013073043795508296,0.0007390728192479927,0.0003909552698414527
907,kamui-kobayashi,2014,10,caterham,19.0,20.0,16.0,0,0.0010721168398426192,0.000609118882929654,0.0003080387797398267
907,max-chilton,2014,10,manor,21.0,21.0,17.0,0,0.0013501874610651909,0.0005295169584399924,0.00024321964909690882
907,marcus-ericsson,2014,10,caterham,22.0,,18.0,0,0.0006464869954753566,0.00032955961145057907,0.0001507915250347515
907,adrian-sutil,2014,10,audi,15.0,17.0,,0,0.0027106382957466754,0.0012580471979292632,0.0006934501143943452
907,daniil-kvyat,2014,10,racing-bulls,8.0,8.0,,0,0.004077731608600794,0.004619960796984369,0.0038359323601441964
907,romain-grosjean,2014,10,alpine,14.0,15.0,,0,0.005867090952470736,0.001767044355589565,0.0009506367302516876
907,felipe-massa,2014,10,williams,3.0,3.0,,0,0.008905758482100548,0.02555865859318946,0.03668096230971713
908,daniel-ricciardo,2014,11,red-bull,4.0,4.0,1.0,1,0.13516167986606242,0.05580453794032328,0.055921832163362516
908,fernando-alonso,2014,11,ferrari,5.0,5.0,2.0,0,0.1301533411164147,0.0419044206500236,0.03710748849524111
908,lewis-hamilton,2014,11,mercedes,22.0,,3.0,0,0.1501972705097147,0.0028373879230777195,0.0008751550058607291
908,nico-rosberg,2014,11,mercedes,1.0,1.0,4.0,0,0.19596121955731755,0.6361318753983615,0.5434300991571137
908,felipe-massa,2014,11,williams,6.0,6.0,5.0,0,0.00694845798472239,0.006011060004605453,0.0051835570312199954
908,kimi-raikkonen,2014,11,ferrari,16.0,17.0,6.0,0,0.06518987932004279,0.0035608816913240545,0.0014444730245955018
908,sebastian-vettel,2014,11,red-bull,2.0,2.0,7.0,0,0.12246249366565665,0.16747238436393444,0.26669577432052266
908,valtteri-bottas,2014,11,williams,3.0,3.0,8.0,0,0.022974175545191426,0.046108158611733646,0.06351291202101327
908,jean-eric-vergne,2014,11,racing-bulls,8.0,8.0,9.0,0,0.002058244242906974,0.0026134323773843245,0.0020795293177353234
908,jenson-button,2014,11,mclaren,7.0,7.0,10.0,0,0.054941679623689774,0.014547663704735609,0.010558843589301212
908,adrian-sutil,2014,11,audi,11.0,12.0,11.0,0,0.00206666605595029,0.0016218097031208802,0.001056172968937877
908,kevin-magnussen,2014,11,mclaren,21.0,10.0,12.0,0,0.032049328670046076,0.0015395936365394948,0.0005347980207148394
908,pastor-maldonado,2014,11,alpine,20.0,,13.0,0,0.005401165916443521,0.0008661413623871915,0.0003544355021123939
908,daniil-kvyat,2014,11,racing-bulls,10.0,11.0,14.0,0,0.002674721048043387,0.002167934600703465,0.0014874421224134891
908,jules-bianchi,2014,11,manor,15.0,16.0,15.0,0,0.0013051244804535512,0.000799451490580051,0.00043634912995884343
908,max-chilton,2014,11,manor,18.0,19.0,16.0,0,0.00129671587944435,0.0005848534633114248,0.0002825664093290728
908,esteban-gutierrez,2014,11,audi,13.0,14.0,,0,0.001609360910974129,0.0010203466197749337,0.0005936441310036162
908,kamui-kobayashi,2014,11,caterham,17.0,18.0,,0,0.001056060246356468,0.0006368368163505197,0.0003291467056363348
908,sergio-perez,2014,11,aston-martin,12.0,13.0,,0,0.021085685791963727,0.0033478383169658053,0.0017386285635025492
908,nico-hulkenberg,2014,11,aston-martin,9.0,9.0,,0,0.040642376143417064,0.008756692825837905,0.005526900218625694
908,romain-grosjean,2014,11,alpine,14.0,15.0,,0,0.004131427193185349,0.0013025471746668038,0.0006758915851649329
908,marcus-ericsson,2014,11,caterham,19.0,20.0,,0,0.0006329262320027638,0.00036415132425791366,0.0001743605166343722
909,daniel-ricciardo,2014,12,red-bull,5.0,5.0,1.0,1,0.14813343458217662,0.038214151700988803,0.03322684306184013
909,nico-rosberg,2014,12,mercedes,1.0,1.0,2.0,0,0.1984145358666012,0.6068468173604004,0.5234264955413396
909,valtteri-bottas,2014,12,williams,6.0,6.0,3.0,0,0.025502370969620443,0.01397640345999742,0.012118223035211552
909,kimi-raikkonen,2014,12,ferrari,8.0,8.0,4.0,0,0.07053579691160623,0.011206794253612894,0.007259256693887375
909,sebastian-vettel,2014,12,red-bull,3.0,3.0,5.0,0,0.12385921770309666,0.07952554184675927,0.09723797116023622
909,jenson-button,2014,12,mclaren,10.0,10.0,6.0,0,0.04659865090327252,0.007099673065459085,0.004150219789671801
909,fernando-alonso,2014,12,ferrari,4.0,4.0,7.0,0,0.1441430400014818,0.06064889379437116,0.06263341667350855
909,sergio-perez,2014,12,aston-martin,13.0,13.0,8.0,0,0.0109528548099863,0.0021375531652335807,0.0011111362605195027
909,daniil-kvyat,2014,12,racing-bulls,11.0,11.0,9.0,0,0.002750019409518474,0.00172868902551505,0.00111645170948777
909,nico-hulkenberg,2014,12,aston-martin,18.0,18.0,10.0,0,0.020454239286915227,0.0019404383630980291,0.0008134138405029494
909,jean-eric-vergne,2014,12,racing-bulls,12.0,12.0,11.0,0,0.002433402174435334,0.0013658268106602701,0.000831827026081153
909,kevin-magnussen,2014,12,mclaren,7.0,7.0,12.0,0,0.027099637509295702,0.00875308102264721,0.006481167735302856
909,felipe-massa,2014,12,williams,9.0,9.0,13.0,0,0.008602373095929044,0.003205539581810591,0.0021100221857296188
909,adrian-sutil,2014,12,audi,14.0,14.0,14.0,0,0.002007217552098398,0.0010428857140167746,0.0005889944943047053
909,esteban-gutierrez,2014,12,audi,20.0,20.0,15.0,0,0.0013101572679375714,0.0004191340707390362,0.00018616027613933876
909,max-chilton,2014,12,manor,19.0,19.0,16.0,0,0.0012969546889913168,0.0005073745020788424,0.00023897381708318864
909,marcus-ericsson,2014,12,caterham,22.0,22.0,17.0,0,0.0004910350200877054,0.00024651374127564,0.00011025567968684096
909,jules-bianchi,2014,12,manor,16.0,16.0,18.0,0,0.001328680326116047,0.0006901888417017023,0.0003647097411064167
909,lewis-hamilton,2014,12,mercedes,2.0,2.0,,0,0.15602255239214205,0.1581503774162439,0.24488165884142218
909,romain-grosjean,2014,12,alpine,15.0,15.0,,0,0.002980611257073445,0.000947969591736554,0.000483192225460023
909,pastor-maldonado,2014,12,alpine,17.0,17.0,,0,0.004452813303302023,0.0010265450893677068,0.0004819978513572116
909,andre-lotterer,2014,12,caterham,21.0,21.0,,0,0.0006304049683158317,0.00031960758228614163,0.00014761236012106237
910,lewis-hamilton,2014,13,mercedes,1.0,1.0,1.0,1,0.10049411640153944,0.5337209766636103,0.44350972432892505
910,nico-rosberg,2014,13,mercedes,2.0,2.0,2.0,0,0.16815166992907654,0.24045921797320077,0.35979081574815824
910,felipe-massa,2014,13,williams,4.0,4.0,3.0,0,0.00972632681658836,0.017161107001602924,0.018192285329366467
910,valtteri-bottas,2014,13,williams,3.0,3.0,4.0,0,0.031918846586409054,0.06601697929265817,0.08523544038066237
910,daniel-ricciardo,2014,13,red-bull,9.0,9.0,5.0,0,0.1810355767936692,0.02022309631939329,0.011094737774560541
910,sebastian-vettel,2014,13,red-bull,8.0,8.0,6.0,0,0.14428221529847726,0.020930753033519503,0.012412859911095185
910,sergio-perez,2014,13,aston-martin,10.0,10.0,7.0,0,0.012817747998812074,0.004692329770201893,0.0027280690585467964
910,jenson-button,2014,13,mclaren,6.0,6.0,8.0,0,0.049384565334543544,0.02278014075226674,0.017702230618214083
910,kimi-raikkonen,2014,13,ferrari,11.0,12.0,9.0,0,0.08064878117686179,0.009125005078078697,0.004488213537460868
910,kevin-magnussen,2014,13,mclaren,5.0,5.0,10.0,0,0.02614876646837552,0.019547279290376324,0.017116377635332976
910,daniil-kvyat,2014,13,racing-bulls,21.0,11.0,11.0,0,0.0036992540284779165,0.000868127206767434,0.00033856588411509557
910,nico-hulkenberg,2014,13,aston-martin,13.0,14.0,12.0,0,0.02256905003387792,0.00454037500722453,0.0022199014515909654
910,jean-eric-vergne,2014,13,racing-bulls,12.0,13.0,13.0,0,0.0031368414814372182,0.001981853786191986,0.0011230313042101933
910,pastor-maldonado,2014,13,alpine,16.0,17.0,14.0,0,0.0030429392721845042,0.0012733485944544452,0.0006037598312885027
910,adrian-sutil,2014,13,audi,14.0,15.0,15.0,0,0.0022286299554307725,0.0014279825871546822,0.0007582045724167992
910,romain-grosjean,2014,13,alpine,17.0,18.0,16.0,0,0.002078474528341619,0.0008719202810999225,0.0003963903854669177
910,kamui-kobayashi,2014,13,caterham,18.0,19.0,17.0,0,0.0007606602884523433,0.0006285653397659542,0.0003054206189521804
910,jules-bianchi,2014,13,manor,19.0,20.0,18.0,0,0.0013381048097332164,0.0006744522366310664,0.0003001047852971946
910,marcus-ericsson,2014,13,caterham,22.0,22.0,19.0,0,0.0005376626535644748,0.0003482984263438144,0.00014777818887819143
910,esteban-gutierrez,2014,13,audi,15.0,16.0,20.0,0,0.001467564346722797,0.0009388466680910144,0.0004752186059869431
910,fernando-alonso,2014,13,ferrari,7.0,7.0,,0,0.1531767068191131,0.031165034959662694,0.02079243109863258
910,max-chilton,2014,13,manor,20.0,21.0,,0,0.0013554989783113368,0.0006243097317038993,0.00026843895084188165
911,lewis-hamilton,2014,14,mercedes,1.0,1.0,1.0,1,0.12620224487493398,0.6483606246091774,0.6195815417166516
911,sebastian-vettel,2014,14,red-bull,4.0,4.0,2.0,0,0.14673977398006594,0.0744031506836846,0.08159444074761674
911,daniel-ricciardo,2014,14,red-bull,3.0,3.0,3.0,0,0.18469090883157072,0.14288555766450503,0.19011534782114145
911,fernando-alonso,2014,14,ferrari,5.0,5.0,4.0,0,0.09042684253039654,0.046860076899022905,0.04681691065602598
911,felipe-massa,2014,14,williams,6.0,6.0,5.0,0,0.01399184841736733,0.011184685106904532,0.010319597220527853
911,jean-eric-vergne,2014,14,racing-bulls,12.0,12.0,6.0,0,0.003504656179030315,0.0022765764335166356,0.0014921994706919622
911,sergio-perez,2014,14,aston-martin,15.0,15.0,7.0,0,0.014402759716708333,0.0027707431605127858,0.0014254698920343307
911,kimi-raikkonen,2014,14,ferrari,7.0,7.0,8.0,0,0.059312198816670936,0.019555573595110107,0.015574223685500127
911,nico-hulkenberg,2014,14,aston-martin,13.0,13.0,9.0,0,0.02296998916285677,0.004948751682675718,0.0028069368885262303
911,kevin-magnussen,2014,14,mclaren,9.0,9.0,10.0,0,0.026353554058736937,0.008008765747659897,0.005516413786984556
911,valtteri-bottas,2014,14,williams,8.0,8.0,11.0,0,0.04255466731630423,0.015411142386092756,0.011782666134260322
911,pastor-maldonado,2014,14,alpine,18.0,18.0,12.0,0,0.003094580952814215,0.0011606985385649194,0.0005927661631103344
911,romain-grosjean,2014,14,alpine,16.0,16.0,13.0,0,0.002092456776452664,0.0010663538481449828,0.0005882983752263422
911,daniil-kvyat,2014,14,racing-bulls,10.0,10.0,14.0,0,0.004287256227219237,0.0035846582504972533,0.0026564367214251873
911,marcus-ericsson,2014,14,caterham,22.0,22.0,15.0,0,0.0005499110316711472,0.0003845496451933227,0.00018967035441335998
911,jules-bianchi,2014,14,manor,19.0,19.0,16.0,0,0.0011911288622969834,0.0007169820186821996,0.0003757829806422543
911,max-chilton,2014,14,manor,21.0,21.0,17.0,0,0.0011042685607793611,0.0005731537570368149,0.00028086540169351313
911,jenson-button,2014,14,mclaren,11.0,11.0,,0,0.04952765484905809,0.009016411617469704,0.005444184023853181
911,adrian-sutil,2014,14,audi,17.0,17.0,,0,0.002141370341878596,0.0011238557795658218,0.0006136850266391236
911,esteban-gutierrez,2014,14,audi,14.0,14.0,,0,0.0013348731021236232,0.0011074091010487188,0.0006872546350694707
911,nico-rosberg,2014,14,mercedes,23.0,2.0,,0,0.20352705541106414,0.004600279474933757,0.0015453082979661303
912,lewis-hamilton,2014,15,mercedes,2.0,2.0,1.0,1,0.11493365259049486,0.16714162699221813,0.2619809883551431
912,nico-rosberg,2014,15,mercedes,1.0,1.0,2.0,0,0.1345363653025744,0.603949841897422,0.5271482902705312
912,sebastian-vettel,2014,15,red-bull,9.0,9.0,3.0,0,0.1795323369435198,0.016890712111559913,0.009540376256735443
912,daniel-ricciardo,2014,15,red-bull,6.0,6.0,4.0,0,0.22016844971133034,0.038836776703632565,0.02879298005275192
912,jenson-button,2014,15,mclaren,8.0,8.0,5.0,0,0.032891655723781464,0.010391161265698692,0.007105844236635212
912,valtteri-bottas,2014,15,williams,3.0,3.0,6.0,0,0.043741200356899074,0.06539172182194836,0.08582857968162504
912,felipe-massa,2014,15,williams,4.0,4.0,7.0,0,0.016765569382340702,0.0200739823844851,0.021653004338224324
912,nico-hulkenberg,2014,15,aston-martin,13.0,14.0,8.0,0,0.02606638787366152,0.0042444417449491265,0.0021388583064649914
912,jean-eric-vergne,2014,15,racing-bulls,20.0,11.0,9.0,0,0.004668310914775324,0.0009079735531457782,0.00037438588187117307
912,sergio-perez,2014,15,aston-martin,11.0,12.0,10.0,0,0.017222610032295877,0.004167359205542136,0.002344368804148519
912,daniil-kvyat,2014,15,racing-bulls,12.0,13.0,11.0,0,0.004708182117075863,0.0021645994820544668,0.001256069094340547
912,kimi-raikkonen,2014,15,ferrari,10.0,10.0,12.0,0,0.06512178547277093,0.009049088136855813,0.005053323766473385
912,esteban-gutierrez,2014,15,audi,15.0,16.0,13.0,0,0.0010362446152673442,0.0007344318983795722,0.00039761061754158255
912,kevin-magnussen,2014,15,mclaren,7.0,7.0,14.0,0,0.023875192383087534,0.010321142497517047,0.007707421159363918
912,romain-grosjean,2014,15,alpine,16.0,18.0,15.0,0,0.0024115227604819215,0.0009315822262171783,0.0004573535090332451
912,pastor-maldonado,2014,15,alpine,22.0,17.0,16.0,0,0.003551447519310348,0.0007203520711285257,0.0002862522751517759
912,marcus-ericsson,2014,15,caterham,17.0,19.0,17.0,0,0.0006593428428560771,0.000526067744639486,0.0002734647927442454
912,max-chilton,2014,15,manor,21.0,22.0,18.0,0,0.0011475112075971124,0.0004772659467924571,0.00020927195019203746
912,kamui-kobayashi,2014,15,caterham,19.0,21.0,19.0,0,0.0009527196591389739,0.000569315794121953,0.00027513445795405273
912,jules-bianchi,2014,15,manor,18.0,20.0,20.0,0,0.0012549723844061276,0.0006606839127513493,0.00032127313958870985
912,adrian-sutil,2014,15,audi,14.0,15.0,21.0,0,0.0016191794262866823,0.001140415020824033,0.0006477144789925863
912,fernando-alonso,2014,15,ferrari,5.0,5.0,,0,0.10313536078004784,0.04070945758811643,0.03620743457449286
913,lewis-hamilton,2014,16,mercedes,1.0,1.0,1.0,1,0.13784120395529081,0.5837387437811916,0.4945160708059116
913,nico-rosberg,2014,16,mercedes,2.0,2.0,2.0,0,0.15804521865340274,0.19996022874077046,0.30455754413603164
913,valtteri-bottas,2014,16,williams,3.0,3.0,3.0,0,0.04763331546118199,0.0675868036388068,0.08655162529500565
913,jenson-button,2014,16,mclaren,4.0,4.0,4.0,0,0.03365625477263625,0.034456830999246256,0.03686267153159529
913,kevin-magnussen,2014,16,mclaren,11.0,6.0,5.0,0,0.020769701293549114,0.004399696275255539,0.0023881733759645754
913,fernando-alonso,2014,16,ferrari,7.0,8.0,6.0,0,0.05761323662925555,0.01764195373078078,0.01268869492838054
913,daniel-ricciardo,2014,16,red-bull,6.0,7.0,7.0,0,0.2270584343942113,0.03913217053258262,0.028386835460277603
913,sebastian-vettel,2014,16,red-bull,10.0,11.0,8.0,0,0.18965007825737162,0.01449536871546305,0.007466635528472867
913,kimi-raikkonen,2014,16,ferrari,8.0,9.0,9.0,0,0.04314496723937245,0.011417564260571894,0.0075016404683302266
913,sergio-perez,2014,16,aston-martin,12.0,13.0,10.0,0,0.017555133435839265,0.0036273455632726765,0.0018873760324450276
913,felipe-massa,2014,16,williams,18.0,18.0,11.0,0,0.018861769818314698,0.0016756097458808605,0.0006449740664527885
913,nico-hulkenberg,2014,16,aston-martin,17.0,12.0,12.0,0,0.026805668246485892,0.002737830443427144,0.0011304230684406119
913,jean-eric-vergne,2014,16,racing-bulls,9.0,10.0,13.0,0,0.00542146441519159,0.0037500092295290944,0.002568644126719168
913,daniil-kvyat,2014,16,racing-bulls,5.0,5.0,14.0,0,0.0052604598549099895,0.009899406983074248,0.010045177396568013
913,esteban-gutierrez,2014,16,audi,13.0,14.0,15.0,0,0.0010748166373705538,0.0009784861158113754,0.0005745888060521249
913,adrian-sutil,2014,16,audi,14.0,15.0,16.0,0,0.0014478585010328918,0.0010715309926226423,0.0005995132085176517
913,romain-grosjean,2014,16,alpine,15.0,16.0,17.0,0,0.002289500729712663,0.0010270975376389948,0.0005196096571432669
913,pastor-maldonado,2014,16,alpine,21.0,20.0,18.0,0,0.003260121239498742,0.0007518337714247339,0.00030413652311789117
913,marcus-ericsson,2014,16,caterham,16.0,17.0,19.0,0,0.0006706006029699723,0.0005963009625181884,0.000317586967901118
913,kamui-kobayashi,2014,16,caterham,19.0,19.0,,0,0.0009046110868577872,0.0005542086192422712,0.00026343535351533844
913,max-chilton,2014,16,manor,20.0,21.0,,0,0.0010355847755440634,0.0005009793608888717,0.0002246432631569284
914,lewis-hamilton,2014,17,mercedes,2.0,2.0,1.0,1,0.16271524913477092,0.17803318385601513,0.2743397297950694
914,nico-rosberg,2014,17,mercedes,1.0,1.0,2.0,0,0.18279580598658463,0.6244160592133252,0.5357192482994153
914,daniel-ricciardo,2014,17,red-bull,5.0,5.0,3.0,0,0.19502306192052998,0.04567302928868889,0.038626506634930204
914,felipe-massa,2014,17,williams,4.0,4.0,4.0,0,0.019324965897028135,0.019446082870814473,0.020849598591709533
914,valtteri-bottas,2014,17,williams,3.0,3.0,5.0,0,0.05296342511568529,0.06564834691148023,0.08566419464974007
914,fernando-alonso,2014,17,ferrari,6.0,6.0,6.0,0,0.05865191340989172,0.021126469639823526,0.017207294714834783
914,sebastian-vettel,2014,17,red-bull,18.0,17.0,7.0,0,0.16191072067938206,0.004588527928322142,0.0016463216406400838
914,kevin-magnussen,2014,17,mclaren,7.0,8.0,8.0,0,0.025527925703500955,0.009429720719500713,0.006991068472266815
914,pastor-maldonado,2014,17,alpine,10.0,11.0,9.0,0,0.0026684080674367616,0.0022125028774249993,0.0015217189950713823
914,jean-eric-vergne,2014,17,racing-bulls,14.0,15.0,10.0,0,0.0051279555408127574,0.001596789466463742,0.0008358646335386424
914,romain-grosjean,2014,17,alpine,16.0,18.0,11.0,0,0.0019360207378457319,0.0007928343461705207,0.00039770271026265186
914,jenson-button,2014,17,mclaren,12.0,7.0,12.0,0,0.04089467854188237,0.005340335158575812,0.002766135546366302
914,kimi-raikkonen,2014,17,ferrari,8.0,9.0,13.0,0,0.042634561596960704,0.010314102411218063,0.006921547156589668
914,esteban-gutierrez,2014,17,audi,15.0,16.0,14.0,0,0.0010939647748876517,0.0007138608128351694,0.0003896833637394452
914,daniil-kvyat,2014,17,racing-bulls,17.0,14.0,15.0,0,0.004897836681972379,0.001112765161995624,0.0005114667127738081
914,nico-hulkenberg,2014,17,aston-martin,13.0,13.0,,0,0.023930943636033524,0.0037310561589157035,0.0018950192260153635
914,sergio-perez,2014,17,aston-martin,11.0,12.0,,0,0.016476220686368146,0.0037742748146894945,0.0021403773917592762
914,adrian-sutil,2014,17,audi,9.0,10.0,,0,0.0014263418884262397,0.002050058363740388,0.0015765214652772792
915,nico-rosberg,2014,18,mercedes,1.0,1.0,1.0,1,0.2069042466301906,0.6379570712980227,0.5505739302768138
915,lewis-hamilton,2014,18,mercedes,2.0,2.0,2.0,0,0.18824551203427686,0.18479924216197452,0.2864750915041273
915,felipe-massa,2014,18,williams,3.0,3.0,3.0,0,0.023058430838874596,0.033481613643369074,0.04376047961752385
915,jenson-button,2014,18,mclaren,5.0,5.0,4.0,0,0.03341840230319018,0.02071621148846762,0.019752730119181786
915,sebastian-vettel,2014,18,red-bull,6.0,6.0,5.0,0,0.1493824018693336,0.02730801791609924,0.02078151268558812
915,fernando-alonso,2014,18,ferrari,8.0,8.0,6.0,0,0.0525130711709531,0.012251347611846555,0.008436192376696773
915,kimi-raikkonen,2014,18,ferrari,10.0,10.0,7.0,0,0.03446678014213941,0.006194006635158904,0.0036676601691528333
915,nico-hulkenberg,2014,18,aston-martin,12.0,12.0,8.0,0,0.012951433060310606,0.0032215322132406726,0.0018210987213894635
915,kevin-magnussen,2014,18,mclaren,7.0,7.0,9.0,0,0.02363034815861127,0.00912930608655811,0.006940984360564255
915,valtteri-bottas,2014,18,williams,4.0,4.0,10.0,0,0.059008267669872126,0.04070579325145985,0.0440556930374289
915,daniil-kvyat,2014,18,racing-bulls,17.0,14.0,11.0,0,0.0041301939571239,0.00098978382815512,0.0004646255558671498
915,pastor-maldonado,2014,18,alpine,16.0,18.0,12.0,0,0.0030474876668092517,0.0010348015360222608,0.0005235023572873755
915,jean-eric-vergne,2014,18,racing-bulls,15.0,16.0,13.0,0,0.004850900601987274,0.0013739444002644648,0.0007017235052044658
915,esteban-gutierrez,2014,18,audi,11.0,11.0,14.0,0,0.000978222216240456,0.0011445289963912819,0.0007892933904431387
915,sergio-perez,2014,18,aston-martin,18.0,17.0,15.0,0,0.009076225762417409,0.001255356983426783,0.0005403180091994629
915,adrian-sutil,2014,18,audi,13.0,13.0,16.0,0,0.0011449471615079664,0.0009675210839518427,0.0005970662068154327
915,romain-grosjean,2014,18,alpine,14.0,15.0,17.0,0,0.0021683945233398603,0.0010130699742120248,0.0005596237243106285
915,daniel-ricciardo,2014,18,red-bull,9.0,9.0,,0,0.19102473423282149,0.016456850891379018,0.009558474382405304
916,lewis-hamilton,2014,19,mercedes,2.0,2.0,1.0,1,0.22716390611607376,0.1887804064412276,0.2881489477202906
916,felipe-massa,2014,19,williams,4.0,4.0,2.0,0,0.02737768039899437,0.021495359742977803,0.022985010283265717
916,valtteri-bottas,2014,19,williams,3.0,3.0,3.0,0,0.05879576704316106,0.060808083899574775,0.07905841554195873
916,daniel-ricciardo,2014,19,red-bull,19.0,,4.0,0,0.11697293855167794,0.0034560174349129486,0.0012415438007230242
916,jenson-button,2014,19,mclaren,6.0,6.0,5.0,0,0.03927503308263155,0.01557838492139589,0.013003901350092615
916,nico-hulkenberg,2014,19,aston-martin,12.0,12.0,6.0,0,0.013035877252794918,0.0031099767727205668,0.001758326861657299
916,sergio-perez,2014,19,aston-martin,11.0,11.0,7.0,0,0.008227578718898884,0.0025803588656381072,0.0015434671325620492
916,sebastian-vettel,2014,19,red-bull,20.0,,8.0,0,0.1176961874424535,0.0031834593393232297,0.0011050894158166358
916,fernando-alonso,2014,19,ferrari,8.0,8.0,9.0,0,0.05779195146148201,0.012029017221228988,0.008201319682121682
916,kimi-raikkonen,2014,19,ferrari,7.0,7.0,10.0,0,0.038021838292105224,0.011126100345948757,0.00828048335201155
916,kevin-magnussen,2014,19,mclaren,9.0,9.0,11.0,0,0.025290128142749307,0.005709316403659091,0.0036274353743511265
916,jean-eric-vergne,2014,19,racing-bulls,10.0,10.0,12.0,0,0.004815324879231709,0.0025600564983416126,0.001708625830584145
916,romain-grosjean,2014,19,alpine,18.0,14.0,13.0,0,0.001955152090671433,0.000596042997644916,0.0002787836094437592
916,nico-rosberg,2014,19,mercedes,1.0,1.0,14.0,0,0.2527772228205144,0.6575507913717488,0.5587896136714449
916,esteban-gutierrez,2014,19,audi,14.0,15.0,15.0,0,0.0010082142045115918,0.0007375331612240289,0.0004316346842539275
916,adrian-sutil,2014,19,audi,13.0,13.0,16.0,0,0.0011270012746802617,0.0009061418224867048,0.0005575062195288379
916,will-stevens,2014,19,caterham,17.0,18.0,17.0,0,0.0006238770173468416,0.00045571558055158465,0.00024391793701819805
916,kamui-kobayashi,2014,19,caterham,16.0,17.0,,0,0.0007371166628724608,0.0005697257916839212,0.00031777100654110875
916,pastor-maldonado,2014,19,alpine,15.0,16.0,,0,0.0029507477589633567,0.001092870666979486,0.000578402235131428
916,daniil-kvyat,2014,19,racing-bulls,5.0,5.0,,0,0.004356456788185495,0.0076746407207311075,0.008139804291202703
917,lewis-hamilton,2015,1,mercedes,1.0,1.0,1.0,1,0.30399216227765397,0.6571043510467938,0.5595846016844174
917,nico-rosberg,2015,1,mercedes,2.0,2.0,2.0,0,0.2823673164067632,0.19845049866806141,0.2972643912207334
917,sebastian-vettel,2015,1,ferrari,4.0,4.0,3.0,0,0.05199900620920927,0.031626650595533656,0.03378077863293563
917,felipe-massa,2015,1,williams,3.0,3.0,4.0,0,0.05419160915334461,0.04490097366241459,0.05601580640199674
917,felipe-nasr,2015,1,audi,10.0,11.0,5.0,0,0.0012661916181201257,0.0013223997902961052,0.0009621098120131552
917,daniel-ricciardo,2015,1,red-bull,6.0,7.0,6.0,0,0.16019364095383118,0.026874035226397832,0.02095246873380958
917,nico-hulkenberg,2015,1,aston-martin,13.0,14.0,7.0,0,0.019148107178437613,0.002993848985463029,0.0016096598279690115
917,marcus-ericsson,2015,1,audi,15.0,16.0,8.0,0,0.0012192609914284563,0.0006590495557948461,0.0003711948833911035
917,carlos-sainz-jr,2015,1,racing-bulls,7.0,8.0,9.0,0,0.004745469606585679,0.004245583809529722,0.00360222848302041
917,sergio-perez,2015,1,aston-martin,14.0,15.0,10.0,0,0.013313066558644827,0.0020275668976820595,0.0010415303906904413
917,jenson-button,2015,1,mclaren,16.0,17.0,11.0,0,0.05186834397741442,0.0032861705735124204,0.0014680731444595032
917,kimi-raikkonen,2015,1,ferrari,5.0,5.0,,0,0.046166653444951314,0.020054938347389393,0.01861201331170896
917,max-verstappen,2015,1,racing-bulls,11.0,12.0,,0,0.004745469606585679,0.002014887477824525,0.0012849623225013767
917,romain-grosjean,2015,1,alpine,8.0,9.0,,0,0.0021387179126418697,0.0022615151795804603,0.0018224097775969735
917,pastor-maldonado,2015,1,alpine,9.0,10.0,,0,0.0026449841043877168,0.002177530183726189,0.001627771372756252
918,sebastian-vettel,2015,2,ferrari,2.0,2.0,1.0,1,0.035209925032161075,0.09355448514179271,0.16433521099895346
918,lewis-hamilton,2015,2,mercedes,1.0,1.0,2.0,0,0.2699320905732391,0.6786148309306331,0.6015945819234848
918,nico-rosberg,2015,2,mercedes,3.0,3.0,3.0,0,0.2475889359206492,0.10404939372312072,0.12559294747521288
918,kimi-raikkonen,2015,2,ferrari,11.0,11.0,4.0,0,0.025483425251530214,0.0044347895983249085,0.0026566608363657366
918,valtteri-bottas,2015,2,williams,8.0,9.0,5.0,0,0.08182618443349718,0.013729288577291224,0.00959435094731395
918,felipe-massa,2015,2,williams,7.0,7.0,6.0,0,0.046334160278492416,0.011258482556490786,0.0085762500705077
918,max-verstappen,2015,2,racing-bulls,6.0,6.0,7.0,0,0.0008760731126403311,0.001963300374307212,0.001953900300756442
918,carlos-sainz-jr,2015,2,racing-bulls,15.0,15.0,8.0,0,0.010350739521149148,0.0026677512576514257,0.0014761852078683095
918,daniil-kvyat,2015,2,red-bull,5.0,5.0,9.0,0,0.07778661453290629,0.025785770954893334,0.023812383047824136
918,daniel-ricciardo,2015,2,red-bull,4.0,4.0,10.0,0,0.11178780501718723,0.048652165338123644,0.051667669692264155
918,romain-grosjean,2015,2,alpine,10.0,8.0,11.0,0,0.0011412396245841974,0.001295023669936422,0.000970110258595273
918,felipe-nasr,2015,2,audi,16.0,16.0,12.0,0,0.0024096982275824,0.0010266995770150285,0.0005694257838028786
918,sergio-perez,2015,2,aston-martin,14.0,14.0,13.0,0,0.00968010469546544,0.0019052443976763985,0.0010286828199598268
918,nico-hulkenberg,2015,2,aston-martin,13.0,13.0,14.0,0,0.014385432491195256,0.002881732123963922,0.0016283390953218788
918,roberto-merhi,2015,2,manor,19.0,,15.0,0,0.0006324787570732038,0.00036774357941951326,0.00019150130255449194
918,pastor-maldonado,2015,2,alpine,12.0,12.0,,0,0.0013968787466155683,0.00111255207591272,0.0007422603743035501
918,jenson-button,2015,2,mclaren,17.0,17.0,,0,0.028825589559370268,0.00249686404487103,0.0011459302886026672
918,fernando-alonso,2015,2,mclaren,18.0,18.0,,0,0.03304445611880706,0.0025126012624506837,0.0011117573291701524
918,marcus-ericsson,2015,2,audi,9.0,10.0,,0,0.0013081681058544788,0.0016912808161252144,0.0013518522471377497
919,lewis-hamilton,2015,3,mercedes,1.0,1.0,1.0,1,0.29216178628484024,0.6494396532091707,0.5545844028087963
919,nico-rosberg,2015,3,mercedes,2.0,2.0,2.0,0,0.2656623405174606,0.19308636317276678,0.2900483193983455
919,sebastian-vettel,2015,3,ferrari,3.0,3.0,3.0,0,0.04875424559893912,0.05117345455118042,0.06615110483009076
919,kimi-raikkonen,2015,3,ferrari,6.0,6.0,4.0,0,0.03447083201564239,0.012642476770413538,0.010560155595135597
919,felipe-massa,2015,3,williams,4.0,4.0,5.0,0,0.04949693239906485,0.02700387617055693,0.028245547274654375
919,valtteri-bottas,2015,3,williams,5.0,5.0,6.0,0,0.08617510154486632,0.028110254833335863,0.025490339330433084
919,romain-grosjean,2015,3,alpine,8.0,8.0,7.0,0,0.0011279223343348662,0.0017550523738501182,0.0014702633650835796
919,felipe-nasr,2015,3,audi,9.0,9.0,8.0,0,0.00290392059365213,0.0029043652811982235,0.002252283733371281
919,daniel-ricciardo,2015,3,red-bull,7.0,7.0,9.0,0,0.08951849144327824,0.016123904925823856,0.011761796675923582
919,marcus-ericsson,2015,3,audi,10.0,10.0,10.0,0,0.0010699205744860454,0.0011706452992166644,0.0008521763948584719
919,sergio-perez,2015,3,aston-martin,15.0,15.0,11.0,0,0.008030647053379194,0.0014530349237716867,0.0007343741573852483
919,fernando-alonso,2015,3,mclaren,18.0,18.0,12.0,0,0.017112153880540902,0.0017313542945281998,0.0007672403225801722
919,carlos-sainz-jr,2015,3,racing-bulls,14.0,14.0,13.0,0,0.006786240697219663,0.0018602720059880558,0.0010266595316747232
919,jenson-button,2015,3,mclaren,17.0,17.0,14.0,0,0.015013615028020916,0.0017278184988531212,0.0007941676325135389
919,will-stevens,2015,3,manor,19.0,19.0,15.0,0,0.001107991100757256,0.000508180930753406,0.00025507105366853224
919,roberto-merhi,2015,3,manor,20.0,20.0,16.0,0,0.0006527240628493,0.0003163278597215249,0.0001539819874241465
919,max-verstappen,2015,3,racing-bulls,13.0,13.0,17.0,0,0.002342465562260483,0.0009607913147165645,0.0005576211343187237
919,pastor-maldonado,2015,3,alpine,11.0,11.0,,0,0.0012137049629260608,0.001095626064068284,0.0007504119636292572
919,daniil-kvyat,2015,3,red-bull,12.0,12.0,,0,0.06483721893419404,0.005228292353189011,0.002716207596889157
919,nico-hulkenberg,2015,3,aston-martin,16.0,16.0,,0,0.011561745411287346,0.0017082551668970115,0.0008278752132239505
920,lewis-hamilton,2015,4,mercedes,1.0,1.0,1.0,1,0.3240108657656208,0.6827036474382171,0.5978165506457292
920,kimi-raikkonen,2015,4,ferrari,4.0,4.0,2.0,0,0.04243781456823668,0.027112255903361568,0.029825368738093123
920,nico-rosberg,2015,4,mercedes,3.0,3.0,3.0,0,0.29237470863361165,0.10342490058589619,0.12331884692046091
920,valtteri-bottas,2015,4,williams,5.0,5.0,4.0,0,0.0878860021937046,0.028297685419669105,0.026402788437931948
920,sebastian-vettel,2015,4,ferrari,2.0,2.0,5.0,0,0.05979538731800674,0.10943763481793913,0.18631444613101283
920,daniel-ricciardo,2015,4,red-bull,7.0,7.0,6.0,0,0.059595657764648986,0.013828734441892214,0.010670060518922631
920,romain-grosjean,2015,4,alpine,10.0,10.0,7.0,0,0.0012697912562926474,0.0013211413802286908,0.0009895179045920344
920,sergio-perez,2015,4,aston-martin,11.0,11.0,8.0,0,0.006364048271904654,0.002242258963880034,0.0014443430070942705
920,daniil-kvyat,2015,4,red-bull,17.0,17.0,9.0,0,0.03629075083509703,0.0022222241787235386,0.0009805496358967246
920,felipe-massa,2015,4,williams,6.0,6.0,10.0,0,0.052583952211918125,0.014354758275919654,0.01195685020129171
920,fernando-alonso,2015,4,mclaren,14.0,14.0,11.0,0,0.014370854270000545,0.0024343698505483236,0.001315782335262623
920,felipe-nasr,2015,4,audi,12.0,12.0,12.0,0,0.003185425327636896,0.001781106070520999,0.0011697208427309902
920,nico-hulkenberg,2015,4,aston-martin,8.0,8.0,13.0,0,0.007956120361131176,0.0044680408226242824,0.00351676050917399
920,marcus-ericsson,2015,4,audi,13.0,13.0,14.0,0,0.001417649805554017,0.0008601538704986396,0.0005384863703755741
920,pastor-maldonado,2015,4,alpine,18.0,16.0,15.0,0,0.001142271897481555,0.0004636374894302243,0.0002396382290107315
920,will-stevens,2015,4,manor,20.0,18.0,16.0,0,0.0009193234032045036,0.0004064912809777301,0.00020360593120674798
920,roberto-merhi,2015,4,manor,19.0,19.0,17.0,0,0.0005812704790194557,0.0003156791188976588,0.00016357458455868462
920,max-verstappen,2015,4,racing-bulls,15.0,15.0,,0,0.002008967550833462,0.000712245007191724,0.0003926231690853417
920,carlos-sainz-jr,2015,4,racing-bulls,9.0,9.0,,0,0.0058091380860963975,0.003613035083583181,0.002740485887569895
921,nico-rosberg,2015,5,mercedes,1.0,1.0,1.0,1,0.2914726643072267,0.6286484576685307,0.5256396206349045
921,lewis-hamilton,2015,5,mercedes,2.0,2.0,2.0,0,0.32971019805907786,0.21949169423836432,0.32260728803190347
921,sebastian-vettel,2015,5,ferrari,3.0,3.0,3.0,0,0.06589083079391382,0.05785627036152232,0.07231233773228965
921,valtteri-bottas,2015,5,williams,4.0,4.0,4.0,0,0.0810786176160801,0.039773639877852505,0.04104990288312772
921,kimi-raikkonen,2015,5,ferrari,7.0,7.0,5.0,0,0.04935147882347178,0.011565680188191662,0.008472419786004463
921,felipe-massa,2015,5,williams,9.0,9.0,6.0,0,0.04576127398134665,0.006855089372766093,0.0042470565027418325
921,daniel-ricciardo,2015,5,red-bull,10.0,10.0,7.0,0,0.05459825073171413,0.007394033785565822,0.004371605142596141
921,romain-grosjean,2015,5,alpine,11.0,11.0,8.0,0,0.0014821702890503758,0.0012251470722517861,0.0008204450539653915
921,carlos-sainz-jr,2015,5,racing-bulls,5.0,5.0,9.0,0,0.003030479039324622,0.006849675542425201,0.0073960113809249835
921,daniil-kvyat,2015,5,red-bull,8.0,8.0,10.0,0,0.0325958778295035,0.007308008654517082,0.004983288200804644
921,max-verstappen,2015,5,racing-bulls,6.0,6.0,11.0,0,0.0013924090636270035,0.0028609290739419345,0.0027601741374699337
921,felipe-nasr,2015,5,audi,15.0,15.0,12.0,0,0.0027827472830380204,0.0011269666286989688,0.0006153677459089473
921,sergio-perez,2015,5,aston-martin,18.0,18.0,13.0,0,0.006246070463235895,0.0009957629893768188,0.00045003175680402054
921,marcus-ericsson,2015,5,audi,16.0,16.0,14.0,0,0.0013503606557119777,0.0005950549549989642,0.000312691253801114
921,nico-hulkenberg,2015,5,aston-martin,17.0,17.0,15.0,0,0.007239739887901326,0.0012197809230591712,0.0005712643057411163
921,jenson-button,2015,5,mclaren,14.0,14.0,16.0,0,0.010895782214269987,0.0020574295596958703,0.0010697503275180606
921,will-stevens,2015,5,manor,19.0,19.0,17.0,0,0.0007531884881501789,0.00039664962094498673,0.00019743361143024552
921,roberto-merhi,2015,5,manor,20.0,20.0,18.0,0,0.0005065012062676509,0.0002721675882950843,0.00013132570467288987
921,pastor-maldonado,2015,5,alpine,12.0,12.0,,0,0.0012058708361377302,0.0009118597887974757,0.0005783836639740163
921,fernando-alonso,2015,5,mclaren,13.0,13.0,,0,0.012655488430950776,0.0025957021102032286,0.001413602143416769
922,nico-rosberg,2015,6,mercedes,2.0,2.0,1.0,1,0.3002832729071472,0.19526041391220172,0.29135628313796996
922,sebastian-vettel,2015,6,ferrari,3.0,3.0,2.0,0,0.07149854510308495,0.057555796591619794,0.07277518576282223
922,lewis-hamilton,2015,6,mercedes,1.0,1.0,3.0,0,0.33377550998511224,0.66192566018654,0.5614539797273712
922,daniil-kvyat,2015,6,red-bull,5.0,5.0,4.0,0,0.02822308075246116,0.014249586025112422,0.013383090329227625
922,daniel-ricciardo,2015,6,red-bull,4.0,4.0,5.0,0,0.04803004883373621,0.030448356827417533,0.032867663334857036
922,kimi-raikkonen,2015,6,ferrari,6.0,6.0,6.0,0,0.05296944372651315,0.014716684589466384,0.012022168991695342
922,sergio-perez,2015,6,aston-martin,7.0,7.0,7.0,0,0.00507029337622849,0.0041556510219814494,0.0035070733514609093
922,jenson-button,2015,6,mclaren,10.0,12.0,8.0,0,0.006773383538595474,0.002810214795743491,0.0018861701656230257
922,felipe-nasr,2015,6,audi,14.0,16.0,9.0,0,0.002576409411526271,0.0011501936293707479,0.0006672734900420678
922,carlos-sainz-jr,2015,6,racing-bulls,20.0,8.0,10.0,0,0.003313610067831397,0.000688912687007308,0.00031287603084114584
922,nico-hulkenberg,2015,6,aston-martin,11.0,13.0,11.0,0,0.005693889951079737,0.002147985391527961,0.001361996598929013
922,romain-grosjean,2015,6,alpine,15.0,11.0,12.0,0,0.0014783287617672657,0.00072102877462667,0.0004050181949316712
922,marcus-ericsson,2015,6,audi,17.0,18.0,13.0,0,0.0013191143596113944,0.0005101944379512163,0.00026240262732635727
922,valtteri-bottas,2015,6,williams,16.0,17.0,14.0,0,0.08173241475407154,0.0038940551471456676,0.0017004072573225922
922,felipe-massa,2015,6,williams,12.0,14.0,15.0,0,0.04621375173984503,0.004113038920323488,0.0021580143449873536
922,roberto-merhi,2015,6,manor,19.0,20.0,16.0,0,0.0004391199288772927,0.00026694494048662784,0.0001362320880941014
922,will-stevens,2015,6,manor,18.0,19.0,17.0,0,0.0006301092843825077,0.00038069504609874387,0.0002007927079530779
922,max-verstappen,2015,6,racing-bulls,9.0,10.0,,0,0.0016076231405953514,0.0015094104703425883,0.0011379218882724153
922,fernando-alonso,2015,6,mclaren,13.0,15.0,,0,0.007339575706970668,0.0019342435403806532,0.0010996689884326394
922,pastor-maldonado,2015,6,alpine,8.0,9.0,,0,0.0010324746705626443,0.001560933064655626,0.0013057809818401577
923,lewis-hamilton,2015,7,mercedes,1.0,1.0,1.0,1,0.3408383862936694,0.6737955125926327,0.5715315387720494
923,nico-rosberg,2015,7,mercedes,2.0,2.0,2.0,0,0.31556165970268024,0.20300348900825765,0.3028862522264409
923,valtteri-bottas,2015,7,williams,4.0,4.0,3.0,0,0.0515323307244265,0.03165624481572952,0.034077734822205205
923,kimi-raikkonen,2015,7,ferrari,3.0,3.0,4.0,0,0.05817021280744055,0.04842702931623394,0.06103769953022984
923,sebastian-vettel,2015,7,ferrari,18.0,16.0,5.0,0,0.08128070040641418,0.0032275024477425402,0.0013102608197766337
923,felipe-massa,2015,7,williams,15.0,17.0,6.0,0,0.02957410622776506,0.0023789278271457194,0.0011132446710190155
923,pastor-maldonado,2015,7,alpine,6.0,6.0,7.0,0,0.0008612072792266653,0.0023169662054476504,0.002346679034964628
923,nico-hulkenberg,2015,7,aston-martin,7.0,7.0,8.0,0,0.006176443841221791,0.004711158886215027,0.003958653243545282
923,daniil-kvyat,2015,7,red-bull,8.0,8.0,9.0,0,0.033213700656441664,0.007202175917289951,0.004999176963790105
923,romain-grosjean,2015,7,alpine,5.0,5.0,10.0,0,0.0013564250947591876,0.004372207395964433,0.004961329827623928
923,sergio-perez,2015,7,aston-martin,10.0,10.0,11.0,0,0.005809807291682436,0.0025011246989669043,0.0016780137641559385
923,carlos-sainz-jr,2015,7,racing-bulls,11.0,11.0,12.0,0,0.003513887183901123,0.0020393918149638965,0.001363510275778888
923,daniel-ricciardo,2015,7,red-bull,9.0,9.0,13.0,0,0.053950857673374375,0.008475871148103135,0.005452675615730906
923,marcus-ericsson,2015,7,audi,12.0,13.0,14.0,0,0.0014707659724351968,0.0009554962505969431,0.0006091440067363428
923,max-verstappen,2015,7,racing-bulls,19.0,12.0,15.0,0,0.0011337920226428897,0.0003601738714432622,0.00017114419461278268
923,felipe-nasr,2015,7,audi,14.0,15.0,16.0,0,0.002974097932503101,0.0012443006109710093,0.0007179842952864822
923,will-stevens,2015,7,manor,17.0,19.0,17.0,0,0.0005641549384901814,0.0003944000267560833,0.00021650830563499555
923,roberto-merhi,2015,7,manor,16.0,18.0,,0,0.0004567636104051508,0.0003731236044391442,0.00021297340701005859
923,jenson-button,2015,7,mclaren,20.0,,,0,0.006026704314796192,0.0008811362724219158,0.00038626094765889627
923,fernando-alonso,2015,7,mclaren,13.0,14.0,,0,0.005533996025724074,0.0016837672886786178,0.000969215275749743
924,nico-rosberg,2015,8,mercedes,2.0,2.0,1.0,1,0.32054122611810354,0.2005394674376682,0.29823970742318834
924,lewis-hamilton,2015,8,mercedes,1.0,1.0,2.0,0,0.34916274613997045,0.6697811390435323,0.566268445263828
924,felipe-massa,2015,8,williams,4.0,4.0,3.0,0,0.032155910434624645,0.02141604392695246,0.02293853467334324
924,sebastian-vettel,2015,8,ferrari,3.0,3.0,4.0,0,0.0829376117826881,0.06110417820986784,0.07661711604971745
924,valtteri-bottas,2015,8,williams,6.0,6.0,5.0,0,0.056709637484506775,0.01666194547819753,0.013788080687536697
924,nico-hulkenberg,2015,8,aston-martin,5.0,5.0,6.0,0,0.006489872180472995,0.008277871538050001,0.008568348532768659
924,pastor-maldonado,2015,8,alpine,10.0,11.0,7.0,0,0.001157755323899235,0.0011265867925284215,0.0008127586851361698
924,max-verstappen,2015,8,racing-bulls,7.0,7.0,8.0,0,0.0010962400743454806,0.0018241587206237505,0.0016304127241216775
924,sergio-perez,2015,8,aston-martin,13.0,16.0,9.0,0,0.005899865353781238,0.001596491886377245,0.0009039706616329879
924,daniel-ricciardo,2015,8,red-bull,18.0,14.0,10.0,0,0.03996475068965194,0.0023031516610092125,0.0009680642818889181
924,felipe-nasr,2015,8,audi,8.0,9.0,11.0,0,0.0023066808745811247,0.002653129384133373,0.0021917393922337046
924,daniil-kvyat,2015,8,red-bull,15.0,8.0,12.0,0,0.02687974654749252,0.00232330545546695,0.001097173192209526
924,marcus-ericsson,2015,8,audi,11.0,12.0,13.0,0,0.0013354840311207295,0.0010495441139562977,0.0007103215910290773
924,roberto-merhi,2015,8,manor,16.0,19.0,14.0,0,0.00033789119325397185,0.00031162036569307096,0.00017946977840732877
924,romain-grosjean,2015,8,alpine,9.0,10.0,,0,0.0017198391818090935,0.0017935869692952662,0.0013811918661534484
924,carlos-sainz-jr,2015,8,racing-bulls,12.0,13.0,,0,0.0032152487188302774,0.0016558561835637985,0.0010491693346709506
924,jenson-button,2015,8,mclaren,20.0,17.0,,0,0.00342969260558741,0.0006738462720395483,0.00030369543947747745
924,will-stevens,2015,8,manor,17.0,20.0,,0,0.000496196442586915,0.0003741435704740355,0.00020711893258378583
924,kimi-raikkonen,2015,8,ferrari,14.0,18.0,,0,0.06100178656683841,0.0038432186673108214,0.001823045756341775
924,fernando-alonso,2015,8,mclaren,19.0,15.0,,0,0.003161818255855163,0.0006907143232598828,0.00032163573373072225
925,lewis-hamilton,2015,9,mercedes,1.0,1.0,1.0,1,0.3681779138700171,0.6681870149110888,0.5675326772737779
925,nico-rosberg,2015,9,mercedes,2.0,2.0,2.0,0,0.3433869131936835,0.2024051688557916,0.3023902934848161
925,sebastian-vettel,2015,9,ferrari,6.0,6.0,3.0,0,0.06422639462167563,0.01750503805028783,0.01454720704331893
925,felipe-massa,2015,9,williams,3.0,3.0,4.0,0,0.038307839658249354,0.036608409306857485,0.04701698600502073
925,valtteri-bottas,2015,9,williams,4.0,4.0,5.0,0,0.0640291724152343,0.03324779836782548,0.0355449094818682
925,daniil-kvyat,2015,9,red-bull,7.0,7.0,6.0,0,0.022111445965064397,0.007315632192815729,0.005694335596799795
925,nico-hulkenberg,2015,9,aston-martin,9.0,9.0,7.0,0,0.007883867856180974,0.003356767256835115,0.002392478327606083
925,kimi-raikkonen,2015,9,ferrari,5.0,5.0,8.0,0,0.039025611687681046,0.016386213202157895,0.015304828602865295
925,sergio-perez,2015,9,aston-martin,11.0,11.0,9.0,0,0.006938062139422522,0.0021946274843405705,0.0013785448489077741
925,fernando-alonso,2015,9,mclaren,17.0,17.0,10.0,0,0.0020040534087625195,0.0006624614760291651,0.0003417551683004118
925,marcus-ericsson,2015,9,audi,15.0,15.0,11.0,0,0.0014464723080357322,0.0006356821222432851,0.00035483935184691214
925,roberto-merhi,2015,9,manor,20.0,20.0,12.0,0,0.0003920781336617598,0.00023899804356010014,0.0001207726511986566
925,will-stevens,2015,9,manor,19.0,19.0,13.0,0,0.0003895916897461701,0.0002588773842369978,0.00013512911666322053
925,carlos-sainz-jr,2015,9,racing-bulls,8.0,8.0,,0,0.002167404192558548,0.0024077518259960195,0.0019956604189799096
925,daniel-ricciardo,2015,9,red-bull,10.0,10.0,,0,0.03311607560149419,0.00546939108934248,0.0033939203677498656
925,max-verstappen,2015,9,racing-bulls,13.0,13.0,,0,0.001429505991781671,0.0007959309535334771,0.0004861366244499782
925,romain-grosjean,2015,9,alpine,12.0,12.0,,0,0.0015430902106392955,0.0010109918955356824,0.0006550088922795242
925,pastor-maldonado,2015,9,alpine,14.0,14.0,,0,0.0012588625615770565,0.0006749596032315751,0.0003969918229541739
925,jenson-button,2015,9,mclaren,18.0,18.0,,0,0.002165644494534249,0.0006382859782907371,0.0003175249205965219
926,sebastian-vettel,2015,10,ferrari,3.0,3.0,1.0,1,0.06589421174741032,0.055179659448288135,0.07070865469661933
926,daniil-kvyat,2015,10,red-bull,7.0,7.0,2.0,0,0.01784701550039612,0.006858675719608955,0.0054152366837537215
926,daniel-ricciardo,2015,10,red-bull,4.0,4.0,3.0,0,0.02103057744996068,0.01947489993935318,0.021884526732026625
926,max-verstappen,2015,10,racing-bulls,9.0,9.0,4.0,0,0.0009432219883629994,0.0012126429868268241,0.0009528099380152055
926,fernando-alonso,2015,10,mclaren,15.0,15.0,5.0,0,0.0018087979310399552,0.0007829609669458749,0.00043897040180228546
926,lewis-hamilton,2015,10,mercedes,1.0,1.0,6.0,0,0.37447250936178417,0.6663214740292838,0.5631196520171434
926,romain-grosjean,2015,10,alpine,10.0,10.0,7.0,0,0.0010071725256743012,0.0011193008886599201,0.0008290468968616787
926,nico-rosberg,2015,10,mercedes,2.0,2.0,8.0,0,0.3459784172218723,0.2004434429471187,0.2979721696281435
926,jenson-button,2015,10,mclaren,16.0,16.0,9.0,0,0.0017097290971796878,0.000675329282168742,0.0003635688834000761
926,marcus-ericsson,2015,10,audi,17.0,17.0,10.0,0,0.001537152760027738,0.0005249704548612507,0.00026870887881174434
926,felipe-nasr,2015,10,audi,18.0,18.0,11.0,0,0.0026318097758117995,0.0007097325771618344,0.0003497744132771752
926,felipe-massa,2015,10,williams,8.0,8.0,12.0,0,0.041283776216487315,0.007465169094625049,0.005122232204232757
926,valtteri-bottas,2015,10,williams,6.0,6.0,13.0,0,0.06639302220790351,0.017019188240563168,0.01398284806014333
926,pastor-maldonado,2015,10,alpine,14.0,14.0,14.0,0,0.0008294477921090529,0.0005570893156812078,0.00033383435141178127
926,roberto-merhi,2015,10,manor,19.0,19.0,15.0,0,0.00046035228991513354,0.0002771734162326259,0.0001429247582749172
926,will-stevens,2015,10,manor,20.0,20.0,16.0,0,0.00043883374193669515,0.0002458757077593544,0.00012276341129653718
926,carlos-sainz-jr,2015,10,racing-bulls,12.0,12.0,,0,0.0013532489043655983,0.0009842283802685924,0.0006440646453430938
926,kimi-raikkonen,2015,10,ferrari,5.0,5.0,,0,0.038441039339019406,0.015983861853800414,0.014859846263002074
926,sergio-perez,2015,10,aston-martin,13.0,13.0,,0,0.007382214380426557,0.0016870235626354948,0.0009457611288165326
926,nico-hulkenberg,2015,10,aston-martin,11.0,11.0,,0,0.00855744976831661,0.0024773011881569634,0.0015426060076242731
927,lewis-hamilton,2015,11,mercedes,1.0,1.0,1.0,1,0.3706422753848348,0.6797458935700151,0.5765620237453318
927,nico-rosberg,2015,11,mercedes,2.0,2.0,2.0,0,0.3355475445202137,0.20144449910727039,0.3005737655943179
927,romain-grosjean,2015,11,alpine,9.0,4.0,3.0,0,0.0016293303683620097,0.0017006750658635703,0.0013179350252866323
927,daniil-kvyat,2015,11,red-bull,12.0,12.0,4.0,0,0.03096009810810254,0.0036808491821239096,0.0020133013182217566
927,sergio-perez,2015,11,aston-martin,4.0,5.0,5.0,0,0.005232777157207441,0.01036260161387874,0.012495321086790584
927,felipe-massa,2015,11,williams,6.0,7.0,6.0,0,0.037799470320856364,0.011861205059616353,0.009842153917844687
927,kimi-raikkonen,2015,11,ferrari,16.0,14.0,7.0,0,0.03397896852456992,0.002199609739467217,0.000984434124365357
927,max-verstappen,2015,11,racing-bulls,18.0,15.0,8.0,0,0.00174024065408093,0.0005642835343390874,0.0002817591194464055
927,valtteri-bottas,2015,11,williams,3.0,3.0,9.0,0,0.05864769128703829,0.05139651108957742,0.06598056635588354
927,marcus-ericsson,2015,11,audi,13.0,13.0,10.0,0,0.0022728550857351545,0.0009974433218666238,0.0005943686692219997
927,felipe-nasr,2015,11,audi,14.0,16.0,11.0,0,0.003567446875803685,0.001230050409206145,0.000698412406902697
927,sebastian-vettel,2015,11,ferrari,8.0,9.0,12.0,0,0.07232127707014699,0.0120282452263385,0.008319738450712749
927,fernando-alonso,2015,11,mclaren,20.0,18.0,13.0,0,0.0032807114379839104,0.0006487564982545688,0.00029463827385515097
927,jenson-button,2015,11,mclaren,19.0,17.0,14.0,0,0.002959338681600953,0.0006544252072139726,0.00030710519583193835
927,roberto-merhi,2015,11,manor,17.0,20.0,15.0,0,0.0006041786251365336,0.0003844782572208244,0.00021023982201722927
927,will-stevens,2015,11,manor,15.0,19.0,16.0,0,0.0005590275664972504,0.00044635291886095196,0.0002642223905630062
927,carlos-sainz-jr,2015,11,racing-bulls,10.0,10.0,,0,0.0013799424148992884,0.001253956365600066,0.0009083343128043392
927,daniel-ricciardo,2015,11,red-bull,5.0,6.0,,0,0.03563515732445715,0.017292782248356578,0.01643587925656739
927,pastor-maldonado,2015,11,alpine,7.0,8.0,,0,0.0012416685924731554,0.002107381584930036,0.0019158009340348333
928,lewis-hamilton,2015,12,mercedes,1.0,1.0,1.0,1,0.38935316206309367,0.7456161659499522,0.6744641737112702
928,sebastian-vettel,2015,12,ferrari,3.0,3.0,2.0,0,0.05719179668311675,0.05776734253417124,0.08018105708098962
928,felipe-massa,2015,12,williams,5.0,5.0,3.0,0,0.036172246002662355,0.017011522179700284,0.01700094057059003
928,valtteri-bottas,2015,12,williams,6.0,6.0,4.0,0,0.052762246596154846,0.01662827514535582,0.014791671790862144
928,kimi-raikkonen,2015,12,ferrari,2.0,2.0,5.0,0,0.029631739203565533,0.06947961120895808,0.12486043500953029
928,sergio-perez,2015,12,aston-martin,7.0,7.0,6.0,0,0.007080621861348004,0.005040699028141946,0.004489019707224945
928,nico-hulkenberg,2015,12,aston-martin,9.0,9.0,7.0,0,0.008151723218086531,0.0036943920743363946,0.002805804336027108
928,daniel-ricciardo,2015,12,red-bull,19.0,15.0,8.0,0,0.024037709926173274,0.0016710960401910481,0.0007422322984855987
928,marcus-ericsson,2015,12,audi,12.0,10.0,9.0,0,0.002500119984130036,0.0012804992416857745,0.0008545727822437319
928,daniil-kvyat,2015,12,red-bull,18.0,14.0,10.0,0,0.026822701306526364,0.0019804501665423827,0.0009098652568065211
928,carlos-sainz-jr,2015,12,racing-bulls,17.0,13.0,11.0,0,0.0010875699226991235,0.0004791636932465994,0.00026644259380212654
928,max-verstappen,2015,12,racing-bulls,20.0,,12.0,0,0.0019510510957198935,0.0005635247030735029,0.0002822330597906327
928,felipe-nasr,2015,12,audi,11.0,12.0,13.0,0,0.003647502662108157,0.0019517699872226293,0.0013744380233894772
928,jenson-button,2015,12,mclaren,15.0,16.0,14.0,0,0.0026705396104048534,0.0009869364033320348,0.000577719997136334
928,will-stevens,2015,12,manor,13.0,18.0,15.0,0,0.0005310380846677565,0.0005897613171297972,0.00040935958449647274
928,roberto-merhi,2015,12,manor,14.0,19.0,16.0,0,0.0005886281473959008,0.0005630107498609693,0.0003727923959330151
928,nico-rosberg,2015,12,mercedes,4.0,4.0,17.0,0,0.3496472356268053,0.07003983982315135,0.07193557473052362
928,fernando-alonso,2015,12,mclaren,16.0,17.0,18.0,0,0.002984789647586194,0.0009630125688709438,0.0005409973745422711
928,romain-grosjean,2015,12,alpine,8.0,8.0,,0,0.0019691487569231314,0.0024849366454190733,0.0022072535001562135
928,pastor-maldonado,2015,12,alpine,10.0,11.0,,0,0.0012184296008323292,0.0012079905396578656,0.0009334161961996654
929,sebastian-vettel,2015,13,ferrari,1.0,1.0,1.0,1,0.08410712630646522,0.6140846500233283,0.5655724123656716
929,daniel-ricciardo,2015,13,red-bull,2.0,2.0,2.0,0,0.02812737237700585,0.10795771142339107,0.18190585965563422
929,kimi-raikkonen,2015,13,ferrari,3.0,3.0,3.0,0,0.0433083900832313,0.06155891473363716,0.07734397116901327
929,nico-rosberg,2015,13,mercedes,6.0,6.0,4.0,0,0.2738148114302194,0.045995595927697745,0.034010094060929724
929,valtteri-bottas,2015,13,williams,7.0,7.0,5.0,0,0.07522926220412215,0.021997935530783806,0.016048948388098488
929,daniil-kvyat,2015,13,red-bull,4.0,4.0,6.0,0,0.030314835427723005,0.036374811708585364,0.03954879017020665
929,sergio-perez,2015,13,aston-martin,13.0,13.0,7.0,0,0.010728498495495164,0.003203669446686972,0.0017408003505302236
929,max-verstappen,2015,13,racing-bulls,8.0,8.0,8.0,0,0.0025673235953103516,0.0041663713042287415,0.003374472147151533
929,carlos-sainz-jr,2015,13,racing-bulls,14.0,14.0,9.0,0,0.0015659830665073868,0.0011507172484300156,0.000655551318972783
929,felipe-nasr,2015,13,audi,16.0,16.0,10.0,0,0.004388738828465834,0.001630652642125699,0.0008238383310414388
929,marcus-ericsson,2015,13,audi,17.0,17.0,11.0,0,0.0034337648466440007,0.001231702997131256,0.0005993881713791937
929,pastor-maldonado,2015,13,alpine,18.0,18.0,12.0,0,0.0010135030505106872,0.0006225344630844941,0.00030930703678404867
929,romain-grosjean,2015,13,alpine,10.0,10.0,13.0,0,0.001601839476212216,0.002298393392597197,0.0016528803492841559
929,alexander-rossi,2015,13,manor,20.0,20.0,14.0,0,0.0006759495215211133,0.00047627607976624095,0.00022954557082420819
929,will-stevens,2015,13,manor,19.0,19.0,15.0,0,0.0006698529816996162,0.0005148681387317225,0.0002563247941628858
929,jenson-button,2015,13,mclaren,15.0,15.0,,0,0.00279750893049437,0.00148555396321146,0.0008007184186225836
929,fernando-alonso,2015,13,mclaren,12.0,12.0,,0,0.0029609174425132205,0.0022378884688981034,0.0013885570120245863
929,lewis-hamilton,2015,13,mercedes,5.0,5.0,,0,0.36738339802610925,0.07713472518829882,0.0639345276189179
929,felipe-massa,2015,13,williams,9.0,9.0,,0,0.053194236710706694,0.011261953079303923,0.007018319643586054
929,nico-hulkenberg,2015,13,aston-martin,11.0,11.0,,0,0.0121166871990432,0.004615074240081914,0.002785693427164502
930,lewis-hamilton,2015,14,mercedes,2.0,2.0,1.0,1,0.26595587605803206,0.20463322509284218,0.3027974342309012
930,nico-rosberg,2015,14,mercedes,1.0,1.0,2.0,0,0.24612937353462608,0.606184223248983,0.5101982429617445
930,sebastian-vettel,2015,14,ferrari,4.0,4.0,3.0,0,0.14193098747942617,0.05460899731704718,0.05485627551582151
930,kimi-raikkonen,2015,14,ferrari,6.0,6.0,4.0,0,0.0735330443172793,0.0172457760462351,0.013438735942290168
930,valtteri-bottas,2015,14,williams,3.0,3.0,5.0,0,0.0774626248463808,0.06465704687980783,0.07993713725014526
930,nico-hulkenberg,2015,14,aston-martin,13.0,11.0,6.0,0,0.011876706671492737,0.0023557262352326006,0.0012608415220528983
930,romain-grosjean,2015,14,alpine,8.0,8.0,7.0,0,0.002311642021457296,0.0027042110528103995,0.0021688930534216047
930,pastor-maldonado,2015,14,alpine,11.0,13.0,8.0,0,0.0015124980899236154,0.001170533105426224,0.000768827933241752
930,max-verstappen,2015,14,racing-bulls,17.0,15.0,9.0,0,0.004398872905733757,0.001056349844585448,0.0005101154588333217
930,carlos-sainz-jr,2015,14,racing-bulls,10.0,12.0,10.0,0,0.0027455338834279177,0.0017911647338996104,0.0012112752437286748
930,fernando-alonso,2015,14,mclaren,12.0,14.0,11.0,0,0.0025628188783916516,0.001459475395843436,0.0009020560084968541
930,sergio-perez,2015,14,aston-martin,9.0,9.0,12.0,0,0.012600420373497746,0.004512082893887484,0.0030458363136378623
930,daniil-kvyat,2015,14,red-bull,20.0,10.0,13.0,0,0.04822193873826889,0.0021623626003105635,0.0008187860466746723
930,marcus-ericsson,2015,14,audi,15.0,17.0,14.0,0,0.004981397726698465,0.0012403821410215381,0.0006330075308351677
930,daniel-ricciardo,2015,14,red-bull,7.0,7.0,15.0,0,0.04754528754188638,0.012084690607465602,0.008881742488757473
930,jenson-button,2015,14,mclaren,14.0,16.0,16.0,0,0.002427830664129511,0.0010876921079426656,0.0006100030095180599
930,felipe-massa,2015,14,williams,5.0,5.0,17.0,0,0.0453992336062367,0.01879303305315724,0.01685628991978741
930,alexander-rossi,2015,14,manor,19.0,,18.0,0,0.0010947156789115622,0.0004638398714563983,0.00022394795613579053
930,will-stevens,2015,14,manor,18.0,19.0,19.0,0,0.0009380741327583097,0.00045261184455596033,0.00022623481956881515
930,felipe-nasr,2015,14,audi,16.0,18.0,20.0,0,0.006371122851441037,0.0013365759274894633,0.0006543167944068819
931,lewis-hamilton,2015,15,mercedes,2.0,2.0,1.0,1,0.2895346732059911,0.20824338942896853,0.30728472559256526
931,sebastian-vettel,2015,15,ferrari,4.0,4.0,2.0,0,0.15189376224827628,0.05491525214379104,0.05502052704061338
931,sergio-perez,2015,15,aston-martin,7.0,7.0,3.0,0,0.012291960946428813,0.006536785950789171,0.005176498894222571
931,felipe-massa,2015,15,williams,15.0,15.0,4.0,0,0.03270013526900232,0.002559007473399676,0.0011656204836229987
931,daniil-kvyat,2015,15,red-bull,11.0,11.0,5.0,0,0.032817110542209926,0.0048156971429104784,0.002722536400717546
931,felipe-nasr,2015,15,audi,12.0,12.0,6.0,0,0.004194246866634277,0.001703287494560269,0.001019676674327822
931,pastor-maldonado,2015,15,alpine,14.0,14.0,7.0,0,0.002039738759702194,0.00087942834940132,0.000488971489303056
931,kimi-raikkonen,2015,15,ferrari,5.0,5.0,8.0,0,0.08011514235776467,0.023735514900106156,0.020698315168609933
931,jenson-button,2015,15,mclaren,13.0,13.0,9.0,0,0.0022610292911338734,0.0011539642698555922,0.0006806292991191189
931,max-verstappen,2015,15,racing-bulls,9.0,9.0,10.0,0,0.004933773300929396,0.003095473471745587,0.002222519410820427
931,fernando-alonso,2015,15,mclaren,19.0,16.0,11.0,0,0.0025315339670449253,0.0006707276026317083,0.000311168449220347
931,valtteri-bottas,2015,15,williams,3.0,3.0,12.0,0,0.0633599503012102,0.059169928453822546,0.07432869728147228
931,roberto-merhi,2015,15,manor,18.0,19.0,13.0,0,0.0008150770780591071,0.0004259196531104699,0.00021566047589958616
931,will-stevens,2015,15,manor,17.0,18.0,14.0,0,0.0007497178888750508,0.0004400909256690955,0.0002310925425638153
931,daniel-ricciardo,2015,15,red-bull,10.0,10.0,15.0,0,0.031491505562656445,0.005466819864289572,0.003282882087835401
931,carlos-sainz-jr,2015,15,racing-bulls,20.0,,,0,0.003140354811820511,0.0005949333706973132,0.00025833302174730905
931,romain-grosjean,2015,15,alpine,8.0,8.0,,0,0.0030945955660459015,0.0030075407453922535,0.002378022122206873
931,nico-rosberg,2015,15,mercedes,1.0,1.0,,0,0.2656950623553784,0.6130525820797399,0.5145622484682166
931,nico-hulkenberg,2015,15,aston-martin,6.0,6.0,,0,0.012522006238853923,0.008544478785475823,0.007457947474001316
931,marcus-ericsson,2015,15,audi,16.0,17.0,,0,0.0038186234419827817,0.0009891778936435306,0.0004939276229143964
932,lewis-hamilton,2015,16,mercedes,2.0,2.0,1.0,1,0.2685753982179769,0.24367979843283244,0.35553313828799626
932,nico-rosberg,2015,16,mercedes,1.0,1.0,2.0,0,0.19481248313668761,0.6033540806370128,0.5011197360396213
932,sebastian-vettel,2015,16,ferrari,13.0,5.0,3.0,0,0.19509750490920344,0.01030602912851838,0.004740920444522383
932,max-verstappen,2015,16,racing-bulls,8.0,10.0,4.0,0,0.0056938615834609616,0.004830682443065216,0.003649631685384915
932,sergio-perez,2015,16,aston-martin,5.0,6.0,5.0,0,0.01513260996679835,0.015061787505386006,0.014361537013415897
932,jenson-button,2015,16,mclaren,11.0,14.0,6.0,0,0.003383887484075186,0.002122245824703018,0.0013327848772031329
932,carlos-sainz-jr,2015,16,racing-bulls,20.0,,7.0,0,0.002902498039640066,0.0006492622562129705,0.00027558874577656963
932,pastor-maldonado,2015,16,alpine,12.0,15.0,8.0,0,0.002625611337749532,0.0015219870583913166,0.0009051170273536928
932,felipe-nasr,2015,16,audi,15.0,17.0,9.0,0,0.0057785586446805195,0.0016727988849150844,0.0008445783232530675
932,daniel-ricciardo,2015,16,red-bull,3.0,3.0,10.0,0,0.032603791546805205,0.046321583038084965,0.05796003185592712
932,fernando-alonso,2015,16,mclaren,9.0,11.0,11.0,0,0.0036775009736432,0.0031412548694881,0.0022387127418240856
932,alexander-rossi,2015,16,manor,17.0,18.0,12.0,0,0.0012131196580830793,0.0006664523265639512,0.0003365697714813456
932,daniil-kvyat,2015,16,red-bull,4.0,4.0,,0,0.03894917997133527,0.03285535924844303,0.034259033300422834
932,nico-hulkenberg,2015,16,aston-martin,6.0,7.0,,0,0.012309151694439446,0.009578454333101722,0.008145169445518453
932,marcus-ericsson,2015,16,audi,14.0,16.0,,0,0.0038689311489205863,0.0013951244490798612,0.0007367381553800768
932,kimi-raikkonen,2015,16,ferrari,18.0,8.0,,0,0.098563880688613,0.003645694664199809,0.001368546975208852
932,felipe-massa,2015,16,williams,7.0,9.0,,0,0.04098633866702624,0.011820609762219065,0.008454233866797434
932,romain-grosjean,2015,16,alpine,10.0,13.0,,0,0.003290328174702703,0.002427270471097456,0.001618467930437328
932,valtteri-bottas,2015,16,williams,16.0,12.0,,0,0.0695168339023282,0.004461740204772001,0.0018897044579674043
932,will-stevens,2015,16,manor,19.0,19.0,,0,0.001018530253830558,0.00048778446191280483,0.0002297590545077435
933,nico-rosberg,2015,17,mercedes,1.0,1.0,1.0,1,0.24756357559746978,0.5816240366698574,0.47676480809843264
933,lewis-hamilton,2015,17,mercedes,2.0,2.0,2.0,0,0.34042958412097124,0.23446251641282578,0.3376216171104148
933,valtteri-bottas,2015,17,williams,6.0,6.0,3.0,0,0.03614420007747087,0.01460426153660786,0.011898110253204976
933,daniil-kvyat,2015,17,red-bull,4.0,4.0,4.0,0,0.026381075566988033,0.023407066578542985,0.024809160977109713
933,daniel-ricciardo,2015,17,red-bull,5.0,5.0,5.0,0,0.02594362945259228,0.016002911872030096,0.014732369599378889
933,felipe-massa,2015,17,williams,7.0,7.0,6.0,0,0.021853153014087006,0.007820636026338054,0.0057899609054928025
933,nico-hulkenberg,2015,17,aston-martin,10.0,10.0,7.0,0,0.010514116162116676,0.0032486962263024127,0.0020077744037782386
933,sergio-perez,2015,17,aston-martin,9.0,9.0,8.0,0,0.015617752336376068,0.005171878014013001,0.0034118409270970647
933,max-verstappen,2015,17,racing-bulls,8.0,8.0,9.0,0,0.00911528687039786,0.005158187605007704,0.0037991554604688556
933,romain-grosjean,2015,17,alpine,12.0,12.0,10.0,0,0.0030799904204199635,0.0014774113236833064,0.0008771564394306633
933,pastor-maldonado,2015,17,alpine,13.0,13.0,11.0,0,0.002912638983307488,0.0012425700904273647,0.0007014852780794505
933,marcus-ericsson,2015,17,audi,14.0,14.0,12.0,0,0.0033593908782677626,0.0011081056861992238,0.0005868632179115365
933,carlos-sainz-jr,2015,17,racing-bulls,11.0,11.0,13.0,0,0.004598702741471166,0.0018438866156822253,0.001113130240973338
933,jenson-button,2015,17,mclaren,20.0,,14.0,0,0.00486541697678922,0.0008117027096484998,0.00034299454349481654
933,alexander-rossi,2015,17,manor,16.0,18.0,15.0,0,0.0018035253382688505,0.000848726105038001,0.000444051665831734
933,will-stevens,2015,17,manor,17.0,19.0,16.0,0,0.0009436823088321166,0.0004767661111187914,0.00024058670649504312
933,felipe-nasr,2015,17,audi,15.0,17.0,,0,0.006198193936709941,0.001552255097856144,0.0007854360671429403
933,sebastian-vettel,2015,17,ferrari,3.0,3.0,,0,0.16462753481651546,0.09575130864690333,0.11274525724203079
933,kimi-raikkonen,2015,17,ferrari,19.0,15.0,,0,0.06909444232190111,0.0024084323111929155,0.0008862707000375117
933,fernando-alonso,2015,17,mclaren,18.0,16.0,,0,0.004954108079047149,0.0009786443607248563,0.00044197016319431356
934,nico-rosberg,2015,18,mercedes,1.0,1.0,1.0,1,0.29950929589049435,0.613915087669261,0.5042112788772756
934,lewis-hamilton,2015,18,mercedes,2.0,2.0,2.0,0,0.4011535243434272,0.24272744002876018,0.3502321359280252
934,sebastian-vettel,2015,18,ferrari,3.0,3.0,3.0,0,0.0764329623774055,0.0657809533835264,0.08159525705170152
934,kimi-raikkonen,2015,18,ferrari,4.0,5.0,4.0,0,0.03337024232734914,0.02224133092960432,0.023067310912217576
934,valtteri-bottas,2015,18,williams,7.0,4.0,5.0,0,0.04771622906324382,0.01240455338858066,0.00914081512677594
934,nico-hulkenberg,2015,18,aston-martin,5.0,6.0,6.0,0,0.01303613141245825,0.010875085699942055,0.01042056290048657
934,daniil-kvyat,2015,18,red-bull,6.0,7.0,7.0,0,0.03518667618693323,0.013185603858993358,0.010777806179546063
934,romain-grosjean,2015,18,alpine,14.0,15.0,8.0,0,0.003762685812190756,0.0012123487512248237,0.0006537214569421781
934,max-verstappen,2015,18,racing-bulls,9.0,10.0,9.0,0,0.010103266324397437,0.004318027382153314,0.002972487998994967
934,pastor-maldonado,2015,18,alpine,15.0,16.0,10.0,0,0.0035238743877488306,0.001030998482259999,0.0005323417379587624
934,daniel-ricciardo,2015,18,red-bull,19.0,9.0,11.0,0,0.034166588989764934,0.0019284611536639126,0.0007611425826520904
934,sergio-perez,2015,18,aston-martin,11.0,13.0,12.0,0,0.01877319748168889,0.003875830809973885,0.002254235071541782
934,felipe-nasr,2015,18,audi,13.0,11.0,13.0,0,0.004615508543098918,0.0016055853784653507,0.0009079330102570609
934,jenson-button,2015,18,mclaren,16.0,17.0,14.0,0,0.004080885276686017,0.0010619646001090793,0.0005286873398699583
934,fernando-alonso,2015,18,mclaren,20.0,,15.0,0,0.003810821357395295,0.0006989083296294027,0.00030226789629868935
934,marcus-ericsson,2015,18,audi,12.0,14.0,16.0,0,0.003126225589202173,0.0013753640432026283,0.0008191373975038375
934,will-stevens,2015,18,manor,18.0,19.0,17.0,0,0.0009858104972288789,0.00042795193045757935,0.00021023950157387716
934,alexander-rossi,2015,18,manor,17.0,18.0,18.0,0,0.001704758134203207,0.0007037374513825432,0.0003577854022438633
934,carlos-sainz-jr,2015,18,racing-bulls,21.0,12.0,,0,0.004941316005083132,0.000630766728809528,0.0002548536281345553
935,nico-rosberg,2015,19,mercedes,1.0,1.0,1.0,1,0.2970560787640295,0.6288093285700841,0.5224213352722835
935,lewis-hamilton,2015,19,mercedes,2.0,2.0,2.0,0,0.3877415179843376,0.24394306922314277,0.3560904785495534
935,kimi-raikkonen,2015,19,ferrari,3.0,3.0,3.0,0,0.03656755019685563,0.038222893093974794,0.04782929032484127
935,sebastian-vettel,2015,19,ferrari,15.0,16.0,4.0,0,0.08168783017563526,0.0048602405737938675,0.0021945771979243038
935,sergio-perez,2015,19,aston-martin,4.0,4.0,5.0,0,0.016156625426844883,0.01942077978642263,0.021746471384255495
935,daniel-ricciardo,2015,19,red-bull,5.0,5.0,6.0,0,0.027579382806780062,0.016124489382244513,0.015099360517133672
935,nico-hulkenberg,2015,19,aston-martin,7.0,7.0,7.0,0,0.012341263512982347,0.006329808126600002,0.004981719822351422
935,felipe-massa,2015,19,williams,8.0,8.0,8.0,0,0.029148191444511782,0.007040043158456903,0.004819948104553143
935,romain-grosjean,2015,19,alpine,18.0,15.0,9.0,0,0.0040164414991693985,0.0008474471032574803,0.0003928413939178505
935,daniil-kvyat,2015,19,red-bull,9.0,9.0,10.0,0,0.03002653267073611,0.006512099167338623,0.004205545011743535
935,carlos-sainz-jr,2015,19,racing-bulls,10.0,10.0,11.0,0,0.003255113930173361,0.001778320546679236,0.00118096207201982
935,jenson-button,2015,19,mclaren,12.0,12.0,12.0,0,0.0031885779439243373,0.0015681409105600202,0.0009587215014546909
935,valtteri-bottas,2015,19,williams,6.0,6.0,13.0,0,0.048887401450476264,0.01655395000006897,0.013568925180418516
935,marcus-ericsson,2015,19,audi,17.0,18.0,14.0,0,0.0023914184528382523,0.0007020796888534784,0.00034376421189813845
935,felipe-nasr,2015,19,audi,14.0,14.0,15.0,0,0.0036432247226615023,0.001318260170783827,0.0007286738660826576
935,max-verstappen,2015,19,racing-bulls,11.0,11.0,16.0,0,0.00803040102885467,0.002953988773125313,0.001841574284204556
935,fernando-alonso,2015,19,mclaren,16.0,17.0,17.0,0,0.0029487659761542797,0.0009212331796105397,0.0004697522302470138
935,will-stevens,2015,19,manor,19.0,19.0,18.0,0,0.0007535765351078144,0.000358908756034347,0.0001749171318074543
935,roberto-merhi,2015,19,manor,20.0,20.0,19.0,0,0.0009032322967461922,0.0003768397170557663,0.00017769409280031593
935,pastor-maldonado,2015,19,alpine,13.0,13.0,,0,0.003676873181180755,0.0013580800719128743,0.000773447850509227
936,nico-rosberg,2016,1,mercedes,2.0,2.0,1.0,1,0.31827522778944134,0.17985925563149024,0.27293048475145526
936,lewis-hamilton,2016,1,mercedes,1.0,1.0,2.0,0,0.4076281557900708,0.6915674710447824,0.5924285290448542
936,sebastian-vettel,2016,1,ferrari,3.0,3.0,3.0,0,0.08558208346626775,0.06300475926735158,0.07964350558489663
936,daniel-ricciardo,2016,1,red-bull,8.0,8.0,4.0,0,0.024403970661822903,0.006241053498344981,0.00428045647379037
936,felipe-massa,2016,1,williams,6.0,6.0,5.0,0,0.022268558316216446,0.008906391058313905,0.007381079153668636
936,romain-grosjean,2016,1,haas,19.0,19.0,6.0,0,0.009365223596325375,0.001009841705222335,0.00040786191459686084
936,nico-hulkenberg,2016,1,aston-martin,10.0,10.0,7.0,0,0.012323762467895738,0.0030779524613749566,0.0018735556376029447
936,valtteri-bottas,2016,1,williams,16.0,11.0,8.0,0,0.034457965034656306,0.0024244708417329947,0.0010302778238486091
936,carlos-sainz-jr,2016,1,racing-bulls,7.0,7.0,9.0,0,0.0024846558092980493,0.0026045265838940744,0.0021754214759407598
936,max-verstappen,2016,1,racing-bulls,5.0,5.0,10.0,0,0.005239543918890358,0.008101931125161072,0.008404142250698266
936,jolyon-palmer,2016,1,alpine,13.0,14.0,11.0,0,0.002634901378091724,0.0010807820909714675,0.0006013724398240168
936,kevin-magnussen,2016,1,alpine,14.0,15.0,12.0,0,0.002092276460534127,0.0007999613778674532,0.00042476826135377565
936,sergio-perez,2016,1,aston-martin,9.0,9.0,13.0,0,0.01642580825070695,0.004576298446212296,0.00297890608934986
936,jenson-button,2016,1,mclaren,12.0,13.0,14.0,0,0.0022746242312928775,0.0012397757529954965,0.0007393857520955041
936,felipe-nasr,2016,1,audi,17.0,17.0,15.0,0,0.0024577728261895287,0.0007220264434676483,0.00033931371721489516
936,pascal-wehrlein,2016,1,manor,21.0,22.0,16.0,0,0.0005080386404703194,0.00024157127558847898,0.00010615403628847689
936,marcus-ericsson,2016,1,audi,15.0,16.0,,0,0.0016804344007173271,0.0006642913639611448,0.0003414976749439433
936,kimi-raikkonen,2016,1,ferrari,4.0,4.0,,0,0.03959324752351334,0.021558648821092128,0.022685909342082228
936,rio-haryanto,2016,1,manor,22.0,21.0,,0,0.0005080386404703194,0.00022352845149601003,9.518993288945756e-05
936,esteban-gutierrez,2016,1,haas,20.0,20.0,,0,0.007815206281285472,0.0008066644037839357,0.0003155119833358709
936,fernando-alonso,2016,1,mclaren,11.0,12.0,,0,0.0019805045158430255,0.0012887983548952526,0.0008166766592693012
937,nico-rosberg,2016,2,mercedes,2.0,2.0,1.0,1,0.3528086791554376,0.19367885929040476,0.2988347347225177
937,kimi-raikkonen,2016,2,ferrari,4.0,4.0,2.0,0,0.026899196286709677,0.018188064968965006,0.019891063524496804
937,lewis-hamilton,2016,2,mercedes,1.0,1.0,3.0,0,0.4416729963516589,0.7317720156092872,0.6375947869567605
937,daniel-ricciardo,2016,2,red-bull,5.0,5.0,4.0,0,0.0313945675509582,0.015622170624453658,0.014835721686264397
937,romain-grosjean,2016,2,haas,9.0,9.0,5.0,0,0.0029308243243430267,0.0022754193194733496,0.00166005879797094
937,max-verstappen,2016,2,racing-bulls,10.0,10.0,6.0,0,0.005968638688528642,0.00272983534846726,0.0017975298969425382
937,daniil-kvyat,2016,2,red-bull,15.0,15.0,7.0,0,0.03225702074646068,0.002550562039171453,0.0011536746462914925
937,felipe-massa,2016,2,williams,7.0,7.0,8.0,0,0.025385146495225625,0.007550681610898003,0.005729537010256155
937,valtteri-bottas,2016,2,williams,6.0,6.0,9.0,0,0.03705109176314077,0.013058857028830568,0.010937676038477763
937,stoffel-vandoorne,2016,2,mclaren,12.0,12.0,10.0,0,0.0015169565741195107,0.0010035606329798499,0.0006202669188815542
937,kevin-magnussen,2016,2,alpine,22.0,19.0,11.0,0,0.002319975329051731,0.000404739969275767,0.00016105050294008968
937,marcus-ericsson,2016,2,audi,17.0,17.0,12.0,0,0.0012583623410214481,0.0004823991783869234,0.0002361118376049832
937,pascal-wehrlein,2016,2,manor,16.0,16.0,13.0,0,0.0009707671131927038,0.0006703073971836241,0.00036013864374231496
937,felipe-nasr,2016,2,audi,21.0,22.0,14.0,0,0.0020263617684812265,0.0004889782846815159,0.00020615407952119543
937,nico-hulkenberg,2016,2,aston-martin,8.0,8.0,15.0,0,0.012756285327986927,0.004721118453334304,0.003413292884539505
937,sergio-perez,2016,2,aston-martin,18.0,18.0,16.0,0,0.01561009677807554,0.001424816429720315,0.0005943155745784371
937,rio-haryanto,2016,2,manor,20.0,21.0,17.0,0,0.00020747331959429204,0.00014110312897528977,6.663111230319339e-05
937,carlos-sainz-jr,2016,2,racing-bulls,11.0,11.0,,0,0.0030512006365483973,0.0013903213707365382,0.0008665312580209565
937,esteban-gutierrez,2016,2,haas,13.0,13.0,,0,0.0020046060181722067,0.0009200250365416744,0.0005264972570181274
937,jenson-button,2016,2,mclaren,14.0,14.0,,0,0.00190975343129276,0.0009261642782330029,0.0005142266508712464
938,nico-rosberg,2016,3,mercedes,1.0,1.0,1.0,1,0.3298895100937343,0.7504837217235929,0.6741522918132231
938,sebastian-vettel,2016,3,ferrari,4.0,4.0,2.0,0,0.08219224684295083,0.050641301221585645,0.05545543988543317
938,daniil-kvyat,2016,3,red-bull,6.0,6.0,3.0,0,0.03137614165731313,0.01438104897457336,0.012360780842201153
938,daniel-ricciardo,2016,3,red-bull,2.0,2.0,4.0,0,0.03189196500574233,0.09107178696923422,0.16424658607388043
938,kimi-raikkonen,2016,3,ferrari,3.0,3.0,5.0,0,0.03154422240411571,0.03920552170910967,0.052831065608971245
938,felipe-massa,2016,3,williams,10.0,11.0,6.0,0,0.0217135109508065,0.004885744165897485,0.0030093337062477997
938,lewis-hamilton,2016,3,mercedes,22.0,,7.0,0,0.3989585584253046,0.0049974626971543805,0.0015671719874977665
938,max-verstappen,2016,3,racing-bulls,9.0,9.0,8.0,0,0.005343773364193151,0.004038752673786053,0.002953635701983239
938,carlos-sainz-jr,2016,3,racing-bulls,8.0,8.0,9.0,0,0.0021365982324418826,0.002430159307604909,0.0019489887579213477
938,valtteri-bottas,2016,3,williams,5.0,5.0,10.0,0,0.030719273851662475,0.020279055346609474,0.019843540168715645
938,sergio-perez,2016,3,aston-martin,7.0,7.0,11.0,0,0.009599796179897742,0.006960886218486474,0.0057647566647759385
938,fernando-alonso,2016,3,mclaren,11.0,12.0,12.0,0,0.001206347231073698,0.0013141383618488186,0.0008924175454451307
938,jenson-button,2016,3,mclaren,12.0,13.0,13.0,0,0.0013987840677608901,0.0012734573932764318,0.0008137976690831294
938,esteban-gutierrez,2016,3,haas,18.0,18.0,14.0,0,0.0016922308529288355,0.0005980250574495901,0.0002825564892775343
938,nico-hulkenberg,2016,3,aston-martin,13.0,10.0,15.0,0,0.008019283737485774,0.002157806314126782,0.0011797878335321386
938,marcus-ericsson,2016,3,audi,15.0,15.0,16.0,0,0.0011765057654165188,0.0007271617828067181,0.0003981936012866483
938,kevin-magnussen,2016,3,alpine,17.0,17.0,17.0,0,0.002203429381251323,0.0007590547855087659,0.0003688518713779451
938,pascal-wehrlein,2016,3,manor,21.0,,18.0,0,0.0008027994095321681,0.00047016371547400345,0.00021635479208074071
938,romain-grosjean,2016,3,haas,14.0,14.0,19.0,0,0.003016051404827332,0.0014181662412524366,0.0007875263830958493
938,felipe-nasr,2016,3,audi,16.0,16.0,20.0,0,0.0017698972269546982,0.0008936375939664154,0.00046584325777623186
938,rio-haryanto,2016,3,manor,20.0,20.0,21.0,0,0.00021741991630478547,0.00018690356741187704,9.051876349101287e-05
938,jolyon-palmer,2016,3,alpine,19.0,19.0,22.0,0,0.003131653998301353,0.0008260441792436329,0.00037056058270278243
939,nico-rosberg,2016,4,mercedes,1.0,1.0,1.0,1,0.3253853228395183,0.749235057939519,0.6790765871315685
939,lewis-hamilton,2016,4,mercedes,10.0,10.0,2.0,0,0.3650330434694301,0.01755248490508249,0.009464704821035546
939,kimi-raikkonen,2016,4,ferrari,3.0,4.0,3.0,0,0.0383423554796184,0.042274594080953076,0.05676843057083031
939,valtteri-bottas,2016,4,williams,2.0,3.0,4.0,0,0.03066788547332452,0.0916636186837878,0.1673848175670625
939,felipe-massa,2016,4,williams,4.0,5.0,5.0,0,0.023107060186709747,0.023195310123594787,0.02663795407401057
939,fernando-alonso,2016,4,mclaren,14.0,14.0,6.0,0,0.0013946796535599106,0.0009281499887079396,0.0005352304804432612
939,kevin-magnussen,2016,4,alpine,17.0,17.0,7.0,0,0.0017279766323859767,0.0006937603839120059,0.0003446781904885163
939,romain-grosjean,2016,4,haas,15.0,15.0,8.0,0,0.001954316568949003,0.0010278177734046993,0.0005603914126111047
939,sergio-perez,2016,4,aston-martin,6.0,7.0,9.0,0,0.008833408209773026,0.008669718265235946,0.008062305830492136
939,jenson-button,2016,4,mclaren,12.0,12.0,10.0,0,0.0015881318052568222,0.0013264267033600298,0.000847217170078462
939,daniel-ricciardo,2016,4,red-bull,5.0,6.0,11.0,0,0.040314949106569846,0.02156245627516024,0.02082961208651644
939,carlos-sainz-jr,2016,4,racing-bulls,11.0,11.0,12.0,0,0.0027539973616192252,0.0015898654392825027,0.0010225342861726946
939,jolyon-palmer,2016,4,alpine,18.0,18.0,13.0,0,0.0015765998699043703,0.0005877432984520978,0.0002813171206003854
939,marcus-ericsson,2016,4,audi,22.0,22.0,14.0,0,0.0010447278560503895,0.0003665840973793955,0.00015729956523382707
939,daniil-kvyat,2016,4,red-bull,8.0,8.0,15.0,0,0.04019829629470941,0.009820310537855894,0.006908566374262625
939,felipe-nasr,2016,4,audi,19.0,19.0,16.0,0,0.0014353006083177749,0.0005976201222372518,0.0002818513374409396
939,esteban-gutierrez,2016,4,haas,16.0,16.0,17.0,0,0.0012003636817503381,0.0006345462314451809,0.00033348393016155057
939,pascal-wehrlein,2016,4,manor,20.0,20.0,18.0,0,0.0006571402308727986,0.0004488172989932277,0.00021634324958554047
939,max-verstappen,2016,4,racing-bulls,9.0,9.0,,0,0.006568423906271264,0.004334107325094743,0.0031532959566983832
939,sebastian-vettel,2016,4,ferrari,7.0,2.0,,0,0.09889007179676637,0.02129513294415082,0.015931899715474207
939,nico-hulkenberg,2016,4,aston-martin,13.0,13.0,,0,0.007108840181486097,0.0020192464883733055,0.0011178139009904834
939,rio-haryanto,2016,4,manor,21.0,21.0,,0,0.0002171087871563589,0.0001766310940177116,8.366522824206578e-05
940,max-verstappen,2016,5,red-bull,4.0,4.0,1.0,1,0.040925090097923306,0.028335283963780485,0.03043171776119427
940,kimi-raikkonen,2016,5,ferrari,5.0,5.0,2.0,0,0.03162039502912987,0.014129434319868156,0.012914876045157092
940,sebastian-vettel,2016,5,ferrari,6.0,6.0,3.0,0,0.062165560813212464,0.017523610885593715,0.01403031673392213
940,daniel-ricciardo,2016,5,red-bull,3.0,3.0,4.0,0,0.031026685748351608,0.037015961956612685,0.04845859899867835
940,valtteri-bottas,2016,5,williams,7.0,7.0,5.0,0,0.03701212020512988,0.009960948496423368,0.007314859413261681
940,carlos-sainz-jr,2016,5,racing-bulls,8.0,8.0,6.0,0,0.00237854490946894,0.0021518549308388838,0.0016435834022882937
940,sergio-perez,2016,5,aston-martin,9.0,9.0,7.0,0,0.0073399464514575284,0.0033926321413899983,0.0022991981079720416
940,felipe-massa,2016,5,williams,18.0,18.0,8.0,0,0.02793399669144359,0.0016593541386388034,0.0006467946688391103
940,jenson-button,2016,5,mclaren,12.0,12.0,9.0,0,0.0021581926459548016,0.0012136301269869841,0.0007205581970483143
940,daniil-kvyat,2016,5,racing-bulls,13.0,13.0,10.0,0,0.0031885267826889494,0.0011989141724915362,0.0006572216568897552
940,esteban-gutierrez,2016,5,haas,16.0,16.0,11.0,0,0.001589541740670582,0.0005711353562075838,0.00027922301506658214
940,marcus-ericsson,2016,5,audi,19.0,19.0,12.0,0,0.001062547576578406,0.0003855366361213625,0.00017274980601480238
940,jolyon-palmer,2016,5,alpine,17.0,17.0,13.0,0,0.0016132404854300693,0.000499755783178862,0.0002333188706556596
940,felipe-nasr,2016,5,audi,20.0,20.0,14.0,0,0.0013861793190851183,0.0004341463969786416,0.00018721782662972503
940,kevin-magnussen,2016,5,alpine,15.0,15.0,15.0,0,0.002237135904811022,0.0007917482846398597,0.00040038742949944067
940,pascal-wehrlein,2016,5,manor,21.0,21.0,16.0,0,0.0005701827726088721,0.00031784552410595105,0.00014138226056168736
940,rio-haryanto,2016,5,manor,22.0,22.0,17.0,0,0.00018242880837993292,0.00012250268129843566,5.365226117059851e-05
940,romain-grosjean,2016,5,haas,14.0,14.0,,0,0.0028191351033919343,0.0011085363968474805,0.0005883378893610817
940,fernando-alonso,2016,5,mclaren,10.0,10.0,,0,0.0019947703874506565,0.0015485710012314,0.0010409286133584562
940,nico-hulkenberg,2016,5,aston-martin,11.0,11.0,,0,0.005086239551304079,0.0018310088879389154,0.001089285983656762
940,lewis-hamilton,2016,5,mercedes,1.0,1.0,,0,0.3859927860867015,0.6780950112389099,0.5785166366797228
940,nico-rosberg,2016,5,mercedes,2.0,2.0,,0,0.34971675288882687,0.197712576679917,0.2981791543790514
941,lewis-hamilton,2016,6,mercedes,3.0,3.0,1.0,1,0.23754297484115475,0.13137507319427752,0.14053661898983189
941,daniel-ricciardo,2016,6,red-bull,1.0,1.0,2.0,0,0.06990533343295448,0.4834479467251725,0.41050223556411825
941,sergio-perez,2016,6,aston-martin,7.0,8.0,3.0,0,0.011559312368022528,0.009590438608622711,0.006863224111441755
941,sebastian-vettel,2016,6,ferrari,4.0,4.0,4.0,0,0.13424894835869025,0.07064034859231037,0.06489843051311975
941,fernando-alonso,2016,6,mclaren,9.0,10.0,5.0,0,0.0028714334954317235,0.003122161078771355,0.0020049871584762
941,nico-hulkenberg,2016,6,aston-martin,5.0,5.0,6.0,0,0.006790071655304541,0.011171271294258515,0.01010689001685749
941,nico-rosberg,2016,6,mercedes,2.0,2.0,7.0,0,0.21618002742404108,0.24037842573114276,0.33850621008275383
941,carlos-sainz-jr,2016,6,racing-bulls,6.0,7.0,8.0,0,0.005558540779121771,0.007565569387534677,0.006116708540217274
941,jenson-button,2016,6,mclaren,13.0,13.0,9.0,0,0.003625338973792789,0.0020220064983417596,0.001009865839415918
941,felipe-massa,2016,6,williams,14.0,14.0,10.0,0,0.05133624756635264,0.0048518598698883905,0.001973556798826876
941,esteban-gutierrez,2016,6,haas,12.0,12.0,11.0,0,0.002158666702660381,0.0016171905617666273,0.0008627608449342739
941,valtteri-bottas,2016,6,williams,10.0,11.0,12.0,0,0.06952610834528519,0.010739358434514248,0.0054587054420211015
941,romain-grosjean,2016,6,haas,15.0,15.0,13.0,0,0.0032156985161232512,0.0015138236601646112,0.0006908739292109257
941,pascal-wehrlein,2016,6,manor,20.0,20.0,14.0,0,0.0009561480137488951,0.0006184002170546039,0.00025073439637799744
941,rio-haryanto,2016,6,manor,19.0,19.0,15.0,0,0.00037205185032604133,0.000326142160328639,0.00013870600205079294
941,marcus-ericsson,2016,6,audi,17.0,17.0,,0,0.002076307565057236,0.0009252213147652169,0.00039277572092918434
941,felipe-nasr,2016,6,audi,21.0,,,0,0.002583158519799217,0.0007691555139165827,0.0002822706628005025
941,max-verstappen,2016,6,red-bull,22.0,,,0,0.09438362180044331,0.003503597439135931,0.0010369645430647373
941,kevin-magnussen,2016,6,alpine,16.0,16.0,,0,0.003723490022611408,0.001309618052947999,0.0005613681607787462
941,daniil-kvyat,2016,6,racing-bulls,8.0,9.0,,0,0.006884081455210142,0.005517551500130403,0.0036628659948287515
941,kimi-raikkonen,2016,6,ferrari,11.0,6.0,,0,0.07125850372096924,0.008027072689440312,0.0037593702883602755
941,jolyon-palmer,2016,6,alpine,18.0,18.0,,0,0.0032439345928991343,0.0009677674755142269,0.00038387639958354985
942,lewis-hamilton,2016,7,mercedes,1.0,1.0,1.0,1,0.281089771719522,0.6326726792181872,0.5435643098564574
942,sebastian-vettel,2016,7,ferrari,3.0,3.0,2.0,0,0.11432812882567163,0.07804515707715855,0.09577181900667565
942,valtteri-bottas,2016,7,williams,7.0,7.0,3.0,0,0.06325515663804866,0.013187823892663627,0.009307482887568044
942,max-verstappen,2016,7,red-bull,5.0,5.0,4.0,0,0.06613926460864139,0.023717046453421226,0.020970979124126248
942,nico-rosberg,2016,7,mercedes,2.0,2.0,5.0,0,0.24036565266882923,0.176451477544882,0.2682036801571861
942,kimi-raikkonen,2016,7,ferrari,6.0,6.0,6.0,0,0.050362414709999054,0.013073765362618787,0.010165351184274177
942,daniel-ricciardo,2016,7,red-bull,4.0,4.0,7.0,0,0.06708280829601002,0.034793478373458565,0.03575723827765232
942,nico-hulkenberg,2016,7,aston-martin,9.0,9.0,8.0,0,0.010770191703386674,0.0036074079111819584,0.0023273394855578508
942,carlos-sainz-jr,2016,7,racing-bulls,20.0,16.0,9.0,0,0.005946698471901944,0.0007768399999408387,0.00030347656422036016
942,sergio-perez,2016,7,aston-martin,11.0,11.0,10.0,0,0.018509392752432498,0.003912950033441215,0.0021881840015769934
942,fernando-alonso,2016,7,mclaren,10.0,10.0,11.0,0,0.004643654791943378,0.0022972924379922994,0.0014570182378405166
942,daniil-kvyat,2016,7,racing-bulls,15.0,13.0,12.0,0,0.005833273477966544,0.0012370396858379202,0.000586949791501901
942,esteban-gutierrez,2016,7,haas,13.0,14.0,13.0,0,0.003199169953272166,0.0011958464433989304,0.0006439020115013158
942,romain-grosjean,2016,7,haas,14.0,15.0,14.0,0,0.004560786247544746,0.0013877930371559472,0.0007073025584900649
942,marcus-ericsson,2016,7,audi,21.0,19.0,15.0,0,0.0015049531957270935,0.00040321801737672213,0.00016413216597863613
942,kevin-magnussen,2016,7,alpine,22.0,,16.0,0,0.0025354971534388097,0.0004651038067514138,0.0001784350782246914
942,pascal-wehrlein,2016,7,manor,17.0,18.0,17.0,0,0.001152133724211828,0.0006088497161382654,0.000295674594759862
942,felipe-nasr,2016,7,audi,18.0,20.0,18.0,0,0.0018471930601227497,0.0006104377313431389,0.0002749349819060917
942,rio-haryanto,2016,7,manor,19.0,21.0,19.0,0,0.0005106773387103583,0.0002706099357723534,0.00012330371437168584
942,felipe-massa,2016,7,williams,8.0,8.0,,0,0.04850621220400411,0.008605873379968664,0.005570939418230779
942,jolyon-palmer,2016,7,alpine,16.0,17.0,,0,0.0023123492179701922,0.0007371926711427706,0.0003510701613008675
942,jenson-button,2016,7,mclaren,12.0,12.0,,0,0.005544619240644889,0.0019421172701676356,0.0010864767405983529
943,nico-rosberg,2016,8,mercedes,1.0,1.0,1.0,1,0.23945953298988393,0.6551416161359077,0.5720310901927135
943,sebastian-vettel,2016,8,ferrari,3.0,4.0,2.0,0,0.12679568932254384,0.09609142691880215,0.11899438943153517
943,sergio-perez,2016,8,aston-martin,7.0,2.0,3.0,0,0.018587158406667238,0.009728314369004459,0.007479210774347753
943,kimi-raikkonen,2016,8,ferrari,4.0,5.0,4.0,0,0.055435758901153515,0.031482082803927794,0.0324791817974934
943,lewis-hamilton,2016,8,mercedes,10.0,10.0,5.0,0,0.2906681055643927,0.01630658601401097,0.008461323268903123
943,valtteri-bottas,2016,8,williams,8.0,8.0,6.0,0,0.05118866875224459,0.011821407695183757,0.007858892962329831
943,daniel-ricciardo,2016,8,red-bull,2.0,3.0,7.0,0,0.06886685456485538,0.1305831507871111,0.2168501127848042
943,max-verstappen,2016,8,red-bull,9.0,9.0,8.0,0,0.0706782953100172,0.010828454753406616,0.006514809409143118
943,nico-hulkenberg,2016,8,aston-martin,12.0,12.0,9.0,0,0.011344999042120463,0.0027080428137780874,0.001457151935036393
943,felipe-massa,2016,8,williams,5.0,6.0,10.0,0,0.031461954499082345,0.017816334337926128,0.01637547695537543
943,jenson-button,2016,8,mclaren,19.0,19.0,11.0,0,0.003967258158028758,0.0008981436917068635,0.0003794737247035603
943,felipe-nasr,2016,8,audi,15.0,16.0,12.0,0,0.0015881964080703668,0.0009038931911190368,0.0004703118183497327
943,romain-grosjean,2016,8,haas,11.0,11.0,13.0,0,0.004393815557153529,0.0023940178013402403,0.001458863671894964
943,kevin-magnussen,2016,8,alpine,22.0,21.0,14.0,0,0.0019471061802917428,0.0005006659547740131,0.00019814617952937168
943,jolyon-palmer,2016,8,alpine,21.0,22.0,15.0,0,0.00146839559665294,0.00043559277362737164,0.00017859075760600924
943,esteban-gutierrez,2016,8,haas,14.0,15.0,16.0,0,0.003174434205586385,0.001246991683992952,0.0006487000875790647
943,marcus-ericsson,2016,8,audi,20.0,20.0,17.0,0,0.0013697395929268541,0.0004991687510206241,0.00021434063240114728
943,rio-haryanto,2016,8,manor,16.0,17.0,18.0,0,0.00046881736830047286,0.0004130123873987462,0.00021561545747465899
943,fernando-alonso,2016,8,mclaren,13.0,14.0,,0,0.0038347350604893034,0.001648229371555038,0.0009000593964160029
943,pascal-wehrlein,2016,8,manor,17.0,18.0,,0,0.0010033750097827772,0.0006698769330473846,0.00033215476633288645
943,carlos-sainz-jr,2016,8,racing-bulls,18.0,13.0,,0,0.006341434829052671,0.001132709107756056,0.0004809916889144207
943,daniil-kvyat,2016,8,racing-bulls,6.0,7.0,,0,0.005955674680703019,0.006750281723602987,0.006021112307116297
944,lewis-hamilton,2016,9,mercedes,1.0,1.0,1.0,1,0.28154514614303755,0.7661952381522567,0.7236517159372127
944,max-verstappen,2016,9,red-bull,8.0,9.0,2.0,0,0.06448205605094297,0.012992970934534546,0.009212809890308257
944,kimi-raikkonen,2016,9,ferrari,4.0,6.0,3.0,0,0.0630657636981604,0.03435636845483808,0.03816641980440219
944,nico-rosberg,2016,9,mercedes,6.0,2.0,4.0,0,0.24459474202393935,0.034587241251607365,0.027531004721465593
944,daniel-ricciardo,2016,9,red-bull,5.0,7.0,5.0,0,0.06391099306496673,0.02827126690147167,0.02753090712437166
944,jenson-button,2016,9,mclaren,3.0,5.0,6.0,0,0.003292290472493988,0.019027632668242294,0.030658199014675546
944,romain-grosjean,2016,9,haas,13.0,13.0,7.0,0,0.0038719931218147083,0.0017760637961497252,0.0010555460243825972
944,carlos-sainz-jr,2016,9,racing-bulls,15.0,15.0,8.0,0,0.0034147673297035075,0.0012196944643305954,0.0006562836910414312
944,valtteri-bottas,2016,9,williams,7.0,8.0,9.0,0,0.04902547683654306,0.015019111682433712,0.011876482861925795
944,pascal-wehrlein,2016,9,manor,12.0,12.0,10.0,0,0.0006789608837123806,0.0009952307425868795,0.0006868859357309117
944,esteban-gutierrez,2016,9,haas,11.0,11.0,11.0,0,0.00274189387146935,0.0018002437737039952,0.0012033580681305907
944,jolyon-palmer,2016,9,alpine,19.0,18.0,12.0,0,0.0014300714863231324,0.0005303904664023817,0.00025283909581915104
944,felipe-nasr,2016,9,audi,21.0,22.0,13.0,0,0.0016059694171484977,0.00054035163895756,0.00024303436897908553
944,kevin-magnussen,2016,9,alpine,17.0,17.0,14.0,0,0.0018569145641107085,0.0007805061958935443,0.0003996130141635895
944,marcus-ericsson,2016,9,audi,18.0,21.0,15.0,0,0.0012990371591447755,0.0005937375602817446,0.00029719689546518486
944,rio-haryanto,2016,9,manor,20.0,19.0,16.0,0,0.0004241970634259306,0.00029562628609977853,0.00014549548348600838
944,sergio-perez,2016,9,aston-martin,16.0,16.0,17.0,0,0.02229508048001344,0.0027477681003225097,0.0012993008384628293
944,fernando-alonso,2016,9,mclaren,14.0,14.0,18.0,0,0.002784429065847468,0.0012797463901574506,0.0007309064208987134
944,nico-hulkenberg,2016,9,aston-martin,2.0,3.0,19.0,0,0.013005868327196236,0.058349587407265875,0.1130898667803114
944,felipe-massa,2016,9,williams,22.0,10.0,20.0,0,0.029429724427786477,0.0015012355044435196,0.000552067311327487
944,sebastian-vettel,2016,9,ferrari,9.0,4.0,,0,0.14203031586726886,0.01656943487215663,0.010529796858291283
944,daniil-kvyat,2016,9,racing-bulls,23.0,20.0,,0,0.0032143086449505217,0.0005705527558634838,0.00023026985914801552
945,lewis-hamilton,2016,10,mercedes,1.0,1.0,1.0,1,0.3161026753406126,0.6571165858119875,0.564738294603878
945,max-verstappen,2016,10,red-bull,3.0,3.0,2.0,0,0.081421402403505,0.06021644066642243,0.07484610114184412
945,nico-rosberg,2016,10,mercedes,2.0,2.0,3.0,0,0.26732538898985,0.1817138185759784,0.2763296233707925
945,daniel-ricciardo,2016,10,red-bull,4.0,4.0,4.0,0,0.07766614043293545,0.03593150670308994,0.036805107658936284
945,kimi-raikkonen,2016,10,ferrari,5.0,5.0,5.0,0,0.05241844464495961,0.018624154875055983,0.016533072055397658
945,sergio-perez,2016,10,aston-martin,10.0,11.0,6.0,0,0.015131908338659497,0.004149115916221978,0.002516583690871732
945,nico-hulkenberg,2016,10,aston-martin,8.0,9.0,7.0,0,0.008846865740388852,0.003985831325288868,0.0028315010675958384
945,carlos-sainz-jr,2016,10,racing-bulls,7.0,8.0,8.0,0,0.0035048464247642987,0.0037259572364614275,0.0030784248621598103
945,sebastian-vettel,2016,10,ferrari,11.0,6.0,9.0,0,0.09068473733793272,0.007614444556486796,0.003940353788231311
945,daniil-kvyat,2016,10,racing-bulls,15.0,15.0,10.0,0,0.0026813544536789043,0.0008502247636507826,0.0004215944816072778
945,felipe-massa,2016,10,williams,12.0,12.0,11.0,0,0.020777887665724817,0.0028458424987233013,0.0014657186074483932
945,jenson-button,2016,10,mclaren,17.0,17.0,12.0,0,0.003916449162504763,0.0009406032724603995,0.0004272883670791952
945,fernando-alonso,2016,10,mclaren,9.0,10.0,13.0,0,0.0029162423665843895,0.00216708434416543,0.0015182939630069454
945,valtteri-bottas,2016,10,williams,6.0,7.0,14.0,0,0.03840034340176114,0.014504980373362342,0.011824193263073043
945,felipe-nasr,2016,10,audi,21.0,21.0,15.0,0,0.0017652804502773485,0.0004584871901207942,0.00018781803202844868
945,esteban-gutierrez,2016,10,haas,14.0,14.0,16.0,0,0.004008865412046428,0.0011432626398654566,0.0005820392564545491
945,kevin-magnussen,2016,10,alpine,16.0,16.0,17.0,0,0.0020356125682351534,0.0007261528970571136,0.00035249057189967666
945,jolyon-palmer,2016,10,alpine,18.0,18.0,,0,0.0017184018195667745,0.0005237591192454426,0.0002353743288430296
945,rio-haryanto,2016,10,manor,19.0,19.0,,0,0.0005067009796650467,0.00027584828650962606,0.00012706598008259182
945,romain-grosjean,2016,10,haas,13.0,13.0,,0,0.005839154610440001,0.001727320349820213,0.0009196467743944738
945,marcus-ericsson,2016,10,audi,22.0,,,0,0.0014048554906928217,0.0003559516489944888,0.00014175884395563565
945,pascal-wehrlein,2016,10,manor,20.0,20.0,,0,0.0009264419652144413,0.0004026269490313371,0.00017765529041957845
946,lewis-hamilton,2016,11,mercedes,2.0,2.0,1.0,1,0.3233810110536826,0.22064387563727425,0.3251798471645763
946,nico-rosberg,2016,11,mercedes,1.0,1.0,2.0,0,0.26951508584691886,0.609807507929952,0.5103954546845005
946,daniel-ricciardo,2016,11,red-bull,3.0,3.0,3.0,0,0.0860466470227595,0.06360766519318892,0.07645689683056806
946,sebastian-vettel,2016,11,ferrari,5.0,5.0,4.0,0,0.08083295379479237,0.02815642748718782,0.0242322045756908
946,max-verstappen,2016,11,red-bull,4.0,4.0,5.0,0,0.09226971441113321,0.04152746632468007,0.041068881510042524
946,kimi-raikkonen,2016,11,ferrari,14.0,14.0,6.0,0,0.05013370212739989,0.00349935675238205,0.001513413104441729
946,fernando-alonso,2016,11,mclaren,7.0,7.0,7.0,0,0.0028370003591915195,0.003434027734141341,0.0027755851090777257
946,carlos-sainz-jr,2016,11,racing-bulls,6.0,6.0,8.0,0,0.00410685046645518,0.005459245894397041,0.004827941848886414
946,valtteri-bottas,2016,11,williams,10.0,10.0,9.0,0,0.02850876342887866,0.0056853811846157105,0.0032393358649011805
946,nico-hulkenberg,2016,11,aston-martin,9.0,9.0,10.0,0,0.010233948383406709,0.003681404993369941,0.0023310163459619704
946,sergio-perez,2016,11,aston-martin,13.0,13.0,11.0,0,0.01727064626693905,0.0029797970258321747,0.0014614610575339603
946,jolyon-palmer,2016,11,alpine,17.0,,12.0,0,0.0011151470321196161,0.0004937043367853596,0.0002287929599244585
946,esteban-gutierrez,2016,11,haas,15.0,15.0,13.0,0,0.002389104161433523,0.0008789948743349646,0.00042781969468287667
946,romain-grosjean,2016,11,haas,11.0,11.0,14.0,0,0.0031433890533072955,0.0018210898531429095,0.0010885247590100085
946,kevin-magnussen,2016,11,alpine,19.0,,15.0,0,0.0014891358401464291,0.0005121430529056028,0.00021929126198065325
946,daniil-kvyat,2016,11,racing-bulls,12.0,12.0,16.0,0,0.0030997808696043524,0.0013833143192501438,0.0007693452140480907
946,felipe-nasr,2016,11,audi,16.0,16.0,17.0,0,0.0014098210205775385,0.0007048252992252384,0.00034205814732541284
946,felipe-massa,2016,11,williams,18.0,,18.0,0,0.016441965349652317,0.0013966958103252616,0.000539354227188147
946,pascal-wehrlein,2016,11,manor,20.0,,19.0,0,0.0006035832204466594,0.0003496008126535733,0.00015322428946399773
946,marcus-ericsson,2016,11,audi,22.0,,20.0,0,0.0010149668640782824,0.0003218284312384499,0.0001265629204006171
946,rio-haryanto,2016,11,manor,21.0,,21.0,0,0.00035534680121457655,0.00021448125034276516,9.16331065744018e-05
946,jenson-button,2016,11,mclaren,8.0,8.0,,0,0.003801436625861814,0.0034411658027743877,0.0025313553232201836
947,lewis-hamilton,2016,12,mercedes,2.0,2.0,1.0,1,0.32971524070300834,0.21937654935022402,0.32371918516091464
947,daniel-ricciardo,2016,12,red-bull,3.0,3.0,2.0,0,0.08970913524620862,0.06399065354712029,0.07694314057205288
947,max-verstappen,2016,12,red-bull,4.0,4.0,3.0,0,0.09320272788989661,0.04077445719358195,0.04035553874986664
947,nico-rosberg,2016,12,mercedes,1.0,1.0,4.0,0,0.2740098793068246,0.6049745042005251,0.5070080954333666
947,sebastian-vettel,2016,12,ferrari,6.0,6.0,5.0,0,0.081575102111866,0.020547004567786745,0.01566322816350277
947,kimi-raikkonen,2016,12,ferrari,5.0,5.0,6.0,0,0.05056170310905952,0.019285229935964328,0.01673720421342619
947,nico-hulkenberg,2016,12,aston-martin,8.0,7.0,7.0,0,0.00941801324535702,0.004289071061812413,0.0029620772096483937
947,jenson-button,2016,12,mclaren,12.0,12.0,8.0,0,0.0029006068315754457,0.0014858704468643585,0.0008420481227710059
947,valtteri-bottas,2016,12,williams,7.0,8.0,9.0,0,0.021815395897076477,0.009201051490637638,0.006790718181849291
947,sergio-perez,2016,12,aston-martin,9.0,9.0,10.0,0,0.01534023553816927,0.005126682669489259,0.0032478804962624485
947,esteban-gutierrez,2016,12,haas,11.0,11.0,11.0,0,0.0022682592075384013,0.0014287260540861394,0.0008620231025753153
947,fernando-alonso,2016,12,mclaren,13.0,14.0,12.0,0,0.0026260243686026157,0.0012044322468758978,0.0006475646385147726
947,romain-grosjean,2016,12,haas,20.0,15.0,13.0,0,0.0029101834545528383,0.0006380861715192754,0.0002562954673259741
947,carlos-sainz-jr,2016,12,racing-bulls,15.0,13.0,14.0,0,0.004157784736838261,0.0011953362625982773,0.0005717907886859761
947,daniil-kvyat,2016,12,racing-bulls,18.0,19.0,15.0,0,0.002855618376928657,0.0006606481910607879,0.0002809055765125495
947,kevin-magnussen,2016,12,alpine,16.0,17.0,16.0,0,0.001434632420142877,0.0006564562484932377,0.00031668153772797567
947,pascal-wehrlein,2016,12,manor,17.0,18.0,17.0,0,0.0004844456147890961,0.00041138121797024493,0.0002040048424479784
947,marcus-ericsson,2016,12,audi,22.0,22.0,18.0,0,0.0007863775848037558,0.0002835631104553238,0.00011324121740901566
947,jolyon-palmer,2016,12,alpine,14.0,16.0,19.0,0,0.001190346798901393,0.0007106771810413134,0.000376141516189515
947,rio-haryanto,2016,12,manor,19.0,20.0,20.0,0,0.00028646415570409984,0.00022818286333515578,0.0001057458130017828
947,felipe-nasr,2016,12,audi,21.0,21.0,,0,0.0011179188512889626,0.00040158412881473706,0.00016467793002205135
947,felipe-massa,2016,12,williams,10.0,10.0,,0,0.011633904550867089,0.003129851859743444,0.001831811265926382
948,nico-rosberg,2016,13,mercedes,1.0,1.0,1.0,1,0.2653166179562268,0.672843912634016,0.5821344267690831
948,daniel-ricciardo,2016,13,red-bull,5.0,5.0,2.0,0,0.10145396600621108,0.032572418071999655,0.02842439587280636
948,lewis-hamilton,2016,13,mercedes,21.0,21.0,3.0,0,0.3273056558048255,0.004916627197226089,0.001531931512716576
948,nico-hulkenberg,2016,13,aston-martin,7.0,7.0,4.0,0,0.009949913714088075,0.0062714993819532406,0.004877962464452583
948,sergio-perez,2016,13,aston-martin,6.0,6.0,5.0,0,0.015318043609983624,0.011300337863851307,0.009694429332491249
948,sebastian-vettel,2016,13,ferrari,4.0,4.0,6.0,0,0.08093634356418791,0.04551838259412765,0.047045538609257274
948,fernando-alonso,2016,13,mclaren,22.0,,7.0,0,0.0028841539218874205,0.0005853474299347916,0.0002261979651169374
948,valtteri-bottas,2016,13,williams,8.0,8.0,8.0,0,0.015867780475334103,0.007459671720689328,0.005290446791777037
948,kimi-raikkonen,2016,13,ferrari,3.0,3.0,9.0,0,0.050704430691720315,0.051354819526643385,0.0648709343046853
948,felipe-massa,2016,13,williams,10.0,10.0,10.0,0,0.007413848875309899,0.0028644060184363504,0.0017661132132732957
948,max-verstappen,2016,13,red-bull,2.0,2.0,11.0,0,0.10369400340806668,0.15281421907217296,0.24739909125717993
948,esteban-gutierrez,2016,13,haas,18.0,13.0,12.0,0,0.0024393188559498026,0.0007383821554649161,0.000328452033671428
948,romain-grosjean,2016,13,haas,11.0,11.0,13.0,0,0.003019869208709589,0.001978927926969829,0.0012236361777206997
948,daniil-kvyat,2016,13,racing-bulls,19.0,19.0,14.0,0,0.0024736707565737263,0.0006448234514909497,0.0002747448173419422
948,jolyon-palmer,2016,13,alpine,13.0,14.0,15.0,0,0.0009557462688741049,0.000824218219848061,0.000478057137296806
948,esteban-ocon,2016,13,manor,17.0,18.0,16.0,0,0.00033617245234221586,0.00036445179920075864,0.00018806057238837342
948,felipe-nasr,2016,13,audi,16.0,17.0,17.0,0,0.000786189962422552,0.0006064368173751658,0.0003132901869334219
948,kevin-magnussen,2016,13,alpine,12.0,12.0,,0,0.0012021464534004095,0.0011235811323058184,0.0006856634246032443
948,marcus-ericsson,2016,13,audi,20.0,20.0,,0,0.0006045649445363178,0.0003415069617822622,0.00015231995307183078
948,carlos-sainz-jr,2016,13,racing-bulls,14.0,15.0,,0,0.0035784882261298517,0.0014255608540437057,0.0007425643088292393
948,jenson-button,2016,13,mclaren,9.0,9.0,,0,0.0033169832108529826,0.002896149542223495,0.002041687196268217
948,pascal-wehrlein,2016,13,manor,15.0,16.0,,0,0.00044209163236708424,0.0005543196282443161,0.0003100560990351773
949,nico-rosberg,2016,14,mercedes,2.0,2.0,1.0,1,0.27897507034675706,0.1818548134512787,0.2764843318441839
949,lewis-hamilton,2016,14,mercedes,1.0,1.0,2.0,0,0.3334301479522139,0.6630618861911409,0.5696397538384956
949,sebastian-vettel,2016,14,ferrari,3.0,3.0,3.0,0,0.07536699420008652,0.05981789543965727,0.07518173747700002
949,kimi-raikkonen,2016,14,ferrari,4.0,4.0,4.0,0,0.04663488587154238,0.025593944514386117,0.026669584478723137
949,daniel-ricciardo,2016,14,red-bull,6.0,6.0,5.0,0,0.0994015294119059,0.02026291264854863,0.015642814718733997
949,valtteri-bottas,2016,14,williams,5.0,5.0,6.0,0,0.016376145476105084,0.013828445707061317,0.013407936899075252
949,max-verstappen,2016,14,red-bull,7.0,7.0,7.0,0,0.09018295471757293,0.014538056954665826,0.010128228486752659
949,sergio-perez,2016,14,aston-martin,8.0,8.0,8.0,0,0.01943738901018201,0.006435776112806942,0.004475652966683265
949,felipe-massa,2016,14,williams,11.0,11.0,9.0,0,0.007748778305875396,0.0020875387051779853,0.0012014033025115722
949,nico-hulkenberg,2016,14,aston-martin,9.0,9.0,10.0,0,0.013025155502621063,0.0038871688009313042,0.002510697499919633
949,romain-grosjean,2016,14,haas,17.0,12.0,11.0,0,0.003085498236932171,0.0008052060745330397,0.0003696511418401454
949,jenson-button,2016,14,mclaren,14.0,15.0,12.0,0,0.002664605639467593,0.0010223252528433109,0.000537799024267454
949,esteban-gutierrez,2016,14,haas,10.0,10.0,13.0,0,0.0025479734240119287,0.001684841919837827,0.0011094476333562199
949,fernando-alonso,2016,14,mclaren,12.0,13.0,14.0,0,0.0027904343837972683,0.001369936787291566,0.000799147823939696
949,carlos-sainz-jr,2016,14,racing-bulls,15.0,16.0,15.0,0,0.002442062682569999,0.0008821275693546518,0.00044523223344548044
949,marcus-ericsson,2016,14,audi,19.0,19.0,16.0,0,0.00047055332406509764,0.000276797558013725,0.0001290338141970271
949,kevin-magnussen,2016,14,alpine,21.0,21.0,17.0,0,0.0009011089496477965,0.0003202393584689883,0.00013536930983755477
949,esteban-ocon,2016,14,manor,22.0,,18.0,0,0.0007070767689765823,0.000365412361762353,0.0001571312714724705
949,daniil-kvyat,2016,14,racing-bulls,16.0,17.0,,0,0.0019413209995897452,0.0006640037299157394,0.00032188519542007167
949,pascal-wehrlein,2016,14,manor,13.0,14.0,,0,0.00035160376847133233,0.0005138737816423174,0.0003182284664250516
949,jolyon-palmer,2016,14,alpine,20.0,20.0,,0,0.0008641342552622721,0.0003363939897044628,0.00014704341657395233
949,felipe-nasr,2016,14,audi,18.0,18.0,,0,0.0006545767723460856,0.0003904030909769097,0.00018788915714578166
950,nico-rosberg,2016,15,mercedes,1.0,1.0,1.0,1,0.2857854835916503,0.6534572036862875,0.5619682729361555
950,daniel-ricciardo,2016,15,red-bull,2.0,2.0,2.0,0,0.09249594303200134,0.13730700779772154,0.2232437214388682
950,lewis-hamilton,2016,15,mercedes,3.0,3.0,3.0,0,0.3350939449287716,0.11808414640292228,0.1360564248445329
950,kimi-raikkonen,2016,15,ferrari,5.0,5.0,4.0,0,0.051447062495206926,0.02053548064560194,0.018304718505421043
950,sebastian-vettel,2016,15,ferrari,22.0,22.0,5.0,0,0.08225541672558617,0.002485606266271218,0.0008099462884750691
950,max-verstappen,2016,15,red-bull,4.0,4.0,6.0,0,0.08212844153779982,0.03941842838050011,0.040213676630609846
950,fernando-alonso,2016,15,mclaren,9.0,9.0,7.0,0,0.0026158512255441183,0.0023902271085780025,0.0016970098324220135
950,sergio-perez,2016,15,aston-martin,17.0,10.0,8.0,0,0.018639491138981328,0.002005442185076087,0.00084009939135121
950,daniil-kvyat,2016,15,racing-bulls,7.0,7.0,9.0,0,0.0013227102490873436,0.0024659526262721335,0.002126830917596186
950,kevin-magnussen,2016,15,alpine,15.0,17.0,10.0,0,0.0007028013043455455,0.000572599538867729,0.0003081816072373901
950,esteban-gutierrez,2016,15,haas,13.0,14.0,11.0,0,0.002563539096574119,0.0012127861994595344,0.0006682595655499641
950,felipe-massa,2016,15,williams,11.0,12.0,12.0,0,0.008301771709252875,0.0023975504709193725,0.0013740677323037039
950,felipe-nasr,2016,15,audi,16.0,18.0,13.0,0,0.0004990306488664359,0.00046256120364641365,0.00024382413482223754
950,carlos-sainz-jr,2016,15,racing-bulls,6.0,6.0,14.0,0,0.0018281114306692363,0.004089804075793719,0.0038964336040474105
950,jolyon-palmer,2016,15,alpine,18.0,19.0,15.0,0,0.0006028551880957827,0.00037542754159983227,0.00017905217645042772
950,pascal-wehrlein,2016,15,manor,19.0,20.0,16.0,0,0.0002687361627848163,0.0002646517183415966,0.00012825292400488964
950,marcus-ericsson,2016,15,audi,14.0,16.0,17.0,0,0.00040165229213375757,0.0004891969294431789,0.00028303309964758784
950,esteban-ocon,2016,15,manor,21.0,21.0,18.0,0,0.0005129551308774561,0.0003680534295533473,0.00016521940093661893
950,jenson-button,2016,15,mclaren,12.0,13.0,,0,0.00255996747511647,0.0014546276642186146,0.0008507863753559377
950,valtteri-bottas,2016,15,williams,10.0,11.0,,0,0.017535660852023332,0.0049936353301795675,0.0030203909439752226
950,nico-hulkenberg,2016,15,aston-martin,8.0,8.0,,0,0.012438573784631236,0.0051696107987463215,0.0036217976502366848
951,daniel-ricciardo,2016,16,red-bull,4.0,4.0,1.0,1,0.09856170199033958,0.03983121520210939,0.0403339222463925
951,max-verstappen,2016,16,red-bull,3.0,3.0,2.0,0,0.08339862362506703,0.056617069378790866,0.06977702396542271
951,nico-rosberg,2016,16,mercedes,2.0,2.0,3.0,0,0.2917446956015643,0.18598204562716877,0.28133599532269793
951,kimi-raikkonen,2016,16,ferrari,6.0,6.0,4.0,0,0.05465212972119076,0.013944395742037255,0.010928513132363073
951,valtteri-bottas,2016,16,williams,11.0,11.0,5.0,0,0.010429528008341125,0.0029670292543677716,0.0017192930700287176
951,sergio-perez,2016,16,aston-martin,7.0,7.0,6.0,0,0.014033128128299665,0.007152388600805417,0.0055344103418640276
951,fernando-alonso,2016,16,mclaren,22.0,22.0,7.0,0,0.002494052316027939,0.0004844307851162946,0.00018869349453111943
951,nico-hulkenberg,2016,16,aston-martin,8.0,8.0,8.0,0,0.008086023795151314,0.003746995062482197,0.0026699759628695534
951,jenson-button,2016,16,mclaren,9.0,9.0,9.0,0,0.0020485380478709385,0.0018505097928038993,0.001321134104454042
951,jolyon-palmer,2016,16,alpine,19.0,19.0,10.0,0,0.0006427769530835153,0.00030954539643825786,0.00014116252082545326
951,carlos-sainz-jr,2016,16,racing-bulls,16.0,16.0,11.0,0,0.0018792259194533958,0.0007083160508942727,0.0003459872597294003
951,marcus-ericsson,2016,16,audi,17.0,17.0,12.0,0,0.0004041015974908898,0.0003142237962933291,0.00015879999107340089
951,felipe-massa,2016,16,williams,10.0,10.0,13.0,0,0.00576759635203001,0.0022063486092145533,0.001374733515990825
951,daniil-kvyat,2016,16,racing-bulls,15.0,15.0,14.0,0,0.0014810844226846767,0.0006569505583334432,0.0003362946912429969
951,pascal-wehrlein,2016,16,manor,21.0,21.0,15.0,0,0.0002689336098488262,0.00020094530955947222,9.079096554850328e-05
951,esteban-ocon,2016,16,manor,20.0,20.0,16.0,0,0.0003577815304599331,0.00027146353940121727,0.00012625454533581225
951,felipe-nasr,2016,16,audi,18.0,18.0,,0,0.0005247969248065273,0.00034917649821054165,0.00016917030562084285
951,lewis-hamilton,2016,16,mercedes,1.0,1.0,,0,0.3318317120358403,0.6527669651188338,0.558358189057929
951,esteban-gutierrez,2016,16,haas,13.0,13.0,,0,0.0027196227272117254,0.0011096084585398714,0.0006076069591513576
951,kevin-magnussen,2016,16,alpine,14.0,14.0,,0,0.0008151766125487987,0.0006184942569770647,0.0003454513967663609
951,romain-grosjean,2016,16,haas,12.0,12.0,,0,0.003340886480192907,0.0014854075351425802,0.0008560725037633282
951,sebastian-vettel,2016,16,ferrari,5.0,5.0,,0,0.08451788360049589,0.026426475426479728,0.023280524646398917
952,nico-rosberg,2016,17,mercedes,1.0,1.0,1.0,1,0.2603511356823326,0.6255192931631625,0.535982756266276
952,max-verstappen,2016,17,red-bull,3.0,5.0,2.0,0,0.1365249507997766,0.07433285454723083,0.0882791042624045
952,lewis-hamilton,2016,17,mercedes,2.0,2.0,3.0,0,0.23585351254032588,0.18236549343267847,0.2762302340824022
952,sebastian-vettel,2016,17,ferrari,6.0,4.0,4.0,0,0.06908288054142832,0.01835510122452654,0.014235056431732942
952,kimi-raikkonen,2016,17,ferrari,8.0,3.0,5.0,0,0.05643427370694981,0.009722538118623475,0.006227284775359698
952,daniel-ricciardo,2016,17,red-bull,4.0,6.0,6.0,0,0.16211286124811816,0.052485237454231164,0.05121149625054145
952,sergio-perez,2016,17,aston-martin,5.0,7.0,7.0,0,0.021885111155281925,0.016154199927673137,0.015157326101711952
952,nico-hulkenberg,2016,17,aston-martin,9.0,9.0,8.0,0,0.012645406990853664,0.003974195301886445,0.002527265927355388
952,felipe-massa,2016,17,williams,12.0,12.0,9.0,0,0.008153719617288075,0.0019912769947966237,0.0010644636259530952
952,valtteri-bottas,2016,17,williams,11.0,11.0,10.0,0,0.015720922519042335,0.0038133864668834926,0.0021420821676802725
952,romain-grosjean,2016,17,haas,7.0,8.0,11.0,0,0.0024064454611948003,0.00338662609603176,0.002826826861378658
952,jolyon-palmer,2016,17,alpine,16.0,16.0,12.0,0,0.0009678611733266772,0.0005537578547128655,0.00027630853078072467
952,daniil-kvyat,2016,17,racing-bulls,13.0,13.0,13.0,0,0.00210517599027589,0.0010305537832457602,0.0005640611033774147
952,kevin-magnussen,2016,17,alpine,17.0,18.0,14.0,0,0.0009492586132768172,0.0004930698728079878,0.00023622934828528182
952,marcus-ericsson,2016,17,audi,18.0,19.0,15.0,0,0.0005624045059862422,0.0003600638659966181,0.00017072440950944168
952,fernando-alonso,2016,17,mclaren,15.0,15.0,16.0,0,0.004423726964751922,0.0012515554322737202,0.0006059863184898954
952,carlos-sainz-jr,2016,17,racing-bulls,14.0,14.0,17.0,0,0.0027438510285828343,0.0011163519149994272,0.0005790755888847804
952,jenson-button,2016,17,mclaren,22.0,17.0,18.0,0,0.0035850559642929504,0.0005620047772475643,0.00021075912301057005
952,felipe-nasr,2016,17,audi,19.0,20.0,19.0,0,0.0006223007369895864,0.0003556112209429212,0.00016234327803075157
952,esteban-gutierrez,2016,17,haas,10.0,10.0,20.0,0,0.00197881682677494,0.0016068952240001519,0.0010572496175574118
952,esteban-ocon,2016,17,manor,20.0,21.0,21.0,0,0.00047783481638861953,0.0003125816107397005,0.00014089348191053826
952,pascal-wehrlein,2016,17,manor,21.0,22.0,22.0,0,0.0004124931167613058,0.0002573517153088801,0.00011247244736698642
953,lewis-hamilton,2016,18,mercedes,1.0,1.0,1.0,1,0.23694280177492294,0.5933293714067964,0.5004727140104284
953,nico-rosberg,2016,18,mercedes,2.0,2.0,2.0,0,0.2662274809485195,0.20411507631241652,0.30344137965517753
953,daniel-ricciardo,2016,18,red-bull,3.0,3.0,3.0,0,0.15338237073241148,0.08400427411511556,0.09806970693696662
953,sebastian-vettel,2016,18,ferrari,6.0,6.0,4.0,0,0.0718230605554153,0.01911895774161007,0.014554763926573285
953,fernando-alonso,2016,18,mclaren,12.0,12.0,5.0,0,0.003312761622150484,0.0016485506789780777,0.0009270489665873412
953,carlos-sainz-jr,2016,18,racing-bulls,10.0,10.0,6.0,0,0.002292649400504325,0.001838314750037317,0.0011869005633546638
953,felipe-massa,2016,18,williams,9.0,9.0,7.0,0,0.008062569131000015,0.003305368173489759,0.0021133941172095335
953,sergio-perez,2016,18,aston-martin,11.0,11.0,8.0,0,0.02237228928516472,0.00447081924149475,0.002420267352797143
953,jenson-button,2016,18,mclaren,19.0,19.0,9.0,0,0.002650548246967041,0.0006451340534367838,0.0002668891378097128
953,romain-grosjean,2016,18,haas,17.0,17.0,10.0,0,0.0021365076519407646,0.0007626059198595185,0.00034687776631012857
953,daniil-kvyat,2016,18,racing-bulls,13.0,13.0,11.0,0,0.0018773971817732055,0.0010176399126656337,0.0005519633470292734
953,kevin-magnussen,2016,18,alpine,18.0,18.0,12.0,0,0.0009924378129621118,0.0004662198363964093,0.00021080893906361148
953,jolyon-palmer,2016,18,alpine,15.0,15.0,13.0,0,0.0010482327052401244,0.0006591325313602212,0.00033679883932946414
953,marcus-ericsson,2016,18,audi,16.0,16.0,14.0,0,0.0005283180180607737,0.00044141467421856466,0.00022388601668255499
953,felipe-nasr,2016,18,audi,21.0,21.0,15.0,0,0.0005516223919636755,0.0002898590348054952,0.00012229643118038345
953,valtteri-bottas,2016,18,williams,8.0,8.0,16.0,0,0.01490484211113717,0.006451477632609842,0.004428110143738094
953,pascal-wehrlein,2016,18,manor,20.0,20.0,17.0,0,0.00030960663810882595,0.00025162012761929494,0.00011342392122070076
953,esteban-ocon,2016,18,manor,22.0,22.0,18.0,0,0.00035532874808221734,0.00023858788381602342,0.00010065672222197799
953,kimi-raikkonen,2016,18,ferrari,5.0,5.0,,0,0.05855563858809196,0.022152670784971427,0.01912641493882377
953,max-verstappen,2016,18,red-bull,4.0,4.0,,0,0.1369728815506914,0.04764922462375109,0.04588459512990202
953,esteban-gutierrez,2016,18,haas,14.0,14.0,,0,0.0015928002730481537,0.0008413618011840507,0.0004380615313431449
953,nico-hulkenberg,2016,18,aston-martin,7.0,7.0,,0,0.013107854631843725,0.006302318763367164,0.0046630416062505824
954,lewis-hamilton,2016,19,mercedes,1.0,1.0,1.0,1,0.290735070252247,0.6237040866063411,0.5260269668685867
954,nico-rosberg,2016,19,mercedes,2.0,2.0,2.0,0,0.32137031444344516,0.21188515039249498,0.3150243001423296
954,daniel-ricciardo,2016,19,red-bull,4.0,4.0,3.0,0,0.12416303957734871,0.047427505678267035,0.046798818608383176
954,max-verstappen,2016,19,red-bull,3.0,3.0,4.0,0,0.08676437099822631,0.058195392801400014,0.07007601069338103
954,sebastian-vettel,2016,19,ferrari,7.0,7.0,5.0,0,0.06099092961986731,0.01372266627412853,0.009634402644421402
954,kimi-raikkonen,2016,19,ferrari,6.0,6.0,6.0,0,0.040541804818122,0.012967093882730926,0.010159570836205322
954,nico-hulkenberg,2016,19,aston-martin,5.0,5.0,7.0,0,0.00977444276098672,0.009147555294588603,0.008692873432855162
954,valtteri-bottas,2016,19,williams,8.0,8.0,8.0,0,0.014347789796277106,0.005962920597913013,0.004133277573170643
954,felipe-massa,2016,19,williams,9.0,9.0,9.0,0,0.008852376750007189,0.0033800606217482443,0.002178539256138317
954,sergio-perez,2016,19,aston-martin,12.0,12.0,10.0,0,0.01927187774374595,0.0035764229552738467,0.001864818922432291
954,marcus-ericsson,2016,19,audi,15.0,15.0,11.0,0,0.0006538654379092506,0.0005185137816842528,0.000274527379015162
954,jenson-button,2016,19,mclaren,13.0,13.0,12.0,0,0.003900770469673796,0.0013669838544551115,0.0007226656855332499
954,fernando-alonso,2016,19,mclaren,11.0,11.0,13.0,0,0.005047014777452693,0.002201968056598333,0.001298321709993178
954,jolyon-palmer,2016,19,alpine,21.0,,14.0,0,0.001312203957667479,0.0003962186432589365,0.0001610338312033362
954,felipe-nasr,2016,19,audi,19.0,19.0,15.0,0,0.000672319964786106,0.00035706056340470616,0.00016111035735915971
954,carlos-sainz-jr,2016,19,racing-bulls,10.0,10.0,16.0,0,0.003382192482726779,0.0021065798872305017,0.001347924361622773
954,kevin-magnussen,2016,19,alpine,14.0,14.0,17.0,0,0.001267288228659094,0.0007588323625905085,0.00040566090911690195
954,daniil-kvyat,2016,19,racing-bulls,18.0,18.0,18.0,0,0.0026240228199722808,0.0006499819666338907,0.00028071785931191166
954,esteban-gutierrez,2016,19,haas,17.0,17.0,19.0,0,0.0014152598909034134,0.0005423280296425771,0.0002511426897767733
954,romain-grosjean,2016,19,haas,22.0,21.0,20.0,0,0.0021848109711443053,0.000492428049791301,0.00019046487641707452
954,esteban-ocon,2016,19,manor,20.0,20.0,21.0,0,0.00037690041557333074,0.0002695926150352258,0.00012187226732171004
954,pascal-wehrlein,2016,19,manor,16.0,16.0,,0,0.0003513338232579203,0.00037065708478841136,0.00019497909542505001
955,lewis-hamilton,2016,20,mercedes,1.0,1.0,1.0,1,0.2937914443033088,0.6356021299521709,0.5383325174912261
955,nico-rosberg,2016,20,mercedes,2.0,2.0,2.0,0,0.3197180922302609,0.21335188425348406,0.31861803101956965
955,max-verstappen,2016,20,red-bull,4.0,4.0,3.0,0,0.08894995164911483,0.036823285042165775,0.03663260923309104
955,sergio-perez,2016,20,aston-martin,9.0,9.0,4.0,0,0.018392002517055518,0.005669262048371391,0.003609823824398433
955,sebastian-vettel,2016,20,ferrari,5.0,5.0,5.0,0,0.06067247902620656,0.024253358818593435,0.021466169695933138
955,carlos-sainz-jr,2016,20,racing-bulls,15.0,15.0,6.0,0,0.002565038927610255,0.0009668934909501796,0.0004798894763461341
955,nico-hulkenberg,2016,20,aston-martin,8.0,8.0,7.0,0,0.009952931748151943,0.004304614082107219,0.0029931392769591753
955,daniel-ricciardo,2016,20,red-bull,6.0,6.0,8.0,0,0.1266181323230189,0.02455501094755699,0.01848946017695206
955,felipe-nasr,2016,20,audi,21.0,22.0,9.0,0,0.000713551380249139,0.0003105511968833963,0.00013100275143124827
955,fernando-alonso,2016,20,mclaren,10.0,10.0,10.0,0,0.004549634315022825,0.0024884328439601965,0.0015795970773514931
955,valtteri-bottas,2016,20,williams,11.0,11.0,11.0,0,0.014355404101565173,0.003541147235352406,0.0019883897880615606
955,esteban-ocon,2016,20,manor,22.0,20.0,12.0,0,0.00028575824020789556,0.00020791909823610711,8.989644858527236e-05
955,daniil-kvyat,2016,20,racing-bulls,14.0,14.0,13.0,0,0.0019651013366521327,0.0008839991804054895,0.00046136608521313397
955,kevin-magnussen,2016,20,alpine,18.0,18.0,14.0,0,0.0011083402523554351,0.0004740873740164232,0.00021625744671209724
955,pascal-wehrlein,2016,20,manor,19.0,19.0,15.0,0,0.0002559319028214364,0.00024397401755199932,0.00011663314831605409
955,jenson-button,2016,20,mclaren,17.0,17.0,16.0,0,0.0035979309620430403,0.0008571472910192584,0.0003815855380562221
955,esteban-gutierrez,2016,20,haas,12.0,12.0,,0,0.0009850597652958455,0.0008467019645625594,0.0005082577860839605
955,felipe-massa,2016,20,williams,13.0,13.0,,0,0.0089552260222945,0.0018645827644777266,0.0009415397234698995
955,jolyon-palmer,2016,20,alpine,16.0,16.0,,0,0.0012048471277211778,0.0006152902974982679,0.00030353208966579445
955,kimi-raikkonen,2016,20,ferrari,3.0,3.0,,0,0.04063125292147178,0.04179620185942057,0.05251059156163434
955,marcus-ericsson,2016,20,audi,20.0,21.0,,0,0.0007318889475720004,0.0003435262412155867,0.00014971036094306358
956,lewis-hamilton,2016,21,mercedes,1.0,1.0,1.0,1,0.31483722416510523,0.6319054679760682,0.5315663826937702
956,nico-rosberg,2016,21,mercedes,2.0,2.0,2.0,0,0.3373734085317489,0.2096098151331371,0.31097037328147836
956,sebastian-vettel,2016,21,ferrari,5.0,5.0,3.0,0,0.045495419161747944,0.021315251261093467,0.019158184419616225
956,max-verstappen,2016,21,red-bull,6.0,6.0,4.0,0,0.0899673549127147,0.01837231786212282,0.013868745170331532
956,daniel-ricciardo,2016,21,red-bull,3.0,3.0,5.0,0,0.11795676606621952,0.07192612203259151,0.08634796713326248
956,kimi-raikkonen,2016,21,ferrari,4.0,4.0,6.0,0,0.025408902099330888,0.01976867128884044,0.020823818335321032
956,nico-hulkenberg,2016,21,aston-martin,7.0,7.0,7.0,0,0.011983544569266357,0.005596263752070782,0.004201223349822584
956,sergio-perez,2016,21,aston-martin,8.0,8.0,8.0,0,0.0223045225090989,0.0072190998222835005,0.004909854698487624
956,felipe-massa,2016,21,williams,10.0,10.0,9.0,0,0.005814606864603344,0.002274098592231383,0.0013948683362524734
956,fernando-alonso,2016,21,mclaren,9.0,9.0,10.0,0,0.004342415704672402,0.0028280903574571473,0.0019277741881247089
956,romain-grosjean,2016,21,haas,14.0,14.0,11.0,0,0.0009205044648500366,0.0007033064768064419,0.0003865797699951985
956,esteban-gutierrez,2016,21,haas,13.0,13.0,12.0,0,0.0006162318944758459,0.0005846691786546765,0.0003397434837829993
956,esteban-ocon,2016,21,manor,20.0,20.0,13.0,0,0.00036104050809663147,0.00026197617521393047,0.00011903559975812079
956,pascal-wehrlein,2016,21,manor,16.0,16.0,14.0,0,0.00030310274902904547,0.0003323452729739906,0.0001759773960747048
956,marcus-ericsson,2016,21,audi,22.0,22.0,15.0,0,0.0006568726294669889,0.00026179659173767374,0.00010687987371962371
956,felipe-nasr,2016,21,audi,19.0,19.0,16.0,0,0.0007637852655408408,0.00037543641309479203,0.0001688569316350074
956,jolyon-palmer,2016,21,alpine,15.0,15.0,17.0,0,0.0008998252042283488,0.0005671225818194646,0.00029484913349622663
956,carlos-sainz-jr,2016,21,racing-bulls,21.0,21.0,,0,0.0031654844012725817,0.0005895328399718011,0.00023018223541884794
956,daniil-kvyat,2016,21,racing-bulls,17.0,17.0,,0,0.002240418908506219,0.0006430982902923145,0.00029097688860179027
956,jenson-button,2016,21,mclaren,12.0,12.0,,0,0.0032353303037207914,0.001395682204568983,0.0007867255791508598
956,valtteri-bottas,2016,21,williams,11.0,11.0,,0,0.010399885755016793,0.0030324775635746106,0.0017301014542864868
956,kevin-magnussen,2016,21,alpine,18.0,18.0,,0,0.000953353331287703,0.0004373583333950129,0.00020090004761292438
957,sebastian-vettel,2017,1,ferrari,2.0,2.0,1.0,1,0.04226238905264542,0.10407549497536515,0.17719534227295045
957,lewis-hamilton,2017,1,mercedes,1.0,1.0,2.0,0,0.3112170052294348,0.6905577618902586,0.6087492423305106
957,valtteri-bottas,2017,1,mercedes,3.0,3.0,3.0,0,0.3811870272705914,0.13038181179587907,0.1510624444707066
957,kimi-raikkonen,2017,1,ferrari,4.0,4.0,4.0,0,0.024059210529981948,0.02111567739987214,0.02267497967857526
957,max-verstappen,2017,1,red-bull,5.0,5.0,5.0,0,0.08102123822138411,0.026325381418437897,0.023075006487674438
957,felipe-massa,2017,1,williams,7.0,7.0,6.0,0,0.0035011546714251137,0.0037420236732977484,0.003027927188990532
957,sergio-perez,2017,1,aston-martin,10.0,11.0,7.0,0,0.017891591167505234,0.004941097119790105,0.0029499788899712146
957,carlos-sainz-jr,2017,1,racing-bulls,8.0,8.0,8.0,0,0.0012309376710780886,0.0021414749328791593,0.0016829555417013202
957,daniil-kvyat,2017,1,racing-bulls,9.0,9.0,9.0,0,0.0008995387616073007,0.0013760065264551153,0.00100310104572116
957,esteban-ocon,2017,1,aston-martin,13.0,14.0,10.0,0,0.016219734497331665,0.0029574132506019614,0.0014805269005642486
957,nico-hulkenberg,2017,1,alpine,11.0,12.0,11.0,0,0.0003599399054256984,0.0006495972741555442,0.0004311545062490782
957,antonio-giovinazzi,2017,1,audi,16.0,16.0,12.0,0,0.0004482252821334297,0.00042202175114363006,0.00021707131367084916
957,stoffel-vandoorne,2017,1,mclaren,18.0,18.0,13.0,0,0.008265982903873103,0.002007344146642,0.0008686416110605745
957,fernando-alonso,2017,1,mclaren,12.0,13.0,,0,0.0025269772466324247,0.0015519208251658203,0.0008989739707430055
957,kevin-magnussen,2017,1,haas,17.0,17.0,,0,0.000581268675146587,0.00041870291200900555,0.00020376639816722678
957,lance-stroll,2017,1,williams,20.0,19.0,,0,0.00427705248936127,0.0007646330338820963,0.00030316224900803733
957,daniel-ricciardo,2017,1,red-bull,21.0,10.0,,0,0.10242893154773518,0.002912480974172411,0.0009633071123802137
957,marcus-ericsson,2017,1,audi,14.0,15.0,,0,0.00042187875264425214,0.0005024221663855033,0.0002831165386301646
957,jolyon-palmer,2017,1,alpine,19.0,20.0,,0,0.0004678931549891019,0.0003217848416516178,0.00014698154137612337
957,romain-grosjean,2017,1,haas,6.0,6.0,,0,0.0007320229690738775,0.002834949091955245,0.0027823199513488574
958,lewis-hamilton,2017,2,mercedes,1.0,1.0,1.0,1,0.33455277187744153,0.6844722492151839,0.5993330367888041
958,sebastian-vettel,2017,2,ferrari,2.0,2.0,2.0,0,0.058330723073805206,0.11468961415676208,0.19160312266402657
958,max-verstappen,2017,2,red-bull,16.0,19.0,3.0,0,0.05981420047034394,0.0033375981503255933,0.001351722699815301
958,daniel-ricciardo,2017,2,red-bull,5.0,5.0,4.0,0,0.060850713082625456,0.0233935576298803,0.020811408599386547
958,kimi-raikkonen,2017,2,ferrari,4.0,4.0,5.0,0,0.03288824685972178,0.02309364211178667,0.02433715858812547
958,valtteri-bottas,2017,2,mercedes,3.0,3.0,6.0,0,0.4010809781583751,0.1270744260890851,0.14628743657121046
958,carlos-sainz-jr,2017,2,racing-bulls,11.0,11.0,7.0,0,0.0017088310580294862,0.001391682701572769,0.0008647858721698652
958,kevin-magnussen,2017,2,haas,12.0,12.0,8.0,0,0.000396459947349741,0.0006086057995685021,0.00038064264840817523
958,sergio-perez,2017,2,aston-martin,8.0,8.0,9.0,0,0.018971672722193113,0.007050264738646589,0.00486535496391169
958,esteban-ocon,2017,2,aston-martin,17.0,20.0,10.0,0,0.015963213178287326,0.0017581208746437536,0.0007303125653632514
958,romain-grosjean,2017,2,haas,19.0,17.0,11.0,0,0.0004938285769408283,0.0003369065478045072,0.00015390136058575553
958,nico-hulkenberg,2017,2,alpine,7.0,7.0,12.0,0,0.0003763541356142903,0.0013802650846421497,0.0012399251691604443
958,jolyon-palmer,2017,2,alpine,20.0,18.0,13.0,0,0.0004151499154164291,0.0002602997965174966,0.0001147453031884755
958,felipe-massa,2017,2,williams,6.0,6.0,14.0,0,0.0034284046806445506,0.004755989703048455,0.004275145224848035
958,marcus-ericsson,2017,2,audi,14.0,14.0,15.0,0,0.00037984577508397765,0.0004515657362007477,0.00025439915347644156
958,fernando-alonso,2017,2,mclaren,13.0,13.0,,0,0.0018701745847081713,0.0011215122416718458,0.0006210587622180057
958,daniil-kvyat,2017,2,racing-bulls,9.0,9.0,,0,0.0012520335170434127,0.0015214675481767016,0.0010878661060881637
958,stoffel-vandoorne,2017,2,mclaren,15.0,16.0,,0,0.0053165931795315455,0.002009507378122233,0.0009948495419038277
958,antonio-giovinazzi,2017,2,audi,18.0,15.0,,0,0.0013611458083528478,0.0008107660822327284,0.00037823478443478793
958,lance-stroll,2017,2,williams,10.0,10.0,,0,0.0005486593984911454,0.00048195841412778105,0.00031489263287456904
959,sebastian-vettel,2017,3,ferrari,3.0,3.0,1.0,1,0.07081801534551588,0.05666661972169647,0.06970620263221741
959,lewis-hamilton,2017,3,mercedes,2.0,2.0,2.0,0,0.33282174336182735,0.1942985183894862,0.28889649707649007
959,valtteri-bottas,2017,3,mercedes,1.0,1.0,3.0,0,0.3727694923263701,0.6723769074884776,0.5754623698259935
959,kimi-raikkonen,2017,3,ferrari,5.0,5.0,4.0,0,0.039563673528556845,0.01533896985007181,0.013467383486616028
959,daniel-ricciardo,2017,3,red-bull,4.0,4.0,5.0,0,0.07074693142181578,0.03211458163097359,0.032243904962554505
959,felipe-massa,2017,3,williams,8.0,8.0,6.0,0,0.0024617107362565342,0.0023171805896551596,0.0017061547763426513
959,sergio-perez,2017,3,aston-martin,18.0,18.0,7.0,0,0.017998147884413052,0.001590973636701125,0.0006215722133371914
959,romain-grosjean,2017,3,haas,9.0,9.0,8.0,0,0.0006937842485565658,0.001191488398411874,0.0008672902468726217
959,nico-hulkenberg,2017,3,alpine,7.0,7.0,9.0,0,0.0004441281912632358,0.0013272399137694167,0.001157118374901527
959,esteban-ocon,2017,3,aston-martin,14.0,14.0,10.0,0,0.01483877217799259,0.002076015302406941,0.000964145174137931
959,pascal-wehrlein,2017,3,audi,13.0,13.0,11.0,0,0.00036651804586686757,0.0004699260452145869,0.0002738810900928142
959,daniil-kvyat,2017,3,racing-bulls,11.0,11.0,12.0,0,0.001080669813171514,0.0008867983754727144,0.0005437138189342735
959,jolyon-palmer,2017,3,alpine,10.0,10.0,13.0,0,0.0004817276068485658,0.000781926851060361,0.0005348734763669796
959,fernando-alonso,2017,3,mclaren,15.0,15.0,14.0,0,0.0011382654533212274,0.0006350792093383292,0.00031965723326721104
959,marcus-ericsson,2017,3,audi,19.0,19.0,,0,0.0003354915883604345,0.0002332638296637136,0.00010529398132867337
959,carlos-sainz-jr,2017,3,racing-bulls,16.0,16.0,,0,0.001743045020111739,0.0006925656933391116,0.00032723509267792246
959,lance-stroll,2017,3,williams,12.0,12.0,,0,0.0006380988438495817,0.00040869466883548626,0.00023324879746600136
959,max-verstappen,2017,3,red-bull,6.0,6.0,,0,0.07047485084479527,0.016316992076076516,0.012452027467451197
959,kevin-magnussen,2017,3,haas,20.0,20.0,,0,0.0005849335611069021,0.00027625832934902747,0.00011743027295150289
960,valtteri-bottas,2017,4,mercedes,3.0,3.0,1.0,1,0.3801060547304281,0.1583540167328931,0.1745298386410088
960,sebastian-vettel,2017,4,ferrari,1.0,1.0,2.0,0,0.08976325020097453,0.5686263742700741,0.5132334807141111
960,kimi-raikkonen,2017,4,ferrari,2.0,2.0,3.0,0,0.049617851976404496,0.11272842621598113,0.1779999740397043
960,lewis-hamilton,2017,4,mercedes,4.0,4.0,4.0,0,0.34548913471209614,0.0910605028359111,0.08272214362953115
960,max-verstappen,2017,4,red-bull,7.0,7.0,5.0,0,0.04148915770432494,0.014105821685137337,0.009697877026301233
960,sergio-perez,2017,4,aston-martin,9.0,9.0,6.0,0,0.018172959067216676,0.0073844758331950205,0.004510212710743736
960,esteban-ocon,2017,4,aston-martin,10.0,10.0,7.0,0,0.014134210640905242,0.005087031965991329,0.002903779805217095
960,nico-hulkenberg,2017,4,alpine,8.0,8.0,8.0,0,0.0005609422827694255,0.001732203227480128,0.0013359839144302691
960,felipe-massa,2017,4,williams,6.0,6.0,9.0,0,0.0024408540698252165,0.005603135831159516,0.004920127610961432
960,carlos-sainz-jr,2017,4,racing-bulls,14.0,11.0,10.0,0,0.0013083293713831326,0.0010878757078478232,0.0005568174492931395
960,lance-stroll,2017,4,williams,11.0,12.0,11.0,0,0.0004871470779409014,0.0005764473883376722,0.00034382691057544354
960,daniil-kvyat,2017,4,racing-bulls,12.0,13.0,12.0,0,0.0009265941568453588,0.001071831478797328,0.0006119928632851893
960,kevin-magnussen,2017,4,haas,13.0,14.0,13.0,0,0.0005366828920535043,0.0007700746327615966,0.00042914474106295976
960,stoffel-vandoorne,2017,4,mclaren,20.0,17.0,14.0,0,0.0020236879382867444,0.000918343620207294,0.00036972095609762336
960,marcus-ericsson,2017,4,audi,18.0,19.0,15.0,0,0.0003051920762610328,0.00034994755078548534,0.0001607139394949384
960,pascal-wehrlein,2017,4,audi,17.0,18.0,16.0,0,0.0003842141402123238,0.0004611709517456213,0.00021941021590665382
960,daniel-ricciardo,2017,4,red-bull,5.0,5.0,,0,0.050940592404680775,0.02899876086135164,0.024960483178830407
960,jolyon-palmer,2017,4,alpine,16.0,16.0,,0,0.0005710490457690172,0.0005549315345808195,0.000267674452147691
960,romain-grosjean,2017,4,haas,19.0,20.0,,0,0.0007420955116225217,0.0005286276757619473,0.00022679720129677956
961,lewis-hamilton,2017,5,mercedes,1.0,1.0,1.0,1,0.33924584081995773,0.6621728567244589,0.5718574108443196
961,sebastian-vettel,2017,5,ferrari,2.0,2.0,2.0,0,0.10659510782688779,0.14197460334158776,0.22723451434517286
961,daniel-ricciardo,2017,5,red-bull,6.0,6.0,3.0,0,0.03079388018659273,0.012261823219385811,0.009824174411716898
961,sergio-perez,2017,5,aston-martin,8.0,8.0,4.0,0,0.01997137913170908,0.006869573359857746,0.0046632775210939765
961,esteban-ocon,2017,5,aston-martin,10.0,10.0,5.0,0,0.015375772134908575,0.003859788410397578,0.002261484737767409
961,nico-hulkenberg,2017,5,alpine,13.0,13.0,6.0,0,0.0005864352234050287,0.0005970778563785898,0.00034209805318593595
961,carlos-sainz-jr,2017,5,racing-bulls,12.0,12.0,7.0,0,0.0014418964213326092,0.0010818366268968327,0.0006309796957115902
961,pascal-wehrlein,2017,5,audi,15.0,15.0,8.0,0,0.00035547556737842946,0.00040209432191246546,0.00021540542042973806
961,daniil-kvyat,2017,5,racing-bulls,19.0,20.0,9.0,0,0.0010109623744328287,0.00038123464698188857,0.00016376804193293286
961,romain-grosjean,2017,5,haas,14.0,14.0,10.0,0,0.0005799828904281047,0.0005710399831683563,0.0003138092094689218
961,marcus-ericsson,2017,5,audi,16.0,16.0,11.0,0,0.0002907702523181465,0.000308427540336378,0.00015862917670908256
961,fernando-alonso,2017,5,mclaren,7.0,7.0,12.0,0,0.0010050218867964553,0.0022938201519787957,0.001962604816146763
961,felipe-massa,2017,5,williams,9.0,9.0,13.0,0,0.0026557878036748434,0.0021885979141307486,0.0015006511951946304
961,kevin-magnussen,2017,5,haas,11.0,11.0,14.0,0,0.00046789342692237537,0.0007202551593484945,0.0004674361323461169
961,jolyon-palmer,2017,5,alpine,17.0,17.0,15.0,0,0.0004977727773665496,0.0003360438495794584,0.00016095567167791056
961,lance-stroll,2017,5,williams,18.0,18.0,16.0,0,0.0007440299236208494,0.0002543425071603935,0.00011113511950767687
961,valtteri-bottas,2017,5,mercedes,3.0,3.0,,0,0.385761602375055,0.11793073482564807,0.1340028407910566
961,stoffel-vandoorne,2017,5,mclaren,20.0,19.0,,0,0.0018810075742021826,0.0006554197127905526,0.0002730739232213081
961,max-verstappen,2017,5,red-bull,5.0,5.0,,0,0.030948535870005726,0.01666869637829626,0.015107649277562998
961,kimi-raikkonen,2017,5,ferrari,4.0,4.0,,0,0.059790845533004934,0.028471733469704906,0.02874810161577699
962,sebastian-vettel,2017,6,ferrari,2.0,2.0,1.0,1,0.12347189172195043,0.25674521019063246,0.3653252479085658
962,kimi-raikkonen,2017,6,ferrari,1.0,1.0,2.0,0,0.05686617467838136,0.4419079371939409,0.366653751879751
962,daniel-ricciardo,2017,6,red-bull,5.0,5.0,3.0,0,0.03887357936995675,0.03124164128527703,0.025077491109276703
962,valtteri-bottas,2017,6,mercedes,3.0,3.0,4.0,0,0.3137287473057414,0.16917376993753497,0.17253388158788488
962,max-verstappen,2017,6,red-bull,4.0,4.0,5.0,0,0.031104346685911295,0.037996393469189635,0.03558651288851843
962,carlos-sainz-jr,2017,6,racing-bulls,6.0,6.0,6.0,0,0.00294996930817086,0.007645771081039913,0.006146049298009269
962,lewis-hamilton,2017,6,mercedes,13.0,14.0,7.0,0,0.35192749962779796,0.01617517802337667,0.006105132291888704
962,romain-grosjean,2017,6,haas,8.0,8.0,8.0,0,0.0010552982808055065,0.0030853629614414164,0.002147817501146631
962,felipe-massa,2017,6,williams,14.0,15.0,9.0,0,0.0034500263516540324,0.0019366210357925958,0.0008681536383896797
962,kevin-magnussen,2017,6,haas,11.0,13.0,10.0,0,0.0008175767932121804,0.0014868491755619803,0.000837480223545923
962,jolyon-palmer,2017,6,alpine,16.0,17.0,11.0,0,0.0008846677535898736,0.0007627655128892527,0.00032968079554495066
962,esteban-ocon,2017,6,aston-martin,15.0,16.0,12.0,0,0.028936972922994117,0.004207241656928048,0.0016207648533714822
962,sergio-perez,2017,6,aston-martin,7.0,7.0,13.0,0,0.0378510797292887,0.018446797374004027,0.011856219093496987
962,daniil-kvyat,2017,6,racing-bulls,9.0,11.0,14.0,0,0.0020515370240201027,0.002928918584870073,0.001798901829120057
962,lance-stroll,2017,6,williams,17.0,18.0,15.0,0,0.0011442655497033627,0.0005890921634100879,0.00023531250300661585
962,stoffel-vandoorne,2017,6,mclaren,12.0,10.0,,0,0.0014010077039296927,0.0018248839163660024,0.0009548426725314924
962,marcus-ericsson,2017,6,audi,19.0,20.0,,0,0.000618114993177609,0.0005223922425192241,0.00020569649361298008
962,jenson-button,2017,6,mclaren,20.0,9.0,,0,0.0009141339454724313,0.0005580678106345162,0.00020794358408170229
962,pascal-wehrlein,2017,6,audi,18.0,19.0,,0,0.0007814481317161922,0.000687167606572982,0.0002797061353577575
962,nico-hulkenberg,2017,6,alpine,10.0,12.0,,0,0.0011716621225260832,0.0020779387780182138,0.0012294137128988545
963,lewis-hamilton,2017,7,mercedes,1.0,1.0,1.0,1,0.31247078011712887,0.6442653313704484,0.5525506271737217
963,valtteri-bottas,2017,7,mercedes,3.0,3.0,2.0,0,0.2901449849040724,0.09785021888136483,0.11074398811284197
963,daniel-ricciardo,2017,7,red-bull,6.0,6.0,3.0,0,0.0495235493857133,0.015234045075123869,0.011804971265907595
963,sebastian-vettel,2017,7,ferrari,2.0,2.0,4.0,0,0.16247420895476097,0.1708331726499417,0.2649118847425286
963,sergio-perez,2017,7,aston-martin,8.0,8.0,5.0,0,0.028885111073498903,0.007768755161863364,0.005103338186721362
963,esteban-ocon,2017,7,aston-martin,9.0,9.0,6.0,0,0.02274767565220589,0.0052940060175100225,0.003222398892805549
963,kimi-raikkonen,2017,7,ferrari,4.0,4.0,7.0,0,0.07661310512191599,0.02989062403402018,0.029315185221748485
963,nico-hulkenberg,2017,7,alpine,10.0,10.0,8.0,0,0.0009881875837437013,0.0011243949390012083,0.0007396417729375899
963,lance-stroll,2017,7,williams,17.0,17.0,9.0,0,0.0012227060778021571,0.00036669293934959817,0.00016159190455293556
963,romain-grosjean,2017,7,haas,14.0,14.0,10.0,0,0.0015053110816475213,0.0008429210982611523,0.00043640506274576367
963,jolyon-palmer,2017,7,alpine,15.0,15.0,11.0,0,0.0008759665228734045,0.0005212287232729011,0.0002610495126656285
963,kevin-magnussen,2017,7,haas,18.0,18.0,12.0,0,0.0011510785675603553,0.00044953411050794527,0.00019710490562673937
963,marcus-ericsson,2017,7,audi,19.0,19.0,13.0,0,0.0004373712110903717,0.00026829754375294493,0.00011871957381865673
963,stoffel-vandoorne,2017,7,mclaren,16.0,16.0,14.0,0,0.0008873136138906019,0.0005416413089267222,0.00026298613662943475
963,pascal-wehrlein,2017,7,audi,20.0,20.0,15.0,0,0.0005456753360354526,0.0002931538911994429,0.00012489000406412345
963,fernando-alonso,2017,7,mclaren,12.0,12.0,16.0,0,0.0009042267916669478,0.0008868775675844512,0.0005230192933079336
963,daniil-kvyat,2017,7,racing-bulls,11.0,11.0,,0,0.0023187118477526088,0.0012955552744253881,0.0007619632579313191
963,max-verstappen,2017,7,red-bull,5.0,5.0,,0,0.039055782323115094,0.017116087529914847,0.015057075725094729
963,felipe-massa,2017,7,williams,7.0,7.0,,0,0.0036206239571719917,0.003762368190705627,0.002975120430294078
963,carlos-sainz-jr,2017,7,racing-bulls,13.0,13.0,,0,0.0036276298763534324,0.0013950936928254802,0.0007280388240558368
964,daniel-ricciardo,2017,8,red-bull,10.0,10.0,1.0,1,0.038538335454512906,0.0060072362076370334,0.0033681340918811074
964,valtteri-bottas,2017,8,mercedes,2.0,2.0,2.0,0,0.30765565798676103,0.19446460745549923,0.2905919423920259
964,lance-stroll,2017,8,williams,8.0,8.0,3.0,0,0.0014414276875913145,0.0015827687929391497,0.0011764619890905065
964,sebastian-vettel,2017,8,ferrari,4.0,4.0,4.0,0,0.151645274676298,0.05188263265306256,0.050831259132471475
964,lewis-hamilton,2017,8,mercedes,1.0,1.0,5.0,0,0.33416648242581376,0.6569120563578613,0.5652955284752197
964,esteban-ocon,2017,8,aston-martin,7.0,7.0,6.0,0,0.0249558311703194,0.008245597204497331,0.005959318612590568
964,kevin-magnussen,2017,8,haas,12.0,13.0,7.0,0,0.0012602902847620714,0.0009050935398365927,0.0005231304521528759
964,carlos-sainz-jr,2017,8,racing-bulls,15.0,12.0,8.0,0,0.001977676191304693,0.0008369896541492508,0.0004108484637191477
964,fernando-alonso,2017,8,mclaren,19.0,16.0,9.0,0,0.0008112801007830599,0.00038737582129567364,0.00016924895127757967
964,pascal-wehrlein,2017,8,audi,14.0,15.0,10.0,0,0.0005417598369154245,0.0005192725688029589,0.00028334644383340093
964,marcus-ericsson,2017,8,audi,17.0,18.0,11.0,0,0.0004526185226791245,0.0003264789167079678,0.00015662078343351205
964,stoffel-vandoorne,2017,8,mclaren,18.0,19.0,12.0,0,0.0008237636101675545,0.0004289247857546305,0.00019434302293000252
964,romain-grosjean,2017,8,haas,16.0,17.0,13.0,0,0.001668606465098563,0.0006994790746717992,0.0003314099368795727
964,kimi-raikkonen,2017,8,ferrari,3.0,3.0,14.0,0,0.07143359163214148,0.04632299585759444,0.05574612796070581
964,sergio-perez,2017,8,aston-martin,6.0,6.0,,0,0.03190335505541715,0.012922520943425973,0.010329420446942737
964,felipe-massa,2017,8,williams,9.0,9.0,,0,0.0026149333407366224,0.0020780966223125632,0.001413985513162089
964,nico-hulkenberg,2017,8,alpine,13.0,14.0,,0,0.0012321681982770051,0.0007970129616460147,0.0004374932281808042
964,max-verstappen,2017,8,red-bull,5.0,5.0,,0,0.024528150430766293,0.013332530317727952,0.012028306271014526
964,daniil-kvyat,2017,8,racing-bulls,11.0,11.0,,0,0.0012921586505098954,0.0010031986337373168,0.0006112167598859077
964,jolyon-palmer,2017,8,alpine,20.0,,,0,0.0010566382791446472,0.0003451316308401395,0.0001418570726028054
965,valtteri-bottas,2017,9,mercedes,1.0,1.0,1.0,1,0.3347074897409212,0.6901017495841792,0.596853166369268
965,sebastian-vettel,2017,9,ferrari,2.0,2.0,2.0,0,0.13703510998357066,0.17149490154079722,0.2722676089797922
965,daniel-ricciardo,2017,9,red-bull,4.0,5.0,3.0,0,0.03783146958216308,0.030530024282654042,0.032203069577984675
965,lewis-hamilton,2017,9,mercedes,8.0,3.0,4.0,0,0.3495607774333749,0.022509726039246905,0.01320561090445841
965,kimi-raikkonen,2017,9,ferrari,3.0,4.0,5.0,0,0.059397419393766054,0.045307557206870186,0.05533863139260066
965,romain-grosjean,2017,9,haas,6.0,7.0,6.0,0,0.0021051271136832356,0.004174153919082938,0.0038201476174796836
965,sergio-perez,2017,9,aston-martin,7.0,8.0,7.0,0,0.02238170795759942,0.008910202935292348,0.006553570761342043
965,esteban-ocon,2017,9,aston-martin,9.0,9.0,8.0,0,0.022710683862820397,0.0059349641540432044,0.003681737158334309
965,felipe-massa,2017,9,williams,17.0,17.0,9.0,0,0.0025527621137187533,0.0007391416138684896,0.0003286290301861318
965,lance-stroll,2017,9,williams,18.0,18.0,10.0,0,0.00239112523038417,0.0006384591852309754,0.00027335398017746913
965,jolyon-palmer,2017,9,alpine,16.0,16.0,11.0,0,0.0007330686371045122,0.0004617207529236516,0.00022640738864535532
965,stoffel-vandoorne,2017,9,mclaren,13.0,13.0,12.0,0,0.0010256975507762773,0.0008392966429340893,0.00047082061190433097
965,nico-hulkenberg,2017,9,alpine,11.0,11.0,13.0,0,0.0008459526920173258,0.0009633708685593145,0.00060747070191757
965,pascal-wehrlein,2017,9,audi,20.0,20.0,14.0,0,0.0007710535039638451,0.00035910242788879507,0.0001524449257500157
965,marcus-ericsson,2017,9,audi,19.0,19.0,15.0,0,0.0006412445826990905,0.00033832350072885147,0.00014909643753291602
965,daniil-kvyat,2017,9,racing-bulls,14.0,14.0,16.0,0,0.0011855925651454568,0.0006790598054331235,0.0003546692024106867
965,carlos-sainz-jr,2017,9,racing-bulls,10.0,10.0,,0,0.0020954019297377575,0.0018587501131267106,0.001209009764544328
965,kevin-magnussen,2017,9,haas,15.0,15.0,,0,0.0017370279122212872,0.000782353931987048,0.0003862101062144269
965,fernando-alonso,2017,9,mclaren,12.0,12.0,,0,0.0011256184602179138,0.0010314186352411029,0.0006099760437043307
965,max-verstappen,2017,9,red-bull,5.0,6.0,,0,0.019165669754114677,0.012345722859911796,0.011308369045752439
966,lewis-hamilton,2017,10,mercedes,1.0,1.0,1.0,1,0.34239785890627394,0.7368606010366193,0.6635601093231458
966,valtteri-bottas,2017,10,mercedes,9.0,4.0,2.0,0,0.3403481567062835,0.019007866412567742,0.010728946443297986
966,kimi-raikkonen,2017,10,ferrari,2.0,2.0,3.0,0,0.06449911953628554,0.09663163297817123,0.16110653148590753
966,max-verstappen,2017,10,red-bull,4.0,5.0,4.0,0,0.012955986878752173,0.015306330307519014,0.01724941127188166
966,daniel-ricciardo,2017,10,red-bull,19.0,20.0,5.0,0,0.030970725001217926,0.0022768562109159174,0.0008826314272542504
966,nico-hulkenberg,2017,10,alpine,5.0,6.0,6.0,0,0.0009069361024498818,0.00384821426331399,0.004293455815598028
966,sebastian-vettel,2017,10,ferrari,3.0,3.0,7.0,0,0.14838757852242518,0.09478654087580317,0.11866038922574822
966,esteban-ocon,2017,10,aston-martin,7.0,8.0,8.0,0,0.0224308179828481,0.00932513214498335,0.007140929093510228
966,sergio-perez,2017,10,aston-martin,6.0,7.0,9.0,0,0.02260817794533498,0.012123845269005938,0.010303779978793552
966,felipe-massa,2017,10,williams,14.0,15.0,10.0,0,0.002857733594968543,0.0011275841497438834,0.0005924443253386872
966,stoffel-vandoorne,2017,10,mclaren,8.0,9.0,11.0,0,0.0009894017173916756,0.002054652053249601,0.0016792403532498313
966,kevin-magnussen,2017,10,haas,16.0,17.0,12.0,0,0.0014426973860475897,0.0006577513194384332,0.0003256025072886965
966,romain-grosjean,2017,10,haas,10.0,10.0,13.0,0,0.002089110442348736,0.001922065435009216,0.0013007470594703213
966,marcus-ericsson,2017,10,audi,18.0,19.0,14.0,0,0.000612146713127462,0.00038043372538522314,0.00018153037519552144
966,daniil-kvyat,2017,10,racing-bulls,12.0,12.0,15.0,0,0.0008546085680224687,0.0008130885923756681,0.0004995733487368354
966,lance-stroll,2017,10,williams,15.0,16.0,16.0,0,0.002659544380683997,0.0009501765670735869,0.00047695727039258654
966,pascal-wehrlein,2017,10,audi,17.0,18.0,17.0,0,0.0007391949980805687,0.0004851944409573327,0.00023999032684867826
966,fernando-alonso,2017,10,mclaren,20.0,13.0,,0,0.0008709675013682116,0.000405188988413788,0.00017845635121439092
966,carlos-sainz-jr,2017,10,racing-bulls,13.0,14.0,,0,0.0013792371160895635,0.0010368452294535599,0.0005992740171272367
967,sebastian-vettel,2017,11,ferrari,1.0,1.0,1.0,1,0.13342743440925472,0.6212054894830255,0.5610804297409404
967,kimi-raikkonen,2017,11,ferrari,2.0,2.0,2.0,0,0.06328885232576736,0.10919749768988697,0.1729290759682972
967,valtteri-bottas,2017,11,mercedes,3.0,3.0,3.0,0,0.3459224289799926,0.1329504332010491,0.14940372688001013
967,lewis-hamilton,2017,11,mercedes,4.0,4.0,4.0,0,0.3522890566911331,0.08360016790412454,0.07730566101573343
967,max-verstappen,2017,11,red-bull,5.0,5.0,5.0,0,0.015367176188632025,0.012872010443096183,0.011732909178000966
967,fernando-alonso,2017,11,mclaren,7.0,8.0,6.0,0,0.0006753216438856221,0.0022815107597870836,0.001957400107438591
967,carlos-sainz-jr,2017,11,racing-bulls,9.0,10.0,7.0,0,0.0009225251193382418,0.0017756705287914013,0.001269922171427459
967,sergio-perez,2017,11,aston-martin,13.0,14.0,8.0,0,0.02006445973419303,0.0035566681842318427,0.001706455794123671
967,esteban-ocon,2017,11,aston-martin,11.0,12.0,9.0,0,0.020160248758205653,0.0047128375175682705,0.0025316445021462157
967,stoffel-vandoorne,2017,11,mclaren,8.0,9.0,10.0,0,0.000930284647011744,0.002350367344320889,0.0018336765986715674
967,daniil-kvyat,2017,11,racing-bulls,16.0,13.0,11.0,0,0.0006250775447680786,0.0005024527579199358,0.00024483024287664693
967,jolyon-palmer,2017,11,alpine,10.0,11.0,12.0,0,0.0011905160068758653,0.0014747190196186194,0.0009591124721265345
967,kevin-magnussen,2017,11,haas,15.0,16.0,13.0,0,0.0013395037452376586,0.0007997466585472252,0.00039349812878401437
967,lance-stroll,2017,11,williams,17.0,17.0,14.0,0,0.0020340036833917724,0.0007496544646366666,0.0003309954822715323
967,pascal-wehrlein,2017,11,audi,18.0,18.0,15.0,0,0.0006001364817128611,0.00044781315271777455,0.00020377024180575357
967,marcus-ericsson,2017,11,audi,20.0,20.0,16.0,0,0.0005248785528700848,0.00033829342872789865,0.00014362095409141052
967,nico-hulkenberg,2017,11,alpine,12.0,7.0,17.0,0,0.0013238470019228592,0.0011838720074365831,0.0006795294667226044
967,paul-di-resta,2017,11,williams,19.0,19.0,,0,0.0026620792627059338,0.0007698460250918317,0.0003140321539140318
967,romain-grosjean,2017,11,haas,14.0,15.0,,0,0.0018809920626609144,0.001171228189232777,0.0006008471430946387
967,daniel-ricciardo,2017,11,red-bull,6.0,6.0,,0,0.03477117716043987,0.018059721240188894,0.014378861757523212
968,lewis-hamilton,2017,12,mercedes,1.0,1.0,1.0,1,0.33507911527581846,0.6520499046803443,0.5567540499115026
968,sebastian-vettel,2017,12,ferrari,2.0,2.0,2.0,0,0.1641428473131134,0.17032708848878755,0.2639834090884892
968,daniel-ricciardo,2017,12,red-bull,6.0,6.0,3.0,0,0.022659815852201254,0.011509857837314248,0.009317129535168143
968,kimi-raikkonen,2017,12,ferrari,4.0,4.0,4.0,0,0.07960435341761153,0.03046713067908404,0.02985213724474319
968,valtteri-bottas,2017,12,mercedes,3.0,3.0,5.0,0,0.3331931318884235,0.10450884023433403,0.11763968331475244
968,nico-hulkenberg,2017,12,alpine,7.0,7.0,6.0,0,0.0011660656397699256,0.002169344081151598,0.0018021327195892243
968,romain-grosjean,2017,12,haas,11.0,12.0,7.0,0,0.001366960959284225,0.0011924524035288962,0.0007298056441017108
968,felipe-massa,2017,12,williams,16.0,16.0,8.0,0,0.0017510884172215124,0.0006647090822620154,0.00030994627244910187
968,esteban-ocon,2017,12,aston-martin,9.0,9.0,9.0,0,0.019411793120763826,0.0051259846365817145,0.003156849072786955
968,carlos-sainz-jr,2017,12,racing-bulls,13.0,14.0,10.0,0,0.001257190610000991,0.0008827843667571046,0.00048507880756010213
968,lance-stroll,2017,12,williams,15.0,18.0,11.0,0,0.001641379378021957,0.0007033077868551107,0.0003429079246128951
968,daniil-kvyat,2017,12,racing-bulls,19.0,17.0,12.0,0,0.0008256034244028503,0.0003375457889324145,0.00014434853562483044
968,jolyon-palmer,2017,12,alpine,14.0,10.0,13.0,0,0.001132120090485786,0.0006695616918477096,0.00034810766994668857
968,stoffel-vandoorne,2017,12,mclaren,20.0,15.0,14.0,0,0.0012101549794626182,0.00043928787760254956,0.00018126730066738884
968,kevin-magnussen,2017,12,haas,12.0,13.0,15.0,0,0.0010923595633566424,0.0008651253343543617,0.0005008283035349106
968,marcus-ericsson,2017,12,audi,17.0,19.0,16.0,0,0.0004931984292542484,0.00034393230985833964,0.0001634242390497985
968,sergio-perez,2017,12,aston-martin,8.0,8.0,17.0,0,0.019706694754222206,0.006309038863471243,0.004206897287153238
968,fernando-alonso,2017,12,mclaren,10.0,11.0,,0,0.0010036264912867137,0.0012004221820851515,0.0007939785781865779
968,max-verstappen,2017,12,red-bull,5.0,5.0,,0,0.01269469417442103,0.009884312315286631,0.009128636732072551
968,pascal-wehrlein,2017,12,audi,18.0,20.0,,0,0.0005678062208773866,0.0003493693595609598,0.00015938181800852124
969,lewis-hamilton,2017,13,mercedes,1.0,1.0,1.0,1,0.3377220566663105,0.7834034358145705,0.7504467023983411
969,valtteri-bottas,2017,13,mercedes,4.0,6.0,2.0,0,0.3203949063030952,0.07500673135801383,0.07801853079254424
969,sebastian-vettel,2017,13,ferrari,6.0,8.0,3.0,0,0.1804379427833736,0.03387211706066676,0.027860135477162363
969,daniel-ricciardo,2017,13,red-bull,16.0,3.0,4.0,0,0.01983434708329495,0.002615128801827818,0.001234242598366995
969,kimi-raikkonen,2017,13,ferrari,5.0,7.0,5.0,0,0.0883363966254299,0.02616381037378566,0.02460034255597803
969,esteban-ocon,2017,13,aston-martin,3.0,5.0,6.0,0,0.015534282819470543,0.03522353267837734,0.051840824455011904
969,lance-stroll,2017,13,williams,2.0,4.0,7.0,0,0.0018767653475065594,0.02495145086633942,0.052950321673984994
969,felipe-massa,2017,13,williams,7.0,9.0,8.0,0,0.002103566016506495,0.0034004451344859976,0.0030859554041685246
969,sergio-perez,2017,13,aston-martin,10.0,11.0,9.0,0,0.013992789278093032,0.004384209082267066,0.002861096439050178
969,max-verstappen,2017,13,red-bull,13.0,2.0,10.0,0,0.00914750478279629,0.0020102731929883865,0.0011042824864366005
969,kevin-magnussen,2017,13,haas,9.0,16.0,11.0,0,0.0011808311636824621,0.0016855097685161114,0.0013223662291409132
969,daniil-kvyat,2017,13,racing-bulls,8.0,14.0,12.0,0,0.000944399787488354,0.0017890812958693424,0.0015307375605945167
969,nico-hulkenberg,2017,13,alpine,14.0,12.0,13.0,0,0.0014972599014544423,0.0009216792567298696,0.0005315592662030417
969,carlos-sainz-jr,2017,13,racing-bulls,15.0,15.0,14.0,0,0.0014448450145997267,0.0008788241521310059,0.0004883510139065704
969,romain-grosjean,2017,13,haas,20.0,,15.0,0,0.0016140415419106224,0.000571313706567204,0.00025991528965592934
969,pascal-wehrlein,2017,13,audi,12.0,19.0,16.0,0,0.0004294306984488702,0.0007121818182894738,0.0004852698175044641
969,fernando-alonso,2017,13,mclaren,19.0,13.0,17.0,0,0.0007561583513146416,0.0004275220175847048,0.000207902203775627
969,marcus-ericsson,2017,13,audi,11.0,18.0,18.0,0,0.0004026267588189889,0.000782376058043224,0.0005659637678587235
969,stoffel-vandoorne,2017,13,mclaren,18.0,10.0,,0,0.0010259557715746937,0.0005944836384009064,0.0002985404460375057
969,jolyon-palmer,2017,13,alpine,17.0,17.0,,0,0.0013238933048301132,0.0006058939245453295,0.0003069601242777878
970,lewis-hamilton,2017,14,mercedes,5.0,5.0,1.0,1,0.34380144463811135,0.06101332617348117,0.05182364916791173
970,daniel-ricciardo,2017,14,red-bull,3.0,3.0,2.0,0,0.020872268238830104,0.04874728735338633,0.06780926302288719
970,valtteri-bottas,2017,14,mercedes,6.0,6.0,3.0,0,0.3230982056826016,0.042913081458133565,0.03224776049448252
970,carlos-sainz-jr,2017,14,racing-bulls,10.0,10.0,4.0,0,0.0013304358442828817,0.0018518082863833985,0.0012920032296950264
970,sergio-perez,2017,14,aston-martin,12.0,12.0,5.0,0,0.013795355642602668,0.00358102924198612,0.001964740011142589
970,jolyon-palmer,2017,14,alpine,11.0,11.0,6.0,0,0.0009071885851472099,0.0011702257224217765,0.0007697709628826456
970,stoffel-vandoorne,2017,14,mclaren,9.0,9.0,7.0,0,0.0006509620553521498,0.0016799421722503355,0.0013071911288687335
970,lance-stroll,2017,14,williams,18.0,18.0,8.0,0,0.0023600872818419914,0.0008073871933755973,0.0003646649043223777
970,romain-grosjean,2017,14,haas,15.0,15.0,9.0,0,0.001454435763790757,0.00097713295769708,0.0005157492270413731
970,esteban-ocon,2017,14,aston-martin,14.0,14.0,10.0,0,0.015870111080135127,0.003094073012467454,0.0015262869575887455
970,felipe-massa,2017,14,williams,17.0,17.0,11.0,0,0.0025639095954125596,0.0009475955340908534,0.00044433551637170524
970,pascal-wehrlein,2017,14,audi,19.0,19.0,12.0,0,0.00036208603086207674,0.00034755397607835563,0.0001664980078044446
970,kevin-magnussen,2017,14,haas,16.0,16.0,,0,0.0011344438546451027,0.0007220189240636611,0.00036612992723538757
970,nico-hulkenberg,2017,14,alpine,7.0,7.0,,0,0.0011355511273089404,0.0029596271758909457,0.002634829246368746
970,marcus-ericsson,2017,14,audi,20.0,20.0,,0,0.00033139101473631227,0.00029768285162823686,0.00013791922878717325
970,daniil-kvyat,2017,14,racing-bulls,13.0,13.0,,0,0.0009099456534797389,0.000888200573773591,0.000521756636524045
970,fernando-alonso,2017,14,mclaren,8.0,8.0,,0,0.0005382442642893596,0.0017596935345063336,0.0014869651325819272
970,sebastian-vettel,2017,14,ferrari,1.0,1.0,,0,0.17376735617733158,0.7336112143448901,0.6971489144555018
970,max-verstappen,2017,14,red-bull,2.0,2.0,,0,0.0092765940792331,0.050572802878408325,0.09365904682514387
970,kimi-raikkonen,2017,14,ferrari,4.0,4.0,,0,0.08583998339000544,0.04205831663508677,0.04381252591685795
971,max-verstappen,2017,15,red-bull,3.0,3.0,1.0,1,0.008440346261594948,0.020880874556382503,0.032408687547641965
971,lewis-hamilton,2017,15,mercedes,1.0,1.0,2.0,0,0.43550038674022007,0.8602148305514761,0.8530394322703272
971,daniel-ricciardo,2017,15,red-bull,4.0,4.0,3.0,0,0.023073301996501722,0.02852886056061033,0.03591616884568633
971,sebastian-vettel,2017,15,ferrari,20.0,,4.0,0,0.07714459480088129,0.0030974326681249957,0.0012304553839357505
971,valtteri-bottas,2017,15,mercedes,5.0,5.0,5.0,0,0.40085351388983537,0.05550003301558118,0.05140741406871152
971,sergio-perez,2017,15,aston-martin,9.0,9.0,6.0,0,0.018203666497248354,0.0057451689395807285,0.00416548906264528
971,stoffel-vandoorne,2017,15,mclaren,7.0,7.0,7.0,0,0.0009471944856175102,0.0027707282582552935,0.0027788276976156365
971,lance-stroll,2017,15,williams,13.0,13.0,8.0,0,0.0033590816780880114,0.0014349440928282798,0.0008760134169770603
971,felipe-massa,2017,15,williams,11.0,11.0,9.0,0,0.0034252398401089334,0.0019235587638398643,0.0013144880590132595
971,esteban-ocon,2017,15,aston-martin,6.0,6.0,10.0,0,0.019235418316168745,0.011772440756639878,0.011221504189453745
971,fernando-alonso,2017,15,mclaren,10.0,10.0,11.0,0,0.0006137911342928162,0.0010889168940411483,0.000863324579825497
971,kevin-magnussen,2017,15,haas,17.0,17.0,12.0,0,0.0011192075656912086,0.0005532230611774077,0.00029603392185485327
971,romain-grosjean,2017,15,haas,16.0,16.0,13.0,0,0.0016435244075958908,0.0008275831963894291,0.0004588207032693802
971,pierre-gasly,2017,15,racing-bulls,15.0,15.0,14.0,0,0.0014034573214119239,0.0007957263771444452,0.00046093330401436453
971,jolyon-palmer,2017,15,alpine,12.0,12.0,15.0,0,0.0012063016715390164,0.0010461897376330012,0.0007078084738619763
971,nico-hulkenberg,2017,15,alpine,8.0,8.0,16.0,0,0.001216883349974474,0.002066990141220454,0.0018397476755546455
971,pascal-wehrlein,2017,15,audi,18.0,18.0,17.0,0,0.00043120203219653103,0.0003669316491777786,0.00019957397426314784
971,marcus-ericsson,2017,15,audi,19.0,19.0,18.0,0,0.0003508539985774206,0.0002852117207017279,0.00015000244163503745
971,carlos-sainz-jr,2017,15,racing-bulls,14.0,14.0,,0,0.0018320340124557796,0.0011003550591954993,0.0006652743837132041
972,lewis-hamilton,2017,16,mercedes,1.0,1.0,1.0,1,0.40746754844634664,0.7369709627583687,0.6512967323290264
972,max-verstappen,2017,16,red-bull,4.0,5.0,2.0,0,0.012818773351958178,0.013753960982915434,0.015307163759961624
972,daniel-ricciardo,2017,16,red-bull,3.0,4.0,3.0,0,0.03256018432129191,0.04616370482426035,0.061578522832993636
972,valtteri-bottas,2017,16,mercedes,6.0,2.0,4.0,0,0.3627038927675654,0.03420381550366216,0.02496887900971335
972,kimi-raikkonen,2017,16,ferrari,10.0,6.0,5.0,0,0.043703832534461556,0.0052977835551436545,0.003001056784849082
972,esteban-ocon,2017,16,aston-martin,5.0,7.0,6.0,0,0.018079743468196588,0.013388012655489381,0.012836864257040266
972,sergio-perez,2017,16,aston-martin,7.0,8.0,7.0,0,0.018294873592036597,0.007723594656839999,0.0058965152154017994
972,kevin-magnussen,2017,16,haas,12.0,13.0,8.0,0,0.0011133343745716449,0.0008681793485840337,0.0005225142396287325
972,romain-grosjean,2017,16,haas,13.0,16.0,9.0,0,0.001584945611156408,0.0010031529754765721,0.0005689822485673806
972,felipe-massa,2017,16,williams,8.0,9.0,10.0,0,0.003850082094782561,0.003006055430955863,0.002249413810020366
972,fernando-alonso,2017,16,mclaren,20.0,10.0,11.0,0,0.0007924586202748406,0.00033351208989446053,0.00014493732896706454
972,jolyon-palmer,2017,16,alpine,18.0,14.0,12.0,0,0.0009920699915907801,0.00043195462433092704,0.00019917090395699002
972,pierre-gasly,2017,16,racing-bulls,14.0,17.0,13.0,0,0.002327767989057954,0.001300771092982514,0.0007031554622577661
972,stoffel-vandoorne,2017,16,mclaren,9.0,11.0,14.0,0,0.0012686416113343933,0.001820730326976592,0.0013490533904372889
972,pascal-wehrlein,2017,16,audi,17.0,20.0,15.0,0,0.0003534742031374249,0.0003252198308889605,0.00016483883280184335
972,lance-stroll,2017,16,williams,15.0,18.0,,0,0.003859866148059162,0.0010592682324591556,0.0005179748731944969
972,nico-hulkenberg,2017,16,alpine,11.0,12.0,,0,0.0009854319525535499,0.000974352629306235,0.0006270317092443914
972,marcus-ericsson,2017,16,audi,16.0,19.0,,0,0.00028660732231602053,0.00030505319348281225,0.00016158509945224647
972,sebastian-vettel,2017,16,ferrari,2.0,3.0,,0,0.08568076885246038,0.13058188803257856,0.21768916635581095
972,carlos-sainz-jr,2017,16,racing-bulls,19.0,15.0,,0,0.0012757027468480147,0.00048802725540355316,0.00021644155667433938
973,lewis-hamilton,2017,17,mercedes,1.0,1.0,1.0,1,0.4264966243959697,0.7252367932576901,0.6442466452296192
973,sebastian-vettel,2017,17,ferrari,2.0,2.0,2.0,0,0.051532653662994164,0.09687021170241811,0.16602571129943589
973,kimi-raikkonen,2017,17,ferrari,5.0,5.0,3.0,0,0.03285308881332086,0.014824379209171755,0.013756262397416986
973,max-verstappen,2017,17,red-bull,16.0,6.0,4.0,0,0.0187157699914226,0.0015659323165471094,0.0006749344972249296
973,valtteri-bottas,2017,17,mercedes,3.0,3.0,5.0,0,0.3683983031782623,0.10406307045193898,0.12211723247562628
973,esteban-ocon,2017,17,aston-martin,6.0,7.0,6.0,0,0.02073081688622482,0.010077238087644876,0.008544001610490118
973,carlos-sainz-jr,2017,17,alpine,7.0,8.0,7.0,0,0.0010623501066233034,0.002230506830253297,0.001971246850506793
973,sergio-perez,2017,17,aston-martin,9.0,10.0,8.0,0,0.020707112991854786,0.005131023832938974,0.0033064451133600695
973,felipe-massa,2017,17,williams,10.0,11.0,9.0,0,0.0032135587001505587,0.0018884837748732069,0.0012370608620834596
973,daniil-kvyat,2017,17,racing-bulls,11.0,12.0,10.0,0,0.0006290285196602335,0.0007134427128981076,0.00046895145170346966
973,lance-stroll,2017,17,williams,15.0,17.0,11.0,0,0.002676676555978294,0.0008336295314411265,0.00041613698823285124
973,stoffel-vandoorne,2017,17,mclaren,20.0,13.0,12.0,0,0.0013071612079000566,0.00045734812385940906,0.0001979843875258872
973,brendon-hartley,2017,17,racing-bulls,19.0,18.0,13.0,0,0.0008542577629936708,0.0003657751200698853,0.00016535408688092955
973,romain-grosjean,2017,17,haas,12.0,14.0,14.0,0,0.0021016293329755875,0.0012351818401672428,0.0007342382572372
973,marcus-ericsson,2017,17,audi,13.0,16.0,15.0,0,0.00024646286173245186,0.0003835955851714671,0.00023694652714162357
973,kevin-magnussen,2017,17,haas,17.0,20.0,16.0,0,0.001519487981948263,0.0005364767980595204,0.00025312569192582684
973,fernando-alonso,2017,17,mclaren,8.0,9.0,,0,0.0008971316751796199,0.0015607649385110376,0.0012630077557830137
973,daniel-ricciardo,2017,17,red-bull,4.0,4.0,,0,0.04493547230809767,0.03123380676530874,0.03396431712163102
973,pascal-wehrlein,2017,17,audi,14.0,19.0,,0,0.00032580626533290603,0.0004223040053744712,0.0002470912327716671
973,nico-hulkenberg,2017,17,alpine,18.0,15.0,,0,0.0007966068013781177,0.0003700351156625509,0.00017330616340282976
974,max-verstappen,2017,18,red-bull,2.0,2.0,1.0,1,0.015810614917033863,0.07844207202611043,0.13181530567038988
974,valtteri-bottas,2017,18,mercedes,4.0,4.0,2.0,0,0.3553071347443695,0.10218793880622738,0.09313270049116298
974,kimi-raikkonen,2017,18,ferrari,5.0,5.0,3.0,0,0.04276157027032951,0.02695075569186741,0.02327809237151741
974,sebastian-vettel,2017,18,ferrari,1.0,1.0,4.0,0,0.06647943744549586,0.5535992434178902,0.5092571016411009
974,esteban-ocon,2017,18,aston-martin,6.0,6.0,5.0,0,0.022620112185629503,0.017026025839519836,0.013554617448564482
974,lance-stroll,2017,18,williams,11.0,12.0,6.0,0,0.0029156798265943724,0.002341601733706191,0.0013531730978808467
974,sergio-perez,2017,18,aston-martin,9.0,10.0,7.0,0,0.02200344368067463,0.008490479561966633,0.005139384578916905
974,kevin-magnussen,2017,18,haas,14.0,18.0,8.0,0,0.0013121771794962318,0.001125858132404847,0.0005749993760035639
974,lewis-hamilton,2017,18,mercedes,3.0,3.0,9.0,0,0.4283208046936526,0.19093915986384055,0.2108476930204274
974,fernando-alonso,2017,18,mclaren,18.0,14.0,10.0,0,0.0007260884682947393,0.000589165430660728,0.00026180206697708463
974,felipe-massa,2017,18,williams,10.0,11.0,11.0,0,0.0035666759749791895,0.0032144935622257396,0.001975567486133611
974,stoffel-vandoorne,2017,18,mclaren,19.0,15.0,12.0,0,0.0011966932218241307,0.0007975104793262238,0.00033917515588088675
974,pierre-gasly,2017,18,racing-bulls,20.0,19.0,13.0,0,0.0024970853329595345,0.0012007475203276252,0.0004841472493501309
974,pascal-wehrlein,2017,18,audi,13.0,17.0,14.0,0,0.0002747052637462152,0.0007071264485277185,0.0004127532464872295
974,romain-grosjean,2017,18,haas,15.0,19.0,15.0,0,0.001831601722833975,0.0013046673013027688,0.0006328465354464964
974,carlos-sainz-jr,2017,18,alpine,8.0,9.0,,0,0.00114083197850453,0.003073968917467089,0.002337827378386473
974,marcus-ericsson,2017,18,audi,12.0,16.0,,0,0.00022827593564910329,0.0006983869408328353,0.00043150390944027956
974,brendon-hartley,2017,18,racing-bulls,17.0,13.0,,0,0.0006716581581029446,0.000560533627658215,0.00025715269659472696
974,nico-hulkenberg,2017,18,alpine,7.0,8.0,,0,0.0007298650608424759,0.002701846208735708,0.0022638211980679822
974,daniel-ricciardo,2017,18,red-bull,16.0,7.0,,0,0.029605543938987105,0.004048418489401774,0.0016503353812706352
975,sebastian-vettel,2017,19,ferrari,2.0,2.0,1.0,1,0.08638815773631693,0.13917760010872007,0.22857760411693387
975,valtteri-bottas,2017,19,mercedes,1.0,1.0,2.0,0,0.3518006707723745,0.7414800298196664,0.6509704510960808
975,kimi-raikkonen,2017,19,ferrari,3.0,3.0,3.0,0,0.05739733567606544,0.05143696427953215,0.06458825186529994
975,lewis-hamilton,2017,19,mercedes,20.0,,4.0,0,0.38725092948630496,0.005494660037111709,0.0017587267822155317
975,max-verstappen,2017,19,red-bull,4.0,4.0,5.0,0,0.016989363485277402,0.019225904395685965,0.021108160271199872
975,daniel-ricciardo,2017,19,red-bull,14.0,5.0,6.0,0,0.02421674437239932,0.0031649669848191,0.0014807948866332147
975,felipe-massa,2017,19,williams,9.0,10.0,7.0,0,0.004574075498808492,0.0030156293602100906,0.0020491079237795907
975,fernando-alonso,2017,19,mclaren,6.0,7.0,8.0,0,0.000988265777208862,0.0030052044675475914,0.002887823623697359
975,sergio-perez,2017,19,aston-martin,5.0,6.0,9.0,0,0.027403932778137043,0.017637734521539796,0.016393039841784744
975,nico-hulkenberg,2017,19,alpine,7.0,8.0,10.0,0,0.0005366967637415211,0.0017014029140511905,0.001509840810001272
975,carlos-sainz-jr,2017,19,alpine,8.0,9.0,11.0,0,0.0008212223068898978,0.0019036122528375324,0.0015337991879887086
975,pierre-gasly,2017,19,racing-bulls,19.0,17.0,12.0,0,0.0023695373902573543,0.0009273139037941977,0.0004053249287984763
975,marcus-ericsson,2017,19,audi,17.0,19.0,13.0,0,0.00022647239574745436,0.00027542240783936514,0.0001401055199452464
975,pascal-wehrlein,2017,19,audi,15.0,16.0,14.0,0,0.000296088870766814,0.00041865084545925725,0.00023088765900918608
975,romain-grosjean,2017,19,haas,11.0,12.0,15.0,0,0.0021124168592428134,0.0016328095490747384,0.0010103796148774572
975,lance-stroll,2017,19,williams,16.0,18.0,16.0,0,0.004115331586931521,0.001066329830347592,0.0004916337758303246
975,brendon-hartley,2017,19,racing-bulls,18.0,15.0,,0,0.0004415445644541289,0.00027089322805540786,0.0001258585791636519
975,esteban-ocon,2017,19,aston-martin,10.0,11.0,,0,0.02888232437911627,0.005806604257984959,0.003373532240445448
975,stoffel-vandoorne,2017,19,mclaren,12.0,13.0,,0,0.0015149704082858533,0.0013280937928855068,0.0007934212165033544
975,kevin-magnussen,2017,19,haas,13.0,14.0,,0,0.0016739188916734618,0.0010301730428374,0.0005712560598120036
976,valtteri-bottas,2017,20,mercedes,1.0,1.0,1.0,1,0.34831210563202153,0.6435598708571897,0.5436624543559266
976,lewis-hamilton,2017,20,mercedes,2.0,2.0,2.0,0,0.3728694922283886,0.2144806871431962,0.3139427096673193
976,sebastian-vettel,2017,20,ferrari,3.0,3.0,3.0,0,0.10731340090560507,0.06758921069198094,0.08026491303322207
976,kimi-raikkonen,2017,20,ferrari,5.0,5.0,4.0,0,0.07094771239648909,0.020884334600630126,0.017658256688365678
976,max-verstappen,2017,20,red-bull,6.0,6.0,5.0,0,0.01989311880738082,0.009141190035076165,0.0072805497742589875
976,nico-hulkenberg,2017,20,alpine,7.0,7.0,6.0,0,0.0006783243998471839,0.0016410515801948782,0.001384937048270628
976,sergio-perez,2017,20,aston-martin,8.0,8.0,7.0,0,0.018717498246282147,0.00609692444923868,0.0040465641398080695
976,esteban-ocon,2017,20,aston-martin,9.0,9.0,8.0,0,0.01662468466073644,0.004566689527502167,0.002803553850944039
976,fernando-alonso,2017,20,mclaren,11.0,11.0,9.0,0,0.0009987726844400454,0.00098430210580218,0.000604678570203917
976,felipe-massa,2017,20,williams,10.0,10.0,10.0,0,0.004575518431444145,0.002238281941281847,0.0013639087313057272
976,romain-grosjean,2017,20,haas,16.0,16.0,11.0,0,0.0015442527242891986,0.0006714491448579814,0.00031501638679137263
976,stoffel-vandoorne,2017,20,mclaren,13.0,13.0,12.0,0,0.0011983401924467447,0.0008603802709245471,0.00047080038753567494
976,kevin-magnussen,2017,20,haas,14.0,14.0,13.0,0,0.0011501163435385033,0.0006650371356596334,0.00034298417327924345
976,pascal-wehrlein,2017,20,audi,18.0,18.0,14.0,0,0.0003363285753211894,0.000281887035329941,0.00013122944405423122
976,brendon-hartley,2017,20,racing-bulls,20.0,20.0,15.0,0,0.00031815097092002863,0.0001622192955056965,6.818968589325835e-05
976,pierre-gasly,2017,20,racing-bulls,17.0,17.0,16.0,0,0.0021020175560723,0.0009373140568342391,0.0004278934441264336
976,marcus-ericsson,2017,20,audi,19.0,19.0,17.0,0,0.0002642071401977395,0.00021313785783628274,9.599555422635737e-05
976,lance-stroll,2017,20,williams,15.0,15.0,18.0,0,0.003599578893945307,0.0009446818496856099,0.0004390382265999825
976,carlos-sainz-jr,2017,20,alpine,12.0,12.0,,0,0.0010047543206321947,0.0009121326124939074,0.000531456056835796
976,daniel-ricciardo,2017,20,red-bull,4.0,4.0,,0,0.0275516248900017,0.02316921780877924,0.024164870781032657
977,sebastian-vettel,2018,1,ferrari,3.0,3.0,1.0,1,0.11475107206625731,0.0791134061716013,0.09826753505065806
977,lewis-hamilton,2018,1,mercedes,1.0,1.0,2.0,0,0.37005658866722596,0.7467649698524185,0.6666297021864279
977,kimi-raikkonen,2018,1,ferrari,2.0,2.0,3.0,0,0.07588300776326193,0.11245123487008671,0.18497930411153898
977,daniel-ricciardo,2018,1,red-bull,8.0,5.0,4.0,0,0.018289189474992425,0.006984492290381753,0.0048901881429230945
977,fernando-alonso,2018,1,mclaren,10.0,11.0,5.0,0,0.001307524080586859,0.0015867253517363857,0.0010779745158935672
977,max-verstappen,2018,1,red-bull,4.0,4.0,6.0,0,0.016244356372177738,0.019985702209479303,0.022279675618894018
977,nico-hulkenberg,2018,1,alpine,7.0,8.0,7.0,0,0.0008275055036967565,0.0022563554492627497,0.0019800465995634463
977,valtteri-bottas,2018,1,mercedes,15.0,10.0,8.0,0,0.3505322972750282,0.008268702612992267,0.003325950622237117
977,stoffel-vandoorne,2018,1,mclaren,11.0,12.0,9.0,0,0.0014763104175868893,0.001488138095817803,0.0009458074131277875
977,carlos-sainz-jr,2018,1,alpine,9.0,9.0,10.0,0,0.001004686152535608,0.0017299929598964833,0.0012775853486365226
977,sergio-perez,2018,1,aston-martin,12.0,13.0,11.0,0,0.019815462754939697,0.0037746209908365723,0.0020117317527491214
977,esteban-ocon,2018,1,aston-martin,14.0,15.0,12.0,0,0.01741144212963352,0.0026521493477914106,0.0012796978889685977
977,charles-leclerc,2018,1,audi,18.0,18.0,13.0,0,0.0003369148880617428,0.00033771850401768065,0.0001647494077800837
977,lance-stroll,2018,1,williams,13.0,14.0,14.0,0,0.0029044517688696365,0.0012975459996679903,0.0007097271791198961
977,brendon-hartley,2018,1,racing-bulls,16.0,16.0,15.0,0,0.00040953238728777514,0.0003591585952949222,0.00018560358985087304
977,romain-grosjean,2018,1,haas,6.0,7.0,,0,0.001767451022388723,0.004382937339590402,0.0041402815775242185
977,kevin-magnussen,2018,1,haas,5.0,6.0,,0,0.0012958370993045281,0.0046676290917847425,0.0050188703324028725
977,pierre-gasly,2018,1,racing-bulls,20.0,20.0,,0,0.001649243629485787,0.0007219027644390474,0.0003102028299348046
977,marcus-ericsson,2018,1,audi,17.0,17.0,,0,0.0002928591174969942,0.00033334302433334794,0.0001695394895733864
977,sergey-sirotkin,2018,1,williams,19.0,19.0,,0,0.00374426742918191,0.0008432744785706047,0.00035582634219565935
978,sebastian-vettel,2018,2,ferrari,1.0,1.0,1.0,1,0.14613194460601436,0.6336280754102293,0.5598729916282196
978,valtteri-bottas,2018,2,mercedes,3.0,3.0,2.0,0,0.31233692687988995,0.1306215703464464,0.1460052583317133
978,lewis-hamilton,2018,2,mercedes,9.0,4.0,3.0,0,0.35339005094072257,0.02349294948392355,0.012584877553210833
978,pierre-gasly,2018,2,racing-bulls,5.0,6.0,4.0,0,0.0010461225323720172,0.006268650865615601,0.006518041410650547
978,kevin-magnussen,2018,2,haas,6.0,7.0,5.0,0,0.0008623828602969009,0.0034608549451146738,0.003176338290287183
978,nico-hulkenberg,2018,2,alpine,7.0,8.0,6.0,0,0.001222726594139054,0.003168425538876173,0.0025857428024483277
978,fernando-alonso,2018,2,mclaren,13.0,13.0,7.0,0,0.002033250383216394,0.0014772481562718416,0.000781756128737208
978,stoffel-vandoorne,2018,2,mclaren,14.0,14.0,8.0,0,0.0021318985731283574,0.0013557121023177222,0.0006820272672129403
978,marcus-ericsson,2018,2,audi,17.0,17.0,9.0,0,0.00027595433954505805,0.00037932563065631555,0.0001828758068587959
978,esteban-ocon,2018,2,aston-martin,8.0,9.0,10.0,0,0.015195102169967252,0.007437968262784506,0.004960738926164021
978,carlos-sainz-jr,2018,2,alpine,10.0,10.0,11.0,0,0.0014171812364663354,0.0019708952528919273,0.0012632726742998316
978,charles-leclerc,2018,2,audi,19.0,19.0,12.0,0,0.0009465537998828769,0.0008109066715815753,0.0003517002625112243
978,romain-grosjean,2018,2,haas,16.0,16.0,13.0,0,0.0011593291741169413,0.0008623233060635265,0.0004084598793661297
978,lance-stroll,2018,2,williams,20.0,20.0,14.0,0,0.0023231217912125434,0.0007089998289962046,0.00027859365039512816
978,sergey-sirotkin,2018,2,williams,18.0,18.0,15.0,0,0.0010974465206243615,0.0004751856703181784,0.0002041982221964167
978,sergio-perez,2018,2,aston-martin,12.0,12.0,16.0,0,0.017433148545845153,0.004236216914862149,0.002148572513286831
978,brendon-hartley,2018,2,racing-bulls,11.0,11.0,17.0,0,0.00047281781509360426,0.0009313938343405231,0.0005843303745740419
978,kimi-raikkonen,2018,2,ferrari,2.0,2.0,,0,0.09613944687256158,0.14680230065025596,0.22603473327364332
978,max-verstappen,2018,2,red-bull,15.0,15.0,,0,0.0206672348627432,0.002952926969871128,0.0012761608869800106
978,daniel-ricciardo,2018,2,red-bull,4.0,5.0,,0,0.02371735950216157,0.028958070158582854,0.030099330117244246
979,daniel-ricciardo,2018,3,red-bull,6.0,6.0,1.0,1,0.01208863769271537,0.010975790243558263,0.009021914024112418
979,valtteri-bottas,2018,3,mercedes,3.0,3.0,2.0,0,0.35053536778490063,0.13474292665812623,0.15062732490375655
979,kimi-raikkonen,2018,3,ferrari,2.0,2.0,3.0,0,0.06540873476177488,0.11797810810239594,0.18540752992900478
979,lewis-hamilton,2018,3,mercedes,4.0,4.0,4.0,0,0.3897082137359761,0.09096093062333215,0.08371113787309181
979,max-verstappen,2018,3,red-bull,5.0,5.0,5.0,0,0.01060162950906731,0.013405500966277102,0.012485160408380002
979,nico-hulkenberg,2018,3,alpine,7.0,7.0,6.0,0,0.0018145755748895875,0.003705716939426262,0.002988045351182089
979,fernando-alonso,2018,3,mclaren,13.0,13.0,7.0,0,0.0029758014510525813,0.001699685836183392,0.0008887380603182243
979,sebastian-vettel,2018,3,ferrari,1.0,1.0,8.0,0,0.12423331119417341,0.6038510015511086,0.5414830223402645
979,carlos-sainz-jr,2018,3,alpine,9.0,9.0,9.0,0,0.00196310462892278,0.0026012737030873764,0.0017703717070566354
979,kevin-magnussen,2018,3,haas,11.0,11.0,10.0,0,0.001316074978269094,0.001520670187348527,0.0009198401836950199
979,esteban-ocon,2018,3,aston-martin,12.0,12.0,11.0,0,0.013467680037014039,0.003614148280807351,0.00186092682368076
979,sergio-perez,2018,3,aston-martin,8.0,8.0,12.0,0,0.014138746517946823,0.0073163083853480864,0.004930168606191807
979,stoffel-vandoorne,2018,3,mclaren,14.0,14.0,13.0,0,0.0030561364284564167,0.0015352949078181728,0.0007635624376505561
979,lance-stroll,2018,3,williams,18.0,18.0,14.0,0,0.002217649122022144,0.0008171062729874865,0.0003470957816724443
979,sergey-sirotkin,2018,3,williams,16.0,16.0,15.0,0,0.0015343344800839015,0.0007484592085713844,0.0003471724577870124
979,marcus-ericsson,2018,3,audi,20.0,20.0,16.0,0,0.00042082893492387897,0.00034250057607250223,0.00014619552261990856
979,romain-grosjean,2018,3,haas,10.0,10.0,17.0,0,0.0015816767416554178,0.0020479273930361606,0.0013138215404244397
979,pierre-gasly,2018,3,racing-bulls,17.0,17.0,18.0,0,0.0017630570485607313,0.0010904388582227635,0.0004942246120439999
979,charles-leclerc,2018,3,audi,19.0,19.0,19.0,0,0.0006714379006891546,0.0005328391030072835,0.00023254707213090031
979,brendon-hartley,2018,3,racing-bulls,15.0,15.0,20.0,0,0.0005030014769057973,0.0005133722032849766,0.000261200364936161
980,lewis-hamilton,2018,4,mercedes,2.0,2.0,1.0,1,0.3816698747658256,0.257506268552721,0.35362459313943917
980,kimi-raikkonen,2018,4,ferrari,6.0,6.0,2.0,0,0.0684513985369241,0.01830946020657153,0.012980444381229571
980,sergio-perez,2018,4,aston-martin,8.0,8.0,3.0,0,0.0122308278538736,0.00628875718582813,0.0040065355522539625
980,sebastian-vettel,2018,4,ferrari,1.0,1.0,4.0,0,0.1188184985480633,0.5345618685861087,0.45082737453999494
980,carlos-sainz-jr,2018,4,alpine,9.0,10.0,5.0,0,0.002613816360139303,0.0026664187714942507,0.0016821740752924416
980,charles-leclerc,2018,4,audi,13.0,14.0,6.0,0,0.00046276646028513475,0.0007171527011688861,0.0003832562527351434
980,fernando-alonso,2018,4,mclaren,12.0,13.0,7.0,0,0.0034660528798453254,0.001915912797345741,0.0009865331467331926
980,lance-stroll,2018,4,williams,10.0,11.0,8.0,0,0.00197965490815318,0.001893549167774739,0.0011243136305223484
980,stoffel-vandoorne,2018,4,mclaren,16.0,16.0,9.0,0,0.0032344020979692975,0.0011312074606122087,0.0004816824753998899
980,brendon-hartley,2018,4,racing-bulls,19.0,,10.0,0,0.00040059341670888304,0.00029490228174458723,0.00012177371417670752
980,marcus-ericsson,2018,4,audi,18.0,18.0,11.0,0,0.00038055868079872504,0.0003612200049854992,0.0001561761881275195
980,pierre-gasly,2018,4,racing-bulls,17.0,17.0,12.0,0,0.0012555244244268824,0.000848849534177922,0.00036658348492120115
980,kevin-magnussen,2018,4,haas,15.0,15.0,13.0,0,0.0013673591498489111,0.0008635109510033647,0.00039872559473730037
980,valtteri-bottas,2018,4,mercedes,3.0,3.0,14.0,0,0.35329913595650714,0.12444978595465053,0.13068368116613302
980,romain-grosjean,2018,4,haas,20.0,,,0,0.001495313107291727,0.0005756258553669284,0.00021890761144010396
980,max-verstappen,2018,4,red-bull,5.0,5.0,,0,0.01506250978018942,0.014109056868752783,0.012144536285099173
980,daniel-ricciardo,2018,4,red-bull,4.0,4.0,,0,0.01792891790361438,0.023283594461901074,0.02315232064378388
980,nico-hulkenberg,2018,4,alpine,14.0,9.0,,0,0.00251666471160843,0.0012508095988126135,0.00058835372434961
980,esteban-ocon,2018,4,aston-martin,7.0,7.0,,0,0.011829623080103463,0.007638900635836806,0.005324346123461042
980,sergey-sirotkin,2018,4,williams,11.0,12.0,,0,0.0015365073778232292,0.0013331484231427573,0.0007476882701697343
981,lewis-hamilton,2018,5,mercedes,1.0,1.0,1.0,1,0.3753492907864376,0.6694235795472685,0.576596271600447
981,valtteri-bottas,2018,5,mercedes,2.0,2.0,2.0,0,0.29852902111059615,0.1793232747998703,0.2678426512648917
981,max-verstappen,2018,5,red-bull,5.0,5.0,3.0,0,0.008848434287331768,0.009213290178113474,0.008765187841329215
981,sebastian-vettel,2018,5,ferrari,3.0,3.0,4.0,0,0.15967331004470134,0.07986181818805822,0.09428294448353902
981,daniel-ricciardo,2018,5,red-bull,6.0,6.0,5.0,0,0.010447422327638628,0.007747276409893422,0.006499182964594377
981,kevin-magnussen,2018,5,haas,7.0,7.0,6.0,0,0.001386492284680952,0.002527220787075827,0.00209334622307974
981,carlos-sainz-jr,2018,5,alpine,9.0,9.0,7.0,0,0.003285095143982132,0.0024718412484674383,0.0016683489732257784
981,fernando-alonso,2018,5,mclaren,8.0,8.0,8.0,0,0.005193513321183395,0.0036110721964800136,0.00258137253398548
981,sergio-perez,2018,5,aston-martin,15.0,15.0,9.0,0,0.013918426794623451,0.0019887121647260446,0.0008955714340724712
981,charles-leclerc,2018,5,audi,14.0,14.0,10.0,0,0.0009719212141199809,0.0007440591588598249,0.00039606082647764896
981,lance-stroll,2018,5,williams,18.0,19.0,11.0,0,0.0023703575485435383,0.0006587772771380883,0.0002835717982691606
981,brendon-hartley,2018,5,racing-bulls,20.0,,12.0,0,0.0006639262914257805,0.0002834421804148606,0.00011953742544705255
981,marcus-ericsson,2018,5,audi,17.0,17.0,13.0,0,0.0006658847340031131,0.0004046052080527183,0.0001910690322052122
981,sergey-sirotkin,2018,5,williams,19.0,18.0,14.0,0,0.0011406894521673037,0.0003443741881425815,0.00014569857049483406
981,stoffel-vandoorne,2018,5,mclaren,11.0,11.0,,0,0.004713758160938651,0.0019840972843725513,0.0011499014434983225
981,esteban-ocon,2018,5,aston-martin,13.0,13.0,,0,0.010560698350689138,0.002038157863183328,0.0010168893040309649
981,kimi-raikkonen,2018,5,ferrari,4.0,4.0,,0,0.09666123915544576,0.03386259154261852,0.033428810896155924
981,romain-grosjean,2018,5,haas,10.0,10.0,,0,0.0013691108107674798,0.0013907012983893586,0.0009084674616680258
981,pierre-gasly,2018,5,racing-bulls,12.0,12.0,,0,0.0016504108205573171,0.0013199162082382792,0.000764410331762169
981,nico-hulkenberg,2018,5,alpine,16.0,16.0,,0,0.002600997360166406,0.0008011922706367368,0.0003707055908258853
982,daniel-ricciardo,2018,6,red-bull,1.0,1.0,1.0,1,0.014699294728450643,0.32632546834018955,0.2828532150126848
982,sebastian-vettel,2018,6,ferrari,2.0,2.0,2.0,0,0.11556130425880441,0.26971007094746535,0.36900119728708153
982,lewis-hamilton,2018,6,mercedes,3.0,3.0,3.0,0,0.42152887691174934,0.22061402418990508,0.21635107897234793
982,kimi-raikkonen,2018,6,ferrari,4.0,4.0,4.0,0,0.05830856583553292,0.05100727205798499,0.044741587176420614
982,valtteri-bottas,2018,6,mercedes,5.0,5.0,5.0,0,0.33474214219247567,0.07971084364841652,0.05593983623754289
982,esteban-ocon,2018,6,aston-martin,6.0,6.0,6.0,0,0.007178229849880058,0.011557229312982765,0.008533330073284457
982,pierre-gasly,2018,6,racing-bulls,10.0,10.0,7.0,0,0.0011903913898008412,0.0027783019949547973,0.0015978042687161446
982,nico-hulkenberg,2018,6,alpine,11.0,11.0,8.0,0,0.0021880834253060833,0.002579452725271854,0.0013412989800890983
982,max-verstappen,2018,6,red-bull,20.0,,9.0,0,0.01285631929543065,0.0021161805490645677,0.0006836617006393815
982,carlos-sainz-jr,2018,6,alpine,8.0,8.0,10.0,0,0.0032477987743892898,0.005896906150866648,0.00375333006397245
982,marcus-ericsson,2018,6,audi,16.0,17.0,11.0,0,0.0008010330585989686,0.0009231407889364253,0.000391524392988819
982,sergio-perez,2018,6,aston-martin,9.0,9.0,12.0,0,0.010966245312913759,0.0081945967503602,0.004567513054231393
982,kevin-magnussen,2018,6,haas,19.0,19.0,13.0,0,0.0015522421229842017,0.0010131772010998138,0.0003739990043453554
982,stoffel-vandoorne,2018,6,mclaren,12.0,12.0,14.0,0,0.0035284069888711555,0.0028080398608030825,0.0013505965340208103
982,romain-grosjean,2018,6,haas,18.0,15.0,15.0,0,0.0012767804649082247,0.0009538111418941057,0.000366841581113881
982,sergey-sirotkin,2018,6,williams,13.0,13.0,16.0,0,0.001249019417373974,0.0013164545921257292,0.000622387698402445
982,lance-stroll,2018,6,williams,17.0,18.0,17.0,0,0.002472146858021764,0.001426580515432913,0.0005542093628882263
982,charles-leclerc,2018,6,audi,14.0,14.0,18.0,0,0.0012271322876956892,0.0015941801600994547,0.0007310259918531102
982,brendon-hartley,2018,6,racing-bulls,15.0,16.0,19.0,0,0.0007261651930814109,0.0009759453203041132,0.00043380145284874916
982,fernando-alonso,2018,6,mclaren,7.0,7.0,,0,0.004699821633730898,0.008498323751842042,0.0058117611545278995
983,sebastian-vettel,2018,7,ferrari,1.0,1.0,1.0,1,0.13634349375379246,0.5874737757161336,0.5090800273140699
983,valtteri-bottas,2018,7,mercedes,2.0,2.0,2.0,0,0.31512857484947865,0.22793346495423805,0.3250007934823404
983,max-verstappen,2018,7,red-bull,3.0,3.0,3.0,0,0.01573789922528568,0.03351576591846947,0.04177106477525286
983,daniel-ricciardo,2018,7,red-bull,6.0,6.0,4.0,0,0.019716911942134447,0.012710533190755232,0.009922027057221765
983,lewis-hamilton,2018,7,mercedes,4.0,4.0,5.0,0,0.40218358159130324,0.08767529160998067,0.0782631454470029
983,kimi-raikkonen,2018,7,ferrari,5.0,5.0,6.0,0,0.06929974721093293,0.024689102580568063,0.020374452838379093
983,nico-hulkenberg,2018,7,alpine,7.0,7.0,7.0,0,0.0027174467735528057,0.0038913789879109115,0.0029809046854460896
983,carlos-sainz-jr,2018,7,alpine,9.0,9.0,8.0,0,0.003863414438405208,0.0033665584405187946,0.0021614679459185646
983,esteban-ocon,2018,7,aston-martin,8.0,8.0,9.0,0,0.008110040800230442,0.005012456774292521,0.0033462608789496403
983,charles-leclerc,2018,7,audi,13.0,13.0,10.0,0,0.0009743519595902509,0.0009846745945372864,0.000525142379155585
983,pierre-gasly,2018,7,racing-bulls,19.0,16.0,11.0,0,0.001495677459879528,0.0007251519356230758,0.00029686453255236243
983,romain-grosjean,2018,7,haas,20.0,,12.0,0,0.001237721871341646,0.0005127380594097291,0.0002024961672985014
983,kevin-magnussen,2018,7,haas,11.0,11.0,13.0,0,0.0015279128519396393,0.0016130979134041888,0.0009438807299369342
983,sergio-perez,2018,7,aston-martin,10.0,10.0,14.0,0,0.01119669905798472,0.0044416200089181295,0.0025342628263814023
983,marcus-ericsson,2018,7,audi,18.0,19.0,15.0,0,0.0008334428595320698,0.0005111350610383056,0.00022031622410414084
983,stoffel-vandoorne,2018,7,mclaren,15.0,15.0,16.0,0,0.002687726915138573,0.001154671054544206,0.0005337975340253281
983,sergey-sirotkin,2018,7,williams,17.0,18.0,17.0,0,0.00115141594086165,0.0005595045837562608,0.00024497446714323996
983,fernando-alonso,2018,7,mclaren,14.0,14.0,,0,0.003180127774791327,0.0014713675531738653,0.0007091508625209633
983,brendon-hartley,2018,7,racing-bulls,12.0,12.0,,0,0.0006672229628947989,0.0008337563884093684,0.00047337891785880295
983,lance-stroll,2018,7,williams,16.0,17.0,,0,0.001946589760929917,0.0009239546743182553,0.00041559093444161943
984,lewis-hamilton,2018,8,mercedes,1.0,1.0,1.0,1,0.37672896078270246,0.6665766068493525,0.5732030303509447
984,max-verstappen,2018,8,red-bull,4.0,4.0,2.0,0,0.021178646406715795,0.01902543598953715,0.02015900916992261
984,kimi-raikkonen,2018,8,ferrari,6.0,6.0,3.0,0,0.075369978381908,0.015120447573634293,0.011484892860374912
984,daniel-ricciardo,2018,8,red-bull,5.0,5.0,4.0,0,0.025939483644459003,0.015382928639570583,0.013973640282012784
984,sebastian-vettel,2018,8,ferrari,3.0,3.0,5.0,0,0.15267747903441345,0.08130086567679468,0.09626424987420003
984,kevin-magnussen,2018,8,haas,9.0,9.0,6.0,0,0.0015770335206308718,0.0018181445710563884,0.0012670575959000247
984,valtteri-bottas,2018,8,mercedes,2.0,2.0,7.0,0,0.30934711738655934,0.18297603303967272,0.2726270483299614
984,carlos-sainz-jr,2018,8,alpine,7.0,7.0,8.0,0,0.0048296965775417,0.0044639807402003535,0.003500025966259445
984,nico-hulkenberg,2018,8,alpine,12.0,12.0,9.0,0,0.0034961299761569714,0.0014344375455685484,0.0007917440347911685
984,charles-leclerc,2018,8,audi,8.0,8.0,10.0,0,0.0011708318457948545,0.0019664541649073164,0.001503198978771377
984,romain-grosjean,2018,8,haas,10.0,10.0,11.0,0,0.001305966729123955,0.0013230382658412651,0.0008636530686354459
984,stoffel-vandoorne,2018,8,mclaren,17.0,18.0,12.0,0,0.0019148807340950184,0.0006650210561106924,0.00029999115032240345
984,marcus-ericsson,2018,8,audi,15.0,15.0,13.0,0,0.0008832640387456593,0.0005626493059367028,0.00028491827701788655
984,brendon-hartley,2018,8,racing-bulls,20.0,17.0,14.0,0,0.0005301050263458258,0.00025240985301824235,0.00010728336174418907
984,sergey-sirotkin,2018,8,williams,18.0,19.0,15.0,0,0.0009402344321038922,0.0003984546516819242,0.00017746701145625676
984,fernando-alonso,2018,8,mclaren,16.0,16.0,16.0,0,0.002088984988868127,0.0007854702363924218,0.0003681157899527712
984,lance-stroll,2018,8,williams,19.0,20.0,17.0,0,0.0012966757382875693,0.0004661125470024884,0.00019860628411280413
984,sergio-perez,2018,8,aston-martin,13.0,13.0,,0,0.00966951647833374,0.0021472639608474974,0.0010797681359552872
984,esteban-ocon,2018,8,aston-martin,11.0,11.0,,0,0.007604059175594977,0.002352766163791174,0.0013306608781810908
984,pierre-gasly,2018,8,racing-bulls,14.0,14.0,,0,0.001450955101618779,0.0009814791690829876,0.0005156385994834128
985,max-verstappen,2018,9,red-bull,4.0,5.0,1.0,1,0.029236196052980834,0.024546341089676422,0.024930921102367536
985,kimi-raikkonen,2018,9,ferrari,3.0,4.0,2.0,0,0.08402314689559229,0.0561295267419536,0.06551573165379486
985,sebastian-vettel,2018,9,ferrari,6.0,3.0,3.0,0,0.16085961911955604,0.029444040332787455,0.02129289975579804
985,romain-grosjean,2018,9,haas,5.0,6.0,4.0,0,0.0017063091462240464,0.005149155502923806,0.005122860484364151
985,kevin-magnussen,2018,9,haas,8.0,8.0,5.0,0,0.0021706236640842208,0.0028536207991341008,0.0020626060218181834
985,esteban-ocon,2018,9,aston-martin,11.0,11.0,6.0,0,0.004089539048730726,0.0020401646737405717,0.001153984732459526
985,sergio-perez,2018,9,aston-martin,15.0,17.0,7.0,0,0.005140091543342767,0.001457817556854665,0.0006666447742896894
985,fernando-alonso,2018,9,mclaren,20.0,14.0,8.0,0,0.0019135497552010693,0.0005821680842845177,0.000229402254259657
985,charles-leclerc,2018,9,audi,17.0,13.0,9.0,0,0.001417203750998285,0.0006986317041971611,0.00031169268636594213
985,marcus-ericsson,2018,9,audi,18.0,20.0,10.0,0,0.0010184016149146827,0.0004938007336282734,0.00021387774508066105
985,pierre-gasly,2018,9,racing-bulls,12.0,12.0,11.0,0,0.0010541682071929244,0.0011805720009310013,0.0006761500782141136
985,carlos-sainz-jr,2018,9,alpine,9.0,9.0,12.0,0,0.005750379231385239,0.0035563424027401174,0.0022749058785348966
985,sergey-sirotkin,2018,9,williams,16.0,18.0,13.0,0,0.00089693940290073,0.0005486262585515672,0.0002579951038709542
985,lance-stroll,2018,9,williams,13.0,15.0,14.0,0,0.001115322035317208,0.0009125484797614643,0.0004900906982827583
985,stoffel-vandoorne,2018,9,mclaren,14.0,16.0,15.0,0,0.0018651510384173973,0.0010274343950136939,0.0005138684680807677
985,lewis-hamilton,2018,9,mercedes,2.0,2.0,,0,0.37172273424271696,0.23975997004726612,0.34601091915339666
985,brendon-hartley,2018,9,racing-bulls,19.0,19.0,,0,0.0005161947292381954,0.0003206501772986674,0.00013768925926806579
985,daniel-ricciardo,2018,9,red-bull,7.0,7.0,,0,0.034620721318882434,0.011110226844011452,0.007736997419986864
985,valtteri-bottas,2018,9,mercedes,1.0,1.0,,0,0.2867092867092093,0.6158484881360395,0.5189940048926975
985,nico-hulkenberg,2018,9,alpine,10.0,10.0,,0,0.004174422493114713,0.0023398740392056843,0.0014067578370690727
986,sebastian-vettel,2018,10,ferrari,2.0,2.0,1.0,1,0.302300542393724,0.22777051540662627,0.3292458402709726
986,lewis-hamilton,2018,10,mercedes,1.0,1.0,2.0,0,0.21710886546818137,0.5870955233705459,0.4981067438792381
986,kimi-raikkonen,2018,10,ferrari,3.0,3.0,3.0,0,0.16464563837553972,0.07336282220812397,0.08220230495977236
986,valtteri-bottas,2018,10,mercedes,4.0,4.0,4.0,0,0.16944115553465958,0.04947482182047109,0.045877936872344344
986,daniel-ricciardo,2018,10,red-bull,6.0,6.0,5.0,0,0.04136444452132019,0.014483247192542386,0.010941949282983763
986,nico-hulkenberg,2018,10,alpine,11.0,11.0,6.0,0,0.004797244369084172,0.0020435145204435517,0.0011323442311504406
986,esteban-ocon,2018,10,aston-martin,10.0,10.0,7.0,0,0.00899591042016928,0.0032633819876632143,0.0018780050281062984
986,fernando-alonso,2018,10,mclaren,13.0,13.0,8.0,0,0.0035730800186505197,0.0015264231632502096,0.0007714436732215932
986,kevin-magnussen,2018,10,haas,7.0,7.0,9.0,0,0.005750852290601104,0.00520938601519261,0.003894970039921658
986,sergio-perez,2018,10,aston-martin,12.0,12.0,10.0,0,0.011036919971300229,0.0028258444115073045,0.0014325595258377804
986,stoffel-vandoorne,2018,10,mclaren,17.0,17.0,11.0,0,0.0031545110771815476,0.0008919104730901303,0.00037815761818149086
986,lance-stroll,2018,10,williams,19.0,,12.0,0,0.0018598888333217192,0.0005912963171598515,0.00023831927327394426
986,pierre-gasly,2018,10,racing-bulls,14.0,14.0,13.0,0,0.0017597897008535374,0.0011458959315627899,0.0005733763130348784
986,sergey-sirotkin,2018,10,williams,18.0,18.0,14.0,0,0.0015834982652621395,0.000571528811028982,0.00023979431816314174
986,max-verstappen,2018,10,red-bull,5.0,5.0,15.0,0,0.04489585549117038,0.020823123555372303,0.01772745185636232
986,romain-grosjean,2018,10,haas,8.0,8.0,,0,0.004627522599989644,0.003540208715834442,0.0024350603145866178
986,carlos-sainz-jr,2018,10,alpine,16.0,16.0,,0,0.007268184042149342,0.0015146452329426472,0.0006468454316470975
986,marcus-ericsson,2018,10,audi,15.0,15.0,,0,0.0021501653499718747,0.0008929893924109247,0.0004177007864167226
986,charles-leclerc,2018,10,audi,9.0,9.0,,0,0.0029706693435109757,0.00265318647660211,0.001730116575652038
986,brendon-hartley,2018,10,racing-bulls,20.0,,,0,0.0007152619333587405,0.0003197349976293391,0.00012907974913282176
987,lewis-hamilton,2018,11,mercedes,14.0,14.0,1.0,1,0.22004030529846144,0.007442282626804027,0.0031344057598370915
987,valtteri-bottas,2018,11,mercedes,2.0,2.0,2.0,0,0.1695801896786795,0.15050342817957174,0.2334913640448433
987,kimi-raikkonen,2018,11,ferrari,3.0,3.0,3.0,0,0.1730006165522961,0.0729159926612691,0.0859364488346715
987,max-verstappen,2018,11,red-bull,4.0,4.0,4.0,0,0.033274212162739875,0.02525593059522654,0.026626529821153846
987,nico-hulkenberg,2018,11,alpine,7.0,7.0,5.0,0,0.004245210258271644,0.004119991185318257,0.003277283230894397
987,romain-grosjean,2018,11,haas,6.0,6.0,6.0,0,0.0032265126006034476,0.0046505785375476226,0.004146654901305375
987,sergio-perez,2018,11,aston-martin,10.0,10.0,7.0,0,0.01092629014109276,0.003666277893943192,0.0022124362304172624
987,esteban-ocon,2018,11,aston-martin,15.0,16.0,8.0,0,0.009352618801500318,0.0016688755101530773,0.0007716395183186561
987,marcus-ericsson,2018,11,audi,13.0,13.0,9.0,0,0.0012320452383673475,0.0008741210435641119,0.0004863328441132821
987,brendon-hartley,2018,11,racing-bulls,16.0,18.0,10.0,0,0.0005293528084556699,0.0003882111334478882,0.00019411331479800344
987,kevin-magnussen,2018,11,haas,5.0,5.0,11.0,0,0.004592289702717669,0.008227124018998132,0.008208976191760628
987,carlos-sainz-jr,2018,11,alpine,8.0,8.0,12.0,0,0.005252294145340086,0.0038911548447756934,0.002816201318525952
987,stoffel-vandoorne,2018,11,mclaren,18.0,20.0,13.0,0,0.0033235680325463734,0.0008008359176200218,0.0003435825620718632
987,pierre-gasly,2018,11,racing-bulls,20.0,17.0,14.0,0,0.0014554983340873803,0.0005827282012528832,0.0002446664383866426
987,charles-leclerc,2018,11,audi,9.0,9.0,15.0,0,0.001655224546364104,0.0020081699538472505,0.0014168800290720119
987,fernando-alonso,2018,11,mclaren,11.0,11.0,16.0,0,0.0039032324362447105,0.0020386858766631172,0.0012095543099253081
987,lance-stroll,2018,11,williams,17.0,19.0,,0,0.0017618590171838418,0.00067996303685124,0.0003120089109443892
987,sebastian-vettel,2018,11,ferrari,1.0,1.0,,0,0.3164389707774197,0.7072353658328766,0.6238154820123301
987,sergey-sirotkin,2018,11,williams,12.0,12.0,,0,0.001462202628194094,0.0010465804118513834,0.0006086572291716082
987,daniel-ricciardo,2018,11,red-bull,19.0,15.0,,0,0.03474750683943393,0.0020037025384180614,0.0007467824974589371
988,lewis-hamilton,2018,12,mercedes,1.0,1.0,1.0,1,0.29947335131772773,0.6555119808212723,0.5708502566716593
988,sebastian-vettel,2018,12,ferrari,4.0,4.0,2.0,0,0.20271079394278554,0.05742958318899137,0.055320274712104704
988,kimi-raikkonen,2018,12,ferrari,3.0,3.0,3.0,0,0.14144569224150658,0.0700512251631714,0.08250201755964237
988,daniel-ricciardo,2018,12,red-bull,12.0,12.0,4.0,0,0.02725993050907552,0.0037317883751149293,0.0018833028073310587
988,valtteri-bottas,2018,12,mercedes,2.0,2.0,5.0,0,0.23077469468537612,0.1714031731126987,0.2590507618429607
988,pierre-gasly,2018,12,racing-bulls,6.0,6.0,6.0,0,0.0017749599777616793,0.0044660042656990105,0.004089080707869915
988,kevin-magnussen,2018,12,haas,9.0,9.0,7.0,0,0.006144395685750358,0.0034842131646322873,0.002288820213177358
988,fernando-alonso,2018,12,mclaren,11.0,11.0,8.0,0,0.003782329023846149,0.001999474903030719,0.0011730513292159267
988,carlos-sainz-jr,2018,12,alpine,5.0,5.0,9.0,0,0.006800856785841972,0.009261530048346301,0.008944516173575293
988,romain-grosjean,2018,12,haas,10.0,10.0,10.0,0,0.004662617460647014,0.0023714920585739046,0.0014625189294076248
988,brendon-hartley,2018,12,racing-bulls,8.0,8.0,11.0,0,0.0007744396562756365,0.0014739804272269434,0.0011380351897504
988,nico-hulkenberg,2018,12,alpine,13.0,13.0,12.0,0,0.006046443352170869,0.0017534867093224214,0.0008983628095207318
988,esteban-ocon,2018,12,aston-martin,17.0,18.0,13.0,0,0.012381197437541942,0.001526534481107129,0.0006332991588049628
988,sergio-perez,2018,12,aston-martin,18.0,19.0,14.0,0,0.01454605721571004,0.0015716231334637952,0.0006250375102993367
988,marcus-ericsson,2018,12,audi,14.0,14.0,15.0,0,0.0016256485499965253,0.0008831929749919693,0.00045665111279733763
988,sergey-sirotkin,2018,12,williams,19.0,20.0,16.0,0,0.0010946668305967262,0.00043948886710352687,0.00018841184867257675
988,lance-stroll,2018,12,williams,20.0,15.0,17.0,0,0.0012897161580785511,0.0004578541120926653,0.00018889014981013016
988,stoffel-vandoorne,2018,12,mclaren,15.0,16.0,,0,0.0033852141068597815,0.0011018689256117827,0.0005271968619093432
988,max-verstappen,2018,12,red-bull,7.0,7.0,,0,0.03214600086456193,0.01028903531171412,0.007406070060457363
988,charles-leclerc,2018,12,audi,16.0,17.0,,0,0.0018809941978892623,0.0007924699558347035,0.00037344435103351065
989,sebastian-vettel,2018,13,ferrari,2.0,2.0,1.0,1,0.21726044220088295,0.1941393957483517,0.29564057748855527
989,lewis-hamilton,2018,13,mercedes,1.0,1.0,2.0,0,0.3035121346904212,0.6956357460834951,0.6050797060376358
989,max-verstappen,2018,13,red-bull,7.0,7.0,3.0,0,0.021008637280917022,0.008702849930753216,0.00636673404274842
989,valtteri-bottas,2018,13,mercedes,17.0,10.0,4.0,0,0.22565384354226667,0.00520709506221483,0.001889154105603576
989,sergio-perez,2018,13,aston-martin,4.0,4.0,5.0,0,0.010811818687304844,0.017295836894992783,0.018980036240591858
989,esteban-ocon,2018,13,aston-martin,3.0,3.0,6.0,0,0.009393894957670599,0.024950657240586583,0.03328841199975103
989,romain-grosjean,2018,13,haas,5.0,5.0,7.0,0,0.00510523947680453,0.008060020860790105,0.007848940961164948
989,kevin-magnussen,2018,13,haas,9.0,9.0,8.0,0,0.006888208608265337,0.0038483519683360627,0.002513257362892027
989,pierre-gasly,2018,13,racing-bulls,10.0,11.0,9.0,0,0.0023647968849338777,0.0022902268108444474,0.0014716776278874293
989,marcus-ericsson,2018,13,audi,13.0,14.0,10.0,0,0.0012162957927405195,0.0009408961387666951,0.0005178283888923636
989,carlos-sainz-jr,2018,13,alpine,19.0,16.0,11.0,0,0.006671780352539732,0.001074236425869987,0.0004261734509116483
989,sergey-sirotkin,2018,13,williams,15.0,18.0,12.0,0,0.0009174570990333243,0.0006397574817412724,0.00032357938995479957
989,lance-stroll,2018,13,williams,16.0,19.0,13.0,0,0.0010384479695430828,0.0006324042608291685,0.0003054178382935008
989,brendon-hartley,2018,13,racing-bulls,11.0,12.0,14.0,0,0.0009903546606922014,0.0010057322967658383,0.0006201912818730305
989,stoffel-vandoorne,2018,13,mclaren,20.0,20.0,15.0,0,0.002509059484305291,0.0006132906245416211,0.00024482868828661455
989,daniel-ricciardo,2018,13,red-bull,8.0,8.0,,0,0.0220582225629093,0.007249565510769589,0.004845786581795572
989,kimi-raikkonen,2018,13,ferrari,6.0,6.0,,0,0.1522753142276812,0.024205626006853328,0.017883938935563375
989,charles-leclerc,2018,13,audi,12.0,13.0,,0,0.001236683989246432,0.0010872750258342446,0.0006309165019926085
989,fernando-alonso,2018,13,mclaren,14.0,17.0,,0,0.0033372589568850643,0.0013729651017117186,0.0006901423200711336
989,nico-hulkenberg,2018,13,alpine,18.0,15.0,,0,0.0057501085749567535,0.0010480705259517198,0.0004327007555349378
990,lewis-hamilton,2018,14,mercedes,3.0,3.0,1.0,1,0.3527409784171271,0.15314240702605117,0.1606178373160869
990,kimi-raikkonen,2018,14,ferrari,1.0,1.0,2.0,0,0.10301933049764697,0.47794555770014835,0.3992664860620645
990,valtteri-bottas,2018,14,mercedes,4.0,4.0,3.0,0,0.2595467488780067,0.07538897949631167,0.06578665470376355
990,sebastian-vettel,2018,14,ferrari,2.0,2.0,4.0,0,0.18385155697791405,0.23760212960400648,0.3371299548713956
990,max-verstappen,2018,14,red-bull,5.0,5.0,5.0,0,0.02116349605133735,0.019928327185692627,0.01686534161348664
990,esteban-ocon,2018,14,aston-martin,8.0,8.0,6.0,0,0.013376497065520337,0.007234469251107599,0.004557360589494867
990,sergio-perez,2018,14,aston-martin,14.0,16.0,7.0,0,0.0154921065172426,0.0032193049489157195,0.0013912796453128054
990,carlos-sainz-jr,2018,14,alpine,7.0,7.0,8.0,0,0.005783852115957778,0.006751316283087493,0.004845272862231019
990,lance-stroll,2018,14,williams,10.0,10.0,9.0,0,0.0012528432544832554,0.0018678244638901304,0.0011288157524073537
990,sergey-sirotkin,2018,14,williams,12.0,12.0,10.0,0,0.0011455321335063452,0.0012915863504802758,0.0006928253000749592
990,charles-leclerc,2018,14,audi,15.0,17.0,11.0,0,0.001074130941151055,0.0008529375142697355,0.00039498362481009235
990,stoffel-vandoorne,2018,14,mclaren,17.0,20.0,12.0,0,0.002099777954673618,0.0009564482433274472,0.0003962016934883435
990,nico-hulkenberg,2018,14,alpine,20.0,14.0,13.0,0,0.004444272323247536,0.000978713027378479,0.00035122230809545116
990,pierre-gasly,2018,14,racing-bulls,9.0,9.0,14.0,0,0.0029785290019537828,0.003805326836360914,0.002395978082697141
990,marcus-ericsson,2018,14,audi,18.0,19.0,15.0,0,0.00130237415907251,0.0007319428615863094,0.00029868002492615213
990,kevin-magnussen,2018,14,haas,11.0,11.0,16.0,0,0.009159144173717881,0.003909210076591056,0.002033695355068535
990,daniel-ricciardo,2018,14,red-bull,19.0,15.0,,0,0.017830476147015228,0.0019376503169994473,0.0006764042266231397
990,fernando-alonso,2018,14,mclaren,13.0,13.0,,0,0.0025351725680973418,0.0017188003495671646,0.0008473178278837168
990,brendon-hartley,2018,14,racing-bulls,16.0,18.0,,0,0.0012031808223284634,0.0007370684642279924,0.00032368814008928987
991,lewis-hamilton,2018,15,mercedes,1.0,1.0,1.0,1,0.35671891198746536,0.7223256107131192,0.6605267516468563
991,max-verstappen,2018,15,red-bull,2.0,2.0,2.0,0,0.016600812542012254,0.06454131957161627,0.11694199578882097
991,sebastian-vettel,2018,15,ferrari,3.0,3.0,3.0,0,0.18453479966451694,0.09272577063168104,0.11514165025261656
991,valtteri-bottas,2018,15,mercedes,4.0,4.0,4.0,0,0.25956144648648016,0.057693860959854744,0.05776622926256336
991,kimi-raikkonen,2018,15,ferrari,5.0,5.0,5.0,0,0.10889184478911859,0.026694223543207735,0.023902180449162553
991,daniel-ricciardo,2018,15,red-bull,6.0,6.0,6.0,0,0.011647018362740508,0.008053311356649644,0.0070793345428421936
991,fernando-alonso,2018,15,mclaren,11.0,11.0,7.0,0,0.0017501834651540908,0.0014585348370695578,0.0009368670583680674
991,carlos-sainz-jr,2018,15,alpine,12.0,12.0,8.0,0,0.005548959494811535,0.0021129285639379094,0.0012177878602259164
991,charles-leclerc,2018,15,audi,13.0,13.0,9.0,0,0.0010727821344484756,0.0008480052175546624,0.0004964532687900407
991,nico-hulkenberg,2018,15,alpine,10.0,10.0,10.0,0,0.004048688925821624,0.0022418632878450358,0.0014709397387109532
991,marcus-ericsson,2018,15,audi,14.0,14.0,11.0,0,0.001182088736824228,0.0008083688190832654,0.0004493164706016052
991,stoffel-vandoorne,2018,15,mclaren,18.0,18.0,12.0,0,0.0016408599513425646,0.000616730935284118,0.00028575658976878927
991,pierre-gasly,2018,15,racing-bulls,15.0,15.0,13.0,0,0.0021472713613497575,0.0011079836594749082,0.0005783213204273836
991,lance-stroll,2018,15,williams,20.0,20.0,14.0,0,0.001458174065641764,0.0004887641631805919,0.00021211862466017313
991,romain-grosjean,2018,15,haas,8.0,8.0,15.0,0,0.004435238738435168,0.003404381623151438,0.0025830339991896115
991,sergio-perez,2018,15,aston-martin,7.0,7.0,16.0,0,0.016368897507231018,0.007884680763524374,0.006190205160974232
991,brendon-hartley,2018,15,racing-bulls,17.0,17.0,17.0,0,0.0008176023810261963,0.00043067231560888045,0.00021198745323713466
991,kevin-magnussen,2018,15,haas,16.0,16.0,18.0,0,0.005830898791553538,0.0013395622540994254,0.0006358107610405152
991,sergey-sirotkin,2018,15,williams,19.0,19.0,19.0,0,0.001318496055330435,0.0004924309937761464,0.000221716262228212
991,esteban-ocon,2018,15,aston-martin,9.0,9.0,,0,0.014425024558695746,0.004730995790281073,0.0031515434889153805
992,lewis-hamilton,2018,16,mercedes,2.0,2.0,1.0,1,0.3635528176742778,0.2412408197163431,0.34278549623759197
992,valtteri-bottas,2018,16,mercedes,1.0,1.0,2.0,0,0.25895873450684703,0.5830524765632743,0.4847766808270923
992,sebastian-vettel,2018,16,ferrari,3.0,3.0,3.0,0,0.1852578737496512,0.09608231969942573,0.10759212603707975
992,kimi-raikkonen,2018,16,ferrari,4.0,4.0,4.0,0,0.10933136600359335,0.03995480589930519,0.037436610121695184
992,max-verstappen,2018,16,red-bull,19.0,11.0,5.0,0,0.02183824985574447,0.0018437589951505907,0.0006637080136502124
992,daniel-ricciardo,2018,16,red-bull,18.0,12.0,6.0,0,0.014839063468348113,0.0014997023997790529,0.0005652477074242457
992,charles-leclerc,2018,16,audi,7.0,7.0,7.0,0,0.0013241051485234508,0.0026875831528232466,0.002125188970434223
992,kevin-magnussen,2018,16,haas,5.0,5.0,8.0,0,0.003975801086328565,0.007954276281795868,0.007519685699404677
992,esteban-ocon,2018,16,aston-martin,6.0,6.0,9.0,0,0.007736394748575073,0.0072792423049667584,0.005891155979305499
992,sergio-perez,2018,16,aston-martin,8.0,8.0,10.0,0,0.009302299587280252,0.005217722518553316,0.003469381211384916
992,romain-grosjean,2018,16,haas,9.0,9.0,11.0,0,0.0031794575705086717,0.0025453388315723243,0.0016355463530306844
992,nico-hulkenberg,2018,16,alpine,12.0,15.0,12.0,0,0.004386805044544597,0.0017728749248702577,0.0009256411238385821
992,marcus-ericsson,2018,16,audi,10.0,10.0,13.0,0,0.0013944183171982114,0.0015535876478548582,0.0009672341335195171
992,fernando-alonso,2018,16,mclaren,16.0,17.0,14.0,0,0.002135052336837414,0.000892555466606085,0.00039941227551889224
992,lance-stroll,2018,16,williams,14.0,20.0,15.0,0,0.0012110564821444633,0.0008535941336910176,0.00042771532591174205
992,stoffel-vandoorne,2018,16,mclaren,15.0,19.0,16.0,0,0.0018765087468520028,0.0008993475388072407,0.00042153883979797964
992,carlos-sainz-jr,2018,16,alpine,11.0,14.0,17.0,0,0.006070952991498147,0.0026235908922813693,0.001439559900095281
992,sergey-sirotkin,2018,16,williams,13.0,18.0,18.0,0,0.001004537690123703,0.0008359055740545372,0.00044218121346419954
992,pierre-gasly,2018,16,racing-bulls,17.0,13.0,,0,0.001904142617902551,0.0008876591698803435,0.0003865509488159405
992,brendon-hartley,2018,16,racing-bulls,20.0,16.0,,0,0.0007203623732209154,0.00032283828896483707,0.00012933908094423722
993,lewis-hamilton,2018,17,mercedes,1.0,1.0,1.0,1,0.36775908606664337,0.7060972922436578,0.6183363408351199
993,valtteri-bottas,2018,17,mercedes,2.0,2.0,2.0,0,0.262867292064854,0.17430832312901054,0.2654245318763873
993,max-verstappen,2018,17,red-bull,3.0,3.0,3.0,0,0.023843138810073754,0.03720196332664118,0.048532461701791985
993,daniel-ricciardo,2018,17,red-bull,15.0,15.0,4.0,0,0.01629422565523991,0.0019608732479800823,0.0008834912228751845
993,kimi-raikkonen,2018,17,ferrari,4.0,4.0,5.0,0,0.10785135148429832,0.0370427681927667,0.03692356580462349
993,sebastian-vettel,2018,17,ferrari,8.0,9.0,6.0,0,0.18055296806969343,0.0175359704398531,0.010866980543384714
993,sergio-perez,2018,17,aston-martin,9.0,10.0,7.0,0,0.00869052597651809,0.0038712448123995997,0.0025369712058941844
993,romain-grosjean,2018,17,haas,5.0,5.0,8.0,0,0.003255059242849782,0.0062698812385359555,0.0063288900238523925
993,esteban-ocon,2018,17,aston-martin,11.0,8.0,9.0,0,0.007384371559310642,0.002455536103719811,0.0014136097197676193
993,carlos-sainz-jr,2018,17,alpine,13.0,13.0,10.0,0,0.004350143549163058,0.0015919252721516165,0.0008427002908780864
993,pierre-gasly,2018,17,racing-bulls,7.0,7.0,11.0,0,0.0011039673092066665,0.002802990939665533,0.002401217163678135
993,marcus-ericsson,2018,17,audi,20.0,20.0,12.0,0,0.0014958140093281585,0.0004693532416294834,0.0001949377052101746
993,brendon-hartley,2018,17,racing-bulls,6.0,6.0,13.0,0,0.00044868663633397765,0.0018145671359781096,0.0017629850864934978
993,fernando-alonso,2018,17,mclaren,18.0,18.0,14.0,0,0.0017303610518376172,0.0006283034033611115,0.00027900209958691357
993,stoffel-vandoorne,2018,17,mclaren,19.0,19.0,15.0,0,0.001489908038646951,0.0005125897332499527,0.0002204055556325523
993,sergey-sirotkin,2018,17,williams,17.0,17.0,16.0,0,0.0007662492348767607,0.00044361225175054616,0.00021110395668812995
993,lance-stroll,2018,17,williams,14.0,14.0,17.0,0,0.0009616703855988152,0.0007267913077180704,0.0003913644749621229
993,charles-leclerc,2018,17,audi,10.0,11.0,,0,0.0015852995975145722,0.0015373919210581804,0.0010120684719928932
993,nico-hulkenberg,2018,17,alpine,16.0,16.0,,0,0.0033903704403887703,0.0009343803487211003,0.00043344910619504796
993,kevin-magnussen,2018,17,haas,12.0,12.0,,0,0.004179510817623373,0.0017942417101515218,0.001003923154985726
994,kimi-raikkonen,2018,18,ferrari,2.0,3.0,1.0,1,0.0996945575693392,0.11320929165944452,0.18366853993892338
994,max-verstappen,2018,18,red-bull,18.0,15.0,2.0,0,0.03004218928341012,0.0021409966577436565,0.0008549639780480912
994,lewis-hamilton,2018,18,mercedes,1.0,1.0,3.0,0,0.38555094572759496,0.7208890692049152,0.6433696040663391
994,sebastian-vettel,2018,18,ferrari,5.0,2.0,4.0,0,0.16107818013782157,0.0361115577489959,0.03141737510175157
994,valtteri-bottas,2018,18,mercedes,3.0,4.0,5.0,0,0.27650083017791244,0.09147356261230655,0.10832404888798185
994,nico-hulkenberg,2018,18,alpine,7.0,7.0,6.0,0,0.002402956113611199,0.003099853375497045,0.0025853791189543876
994,carlos-sainz-jr,2018,18,alpine,11.0,11.0,7.0,0,0.0034823661212641604,0.00195523321985662,0.0011950577574172212
994,sergio-perez,2018,18,aston-martin,10.0,10.0,8.0,0,0.009419842099784328,0.0033796983522296105,0.00210132488445704
994,brendon-hartley,2018,18,racing-bulls,20.0,14.0,9.0,0,0.0005049817332314683,0.00026385115900347543,0.00011674227506810234
994,marcus-ericsson,2018,18,audi,16.0,19.0,10.0,0,0.001238423049711949,0.0006403230506738514,0.00031825679884291705
994,stoffel-vandoorne,2018,18,mclaren,17.0,20.0,11.0,0,0.0013048597055433787,0.000582674412518188,0.00027722213150984027
994,pierre-gasly,2018,18,racing-bulls,19.0,13.0,12.0,0,0.0012095018966344724,0.0005601119084301241,0.000250759400868487
994,sergey-sirotkin,2018,18,williams,14.0,17.0,13.0,0,0.0006527821166706355,0.0005777823721389681,0.00032212785293
994,lance-stroll,2018,18,williams,15.0,18.0,14.0,0,0.0007902750348768145,0.000596904383324295,0.000316273989588946
994,charles-leclerc,2018,18,audi,9.0,9.0,,0,0.0011243315591504958,0.0015345668154159934,0.0011220668866167042
994,daniel-ricciardo,2018,18,red-bull,4.0,5.0,,0,0.02064271494206668,0.01915027929286364,0.02104476408830359
994,romain-grosjean,2018,18,haas,8.0,8.0,,0,0.002835694983085992,0.0028131003003422895,0.002136836674787833
994,fernando-alonso,2018,18,mclaren,13.0,16.0,,0,0.001524567748290111,0.0010211434743000235,0.0005786561676109047
995,max-verstappen,2018,19,red-bull,2.0,2.0,1.0,1,0.02734859676183499,0.16382357529018676,0.25083988239884897
995,sebastian-vettel,2018,19,ferrari,4.0,4.0,2.0,0,0.17903004068751038,0.11073852059043447,0.0979248298392172
995,kimi-raikkonen,2018,19,ferrari,6.0,6.0,3.0,0,0.11786785386979996,0.041236960444301085,0.028128844875735196
995,lewis-hamilton,2018,19,mercedes,3.0,3.0,4.0,0,0.3642866969203733,0.23703613545398897,0.2457570840210279
995,valtteri-bottas,2018,19,mercedes,5.0,5.0,5.0,0,0.2582961592141535,0.07853281608743891,0.05843642142391867
995,nico-hulkenberg,2018,19,alpine,7.0,7.0,6.0,0,0.003265878069963182,0.0072733375609133006,0.005270134253890658
995,charles-leclerc,2018,19,audi,9.0,9.0,7.0,0,0.0008945715933258995,0.002770266018469405,0.0017990154764008811
995,stoffel-vandoorne,2018,19,mclaren,15.0,17.0,8.0,0,0.0011718190143052273,0.001439611547891522,0.0006597522968163379
995,marcus-ericsson,2018,19,audi,10.0,10.0,9.0,0,0.0011531293346354803,0.0028280654887110333,0.0017008619036118348
995,pierre-gasly,2018,19,racing-bulls,20.0,15.0,10.0,0,0.0013594738805721323,0.0010864958245441136,0.00041129142675969154
995,esteban-ocon,2018,19,aston-martin,11.0,11.0,11.0,0,0.008509610120728586,0.005340030842126968,0.002746856413811367
995,lance-stroll,2018,19,williams,17.0,19.0,12.0,0,0.0007712278079277727,0.0009841808223017264,0.0004228699131155756
995,sergey-sirotkin,2018,19,williams,19.0,20.0,13.0,0,0.0006592577011795512,0.0007267177279236378,0.0002911017532439724
995,brendon-hartley,2018,19,racing-bulls,14.0,14.0,14.0,0,0.0006413373412303152,0.0011005676616408226,0.0005387368034089852
995,kevin-magnussen,2018,19,haas,16.0,18.0,15.0,0,0.001831945793991513,0.0015791951530352581,0.0006798430928428559
995,romain-grosjean,2018,19,haas,18.0,16.0,16.0,0,0.0016944670692551841,0.0012252832253433466,0.0004886287093048687
995,daniel-ricciardo,2018,19,red-bull,1.0,1.0,,0,0.015226321576777958,0.32792071264020395,0.2956637669295314
995,sergio-perez,2018,19,aston-martin,13.0,13.0,,0,0.010193252486312941,0.004655778112614064,0.0021325890644315905
995,carlos-sainz-jr,2018,19,alpine,8.0,8.0,,0,0.004590489390864747,0.007573691969047142,0.004976692233877457
995,fernando-alonso,2018,19,mclaren,12.0,12.0,,0,0.0012078713652573145,0.0021280575388835294,0.001130797170204561
996,lewis-hamilton,2018,20,mercedes,1.0,1.0,1.0,1,0.34341490848387196,0.6641063962566525,0.5724615302253138
996,max-verstappen,2018,20,red-bull,5.0,5.0,2.0,0,0.02653756787966591,0.01745385530411286,0.015883519767552808
996,kimi-raikkonen,2018,20,ferrari,4.0,4.0,3.0,0,0.13600707190901995,0.040199561263812626,0.03894920958148759
996,daniel-ricciardo,2018,20,red-bull,11.0,6.0,4.0,0,0.011928801293967211,0.0025824573983249713,0.001418180767857244
996,valtteri-bottas,2018,20,mercedes,3.0,3.0,5.0,0,0.2443957906088493,0.08377403387554123,0.09583871898600302
996,sebastian-vettel,2018,20,ferrari,2.0,2.0,6.0,0,0.20512211482270887,0.17247547122944232,0.2624829249985529
996,charles-leclerc,2018,20,audi,7.0,8.0,7.0,0,0.0013212872161769075,0.0023481798325282943,0.0019339635607951895
996,romain-grosjean,2018,20,haas,8.0,9.0,8.0,0,0.0014785075666481843,0.0020673809461260006,0.0015537709109052162
996,kevin-magnussen,2018,20,haas,10.0,11.0,9.0,0,0.0016126226457752523,0.0015296809459898215,0.0009885435914311572
996,sergio-perez,2018,20,aston-martin,12.0,12.0,10.0,0,0.006779008763358176,0.0020583686911325202,0.0011037311231642142
996,brendon-hartley,2018,20,racing-bulls,16.0,17.0,11.0,0,0.0007302521726646526,0.0004367498381772728,0.0002120766149754693
996,carlos-sainz-jr,2018,20,alpine,15.0,16.0,12.0,0,0.0037526858944117976,0.001122954563653215,0.0005332467058405879
996,pierre-gasly,2018,20,racing-bulls,9.0,10.0,13.0,0,0.0015798280028115582,0.002033923176433462,0.0014209179102706753
996,esteban-ocon,2018,20,aston-martin,18.0,13.0,14.0,0,0.00649529479901295,0.001021383066259156,0.0004184242626539185
996,stoffel-vandoorne,2018,20,mclaren,20.0,20.0,15.0,0,0.0012491941100807675,0.00044700258442634196,0.00018428732092323486
996,sergey-sirotkin,2018,20,williams,14.0,15.0,16.0,0,0.0007537304562415609,0.0005978711272010557,0.0003183327540478557
996,fernando-alonso,2018,20,mclaren,17.0,18.0,17.0,0,0.0010837080305979786,0.0005240610702178998,0.0002416591909943955
996,lance-stroll,2018,20,williams,19.0,19.0,18.0,0,0.0008865922954257669,0.00040929445773047764,0.0001770463505532537
996,nico-hulkenberg,2018,20,alpine,13.0,14.0,,0,0.0032512787993911395,0.0012738055343743794,0.0006678792080295771
996,marcus-ericsson,2018,20,audi,6.0,7.0,,0,0.001619754249320091,0.0035375688378637125,0.0032120361686479052
997,lewis-hamilton,2018,21,mercedes,1.0,1.0,1.0,1,0.34848217197626613,0.6701139431770835,0.5833566926182215
997,sebastian-vettel,2018,21,ferrari,3.0,3.0,2.0,0,0.19388173344230367,0.0853387880368401,0.10033173124883943
997,max-verstappen,2018,21,red-bull,6.0,6.0,3.0,0,0.03570560626071023,0.014555691669139375,0.011690755171793197
997,daniel-ricciardo,2018,21,red-bull,5.0,5.0,4.0,0,0.016253475559019813,0.010764665428630355,0.00996250445045922
997,valtteri-bottas,2018,21,mercedes,2.0,2.0,5.0,0,0.24015112359016277,0.1608649185446173,0.2437344526649897
997,carlos-sainz-jr,2018,21,alpine,11.0,11.0,6.0,0,0.0029195735261938745,0.0017119646104834024,0.0010224929296434977
997,charles-leclerc,2018,21,audi,8.0,8.0,7.0,0,0.0014318541667251666,0.0020478455311800986,0.001557696530578578
997,sergio-perez,2018,21,aston-martin,14.0,14.0,8.0,0,0.00621931479011238,0.0015485267830740417,0.0007602347060129714
997,romain-grosjean,2018,21,haas,7.0,7.0,9.0,0,0.0019163395388350022,0.0028709189854410296,0.002355296622495608
997,kevin-magnussen,2018,21,haas,13.0,13.0,10.0,0,0.0020555726355586893,0.001092379527175689,0.0005920996092542844
997,fernando-alonso,2018,21,mclaren,15.0,15.0,11.0,0,0.0009233964355495404,0.0005988190005791605,0.00030538348710059597
997,brendon-hartley,2018,21,racing-bulls,16.0,16.0,12.0,0,0.0008326029605096231,0.00046705632992719796,0.00022795418771530412
997,lance-stroll,2018,21,williams,20.0,20.0,13.0,0,0.0007296660306692575,0.0003440849153598214,0.00014655462140119089
997,stoffel-vandoorne,2018,21,mclaren,18.0,18.0,14.0,0,0.001084594980209275,0.0005015315764069004,0.00022556389754370114
997,sergey-sirotkin,2018,21,williams,19.0,19.0,15.0,0,0.0006491370937437724,0.0003423832121791491,0.00015135620026036646
997,pierre-gasly,2018,21,racing-bulls,17.0,17.0,,0,0.0016521468067995904,0.0007139720761698012,0.00032882775706320603
997,esteban-ocon,2018,21,aston-martin,9.0,9.0,,0,0.0056717996944758075,0.0029884883630024394,0.001974355546871023
997,marcus-ericsson,2018,21,audi,12.0,12.0,,0,0.0013865232643371298,0.001024421522778641,0.0005951610083152064
997,kimi-raikkonen,2018,21,ferrari,4.0,4.0,,0,0.13576942198583,0.040449586220120765,0.03961770292816836
997,nico-hulkenberg,2018,21,alpine,10.0,10.0,,0,0.002283945261988354,0.0016600144898112905,0.001063183813272964
998,valtteri-bottas,2019,1,mercedes,2.0,2.0,1.0,1,0.2322626396302288,0.15401274836484807,0.2305218964711376
998,lewis-hamilton,2019,1,mercedes,1.0,1.0,2.0,0,0.3676985062038641,0.676081631188562,0.5929386424888298
998,max-verstappen,2019,1,red-bull,4.0,4.0,3.0,0,0.05061112548412043,0.03375659467541527,0.035829542249246484
998,sebastian-vettel,2019,1,ferrari,3.0,3.0,4.0,0,0.15083618592188605,0.08090605380307753,0.0972654644122694
998,charles-leclerc,2019,1,ferrari,5.0,5.0,5.0,0,0.12507321594616894,0.030548743756089805,0.026448438175533683
998,kevin-magnussen,2019,1,haas,7.0,7.0,6.0,0,0.002749318216237579,0.0035396879860014395,0.002997175231596051
998,nico-hulkenberg,2019,1,alpine,11.0,11.0,7.0,0,0.0021066229432384724,0.001379433875765545,0.0008744613591016647
998,kimi-raikkonen,2019,1,audi,9.0,9.0,8.0,0,0.0011391324453926487,0.0014372448874931994,0.0010677781291424208
998,lance-stroll,2019,1,aston-martin,16.0,16.0,9.0,0,0.005196081163465957,0.0011929417636613153,0.0005715823307002073
998,daniil-kvyat,2019,1,racing-bulls,15.0,15.0,10.0,0,0.0008160127645381362,0.0005469519321554873,0.00029706538014153815
998,pierre-gasly,2019,1,red-bull,17.0,17.0,11.0,0,0.043303410186659896,0.002852477958938299,0.0011886176724035578
998,lando-norris,2019,1,mclaren,8.0,8.0,12.0,0,0.001200535498903966,0.001994079921901091,0.0016143997869435547
998,sergio-perez,2019,1,aston-martin,10.0,10.0,13.0,0,0.006022058075056051,0.002867665660736914,0.0018591449513878015
998,alexander-albon,2019,1,racing-bulls,13.0,13.0,14.0,0,0.0011206109891801106,0.0008805895596277605,0.0005224447976551799
998,antonio-giovinazzi,2019,1,audi,14.0,14.0,15.0,0,0.0019160734601427621,0.0010452776651682276,0.0005791731238207743
998,george-russell,2019,1,williams,19.0,19.0,16.0,0,0.0008590846136938811,0.0004259481210441143,0.000200404543347396
998,robert-kubica,2019,1,williams,20.0,20.0,17.0,0,0.0012337168952271447,0.0005175072313249823,0.00023436124783280212
998,romain-grosjean,2019,1,haas,6.0,6.0,,0,0.0025843501849531717,0.004336148992727583,0.004060497169710398
998,daniel-ricciardo,2019,1,alpine,12.0,12.0,,0,0.0017449127458420372,0.0010361931421375857,0.000622482007013263
998,carlos-sainz-jr,2019,1,mclaren,18.0,18.0,,0,0.0015264066311999492,0.0006420795133237317,0.0003064284721864446
999,lewis-hamilton,2019,2,mercedes,3.0,3.0,1.0,1,0.3736967801680728,0.146553832508359,0.15521667206986353
999,valtteri-bottas,2019,2,mercedes,4.0,4.0,2.0,0,0.24430421486539824,0.06624627373289041,0.05857501007868024
999,charles-leclerc,2019,2,ferrari,1.0,1.0,3.0,0,0.11899926737791103,0.5246397530592146,0.4504141718713032
999,max-verstappen,2019,2,red-bull,5.0,5.0,4.0,0,0.05042692605258553,0.03066946490280947,0.02616468465316404
999,sebastian-vettel,2019,2,ferrari,2.0,2.0,5.0,0,0.14528725002660114,0.19828833605361854,0.2879197791237097
999,lando-norris,2019,2,mclaren,9.0,10.0,6.0,0,0.0037173664294023667,0.005473417244103523,0.003780220110382113
999,kimi-raikkonen,2019,2,audi,8.0,9.0,7.0,0,0.0012580218698320458,0.002394111352183476,0.001775177090193061
999,pierre-gasly,2019,2,red-bull,13.0,13.0,8.0,0,0.037927398885255995,0.005216132187264561,0.0024059456668834634
999,alexander-albon,2019,2,racing-bulls,12.0,12.0,9.0,0,0.000644933964148142,0.000833604874141516,0.0004858398101458804
999,sergio-perez,2019,2,aston-martin,14.0,14.0,10.0,0,0.005456666531599034,0.0020321499166437228,0.0009861872848467247
999,antonio-giovinazzi,2019,2,audi,16.0,16.0,11.0,0,0.0012879249046252054,0.0007903539042986939,0.00037394702327880864
999,daniil-kvyat,2019,2,racing-bulls,15.0,15.0,12.0,0,0.0008916951254986465,0.0007440180026758369,0.00037361336909532187
999,kevin-magnussen,2019,2,haas,6.0,6.0,13.0,0,0.0026771922026958862,0.006031800264940586,0.0052620580257058845
999,lance-stroll,2019,2,aston-martin,18.0,18.0,14.0,0,0.005032013954392743,0.0012693115324915632,0.0005240395170544025
999,george-russell,2019,2,williams,19.0,19.0,15.0,0,0.0008337225412815424,0.0005731055058927771,0.000251882973872877
999,robert-kubica,2019,2,williams,20.0,20.0,16.0,0,0.0010066868267148306,0.0006094493885968452,0.0002584355427602146
999,nico-hulkenberg,2019,2,alpine,17.0,17.0,17.0,0,0.001993522627377974,0.0008915955245934285,0.0003981277685441796
999,daniel-ricciardo,2019,2,alpine,10.0,11.0,18.0,0,0.0013761764015512371,0.0015884926952425952,0.0010053115769523533
999,carlos-sainz-jr,2019,2,mclaren,7.0,7.0,19.0,0,0.0011428758100930569,0.003327153150835457,0.0027481464137000056
999,romain-grosjean,2019,2,haas,11.0,8.0,,0,0.0020393634349624985,0.00182764419920337,0.0010807500298639593
1000,lewis-hamilton,2019,3,mercedes,2.0,2.0,1.0,1,0.377939876083487,0.24802908970698995,0.3473512344471723
1000,valtteri-bottas,2019,3,mercedes,1.0,1.0,2.0,0,0.2484899163389766,0.554305423853424,0.46036198490181274
1000,sebastian-vettel,2019,3,ferrari,3.0,3.0,3.0,0,0.13935854707671894,0.08713599693266821,0.09912501430729073
1000,max-verstappen,2019,3,red-bull,5.0,5.0,4.0,0,0.05105147347695499,0.02695234392077736,0.023388566374000545
1000,charles-leclerc,2019,3,ferrari,4.0,4.0,5.0,0,0.11888835627777965,0.04832485019187854,0.04572798346434218
1000,pierre-gasly,2019,3,red-bull,6.0,6.0,6.0,0,0.036346763444111946,0.015437479413095031,0.011959733102137791
1000,daniel-ricciardo,2019,3,alpine,7.0,7.0,7.0,0,0.0009780441994510813,0.0021618063902480553,0.001786712562615777
1000,sergio-perez,2019,3,aston-martin,12.0,12.0,8.0,0,0.00490847769538212,0.0021978662401372045,0.0012070286020584103
1000,kimi-raikkonen,2019,3,audi,13.0,13.0,9.0,0,0.0015333465676155187,0.001044319255493818,0.0005703161150048654
1000,alexander-albon,2019,3,racing-bulls,20.0,,10.0,0,0.0012302716553394331,0.0005009468828811947,0.0002106397542421536
1000,romain-grosjean,2019,3,haas,10.0,10.0,11.0,0,0.0013923031905219154,0.0015626522786378325,0.0010183717900623297
1000,lance-stroll,2019,3,aston-martin,16.0,16.0,12.0,0,0.004280429155783317,0.0012396513272188885,0.0005661233706091863
1000,kevin-magnussen,2019,3,haas,9.0,9.0,13.0,0,0.0020210599102223293,0.002469214899680733,0.0017140410492060198
1000,carlos-sainz-jr,2019,3,mclaren,14.0,14.0,14.0,0,0.001055749637014908,0.0008800505366911112,0.000472347123612354
1000,antonio-giovinazzi,2019,3,audi,19.0,,15.0,0,0.001370458409030879,0.0005170721677948988,0.00022118650901752613
1000,george-russell,2019,3,williams,17.0,17.0,16.0,0,0.0007402343661738842,0.0005705355754466071,0.0002759417905023027
1000,robert-kubica,2019,3,williams,18.0,18.0,17.0,0,0.0008737692844818236,0.0005905854790486271,0.00027463319589566664
1000,lando-norris,2019,3,mclaren,15.0,15.0,18.0,0,0.00514111092025487,0.002654654866202751,0.001333323014048389
1000,daniil-kvyat,2019,3,racing-bulls,11.0,11.0,,0,0.0009874864897800309,0.001117747595092133,0.000694321566914914
1000,nico-hulkenberg,2019,3,alpine,8.0,8.0,,0,0.0014123258209187374,0.002307712486593076,0.001740496959453791
1001,valtteri-bottas,2019,4,mercedes,1.0,1.0,1.0,1,0.2519059925957048,0.5700827003022549,0.471850592087449
1001,lewis-hamilton,2019,4,mercedes,2.0,2.0,2.0,0,0.38105730956895767,0.25402505953179355,0.3545614145844017
1001,sebastian-vettel,2019,4,ferrari,3.0,3.0,3.0,0,0.13753664706106258,0.08857491783493635,0.10055214581570301
1001,max-verstappen,2019,4,red-bull,4.0,4.0,4.0,0,0.05379863002450036,0.040319211500670894,0.04019197300540866
1001,charles-leclerc,2019,4,ferrari,8.0,9.0,5.0,0,0.11393557560037988,0.015570972226019275,0.009389187710005626
1001,sergio-perez,2019,4,aston-martin,5.0,5.0,6.0,0,0.004999856475522528,0.009456520177109273,0.009128871768399664
1001,carlos-sainz-jr,2019,4,mclaren,9.0,10.0,7.0,0,0.0009005931732786978,0.0017418294887132472,0.001252679086391133
1001,lando-norris,2019,4,mclaren,7.0,7.0,8.0,0,0.0019517860080688811,0.004747104019749613,0.003975121278610835
1001,lance-stroll,2019,4,aston-martin,13.0,14.0,9.0,0,0.004135801655126354,0.0017302649820454305,0.0009019038615986517
1001,kimi-raikkonen,2019,4,audi,19.0,,10.0,0,0.001566026915827973,0.0005915928461192696,0.00025218507261743093
1001,alexander-albon,2019,4,racing-bulls,11.0,12.0,11.0,0,0.0018532943334959213,0.0019795547237472116,0.0012244500054393317
1001,antonio-giovinazzi,2019,4,audi,17.0,8.0,12.0,0,0.0011758884328713945,0.0005687435885209992,0.00026157943027356603
1001,kevin-magnussen,2019,4,haas,12.0,13.0,13.0,0,0.001946336356224789,0.0015435396201970858,0.0008877819599744669
1001,nico-hulkenberg,2019,4,alpine,15.0,16.0,14.0,0,0.0011420588852379756,0.0007532710091512736,0.0003799454758413546
1001,george-russell,2019,4,williams,16.0,17.0,15.0,0,0.0006281873404197505,0.0006012598933689526,0.0003042007714561185
1001,robert-kubica,2019,4,williams,18.0,18.0,16.0,0,0.0007256738137694578,0.0005547228247975913,0.00025952878836398463
1001,pierre-gasly,2019,4,red-bull,20.0,,,0,0.03759426932292697,0.0022394063643082504,0.0007910223090411215
1001,romain-grosjean,2019,4,haas,14.0,15.0,,0,0.0014038478461662473,0.0009347916045085009,0.0004887513373940135
1001,daniil-kvyat,2019,4,racing-bulls,6.0,6.0,,0,0.0007692784661535459,0.0026974144964595726,0.0025006209620900455
1001,daniel-ricciardo,2019,4,alpine,10.0,11.0,,0,0.000972946124304177,0.0012871229655287636,0.0008460446895401903
1002,lewis-hamilton,2019,5,mercedes,2.0,2.0,1.0,1,0.3902303133298439,0.2468364690424696,0.3456647497250904
1002,valtteri-bottas,2019,5,mercedes,1.0,1.0,2.0,0,0.26643574439326795,0.567864125489229,0.471356812939327
1002,max-verstappen,2019,5,red-bull,4.0,4.0,3.0,0,0.04213566315924054,0.03649739304327848,0.03717650482187753
1002,sebastian-vettel,2019,5,ferrari,3.0,3.0,4.0,0,0.14010340657879358,0.08640219537237141,0.09850109870528471
1002,charles-leclerc,2019,5,ferrari,5.0,5.0,5.0,0,0.11298879080631806,0.03193466427766273,0.026228478152874674
1002,pierre-gasly,2019,5,red-bull,6.0,6.0,6.0,0,0.02280618626634064,0.01178419011111129,0.009309143726502635
1002,kevin-magnussen,2019,5,haas,8.0,8.0,7.0,0,0.0015675962892360618,0.0026868597600854045,0.002046692191927042
1002,carlos-sainz-jr,2019,5,mclaren,12.0,13.0,8.0,0,0.0012780188107399124,0.0012215575292653926,0.0007197492964045587
1002,daniil-kvyat,2019,5,racing-bulls,9.0,9.0,9.0,0,0.0006189237075539187,0.001211745888102567,0.0008764886098175883
1002,romain-grosjean,2019,5,haas,7.0,7.0,10.0,0,0.001025615810056548,0.002409485102268889,0.0020128720628343373
1002,alexander-albon,2019,5,racing-bulls,11.0,12.0,11.0,0,0.002035256747929198,0.0021826453874512685,0.0013639217369521336
1002,daniel-ricciardo,2019,5,alpine,13.0,10.0,12.0,0,0.000715482126518254,0.0007086922088657505,0.00040099015249487496
1002,nico-hulkenberg,2019,5,alpine,20.0,16.0,13.0,0,0.0009171289506528984,0.00042588725891584846,0.0001816863047694159
1002,kimi-raikkonen,2019,5,audi,14.0,14.0,14.0,0,0.001699255386195321,0.0009801095232143,0.0005100588461554065
1002,sergio-perez,2019,5,aston-martin,15.0,15.0,15.0,0,0.0059992560045818944,0.0016629113354341188,0.0007849892007000257
1002,antonio-giovinazzi,2019,5,audi,18.0,18.0,16.0,0,0.0012863153940350872,0.0005260485433318514,0.0002335276208190089
1002,george-russell,2019,5,williams,19.0,19.0,17.0,0,0.0005919025472890296,0.00042949657429230275,0.00019602721561214092
1002,robert-kubica,2019,5,williams,17.0,20.0,18.0,0,0.0006698440585495802,0.0005658840501323943,0.00027709816898898414
1002,lance-stroll,2019,5,aston-martin,16.0,17.0,,0,0.004790752929777237,0.0012597012284807456,0.000572067495059886
1002,lando-norris,2019,5,mclaren,10.0,11.0,,0,0.0021045467030804607,0.002409938274036522,0.0015870430265076498
1003,lewis-hamilton,2019,6,mercedes,1.0,1.0,1.0,1,0.394542150436715,0.695099204686744,0.6059211964392821
1003,sebastian-vettel,2019,6,ferrari,4.0,4.0,2.0,0,0.13444098835533944,0.04830478468618893,0.04837691418742218
1003,valtteri-bottas,2019,6,mercedes,2.0,2.0,3.0,0,0.27038630447284817,0.16857933990504156,0.2505148640982223
1003,max-verstappen,2019,6,red-bull,3.0,3.0,4.0,0,0.04757928176698034,0.055592844565162544,0.07160040343210722
1003,pierre-gasly,2019,6,red-bull,8.0,5.0,5.0,0,0.025280602265730832,0.006947757465970683,0.004782066665944119
1003,carlos-sainz-jr,2019,6,mclaren,9.0,9.0,6.0,0,0.0012479125543941494,0.0018099784495983254,0.001363472787527949
1003,daniil-kvyat,2019,6,racing-bulls,7.0,8.0,7.0,0,0.0007582335157940779,0.0018239651521927056,0.001624812176160072
1003,alexander-albon,2019,6,racing-bulls,10.0,10.0,8.0,0,0.0019013317840607333,0.002070365244815211,0.0014455636133100815
1003,daniel-ricciardo,2019,6,alpine,6.0,7.0,9.0,0,0.0007435622421921262,0.0023210626479472905,0.0022867023986989166
1003,romain-grosjean,2019,6,haas,13.0,13.0,10.0,0,0.0012658543960445902,0.0008706403861686449,0.0005087015831114142
1003,lando-norris,2019,6,mclaren,12.0,12.0,11.0,0,0.0010824584185555983,0.0010167035474145472,0.0006369338622354539
1003,sergio-perez,2019,6,aston-martin,16.0,17.0,12.0,0,0.0038937870338347476,0.0011530973596352281,0.0005647884645493485
1003,nico-hulkenberg,2019,6,alpine,11.0,11.0,13.0,0,0.0009297587160422166,0.001029187474249097,0.0006826420553688596
1003,kevin-magnussen,2019,6,haas,5.0,6.0,14.0,0,0.0019783790021308772,0.005796184456632508,0.00624994885555195
1003,george-russell,2019,6,williams,19.0,19.0,15.0,0,0.0004900954875281609,0.0003614217633887949,0.00017598434410104043
1003,lance-stroll,2019,6,aston-martin,17.0,18.0,16.0,0,0.0028781619598507416,0.0008284007248798373,0.000391747493622246
1003,kimi-raikkonen,2019,6,audi,14.0,14.0,17.0,0,0.0014268453564828315,0.000835553286192482,0.000463921237118943
1003,robert-kubica,2019,6,williams,20.0,20.0,18.0,0,0.000543875678076989,0.00036021094314476516,0.00016942177510061773
1003,antonio-giovinazzi,2019,6,audi,18.0,15.0,19.0,0,0.0010807980456305746,0.0004486829704459974,0.00021250669913245213
1003,charles-leclerc,2019,6,ferrari,15.0,16.0,,0,0.1075496185117677,0.004750614284186749,0.002027407831432769
1004,lewis-hamilton,2019,7,mercedes,2.0,2.0,1.0,1,0.42778793297628165,0.2936106704755413,0.39324347732608933
1004,sebastian-vettel,2019,7,ferrari,1.0,1.0,2.0,0,0.10818746357601103,0.550976708077689,0.4710727792901897
1004,charles-leclerc,2019,7,ferrari,3.0,3.0,3.0,0,0.06407270398403177,0.06180800344478051,0.06941899445801981
1004,valtteri-bottas,2019,7,mercedes,6.0,6.0,4.0,0,0.2902575216213369,0.03656428055540367,0.02416774177460294
1004,max-verstappen,2019,7,red-bull,9.0,11.0,5.0,0,0.057357360113850224,0.012586682104541152,0.00716301522933018
1004,daniel-ricciardo,2019,7,alpine,4.0,4.0,6.0,0,0.0009394052555864852,0.0063123165352964245,0.007278833153007072
1004,nico-hulkenberg,2019,7,alpine,7.0,7.0,7.0,0,0.0011012898029432584,0.0028728364666192295,0.002300533531213242
1004,pierre-gasly,2019,7,red-bull,5.0,5.0,8.0,0,0.030913364848888552,0.02034599816081727,0.017087359129773383
1004,lance-stroll,2019,7,aston-martin,17.0,18.0,9.0,0,0.002547447024461042,0.0009817003179192207,0.00042455914851744246
1004,daniil-kvyat,2019,7,racing-bulls,10.0,12.0,10.0,0,0.001142560945922098,0.0015351683065080617,0.0009673566914375727
1004,carlos-sainz-jr,2019,7,mclaren,11.0,9.0,11.0,0,0.001790544081898138,0.0019250866278513123,0.0011378733946045489
1004,sergio-perez,2019,7,aston-martin,15.0,16.0,12.0,0,0.0036012695274896017,0.0015697087586201643,0.0007326967664827133
1004,antonio-giovinazzi,2019,7,audi,12.0,13.0,13.0,0,0.0008545115976537384,0.0009956498963153639,0.0005649977525139828
1004,romain-grosjean,2019,7,haas,14.0,15.0,14.0,0,0.0014421476839953393,0.0010385550712689036,0.0005233013652427635
1004,kimi-raikkonen,2019,7,audi,16.0,17.0,15.0,0,0.0011322971772276917,0.0007744670184070098,0.00036336958290186794
1004,george-russell,2019,7,williams,18.0,19.0,16.0,0,0.0005085490697131207,0.0005141663283100886,0.00023590347135533148
1004,kevin-magnussen,2019,7,haas,20.0,10.0,17.0,0,0.002086354660777482,0.0007725665687562256,0.0003074219779232768
1004,robert-kubica,2019,7,williams,19.0,20.0,18.0,0,0.0005166644035374396,0.00047668368707649405,0.0002111342561680484
1004,alexander-albon,2019,7,racing-bulls,13.0,14.0,,0,0.0024540050964216155,0.0018033034296667894,0.0009487513988462498
1004,lando-norris,2019,7,mclaren,8.0,8.0,,0,0.0013066065519729963,0.00253544816861187,0.0018499003017804596
1005,lewis-hamilton,2019,8,mercedes,1.0,1.0,1.0,1,0.4187653490996196,0.7030449117267051,0.6173188368915724
1005,valtteri-bottas,2019,8,mercedes,2.0,2.0,2.0,0,0.27765420693520204,0.16623016847735125,0.24893893646345783
1005,charles-leclerc,2019,8,ferrari,3.0,3.0,3.0,0,0.07351510135776801,0.051000623098825526,0.06313108840589206
1005,max-verstappen,2019,8,red-bull,4.0,4.0,4.0,0,0.0570032896579423,0.03651937189670519,0.039016569483561254
1005,sebastian-vettel,2019,8,ferrari,7.0,7.0,5.0,0,0.122917957837053,0.01910463107102526,0.013564973505609751
1005,carlos-sainz-jr,2019,8,mclaren,6.0,6.0,6.0,0,0.0015588380513189893,0.0038786744282273077,0.003804813206307394
1005,kimi-raikkonen,2019,8,audi,12.0,12.0,7.0,0,0.0010474983390053839,0.0009309004475149346,0.000586365945429543
1005,nico-hulkenberg,2019,8,alpine,13.0,13.0,8.0,0,0.0015663296310243911,0.0009480549716129681,0.0005541554025875805
1005,lando-norris,2019,8,mclaren,5.0,5.0,9.0,0,0.0008545399212164523,0.0032868182929479744,0.003658359738534339
1005,pierre-gasly,2019,8,red-bull,9.0,9.0,10.0,0,0.030195214857720712,0.006001028568851899,0.0038250179511390052
1005,daniel-ricciardo,2019,8,alpine,8.0,8.0,11.0,0,0.0013641114843670318,0.0018764583780692139,0.0015049554208387335
1005,sergio-perez,2019,8,aston-martin,14.0,14.0,12.0,0,0.0036318419277684387,0.0013589922593450856,0.0007351548871158186
1005,lance-stroll,2019,8,aston-martin,17.0,18.0,13.0,0,0.0027284725874806752,0.0007957434995586619,0.00038108728311773635
1005,daniil-kvyat,2019,8,racing-bulls,19.0,16.0,14.0,0,0.001045930252210699,0.0004204982870744263,0.0001956945759725433
1005,alexander-albon,2019,8,racing-bulls,11.0,11.0,15.0,0,0.001461460493731869,0.0013215534512569889,0.0008722499147923786
1005,antonio-giovinazzi,2019,8,audi,10.0,10.0,16.0,0,0.0008737921409821468,0.0010891082490351088,0.0007739253593677942
1005,kevin-magnussen,2019,8,haas,15.0,15.0,17.0,0,0.0016775754934973115,0.0008696535808848948,0.00046760633210748043
1005,robert-kubica,2019,8,williams,18.0,20.0,18.0,0,0.0004485998478695388,0.0003797687160232001,0.00019464173025924113
1005,george-russell,2019,8,williams,20.0,19.0,19.0,0,0.00045928446068515047,0.00032585098798194016,0.00015594083007023537
1005,romain-grosjean,2019,8,haas,16.0,17.0,,0,0.0012306056235362297,0.0006171896110031505,0.00031962667226688386
1006,max-verstappen,2019,9,red-bull,2.0,3.0,1.0,1,0.0550580866836522,0.1796934674306828,0.27576691001603215
1006,charles-leclerc,2019,9,ferrari,1.0,1.0,2.0,0,0.0768080483741494,0.5026945239544541,0.4358204779603467
1006,valtteri-bottas,2019,9,mercedes,3.0,4.0,3.0,0,0.2800404267714608,0.13899458808016557,0.14636246477737944
1006,sebastian-vettel,2019,9,ferrari,9.0,10.0,4.0,0,0.12126724729738779,0.02009456633218538,0.011084279684181488
1006,lewis-hamilton,2019,9,mercedes,4.0,2.0,5.0,0,0.4202339622530909,0.1189604942295616,0.10339508042382156
1006,lando-norris,2019,9,mclaren,5.0,6.0,6.0,0,0.0011154469747483404,0.00586798554721231,0.005887545173591634
1006,pierre-gasly,2019,9,red-bull,8.0,9.0,7.0,0,0.027406272965219747,0.011052070048536308,0.006976966243755256
1006,carlos-sainz-jr,2019,9,mclaren,19.0,15.0,8.0,0,0.00208642343873054,0.0010846800874564698,0.0004544753151943432
1006,kimi-raikkonen,2019,9,audi,6.0,7.0,9.0,0,0.0011865829739927736,0.004979669147164027,0.004476850839397949
1006,antonio-giovinazzi,2019,9,audi,7.0,8.0,10.0,0,0.0008152199412536828,0.0029051411684543707,0.002375819574120721
1006,sergio-perez,2019,9,aston-martin,13.0,16.0,11.0,0,0.003283154791728688,0.0023636212965027527,0.0012333462544749547
1006,daniel-ricciardo,2019,9,alpine,12.0,14.0,12.0,0,0.0015314444254770723,0.0016348843938306374,0.0009165287514860395
1006,nico-hulkenberg,2019,9,alpine,15.0,12.0,13.0,0,0.0018202746105038278,0.0012991544332392074,0.0006288190283090464
1006,lance-stroll,2019,9,aston-martin,14.0,17.0,14.0,0,0.0024643162109011076,0.0016809521925693332,0.0008393140853861716
1006,alexander-albon,2019,9,racing-bulls,18.0,13.0,15.0,0,0.001245815111407472,0.0008835676781554919,0.00039046218017067135
1006,romain-grosjean,2019,9,haas,11.0,11.0,16.0,0,0.0008188064706249248,0.0015317037758480541,0.0009439252793699097
1006,daniil-kvyat,2019,9,racing-bulls,16.0,18.0,17.0,0,0.0009397726366890198,0.0008615874725817461,0.0004125211117083819
1006,george-russell,2019,9,williams,20.0,19.0,18.0,0,0.0003525072617434346,0.00046113005009397576,0.00020422855694388281
1006,kevin-magnussen,2019,9,haas,10.0,5.0,19.0,0,0.0011635378145619527,0.0023424756204847466,0.0015281147024305386
1006,robert-kubica,2019,9,williams,17.0,20.0,20.0,0,0.0003626529926764008,0.0006137370608209602,0.000301870041899125
1007,lewis-hamilton,2019,10,mercedes,2.0,2.0,1.0,1,0.3847890224063708,0.2477545497812905,0.3492077302017831
1007,valtteri-bottas,2019,10,mercedes,1.0,1.0,2.0,0,0.2683433986934282,0.5793252136362832,0.48385832257121614
1007,charles-leclerc,2019,10,ferrari,3.0,3.0,3.0,0,0.09076898999593595,0.0643325985125404,0.07443774604749702
1007,pierre-gasly,2019,10,red-bull,5.0,5.0,4.0,0,0.03190418307363646,0.017560325043796447,0.01535247327931675
1007,max-verstappen,2019,10,red-bull,4.0,4.0,5.0,0,0.06794241027423781,0.045105385568132386,0.04509641211233041
1007,carlos-sainz-jr,2019,10,mclaren,13.0,13.0,6.0,0,0.002886969175400209,0.001607013909005842,0.0008720650680667709
1007,daniel-ricciardo,2019,10,alpine,7.0,7.0,7.0,0,0.0015792288810981914,0.0028274938830470317,0.0023158281862833124
1007,kimi-raikkonen,2019,10,audi,12.0,12.0,8.0,0,0.0015156901358141686,0.0012650288576660546,0.0007394133430418935
1007,daniil-kvyat,2019,10,racing-bulls,17.0,17.0,9.0,0,0.000825868218008752,0.000522032547401715,0.000249490193414694
1007,nico-hulkenberg,2019,10,alpine,10.0,10.0,10.0,0,0.001837359282646219,0.0017791238877465406,0.001154208094099841
1007,lando-norris,2019,10,mclaren,8.0,8.0,11.0,0,0.001727489466080433,0.00238396819781307,0.001784225222321343
1007,alexander-albon,2019,10,racing-bulls,9.0,9.0,12.0,0,0.0011352029302863303,0.0018735659455175102,0.001345932545624449
1007,lance-stroll,2019,10,aston-martin,18.0,18.0,13.0,0,0.002378743376012506,0.0007723729916935187,0.00033836300453994454
1007,george-russell,2019,10,williams,19.0,19.0,14.0,0,0.00031026976725797054,0.0003378171417359797,0.00016068470867906616
1007,robert-kubica,2019,10,williams,20.0,20.0,15.0,0,0.00030656688110430663,0.00030794807968349613,0.0001417144015060244
1007,sebastian-vettel,2019,10,ferrari,6.0,6.0,16.0,0,0.1357863910684899,0.02842213213288198,0.02087627419801274
1007,sergio-perez,2019,10,aston-martin,15.0,15.0,17.0,0,0.0032647347181840804,0.0013247440643011869,0.0006502604483694053
1007,antonio-giovinazzi,2019,10,audi,11.0,11.0,,0,0.0010648359087071923,0.0011109809656024636,0.0006903494508813973
1007,romain-grosjean,2019,10,haas,14.0,14.0,,0,0.0006975904099041457,0.0006910413433272572,0.0003792515130175927
1007,kevin-magnussen,2019,10,haas,16.0,16.0,,0,0.000935055337396447,0.0006966635105334492,0.00034925540999796513
1008,max-verstappen,2019,11,red-bull,2.0,2.0,1.0,1,0.07441100379324693,0.13095509745318445,0.2153866428286539
1008,sebastian-vettel,2019,11,ferrari,20.0,,2.0,0,0.09428977477525465,0.0030567213917463924,0.0011040021968758346
1008,daniil-kvyat,2019,11,racing-bulls,14.0,14.0,3.0,0,0.0010179954319724119,0.0007238555017315224,0.00041042941840832613
1008,lance-stroll,2019,11,aston-martin,15.0,15.0,4.0,0,0.0020624407847155478,0.0009097037956027991,0.0004779590860662908
1008,carlos-sainz-jr,2019,11,mclaren,7.0,7.0,5.0,0,0.003632773602446342,0.004468544454902818,0.003782889434335421
1008,alexander-albon,2019,11,racing-bulls,16.0,17.0,6.0,0,0.0012706110443697213,0.0006908396739637371,0.00035816653632551567
1008,romain-grosjean,2019,11,haas,6.0,6.0,7.0,0,0.00047667513987968306,0.0021518474256280572,0.0022036346345957925
1008,kevin-magnussen,2019,11,haas,12.0,12.0,8.0,0,0.0006302568721846243,0.000864647430832809,0.0005630359578913169
1008,lewis-hamilton,2019,11,mercedes,1.0,1.0,9.0,0,0.4088128489883165,0.7183680026432429,0.6286780415968115
1008,robert-kubica,2019,11,williams,18.0,19.0,10.0,0,0.00033515267590419586,0.0003460151695450681,0.00017915569654645448
1008,george-russell,2019,11,williams,17.0,18.0,11.0,0,0.00034281533370078814,0.0003863447698719017,0.00020751694832254293
1008,kimi-raikkonen,2019,11,audi,5.0,5.0,12.0,0,0.0015097965022447817,0.004962577814163502,0.005422156959756789
1008,antonio-giovinazzi,2019,11,audi,11.0,11.0,13.0,0,0.0008225510055127099,0.0008642648287571279,0.0005714096020837961
1008,pierre-gasly,2019,11,red-bull,4.0,4.0,14.0,0,0.036792664969833036,0.0247151395432224,0.026198801581634065
1008,valtteri-bottas,2019,11,mercedes,3.0,3.0,,0,0.2858879544389738,0.09156072433666976,0.10502203535327695
1008,nico-hulkenberg,2019,11,alpine,9.0,9.0,,0,0.0022436241947095532,0.002092935921468384,0.0015189273571668434
1008,charles-leclerc,2019,11,ferrari,10.0,10.0,,0,0.0788034364318015,0.00821396626298315,0.004659117973493528
1008,lando-norris,2019,11,mclaren,19.0,16.0,,0,0.0020029369767689403,0.0005582634470163316,0.00024955861386001326
1008,daniel-ricciardo,2019,11,alpine,13.0,13.0,,0,0.002022383657002444,0.0010631871381345803,0.0006089401297998956
1008,sergio-perez,2019,11,aston-martin,8.0,8.0,,0,0.0026323033811618446,0.003047320997332212,0.0023975780940952754
1009,lewis-hamilton,2019,12,mercedes,3.0,3.0,1.0,1,0.36276455061716945,0.1325668625406888,0.14373378951197985
1009,max-verstappen,2019,12,red-bull,1.0,1.0,2.0,0,0.12527424188517378,0.5768831051954457,0.5137941520765423
1009,sebastian-vettel,2019,12,ferrari,5.0,5.0,3.0,0,0.12590129231905145,0.03849184382903758,0.0317844198852662
1009,charles-leclerc,2019,12,ferrari,4.0,4.0,4.0,0,0.07888468736091901,0.03862368966930682,0.03708918976254496
1009,carlos-sainz-jr,2019,12,mclaren,8.0,8.0,5.0,0,0.006251002129099624,0.005245027460840557,0.0037404017377931542
1009,pierre-gasly,2019,12,red-bull,6.0,6.0,6.0,0,0.05264995668322558,0.016121127099833744,0.01209616021828929
1009,kimi-raikkonen,2019,12,audi,10.0,10.0,7.0,0,0.002616271130154319,0.0022767475741424124,0.001452697185473776
1009,valtteri-bottas,2019,12,mercedes,2.0,2.0,8.0,0,0.21916422877547936,0.17395374439793346,0.24694827529823096
1009,lando-norris,2019,12,mclaren,7.0,7.0,9.0,0,0.0024734481670107005,0.0031962205085555363,0.0025170048981681702
1009,alexander-albon,2019,12,racing-bulls,12.0,12.0,10.0,0,0.0033190711484353567,0.0018105084628621943,0.0010104686918739928
1009,sergio-perez,2019,12,aston-martin,16.0,17.0,11.0,0,0.0038213849220453213,0.001240553627157716,0.000572391914380623
1009,nico-hulkenberg,2019,12,alpine,11.0,11.0,12.0,0,0.0022579776837740517,0.0017097591557290244,0.0010256497445426263
1009,kevin-magnussen,2019,12,haas,14.0,15.0,13.0,0,0.0015818724211446784,0.0011023444986256188,0.0005825152304254436
1009,daniel-ricciardo,2019,12,alpine,20.0,18.0,14.0,0,0.0020448519698601383,0.0005997287560271059,0.00024459571650220957
1009,daniil-kvyat,2019,12,racing-bulls,13.0,13.0,15.0,0,0.0028893156419679054,0.0014290472206581258,0.0007587165272162809
1009,george-russell,2019,12,williams,15.0,16.0,16.0,0,0.0007607332398379133,0.0007309543892149927,0.0003839091660637501
1009,lance-stroll,2019,12,aston-martin,18.0,19.0,17.0,0,0.003866042819995912,0.0010336452247260688,0.0004418249049191332
1009,antonio-giovinazzi,2019,12,audi,17.0,14.0,18.0,0,0.001478214043796956,0.0006199456777755224,0.00028271937086150103
1009,robert-kubica,2019,12,williams,19.0,20.0,19.0,0,0.0007717548467264746,0.000503347297286192,0.00022679250512990757
1009,romain-grosjean,2019,12,haas,9.0,9.0,,0,0.0012291021951319821,0.0018617974141528595,0.0013143256537958645
1010,charles-leclerc,2019,13,ferrari,1.0,1.0,1.0,1,0.0854431125345852,0.46753567924160494,0.3980855306485512
1010,lewis-hamilton,2019,13,mercedes,3.0,3.0,2.0,0,0.3401845514543195,0.16105714061722556,0.16912291688093214
1010,valtteri-bottas,2019,13,mercedes,4.0,4.0,3.0,0,0.19125300089436964,0.06483479534196789,0.05695581458069653
1010,sebastian-vettel,2019,13,ferrari,2.0,2.0,4.0,0,0.1353691811093736,0.21586832806723497,0.3097587230904048
1010,alexander-albon,2019,13,red-bull,17.0,14.0,5.0,0,0.07776157931268156,0.004790435427881677,0.0017499777265598724
1010,sergio-perez,2019,13,aston-martin,7.0,9.0,6.0,0,0.003376928364068559,0.005642332741514811,0.004320850501507241
1010,daniil-kvyat,2019,13,racing-bulls,19.0,18.0,7.0,0,0.0026179819636441776,0.0009037276513732491,0.0003632174187646076
1010,nico-hulkenberg,2019,13,alpine,12.0,7.0,8.0,0,0.0021472274960182627,0.0018038994486007983,0.000989298542151872
1010,pierre-gasly,2019,13,racing-bulls,13.0,16.0,9.0,0,0.002421903072973283,0.0015771455971524565,0.0008113482984475295
1010,lance-stroll,2019,13,aston-martin,16.0,13.0,10.0,0,0.0031328697980903242,0.0013900584167176383,0.0006238225885158363
1010,lando-norris,2019,13,mclaren,11.0,12.0,11.0,0,0.003050167322750561,0.0020564179949481686,0.0011519816430746496
1010,kevin-magnussen,2019,13,haas,8.0,10.0,12.0,0,0.0013245016742477534,0.0031892224276021653,0.0023604220621094795
1010,romain-grosjean,2019,13,haas,9.0,11.0,13.0,0,0.0009315208224109721,0.002009670665952142,0.0013848224501098805
1010,daniel-ricciardo,2019,13,alpine,10.0,6.0,14.0,0,0.0019009286836095894,0.002209159584726463,0.0013656855125178011
1010,george-russell,2019,13,williams,14.0,19.0,15.0,0,0.0006598607207734855,0.0009608887537793963,0.0005131364978495811
1010,kimi-raikkonen,2019,13,audi,6.0,8.0,16.0,0,0.002710583940963699,0.006696529700603165,0.005739101670770561
1010,robert-kubica,2019,13,williams,20.0,,17.0,0,0.0006302251262640303,0.0005195552684219553,0.00022036323413881468
1010,antonio-giovinazzi,2019,13,audi,18.0,15.0,18.0,0,0.0012806332283533527,0.0006314903655189422,0.00026841330033789687
1010,carlos-sainz-jr,2019,13,mclaren,15.0,17.0,,0,0.007823099453313354,0.0025615380742866796,0.0011587493412330656
1010,max-verstappen,2019,13,red-bull,5.0,5.0,,0,0.13598014302718914,0.053761984612887025,0.04305582401132674
1011,charles-leclerc,2019,14,ferrari,1.0,1.0,1.0,1,0.10402283853421669,0.4803315504610187,0.40022827112486786
1011,valtteri-bottas,2019,14,mercedes,3.0,3.0,2.0,0,0.2041189329218516,0.0997313736410332,0.10390199694132574
1011,lewis-hamilton,2019,14,mercedes,2.0,2.0,3.0,0,0.35855282735854227,0.29713074825731733,0.3994264792665939
1011,daniel-ricciardo,2019,14,alpine,5.0,5.0,4.0,0,0.0020100792870749147,0.006460493322205749,0.006153466089707058
1011,nico-hulkenberg,2019,14,alpine,6.0,6.0,5.0,0,0.0024496757657620953,0.0055923099720893025,0.004720465900203134
1011,alexander-albon,2019,14,red-bull,8.0,8.0,6.0,0,0.06587501603196326,0.015497592456271057,0.009271464950583327
1011,sergio-perez,2019,14,aston-martin,18.0,17.0,7.0,0,0.004347748082980831,0.0012742174453588032,0.0005162680224569174
1011,max-verstappen,2019,14,red-bull,19.0,,8.0,0,0.079424393988371,0.00438769652028006,0.0014952038069029614
1011,antonio-giovinazzi,2019,14,audi,10.0,11.0,9.0,0,0.0010250603102342454,0.0014166809045667143,0.0008812587419684874
1011,lando-norris,2019,14,mclaren,16.0,14.0,10.0,0,0.002822698245502187,0.0010915160509276309,0.0004793918932119239
1011,pierre-gasly,2019,14,racing-bulls,17.0,15.0,11.0,0,0.0030300934118204096,0.0010469605984394117,0.00044180195486587926
1011,lance-stroll,2019,14,aston-martin,9.0,9.0,12.0,0,0.003822677204633129,0.0035600836412973506,0.002263741537688516
1011,sebastian-vettel,2019,14,ferrari,4.0,4.0,13.0,0,0.1539105057533153,0.06822348868462147,0.06120846320839333
1011,george-russell,2019,14,williams,14.0,18.0,14.0,0,0.0006445769458948778,0.0008949748558750648,0.00047274724864608384
1011,kimi-raikkonen,2019,14,audi,20.0,10.0,15.0,0,0.0021233477571623804,0.0008037042261292107,0.0003159548809540019
1011,romain-grosjean,2019,14,haas,13.0,16.0,16.0,0,0.0010170365355940188,0.0010737559450627054,0.0005731694484814919
1011,robert-kubica,2019,14,williams,15.0,19.0,17.0,0,0.0005961873189674624,0.000753500063922949,0.00038103026753287154
1011,kevin-magnussen,2019,14,haas,11.0,12.0,,0,0.0014425443822890236,0.0018425385382568541,0.0010906949827976338
1011,daniil-kvyat,2019,14,racing-bulls,12.0,13.0,,0,0.003355465209889609,0.0019941884355825653,0.001053000470757168
1011,carlos-sainz-jr,2019,14,mclaren,7.0,7.0,,0,0.005408294953934643,0.006892625979743933,0.005125129262061638
1012,sebastian-vettel,2019,15,ferrari,3.0,3.0,1.0,1,0.12633285824818263,0.09267747440538338,0.10119214096707162
1012,charles-leclerc,2019,15,ferrari,1.0,1.0,2.0,0,0.10445833598595193,0.47734973885308024,0.40066285699139037
1012,max-verstappen,2019,15,red-bull,4.0,4.0,3.0,0,0.07581387944808514,0.051071515485623054,0.04795976211871416
1012,lewis-hamilton,2019,15,mercedes,2.0,2.0,4.0,0,0.37283030056338484,0.2864165411817001,0.38526738739636857
1012,valtteri-bottas,2019,15,mercedes,5.0,5.0,5.0,0,0.22069243100052038,0.043192348520215695,0.032326308964222346
1012,alexander-albon,2019,15,red-bull,6.0,6.0,6.0,0,0.06523293097122841,0.0235441589317073,0.017038303258982743
1012,lando-norris,2019,15,mclaren,9.0,9.0,7.0,0,0.0027441346126626165,0.002808371880584611,0.0018124272162098095
1012,pierre-gasly,2019,15,racing-bulls,11.0,12.0,8.0,0,0.002606876638444753,0.0019724305592362526,0.0011200570915509264
1012,nico-hulkenberg,2019,15,alpine,8.0,8.0,9.0,0,0.0038280731938829535,0.004019375719779212,0.0027602404973869382
1012,antonio-giovinazzi,2019,15,audi,10.0,11.0,10.0,0,0.0012436801600762897,0.0015344689345800668,0.0009529177197369393
1012,romain-grosjean,2019,15,haas,17.0,17.0,11.0,0,0.0008215601742505184,0.0006165882324951844,0.0002811602451492937
1012,carlos-sainz-jr,2019,15,mclaren,7.0,7.0,12.0,0,0.003979800778259119,0.005621511562026047,0.004247533098565986
1012,lance-stroll,2019,15,aston-martin,16.0,16.0,13.0,0,0.004180900210325021,0.0013677643770327516,0.0005975801790283388
1012,daniel-ricciardo,2019,15,alpine,20.0,,14.0,0,0.0032126337446517013,0.000792578369683383,0.0003013966464720119
1012,daniil-kvyat,2019,15,racing-bulls,14.0,15.0,15.0,0,0.0024702340972267657,0.0012789306788608906,0.0006216866507655369
1012,robert-kubica,2019,15,williams,19.0,19.0,16.0,0,0.0005825362318741077,0.0004811288319880432,0.00020952389796783408
1012,kevin-magnussen,2019,15,haas,13.0,14.0,17.0,0,0.0010696209039521743,0.0011677488247212695,0.0006312415174617172
1012,kimi-raikkonen,2019,15,audi,12.0,13.0,,0,0.0021612114004516923,0.0017444973529453832,0.0009554231359577067
1012,sergio-perez,2019,15,aston-martin,15.0,10.0,,0,0.005075629908912867,0.0017630370070977944,0.0008010245103553282
1012,george-russell,2019,15,williams,18.0,18.0,,0,0.0006623717276760746,0.0005797902912593703,0.00026102789664194916
1013,lewis-hamilton,2019,16,mercedes,2.0,2.0,1.0,1,0.33788655224176606,0.2744912348274218,0.3739339165231157
1013,valtteri-bottas,2019,16,mercedes,4.0,5.0,2.0,0,0.20205533340364476,0.059952888165728246,0.05250093658920304
1013,charles-leclerc,2019,16,ferrari,1.0,1.0,3.0,0,0.12487036471113286,0.5121481330418828,0.4290404964618722
1013,max-verstappen,2019,16,red-bull,9.0,4.0,4.0,0,0.08374629688279045,0.014249903559970837,0.007934602666512514
1013,alexander-albon,2019,16,red-bull,20.0,19.0,5.0,0,0.06739878978035975,0.0032948659679082385,0.0010970800321000308
1013,carlos-sainz-jr,2019,16,mclaren,5.0,6.0,6.0,0,0.004264467192391582,0.009838755302806621,0.009266844753074764
1013,sergio-perez,2019,16,aston-martin,11.0,12.0,7.0,0,0.003380571626841457,0.002414167560804071,0.0013770012113341853
1013,lando-norris,2019,16,mclaren,7.0,8.0,8.0,0,0.0033358341379919913,0.004715668767281589,0.003583878256353538
1013,kevin-magnussen,2019,16,haas,13.0,14.0,9.0,0,0.001013415175697181,0.0011225562419657576,0.0006121118988633153
1013,nico-hulkenberg,2019,16,alpine,6.0,7.0,10.0,0,0.003867037107737472,0.006528527410865529,0.0054486005550927336
1013,lance-stroll,2019,16,aston-martin,14.0,15.0,11.0,0,0.003148208655285226,0.0015446019714874983,0.000754350125202922
1013,daniil-kvyat,2019,16,racing-bulls,19.0,,12.0,0,0.002387810921980568,0.0007576954886872461,0.00030466905788574837
1013,kimi-raikkonen,2019,16,audi,15.0,16.0,13.0,0,0.0016809457271919305,0.0010643065427399223,0.0005135419599042606
1013,pierre-gasly,2019,16,racing-bulls,16.0,11.0,14.0,0,0.0027923065490499228,0.0011297592532313048,0.0005066715628820947
1013,antonio-giovinazzi,2019,16,audi,12.0,13.0,15.0,0,0.0012465464704902154,0.001215581055802485,0.0006805158862073636
1013,robert-kubica,2019,16,williams,18.0,18.0,,0,0.0004917967827938554,0.0004952001270807191,0.0002273373317022131
1013,george-russell,2019,16,williams,17.0,17.0,,0,0.0004973577921156212,0.0005481125149121624,0.00026107806804779823
1013,sebastian-vettel,2019,16,ferrari,3.0,3.0,,0,0.15202342692121715,0.09994110396241487,0.1089024379919823
1013,daniel-ricciardo,2019,16,alpine,10.0,10.0,,0,0.0030565888243629133,0.0023760045818142744,0.0014289960953303594
1013,romain-grosjean,2019,16,haas,8.0,9.0,,0,0.0008563490951590017,0.002170933655194041,0.001624932973332893
1014,valtteri-bottas,2019,17,mercedes,3.0,3.0,1.0,1,0.23100664450075564,0.11258710670558941,0.121621986709738
1014,sebastian-vettel,2019,17,ferrari,1.0,1.0,2.0,0,0.09078332544648614,0.5108842016505126,0.44973084246032624
1014,lewis-hamilton,2019,17,mercedes,4.0,4.0,3.0,0,0.3825623784059141,0.10393972703522507,0.09255156308110209
1014,alexander-albon,2019,17,red-bull,6.0,6.0,4.0,0,0.07440445892923535,0.026684566898598133,0.01984943331580699
1014,carlos-sainz-jr,2019,17,mclaren,7.0,7.0,5.0,0,0.00570238767659842,0.0071527332706033805,0.005502283381942353
1014,charles-leclerc,2019,17,ferrari,2.0,2.0,6.0,0,0.09864155004525645,0.17654721928735312,0.26327418594261753
1014,pierre-gasly,2019,17,racing-bulls,9.0,9.0,7.0,0,0.0026592172379168366,0.0031243991788615522,0.0021013633363502256
1014,sergio-perez,2019,17,aston-martin,17.0,17.0,8.0,0,0.004177705398398293,0.0014558493594976883,0.0006392039676267418
1014,lance-stroll,2019,17,aston-martin,12.0,12.0,9.0,0,0.003688127926220551,0.002329869558688278,0.0012840098646516415
1014,daniil-kvyat,2019,17,racing-bulls,14.0,14.0,10.0,0,0.0023571380047013543,0.0013890783738244152,0.0007029101540496494
1014,lando-norris,2019,17,mclaren,8.0,8.0,11.0,0,0.004351078616073544,0.0046773035204267285,0.0033121962663646863
1014,kimi-raikkonen,2019,17,audi,13.0,13.0,12.0,0,0.0016583201727445032,0.001491512598403035,0.000814934390026775
1014,romain-grosjean,2019,17,haas,10.0,10.0,13.0,0,0.0007762984112195055,0.0015679414737531957,0.0010492094931913894
1014,antonio-giovinazzi,2019,17,audi,11.0,11.0,14.0,0,0.0012129156896287154,0.0015387116918988428,0.0009408130403345745
1014,kevin-magnussen,2019,17,haas,19.0,,15.0,0,0.0010763953762221287,0.0007102628531546205,0.00031222331805293656
1014,george-russell,2019,17,williams,18.0,18.0,16.0,0,0.0003730420116435367,0.0004912394472865593,0.00023586552934658675
1014,robert-kubica,2019,17,williams,20.0,,17.0,0,0.0003709460055539128,0.0004121537277255915,0.00018485368003983433
1014,max-verstappen,2019,17,red-bull,5.0,5.0,,0,0.09419807014543097,0.04301612336859773,0.03589212206843175
1015,lewis-hamilton,2019,18,mercedes,3.0,4.0,1.0,1,0.3934418509194045,0.1608695594476452,0.1720872742662382
1015,sebastian-vettel,2019,18,ferrari,2.0,3.0,2.0,0,0.09958057963703901,0.1681432562212354,0.24998331042375668
1015,valtteri-bottas,2019,18,mercedes,6.0,6.0,3.0,0,0.25047831822768096,0.0368676254057698,0.025330167260820047
1015,charles-leclerc,2019,18,ferrari,1.0,2.0,4.0,0,0.10071629840930374,0.5231476971787353,0.45853996598059643
1015,alexander-albon,2019,18,red-bull,5.0,5.0,5.0,0,0.062157720942175386,0.03451943469585517,0.029373222948462042
1015,max-verstappen,2019,18,red-bull,4.0,1.0,6.0,0,0.0568840500580354,0.046340002591237196,0.04561814129724864
1015,sergio-perez,2019,18,aston-martin,11.0,11.0,7.0,0,0.004735895821333505,0.0030128850007339553,0.0017417634666727156
1015,daniel-ricciardo,2019,18,alpine,13.0,13.0,8.0,0,0.0022805204797535874,0.0014467955242723565,0.0007663792749657456
1015,pierre-gasly,2019,18,racing-bulls,10.0,10.0,9.0,0,0.0031809491111905817,0.002775494748822234,0.0017288608471010762
1015,nico-hulkenberg,2019,18,alpine,12.0,12.0,10.0,0,0.0033140529956335063,0.002195864387547624,0.0012187999701372566
1015,daniil-kvyat,2019,18,racing-bulls,9.0,9.0,11.0,0,0.00269748881303787,0.002901935815381926,0.0019396543581366714
1015,lance-stroll,2019,18,aston-martin,16.0,16.0,12.0,0,0.004139604056429086,0.0014779397809206803,0.0006715371275949896
1015,carlos-sainz-jr,2019,18,mclaren,7.0,7.0,13.0,0,0.006723138133453421,0.0075091476501155194,0.0057331815521500925
1015,antonio-giovinazzi,2019,18,audi,15.0,15.0,14.0,0,0.0011289660758934028,0.0008724053903172383,0.0004377575205931609
1015,kevin-magnussen,2019,18,haas,17.0,17.0,15.0,0,0.0009824041777849138,0.0007865176773424967,0.0003728700152123752
1015,george-russell,2019,18,williams,19.0,19.0,16.0,0,0.00033378808609751774,0.00041653226561293383,0.00019419583313693938
1015,romain-grosjean,2019,18,haas,18.0,18.0,17.0,0,0.0007417661231759701,0.0005775947425897775,0.00026489061914540535
1015,robert-kubica,2019,18,williams,20.0,20.0,18.0,0,0.0003263551801476187,0.00037664865885806374,0.00016991584041705412
1015,kimi-raikkonen,2019,18,audi,14.0,14.0,,0,0.0015703315206449626,0.0012575054084843454,0.0006568525568948314
1015,lando-norris,2019,18,mclaren,8.0,8.0,,0,0.004585921231785041,0.0045051574085227105,0.0031712588407196893
1016,valtteri-bottas,2019,19,mercedes,1.0,1.0,1.0,1,0.24664150070339047,0.6125945802408327,0.5326660002019927
1016,lewis-hamilton,2019,19,mercedes,5.0,5.0,2.0,0,0.3899960603499781,0.06371763157939073,0.05158114431126475
1016,max-verstappen,2019,19,red-bull,3.0,3.0,3.0,0,0.056178995537277544,0.06653214081609783,0.08307525516104554
1016,charles-leclerc,2019,19,ferrari,4.0,4.0,4.0,0,0.10532982127196289,0.05061813400701119,0.05040902158905696
1016,alexander-albon,2019,19,red-bull,6.0,6.0,5.0,0,0.06149639700671998,0.023123055872694764,0.018406795797240458
1016,daniel-ricciardo,2019,19,alpine,9.0,9.0,6.0,0,0.0025731816093815005,0.0025433788575297362,0.0017906889367446327
1016,lando-norris,2019,19,mclaren,8.0,8.0,7.0,0,0.0027805413481237374,0.003242375595201339,0.002459005114861316
1016,carlos-sainz-jr,2019,19,mclaren,7.0,7.0,8.0,0,0.004627304406307329,0.005957174469170459,0.004891763217405717
1016,nico-hulkenberg,2019,19,alpine,11.0,11.0,9.0,0,0.0035782186132705864,0.0023648884371734757,0.0014555021720910402
1016,sergio-perez,2019,19,aston-martin,20.0,19.0,10.0,0,0.005040595292064484,0.0010768969782380122,0.00044410850915639144
1016,kimi-raikkonen,2019,19,audi,17.0,17.0,11.0,0,0.0010999979696279653,0.0007088384910038666,0.00034957386826618117
1016,daniil-kvyat,2019,19,racing-bulls,13.0,13.0,12.0,0,0.0027630616880856195,0.001467534999402957,0.0008128445647884583
1016,lance-stroll,2019,19,aston-martin,14.0,14.0,13.0,0,0.004131564915005657,0.001650171423235286,0.0008597125033530484
1016,antonio-giovinazzi,2019,19,audi,16.0,16.0,14.0,0,0.0009182884831561908,0.0006809069427124682,0.0003501115029398307
1016,romain-grosjean,2019,19,haas,15.0,15.0,15.0,0,0.0006280124805768759,0.0006586916754249213,0.00036095178782926144
1016,pierre-gasly,2019,19,racing-bulls,10.0,10.0,16.0,0,0.003331709828419154,0.002595283272952425,0.0016993710858939817
1016,george-russell,2019,19,williams,18.0,18.0,17.0,0,0.00030621263816595583,0.00040175995211004127,0.00020528330100784363
1016,kevin-magnussen,2019,19,haas,12.0,12.0,18.0,0,0.0008440314063410852,0.0011879456299252941,0.0007491528244233436
1016,robert-kubica,2019,19,williams,19.0,20.0,,0,0.0002898133207864462,0.00035273235861822086,0.00017416133460544002
1016,sebastian-vettel,2019,19,ferrari,2.0,2.0,,0,0.10744469113135839,0.15852587840127427,0.24725955221603305
1017,max-verstappen,2019,20,red-bull,1.0,1.0,1.0,1,0.0657240773378925,0.5128871226284362,0.4588101035061891
1017,pierre-gasly,2019,20,racing-bulls,6.0,7.0,2.0,0,0.0028216180097056644,0.006669634293238318,0.005771331357591857
1017,carlos-sainz-jr,2019,20,mclaren,20.0,,3.0,0,0.0057073535594753585,0.0014200167106659645,0.000550084016498327
1017,kimi-raikkonen,2019,20,audi,8.0,9.0,4.0,0,0.0012085320233255273,0.0030616048496290367,0.002308059805570533
1017,antonio-giovinazzi,2019,20,audi,12.0,13.0,5.0,0,0.0009699165495273373,0.001337886517524051,0.0007779943752805241
1017,daniel-ricciardo,2019,20,alpine,11.0,12.0,6.0,0,0.003354013538146049,0.00251167431345088,0.0014446499439529981
1017,lewis-hamilton,2019,20,mercedes,3.0,3.0,7.0,0,0.41592992594886424,0.18070661521912293,0.19107736347388968
1017,lando-norris,2019,20,mclaren,10.0,11.0,8.0,0,0.0036046630951053885,0.003077008907417381,0.0018791778128512198
1017,sergio-perez,2019,20,aston-martin,15.0,15.0,9.0,0,0.005013276195959114,0.002088280390155619,0.000978257730675408
1017,daniil-kvyat,2019,20,racing-bulls,16.0,16.0,10.0,0,0.002500831993947889,0.0012349587762892698,0.0005670953280706201
1017,kevin-magnussen,2019,20,haas,9.0,10.0,11.0,0,0.0007383749925681575,0.0021523511428756157,0.0015496765445281954
1017,george-russell,2019,20,williams,18.0,18.0,12.0,0,0.00027630034213093377,0.0004725749292818364,0.0002290120110301613
1017,romain-grosjean,2019,20,haas,7.0,8.0,13.0,0,0.0005805002382121209,0.002691550579496167,0.002287978438002265
1017,alexander-albon,2019,20,red-bull,5.0,6.0,14.0,0,0.0682809363189303,0.03863308004711028,0.032360819761010975
1017,nico-hulkenberg,2019,20,alpine,13.0,14.0,15.0,0,0.004411766085911938,0.002363379676607308,0.0012153811540409612
1017,robert-kubica,2019,20,williams,19.0,19.0,16.0,0,0.000244582677409279,0.00039412144510103816,0.0001847290359752309
1017,sebastian-vettel,2019,20,ferrari,2.0,2.0,17.0,0,0.0629944711629578,0.14764815935666933,0.22204729329411754
1017,charles-leclerc,2019,20,ferrari,14.0,4.0,18.0,0,0.07945514228681101,0.007472004829136041,0.0031763313169620297
1017,lance-stroll,2019,20,aston-martin,17.0,17.0,19.0,0,0.003975906211731233,0.0014259531504298949,0.0006179357355826973
1017,valtteri-bottas,2019,20,mercedes,4.0,5.0,,0,0.27220781143138806,0.08175202223736285,0.07216672535817971
1018,lewis-hamilton,2019,21,mercedes,1.0,1.0,1.0,1,0.39400294713752776,0.7130955040060338,0.6290525820660414
1018,max-verstappen,2019,21,red-bull,2.0,3.0,2.0,0,0.10967250493182681,0.13862802128664567,0.22210438051307477
1018,charles-leclerc,2019,21,ferrari,3.0,4.0,3.0,0,0.06665397919784948,0.055402899319407575,0.0696619923971474
1018,valtteri-bottas,2019,21,mercedes,20.0,2.0,4.0,0,0.21749482166447154,0.0034735531343153925,0.0011791985645150421
1018,sebastian-vettel,2019,21,ferrari,4.0,5.0,5.0,0,0.05428994253563331,0.029651962431955232,0.031032609226399388
1018,alexander-albon,2019,21,red-bull,5.0,6.0,6.0,0,0.089178320752009,0.026680517688027035,0.023680791561675123
1018,sergio-perez,2019,21,aston-martin,10.0,11.0,7.0,0,0.007462541855656577,0.0031929619956643325,0.0020650804112640245
1018,lando-norris,2019,21,mclaren,6.0,7.0,8.0,0,0.007802893679017979,0.006286513209239735,0.005543540312257214
1018,daniil-kvyat,2019,21,racing-bulls,13.0,14.0,9.0,0,0.005448676334068615,0.0015426349118050392,0.000840007760091773
1018,carlos-sainz-jr,2019,21,mclaren,8.0,9.0,10.0,0,0.01315129451540394,0.005882590052088388,0.004274842307207042
1018,daniel-ricciardo,2019,21,alpine,7.0,8.0,11.0,0,0.006137839481300362,0.0045292213628745385,0.0036686123057426056
1018,nico-hulkenberg,2019,21,alpine,9.0,10.0,12.0,0,0.007058017307688836,0.003351797642713469,0.0023026867287908514
1018,kimi-raikkonen,2019,21,audi,17.0,18.0,13.0,0,0.0033481211405839728,0.0009015992064138889,0.00042786586509902024
1018,kevin-magnussen,2019,21,haas,14.0,15.0,14.0,0,0.0014332410132533347,0.0009091457063287945,0.0005138006328627528
1018,romain-grosjean,2019,21,haas,15.0,16.0,15.0,0,0.0011083608742912,0.0006670759027766101,0.0003617925893191595
1018,antonio-giovinazzi,2019,21,audi,16.0,17.0,16.0,0,0.00268181743123034,0.0008389890472913127,0.00041535881777331315
1018,george-russell,2019,21,williams,18.0,19.0,17.0,0,0.0005488101773019624,0.00041671666419773666,0.000210970315473479
1018,pierre-gasly,2019,21,racing-bulls,11.0,12.0,18.0,0,0.006870780428142528,0.002418423094516868,0.0014627212303719376
1018,robert-kubica,2019,21,williams,19.0,20.0,19.0,0,0.0004567643592855357,0.00033145926286650584,0.0001624407612672518
1018,lance-stroll,2019,21,aston-martin,12.0,13.0,,0,0.00519832518345702,0.001798414074838102,0.0010387256336263876
1019,valtteri-bottas,2020,1,mercedes,1.0,1.0,1.0,1,0.21245645428333937,0.5974263307831973,0.5128694081618518
1019,charles-leclerc,2020,1,ferrari,7.0,7.0,2.0,0,0.07206881541201887,0.01991629726291877,0.013307574085198727
1019,lando-norris,2020,1,mclaren,3.0,4.0,3.0,0,0.007594329170867517,0.024289878849731522,0.03359778563093585
1019,lewis-hamilton,2020,1,mercedes,5.0,2.0,4.0,0,0.39786664764922813,0.07546979921088712,0.058179864574502416
1019,carlos-sainz-jr,2020,1,mclaren,8.0,8.0,5.0,0,0.01215366657907742,0.0073809727033675235,0.0049838563335401495
1019,sergio-perez,2020,1,aston-martin,6.0,6.0,6.0,0,0.0060959683453445735,0.008818415340195939,0.007638096847702549
1019,pierre-gasly,2020,1,racing-bulls,12.0,12.0,7.0,0,0.004815476578604337,0.0022745660752311984,0.0012015517100227768
1019,esteban-ocon,2020,1,alpine,14.0,14.0,8.0,0,0.0055902402782515275,0.0018890527176229444,0.0008852688357246552
1019,antonio-giovinazzi,2020,1,audi,18.0,18.0,9.0,0,0.001999544067963601,0.0007717826009715123,0.0003200388857415645
1019,sebastian-vettel,2020,1,ferrari,11.0,11.0,10.0,0,0.057207376275378044,0.008066649690126812,0.003926734329775556
1019,nicholas-latifi,2020,1,williams,20.0,20.0,11.0,0,0.00033881591831007817,0.0003219880776428582,0.00013844714999242417
1019,daniil-kvyat,2020,1,racing-bulls,13.0,13.0,12.0,0,0.004382829548399266,0.0018580383334733618,0.0009294981198308696
1019,alexander-albon,2020,1,red-bull,4.0,5.0,13.0,0,0.08759742752210214,0.050813945144502215,0.04994296110523915
1019,kimi-raikkonen,2020,1,audi,19.0,19.0,,0,0.0026099957780593786,0.0008745624189134044,0.00034604093238687646
1019,george-russell,2020,1,williams,17.0,17.0,,0,0.0004201831562363572,0.0004948723344616175,0.0002374847132154035
1019,romain-grosjean,2020,1,haas,15.0,15.0,,0,0.0009231609457250187,0.0007596293091936206,0.00037686823729102785
1019,kevin-magnussen,2020,1,haas,16.0,16.0,,0,0.0012060396671588478,0.0008471177435583767,0.00039800726872800103
1019,lance-stroll,2020,1,aston-martin,9.0,9.0,,0,0.003487646859376278,0.0029671409652439382,0.001955314851123384
1019,daniel-ricciardo,2020,1,alpine,10.0,10.0,,0,0.005199319296375766,0.003049922133111629,0.0018229451857527741
1019,max-verstappen,2020,1,red-bull,2.0,3.0,,0,0.11598606266818355,0.19170903830564828,0.30694225304144396
1020,lewis-hamilton,2020,2,mercedes,1.0,1.0,1.0,1,0.4305979084054157,0.7534324916564908,0.6757545960626784
1020,valtteri-bottas,2020,2,mercedes,4.0,4.0,2.0,0,0.24666777639158527,0.05311376866690837,0.05205166184657352
1020,max-verstappen,2020,2,red-bull,2.0,2.0,3.0,0,0.06046774756531997,0.1049397314336695,0.1866560049113265
1020,alexander-albon,2020,2,red-bull,6.0,7.0,4.0,0,0.05328141933996052,0.016466061403269384,0.013383229455111794
1020,lando-norris,2020,2,mclaren,9.0,6.0,5.0,0,0.011772119777631514,0.0038881987970048014,0.0025578319197263654
1020,sergio-perez,2020,2,aston-martin,17.0,17.0,6.0,0,0.006279223297583341,0.0013143226121466742,0.0005787494150522893
1020,lance-stroll,2020,2,aston-martin,13.0,13.0,7.0,0,0.0029687565076840774,0.0011131204088638208,0.0006078203040554337
1020,daniel-ricciardo,2020,2,alpine,8.0,9.0,8.0,0,0.004091806190133815,0.002851672201047194,0.0021677209187355995
1020,carlos-sainz-jr,2020,2,mclaren,3.0,3.0,9.0,0,0.01768608111208894,0.030951956009537283,0.04417797713812054
1020,daniil-kvyat,2020,2,racing-bulls,14.0,14.0,10.0,0,0.0049492977786183235,0.0012943167236501108,0.000652493618213676
1020,kimi-raikkonen,2020,2,audi,16.0,16.0,11.0,0,0.0021989029009366356,0.0007757226639774019,0.000374722561524375
1020,kevin-magnussen,2020,2,haas,15.0,15.0,12.0,0,0.0008571791383097923,0.0006036035675162527,0.00032458342960528833
1020,romain-grosjean,2020,2,haas,20.0,20.0,13.0,0,0.000664248082688009,0.0003116979624315433,0.00013746662497600285
1020,antonio-giovinazzi,2020,2,audi,19.0,19.0,14.0,0,0.002111360598970337,0.0005711001709175768,0.00024422395837875863
1020,pierre-gasly,2020,2,racing-bulls,7.0,8.0,15.0,0,0.0058359082193730075,0.004454322567561224,0.003670999844445388
1020,george-russell,2020,2,williams,12.0,12.0,16.0,0,0.0004001104915374946,0.0006056850557160267,0.00039932330004259254
1020,nicholas-latifi,2020,2,williams,18.0,18.0,17.0,0,0.001710980131512267,0.0010041292124186231,0.0004735411321176235
1020,esteban-ocon,2020,2,alpine,5.0,5.0,,0,0.005313314021952055,0.007422026207713547,0.007837560696649905
1020,charles-leclerc,2020,2,ferrari,11.0,11.0,,0,0.08302972804992663,0.00787923523091396,0.004051537010210242
1020,sebastian-vettel,2020,2,ferrari,10.0,10.0,,0,0.059116131998772324,0.007006837448245917,0.0038979558524556107
1021,lewis-hamilton,2020,3,mercedes,1.0,1.0,1.0,1,0.4659321025575618,0.7468464593600249,0.6604009640176844
1021,max-verstappen,2020,3,red-bull,7.0,7.0,2.0,0,0.07232064781470578,0.01474962054370431,0.01047983353012486
1021,valtteri-bottas,2020,3,mercedes,2.0,2.0,3.0,0,0.2699228027589838,0.16042155747773668,0.25458588987943154
1021,lance-stroll,2020,3,aston-martin,3.0,3.0,4.0,0,0.00393197274722135,0.012571075300496221,0.019127326681131474
1021,alexander-albon,2020,3,red-bull,13.0,13.0,5.0,0,0.06271986246247722,0.004909709678135634,0.0022486514894968666
1021,sebastian-vettel,2020,3,ferrari,5.0,5.0,6.0,0,0.025159825491106336,0.013911031529223026,0.013251671786837917
1021,sergio-perez,2020,3,aston-martin,4.0,4.0,7.0,0,0.008147564845845513,0.014158524755096156,0.017143012721032313
1021,daniel-ricciardo,2020,3,alpine,11.0,11.0,8.0,0,0.0036594344361474246,0.0016240748660122217,0.0009829011488921148
1021,carlos-sainz-jr,2020,3,mclaren,9.0,9.0,9.0,0,0.01900028740161485,0.005246238044357265,0.0033586867640974624
1021,kevin-magnussen,2020,3,haas,21.0,16.0,10.0,0,0.0009626783848055972,0.00035656386956486354,0.00014824623326770543
1021,charles-leclerc,2020,3,ferrari,6.0,6.0,11.0,0,0.034736602008272464,0.013432638420063564,0.011118590330591267
1021,daniil-kvyat,2020,3,racing-bulls,17.0,17.0,12.0,0,0.004616211203675059,0.0008973468136955234,0.0003920798647569682
1021,lando-norris,2020,3,mclaren,8.0,8.0,13.0,0,0.013890661528398292,0.0049380813769013595,0.003472950066791659
1021,esteban-ocon,2020,3,alpine,14.0,14.0,14.0,0,0.003880199374305091,0.0011581681385653833,0.0005886556354241342
1021,kimi-raikkonen,2020,3,audi,20.0,20.0,15.0,0,0.0022332418054764195,0.0005291379476234379,0.00021575728848857031
1021,romain-grosjean,2020,3,haas,22.0,18.0,16.0,0,0.0007441606872046871,0.0002699433690569774,0.000109414404501598
1021,antonio-giovinazzi,2020,3,audi,19.0,19.0,17.0,0,0.002044397431816358,0.0005353874841259655,0.00022709143765922745
1021,george-russell,2020,3,williams,12.0,12.0,18.0,0,0.0003876389450342728,0.0005737031063604464,0.0003754606703073548
1021,nicholas-latifi,2020,3,williams,15.0,15.0,19.0,0,0.0006923128008085662,0.0006365822255584203,0.0003488018687167742
1021,pierre-gasly,2020,3,racing-bulls,10.0,10.0,,0,0.005017395314539035,0.0022341556936975927,0.0014240141807657259
1022,lewis-hamilton,2020,4,mercedes,1.0,1.0,1.0,1,0.47028129531760365,0.7231338315042188,0.6289756289326456
1022,max-verstappen,2020,4,red-bull,3.0,3.0,2.0,0,0.08271225425677903,0.058421331795749286,0.07438316149945316
1022,charles-leclerc,2020,4,ferrari,4.0,4.0,3.0,0,0.030262795944551935,0.022822687012358626,0.025024214986650885
1022,daniel-ricciardo,2020,4,alpine,8.0,8.0,4.0,0,0.0037346851408534146,0.0026704530725428946,0.001998590348514592
1022,lando-norris,2020,4,mclaren,5.0,5.0,5.0,0,0.01133482411118011,0.0090979140280286,0.008916681771971977
1022,esteban-ocon,2020,4,alpine,9.0,9.0,6.0,0,0.003619044655068814,0.0021586908877158162,0.0014862843400909886
1022,pierre-gasly,2020,4,racing-bulls,11.0,11.0,7.0,0,0.003244062942889388,0.0014902343403046477,0.0008942704486847094
1022,alexander-albon,2020,4,red-bull,12.0,12.0,8.0,0,0.06829925962338225,0.005503510750417762,0.0026107751767386915
1022,lance-stroll,2020,4,aston-martin,6.0,6.0,9.0,0,0.005301223154531262,0.004641750746355175,0.004160558303850449
1022,sebastian-vettel,2020,4,ferrari,10.0,10.0,10.0,0,0.024008945531322365,0.004406870578902105,0.0025241660250005034
1022,valtteri-bottas,2020,4,mercedes,2.0,2.0,11.0,0,0.27156139737011237,0.15492977170417466,0.24187355640252087
1022,george-russell,2020,4,williams,20.0,15.0,12.0,0,0.00032318711684014445,0.00022620266392135802,0.00010214651610902793
1022,carlos-sainz-jr,2020,4,mclaren,7.0,7.0,13.0,0,0.01633915765169261,0.007109657544765355,0.0054144078937685275
1022,antonio-giovinazzi,2020,4,audi,15.0,17.0,14.0,0,0.001577616008774982,0.0006676279932959332,0.00033510813854681283
1022,nicholas-latifi,2020,4,williams,18.0,20.0,15.0,0,0.0004304509587576355,0.000335847885594795,0.0001621183284275954
1022,romain-grosjean,2020,4,haas,17.0,19.0,16.0,0,0.000742823914197985,0.0003871544093959141,0.00018559100681011257
1022,kimi-raikkonen,2020,4,audi,16.0,18.0,17.0,0,0.0017716509738242385,0.0006603618801918589,0.0003153603986522073
1022,daniil-kvyat,2020,4,racing-bulls,19.0,14.0,,0,0.003421310071474818,0.0006502665958102417,0.00026335924774468925
1022,kevin-magnussen,2020,4,haas,14.0,16.0,,0,0.0010340152561629618,0.0006858346062560394,0.000374020233818555
1023,max-verstappen,2020,5,red-bull,4.0,4.0,1.0,1,0.10054284014812687,0.052407869721187286,0.04880826301642347
1023,lewis-hamilton,2020,5,mercedes,2.0,2.0,2.0,0,0.45777066833784635,0.3111789364065814,0.43544535509429294
1023,valtteri-bottas,2020,5,mercedes,1.0,1.0,3.0,0,0.23395291520221195,0.5519347645661711,0.4467132790231335
1023,charles-leclerc,2020,5,ferrari,8.0,8.0,4.0,0,0.03773440805639611,0.010913164225446671,0.006539517707317198
1023,alexander-albon,2020,5,red-bull,9.0,9.0,5.0,0,0.07496419278416068,0.01139583605224449,0.0059902533940940144
1023,lance-stroll,2020,5,aston-martin,6.0,6.0,6.0,0,0.006203480920045508,0.006408026396732936,0.005170016540552718
1023,nico-hulkenberg,2020,5,aston-martin,3.0,3.0,7.0,0,0.007791236571739141,0.023184284697312072,0.030520227114198908
1023,esteban-ocon,2020,5,alpine,14.0,11.0,8.0,0,0.005664159998800728,0.0016711293125987296,0.0007416024484299314
1023,lando-norris,2020,5,mclaren,10.0,10.0,9.0,0,0.013642270581577012,0.004356131977939979,0.0023414025336162695
1023,daniil-kvyat,2020,5,racing-bulls,16.0,16.0,10.0,0,0.002980999509183772,0.0010033145643046906,0.00041986408365894554
1023,pierre-gasly,2020,5,racing-bulls,7.0,7.0,11.0,0,0.003469641730961861,0.00422839040974121,0.0031844391445645438
1023,sebastian-vettel,2020,5,ferrari,11.0,12.0,12.0,0,0.0271347096685964,0.005056844291500243,0.0024366052403240815
1023,carlos-sainz-jr,2020,5,mclaren,12.0,13.0,13.0,0,0.016674613870845914,0.0038190383125895106,0.0017903130158027714
1023,daniel-ricciardo,2020,5,alpine,5.0,5.0,14.0,0,0.006015274542838787,0.009051638549217748,0.008383729487338414
1023,kimi-raikkonen,2020,5,audi,20.0,20.0,15.0,0,0.0015928825347389312,0.0005639961674395915,0.0002097397297758473
1023,romain-grosjean,2020,5,haas,13.0,14.0,16.0,0,0.0006586491576718096,0.0007343142539728987,0.0003907605484252068
1023,antonio-giovinazzi,2020,5,audi,19.0,19.0,17.0,0,0.0015069016006321182,0.0005857204123005808,0.00022635660058197942
1023,george-russell,2020,5,williams,15.0,15.0,18.0,0,0.0004189207833985934,0.0005216095600124423,0.000259158172631943
1023,nicholas-latifi,2020,5,williams,18.0,18.0,19.0,0,0.0004305247138187606,0.00039856230808501175,0.00017363014262614056
1023,kevin-magnussen,2020,5,haas,17.0,17.0,,0,0.0008507092864087068,0.0005864278146214216,0.00025548696221127553
1024,lewis-hamilton,2020,6,mercedes,1.0,1.0,1.0,1,0.4447684390402622,0.7186691362857488,0.6309801960948511
1024,max-verstappen,2020,6,red-bull,3.0,3.0,2.0,0,0.11429236183692396,0.06849106391340325,0.08605097676731525
1024,valtteri-bottas,2020,6,mercedes,2.0,2.0,3.0,0,0.2310630713349286,0.1415935523419819,0.2238601617766493
1024,lance-stroll,2020,6,aston-martin,5.0,5.0,4.0,0,0.007366869988993571,0.007241648873489944,0.007291906368790356
1024,sergio-perez,2020,6,aston-martin,4.0,4.0,5.0,0,0.013817380016854187,0.017018410034878313,0.019722984791769895
1024,carlos-sainz-jr,2020,6,mclaren,7.0,7.0,6.0,0,0.013594685751372659,0.006325047126277931,0.004877740278959205
1024,sebastian-vettel,2020,6,ferrari,11.0,11.0,7.0,0,0.02391132231291487,0.0036470112478486144,0.00195477556624345
1024,alexander-albon,2020,6,red-bull,6.0,6.0,8.0,0,0.08063224242811418,0.01719931958955898,0.013292850723384726
1024,pierre-gasly,2020,6,racing-bulls,10.0,10.0,9.0,0,0.003487851146716465,0.0018608903676093338,0.0011996497164566296
1024,lando-norris,2020,6,mclaren,8.0,8.0,10.0,0,0.012030710353514305,0.004639936060825112,0.003263988701387943
1024,daniel-ricciardo,2020,6,alpine,13.0,13.0,11.0,0,0.005326995219260899,0.0014332486027233186,0.0007448205994883746
1024,daniil-kvyat,2020,6,racing-bulls,12.0,12.0,12.0,0,0.003061617209181704,0.0012548273002457831,0.0007127337306578923
1024,esteban-ocon,2020,6,alpine,15.0,15.0,13.0,0,0.005493155305974337,0.0011689625238495156,0.0005477696876993037
1024,kimi-raikkonen,2020,6,audi,14.0,14.0,14.0,0,0.001299712331808806,0.0007108470603702349,0.0003821424463270854
1024,kevin-magnussen,2020,6,haas,16.0,16.0,15.0,0,0.0006192845062437006,0.00042959421285469697,0.00021997416377523757
1024,antonio-giovinazzi,2020,6,audi,20.0,20.0,16.0,0,0.0011942567887945246,0.0003763948988697071,0.00015712530036950695
1024,george-russell,2020,6,williams,18.0,18.0,17.0,0,0.000343846594974215,0.0002777595573378887,0.00013549148713954814
1024,nicholas-latifi,2020,6,williams,19.0,19.0,18.0,0,0.0003298120182176117,0.00024653512834468155,0.00011583898063024904
1024,romain-grosjean,2020,6,haas,17.0,17.0,19.0,0,0.0005207360160548922,0.0003399365025361393,0.00016755498230586207
1024,charles-leclerc,2020,6,ferrari,9.0,9.0,,0,0.03684564979889426,0.007075878371245886,0.004321317835798981
1025,lewis-hamilton,2020,7,mercedes,1.0,1.0,1.0,1,0.4621306651211551,0.727488607856733,0.6372879460225599
1025,valtteri-bottas,2020,7,mercedes,2.0,2.0,2.0,0,0.24048832522338612,0.1435230088611701,0.22638892029374383
1025,max-verstappen,2020,7,red-bull,3.0,3.0,3.0,0,0.11931646890274766,0.0701494548066606,0.08798103562532965
1025,daniel-ricciardo,2020,7,alpine,4.0,4.0,4.0,0,0.00490079263734726,0.0090704818219127,0.01102798235074996
1025,esteban-ocon,2020,7,alpine,6.0,6.0,5.0,0,0.004903958964133982,0.004754110931960958,0.004322870684297503
1025,alexander-albon,2020,7,red-bull,5.0,5.0,6.0,0,0.07733183026123883,0.022027036358858044,0.01941610263334813
1025,lando-norris,2020,7,mclaren,10.0,10.0,7.0,0,0.012176545699525594,0.0032115980308747944,0.0019221089479386792
1025,pierre-gasly,2020,7,racing-bulls,12.0,12.0,8.0,0,0.0037172875695699313,0.001437743575317968,0.0008109362175945696
1025,lance-stroll,2020,7,aston-martin,9.0,9.0,9.0,0,0.009924810004520501,0.003247223460044163,0.0021098732432736317
1025,sergio-perez,2020,7,aston-martin,8.0,8.0,10.0,0,0.017805834861034202,0.006227707775487716,0.00432447305972156
1025,daniil-kvyat,2020,7,racing-bulls,11.0,11.0,11.0,0,0.0031404648657259856,0.001445027106832329,0.0008719661247412919
1025,kimi-raikkonen,2020,7,audi,16.0,16.0,12.0,0,0.0011831303000069003,0.0005514687653697843,0.00027104591996664483
1025,sebastian-vettel,2020,7,ferrari,14.0,14.0,13.0,0,0.018112797200645996,0.0022662476306255152,0.0010420377346775749
1025,charles-leclerc,2020,7,ferrari,13.0,13.0,14.0,0,0.022204579171475773,0.002997492800946456,0.0014443707783272182
1025,romain-grosjean,2020,7,haas,17.0,17.0,15.0,0,0.000445840553186328,0.00031322152773565257,0.00015571128718181717
1025,nicholas-latifi,2020,7,williams,19.0,19.0,16.0,0,0.0002878607096662817,0.00022749510328642214,0.00010762471668404676
1025,kevin-magnussen,2020,7,haas,20.0,20.0,17.0,0,0.0005566584414073604,0.00028823297732650713,0.00012667471414431323
1025,antonio-giovinazzi,2020,7,audi,18.0,18.0,,0,0.0010577867993212993,0.0004182132125057104,0.00018956799580938647
1025,george-russell,2020,7,williams,15.0,15.0,,0,0.00031436271390497696,0.00035562739635168315,0.00019875164991026858
1026,pierre-gasly,2020,8,racing-bulls,10.0,10.0,1.0,1,0.0038589137935989043,0.002013023919748981,0.0013042565898301155
1026,carlos-sainz-jr,2020,8,mclaren,3.0,3.0,2.0,0,0.015065317968016413,0.02619079826767233,0.0372160930609499
1026,lance-stroll,2020,8,aston-martin,8.0,8.0,3.0,0,0.008985382754588062,0.003853864541940388,0.002768389044179823
1026,lando-norris,2020,8,mclaren,6.0,6.0,4.0,0,0.012541579507610442,0.007499226811002598,0.006521969787221758
1026,valtteri-bottas,2020,8,mercedes,2.0,2.0,5.0,0,0.24430828555318332,0.1478835402630842,0.235324827699053
1026,daniel-ricciardo,2020,8,alpine,7.0,7.0,6.0,0,0.006528622907433154,0.004326627524935861,0.0034979581434633235
1026,lewis-hamilton,2020,8,mercedes,1.0,1.0,7.0,0,0.4625591721978914,0.7408279389669085,0.6549960891743649
1026,esteban-ocon,2020,8,alpine,12.0,12.0,8.0,0,0.006436350600075615,0.001811318346999604,0.000995747224356065
1026,daniil-kvyat,2020,8,racing-bulls,11.0,11.0,9.0,0,0.003136547103558268,0.001467174768553819,0.0008935163144058787
1026,sergio-perez,2020,8,aston-martin,4.0,4.0,10.0,0,0.015441797083485831,0.017878924337810975,0.02075493426931611
1026,nicholas-latifi,2020,8,williams,20.0,20.0,11.0,0,0.00025642840781340615,0.00021044955172321744,9.782835293285187e-05
1026,romain-grosjean,2020,8,haas,16.0,16.0,12.0,0,0.00038819438953182966,0.0003334403502218489,0.0001763122283095652
1026,kimi-raikkonen,2020,8,audi,14.0,14.0,13.0,0,0.0009740420445475214,0.0006521235930464618,0.00036079189174305305
1026,george-russell,2020,8,williams,19.0,19.0,14.0,0,0.00024149791137927505,0.00021777754821356422,0.0001052175104150088
1026,alexander-albon,2020,8,red-bull,9.0,9.0,15.0,0,0.07376580146041424,0.008544668412930034,0.005000783561128766
1026,antonio-giovinazzi,2020,8,audi,18.0,18.0,16.0,0,0.00076451034232177,0.00036049093031134997,0.00016782438133482275
1026,max-verstappen,2020,8,red-bull,5.0,5.0,,0,0.11747869005810156,0.03154783726239047,0.02773284044099817
1026,charles-leclerc,2020,8,ferrari,13.0,13.0,,0,0.014591333913518008,0.002524541903599821,0.0012583976705886648
1026,kevin-magnussen,2020,8,haas,15.0,15.0,,0,0.0004657038016588491,0.0004269650398829223,0.0002351320738880606
1026,sebastian-vettel,2020,8,ferrari,17.0,17.0,,0,0.012211828201272189,0.0014292676590230676,0.0005910905815202425
1027,lewis-hamilton,2020,9,mercedes,1.0,1.0,1.0,1,0.4767448118937222,0.7221722638592691,0.6312811830401517
1027,valtteri-bottas,2020,9,mercedes,2.0,2.0,2.0,0,0.2665072294341898,0.15079543273141147,0.23683215880588174
1027,alexander-albon,2020,9,red-bull,4.0,4.0,3.0,0,0.04880696531439728,0.025737686360747764,0.027403117625348083
1027,daniel-ricciardo,2020,9,alpine,8.0,8.0,4.0,0,0.010116889322378236,0.004152824248587507,0.0029486690547699743
1027,sergio-perez,2020,9,aston-martin,7.0,6.0,5.0,0,0.021602894963716247,0.008077929163563057,0.006091693629252893
1027,lando-norris,2020,9,mclaren,11.0,11.0,6.0,0,0.022098288086903055,0.003543448280879809,0.0019126329820107885
1027,daniil-kvyat,2020,9,racing-bulls,12.0,12.0,7.0,0,0.005469969796293926,0.0015620754057874833,0.0008561789602770215
1027,charles-leclerc,2020,9,ferrari,5.0,5.0,8.0,0,0.009288173458807197,0.009185696278232515,0.009241575055855454
1027,kimi-raikkonen,2020,9,audi,13.0,13.0,9.0,0,0.0012286691730683831,0.0007954518026268788,0.0004539908350432342
1027,sebastian-vettel,2020,9,ferrari,14.0,14.0,10.0,0,0.00784228635399242,0.001555394290824306,0.000752277862370784
1027,george-russell,2020,9,williams,18.0,18.0,11.0,0,0.00037885899238998566,0.00027834875130088965,0.00013479972140055432
1027,romain-grosjean,2020,9,haas,15.0,15.0,12.0,0,0.0004990372699223609,0.00041091708957055454,0.00022267285054242204
1027,lance-stroll,2020,9,aston-martin,6.0,7.0,,0,0.014283701084669488,0.007440472998635305,0.006346157949810853
1027,esteban-ocon,2020,9,alpine,10.0,10.0,,0,0.009699271924207673,0.0028138587010801417,0.001704977454517899
1027,nicholas-latifi,2020,9,williams,19.0,19.0,,0,0.00043598321546695084,0.00028543300887562455,0.00013240702701377348
1027,kevin-magnussen,2020,9,haas,20.0,20.0,,0,0.0005227879719328704,0.00026949111676021924,0.0001186671140969559
1027,antonio-giovinazzi,2020,9,audi,17.0,17.0,,0,0.0009313693925645641,0.0004163458856270126,0.00019774771064190515
1027,carlos-sainz-jr,2020,9,mclaren,9.0,9.0,,0,0.02720278771833335,0.005753690866094986,0.0035630294667129345
1027,max-verstappen,2020,9,red-bull,3.0,3.0,,0,0.06884723916655733,0.05348608459385097,0.06924631444664046
1027,pierre-gasly,2020,9,racing-bulls,16.0,16.0,,0,0.0074927854664866185,0.0012671545662743702,0.0005597484076605785
1028,valtteri-bottas,2020,10,mercedes,3.0,3.0,1.0,1,0.28919540199622124,0.08480928600581282,0.10232213001503941
1028,max-verstappen,2020,10,red-bull,2.0,2.0,2.0,0,0.04370349751190362,0.08210031056031068,0.15005500449904394
1028,lewis-hamilton,2020,10,mercedes,1.0,1.0,3.0,0,0.5109913370363602,0.7677750589162385,0.6896172667421177
1028,sergio-perez,2020,10,aston-martin,4.0,4.0,4.0,0,0.01857534313214358,0.019740755758359877,0.023212024590380857
1028,daniel-ricciardo,2020,10,alpine,5.0,5.0,5.0,0,0.009577617039047066,0.009248328240051252,0.009553479127060711
1028,charles-leclerc,2020,10,ferrari,10.0,11.0,6.0,0,0.009928349510691178,0.0032460949000697225,0.002043493877311624
1028,esteban-ocon,2020,10,alpine,7.0,7.0,7.0,0,0.007197228074709542,0.004311946510794959,0.003530934292214771
1028,daniil-kvyat,2020,10,racing-bulls,11.0,12.0,8.0,0,0.004926631692013458,0.0018395019716499897,0.0011177449931076824
1028,pierre-gasly,2020,10,racing-bulls,9.0,9.0,9.0,0,0.005423637459474945,0.0027337401740042235,0.0019122956938284364
1028,alexander-albon,2020,10,red-bull,15.0,10.0,10.0,0,0.042225804539841684,0.003215042447667432,0.00138881628049867
1028,antonio-giovinazzi,2020,10,audi,17.0,17.0,11.0,0,0.0007859526802287918,0.00038575238786402264,0.00019045340337513363
1028,kevin-magnussen,2020,10,haas,18.0,18.0,12.0,0,0.0004561734869917801,0.00030309912606870206,0.00014945313112256037
1028,sebastian-vettel,2020,10,ferrari,14.0,15.0,13.0,0,0.008208132566480751,0.0016324564724184113,0.0008122693634252006
1028,kimi-raikkonen,2020,10,audi,19.0,20.0,14.0,0,0.001237419462926328,0.00046298606684986487,0.0002081593798974969
1028,lando-norris,2020,10,mclaren,8.0,8.0,15.0,0,0.018706948785180214,0.0059595437287765654,0.004229889241810666
1028,nicholas-latifi,2020,10,williams,20.0,19.0,16.0,0,0.00034466620763868753,0.00022596699261082852,0.00010503699005631224
1028,romain-grosjean,2020,10,haas,16.0,16.0,17.0,0,0.0004955364616593473,0.00039052403580163624,0.00020898348671267894
1028,george-russell,2020,10,williams,13.0,14.0,18.0,0,0.0004124132488061208,0.0005177846243116159,0.00032590235449739795
1028,carlos-sainz-jr,2020,10,mclaren,6.0,6.0,,0,0.01769026889915857,0.009019682653755039,0.00788060199902781
1028,lance-stroll,2020,10,aston-martin,12.0,13.0,,0,0.009917640208522859,0.002082138426583731,0.0011360605394708971
1029,lewis-hamilton,2020,11,mercedes,2.0,2.0,1.0,1,0.5070102716898715,0.2894882690554061,0.40664815721054187
1029,max-verstappen,2020,11,red-bull,3.0,3.0,2.0,0,0.04798588873466933,0.05258574762948472,0.06345062467207278
1029,daniel-ricciardo,2020,11,alpine,6.0,6.0,3.0,0,0.011792290186595354,0.00878529974470572,0.006975214164853262
1029,sergio-perez,2020,11,aston-martin,9.0,9.0,4.0,0,0.01660807617137754,0.00616612865484734,0.00362947199429035
1029,carlos-sainz-jr,2020,11,mclaren,10.0,10.0,5.0,0,0.009657405752222785,0.0034701420536702816,0.0019294487415474242
1029,pierre-gasly,2020,11,racing-bulls,12.0,12.0,6.0,0,0.0059930492039072065,0.0020796612860912228,0.0010429800778417257
1029,charles-leclerc,2020,11,ferrari,4.0,4.0,7.0,0,0.010435744549834985,0.0167670164889835,0.018008117473975176
1029,nico-hulkenberg,2020,11,aston-martin,20.0,20.0,8.0,0,0.009833440529469257,0.001139172774417299,0.00038455493487888454
1029,romain-grosjean,2020,11,haas,16.0,16.0,9.0,0,0.0004928037060562905,0.00044353595734411495,0.00021023104803371943
1029,antonio-giovinazzi,2020,11,audi,14.0,14.0,10.0,0,0.0008709777974958261,0.0006445007909137714,0.00032258187677079665
1029,sebastian-vettel,2020,11,ferrari,11.0,11.0,11.0,0,0.007858833528044175,0.0026685544417726225,0.0014006264135124054
1029,kimi-raikkonen,2020,11,audi,19.0,19.0,12.0,0,0.0012761030994125587,0.0005361185480120503,0.00021309579965395737
1029,kevin-magnussen,2020,11,haas,15.0,15.0,13.0,0,0.0004886838628059038,0.0004883497283019499,0.0002424883935359671
1029,nicholas-latifi,2020,11,williams,18.0,18.0,14.0,0,0.00033153296134825946,0.00030762195787371714,0.0001371665838451745
1029,daniil-kvyat,2020,11,racing-bulls,13.0,13.0,15.0,0,0.00554698274038535,0.0017215963902029736,0.0008172237529236513
1029,lando-norris,2020,11,mclaren,8.0,8.0,,0,0.011244400066336256,0.005588050178614231,0.003628668665070977
1029,alexander-albon,2020,11,red-bull,5.0,5.0,,0,0.04072225772882668,0.020446012400597128,0.017195994885945125
1029,esteban-ocon,2020,11,alpine,7.0,7.0,,0,0.008727989395754778,0.005412498026953205,0.003883697160666735
1029,valtteri-bottas,2020,11,mercedes,1.0,1.0,,0,0.3027531337846915,0.5808939993468866,0.4697094126767488
1029,george-russell,2020,11,williams,17.0,17.0,,0,0.0003701345108944315,0.00036772454492147285,0.00017024347329110833
1030,lewis-hamilton,2020,12,mercedes,1.0,1.0,1.0,1,0.5171529673373579,0.7450955714376651,0.6590703984917767
1030,valtteri-bottas,2020,12,mercedes,2.0,2.0,2.0,0,0.23911444655392436,0.1338448293665349,0.21395393882163713
1030,max-verstappen,2020,12,red-bull,3.0,3.0,3.0,0,0.06097505980915067,0.04932701416536225,0.06528333593892448
1030,charles-leclerc,2020,12,ferrari,4.0,4.0,4.0,0,0.01628053257797017,0.016620843784193085,0.01928729344736085
1030,pierre-gasly,2020,12,racing-bulls,9.0,9.0,5.0,0,0.009311164591007007,0.0033121860479819643,0.002209174234266789
1030,carlos-sainz-jr,2020,12,mclaren,7.0,7.0,6.0,0,0.012924439272288991,0.0058625085650375235,0.004600880516028608
1030,sergio-perez,2020,12,aston-martin,5.0,5.0,7.0,0,0.029676910023937797,0.016498507854868498,0.015853037006582235
1030,esteban-ocon,2020,12,alpine,11.0,11.0,8.0,0,0.009646494100877033,0.002131238150609422,0.0012149448066830879
1030,daniel-ricciardo,2020,12,alpine,10.0,10.0,9.0,0,0.016653842729799487,0.0038251566887711115,0.002295908414068374
1030,sebastian-vettel,2020,12,ferrari,15.0,15.0,10.0,0,0.01172293456330043,0.001556890312451102,0.0007079574302457982
1030,kimi-raikkonen,2020,12,audi,16.0,16.0,11.0,0,0.0021266380313136085,0.0007096990176676508,0.00034297889799255875
1030,alexander-albon,2020,12,red-bull,6.0,6.0,12.0,0,0.03840821644894236,0.011322425527423371,0.009250209685945306
1030,lando-norris,2020,12,mclaren,8.0,8.0,13.0,0,0.011453686995259312,0.004305430041801074,0.003082030912812871
1030,george-russell,2020,12,williams,14.0,14.0,14.0,0,0.0004615748097397955,0.0004358500372415486,0.0002532435397448088
1030,antonio-giovinazzi,2020,12,audi,17.0,17.0,15.0,0,0.001528724025277514,0.0004959391718778301,0.00023182291356873446
1030,kevin-magnussen,2020,12,haas,19.0,19.0,16.0,0,0.0008842144740760125,0.0003486457518071192,0.00015630957080975164
1030,romain-grosjean,2020,12,haas,18.0,18.0,17.0,0,0.0009430798199602057,0.0003999610474889595,0.0001860298147605944
1030,nicholas-latifi,2020,12,williams,20.0,20.0,18.0,0,0.0005010006758359245,0.0002633676237925454,0.00011822192522393259
1030,daniil-kvyat,2020,12,racing-bulls,13.0,13.0,19.0,0,0.007588240557121254,0.0015667991629056664,0.0008080574825754383
1030,lance-stroll,2020,12,aston-martin,12.0,12.0,,0,0.012645832602860065,0.00207713624451929,0.0010942261489919186
1031,lewis-hamilton,2020,13,mercedes,2.0,2.0,1.0,1,0.5288161876595054,0.32104323486174907,0.4405062688423869
1031,valtteri-bottas,2020,13,mercedes,1.0,1.0,2.0,0,0.24967280228569538,0.5347572552908638,0.4254205034986692
1031,daniel-ricciardo,2020,13,alpine,5.0,5.0,3.0,0,0.016116483413498944,0.014647778398331682,0.012736500614132219
1031,daniil-kvyat,2020,13,racing-bulls,8.0,8.0,4.0,0,0.005837241284096845,0.0037908632876617067,0.002468920988049694
1031,charles-leclerc,2020,13,ferrari,7.0,7.0,5.0,0,0.01818819290070348,0.009362435209606714,0.006369743959032504
1031,sergio-perez,2020,13,aston-martin,11.0,11.0,6.0,0,0.022251167589907927,0.005488089160133568,0.002690224175216818
1031,carlos-sainz-jr,2020,13,mclaren,10.0,10.0,7.0,0,0.012771591307332558,0.004338179486119645,0.0023259793637546954
1031,lando-norris,2020,13,mclaren,9.0,9.0,8.0,0,0.010155231445673627,0.004278969686297598,0.00249156553479951
1031,kimi-raikkonen,2020,13,audi,18.0,18.0,9.0,0,0.0020517486500660673,0.0007546905088495454,0.0002959190393667821
1031,antonio-giovinazzi,2020,13,audi,20.0,20.0,10.0,0,0.0014095931724474777,0.0004737529740995001,0.00017425089529285126
1031,nicholas-latifi,2020,13,williams,19.0,19.0,11.0,0,0.00043110928952230744,0.0003364239159058871,0.00013884189031547248
1031,sebastian-vettel,2020,13,ferrari,14.0,14.0,12.0,0,0.012189130251075223,0.0022572490453247,0.0009461975557581701
1031,lance-stroll,2020,13,aston-martin,15.0,15.0,13.0,0,0.008054006104218397,0.0014953135205357558,0.0006055306582582377
1031,romain-grosjean,2020,13,haas,16.0,16.0,14.0,0,0.0007817172269901559,0.00057251274644547,0.0002578476608873788
1031,alexander-albon,2020,13,red-bull,6.0,6.0,15.0,0,0.032840974785503727,0.0133134368209832,0.00964422319213856
1031,george-russell,2020,13,williams,13.0,13.0,,0,0.00044417900913876185,0.0006309077224725689,0.00034140822074614323
1031,max-verstappen,2020,13,red-bull,3.0,3.0,,0,0.058834168807047595,0.06383333196589809,0.07463116112400305
1031,kevin-magnussen,2020,13,haas,17.0,17.0,,0,0.0007455238588228289,0.0005005874139836914,0.00021618572590039446
1031,esteban-ocon,2020,13,alpine,12.0,12.0,,0,0.009717569717446778,0.002428386321593839,0.0011453718101753312
1031,pierre-gasly,2020,13,racing-bulls,4.0,4.0,,0,0.00869138124130649,0.015696601663143957,0.016593355251116083
1032,lewis-hamilton,2020,14,mercedes,6.0,6.0,1.0,1,0.5572624387280616,0.15227644463205248,0.09023022004498933
1032,sergio-perez,2020,14,aston-martin,3.0,3.0,2.0,0,0.022045230135911212,0.11734131684824911,0.13907095599491742
1032,sebastian-vettel,2020,14,ferrari,11.0,12.0,3.0,0,0.011857879321125697,0.008652351680968548,0.004105556204873179
1032,charles-leclerc,2020,14,ferrari,12.0,14.0,4.0,0,0.019222063364062167,0.011046096453552416,0.0048522127029597155
1032,carlos-sainz-jr,2020,14,mclaren,15.0,13.0,5.0,0,0.014090515473273368,0.006366633844459438,0.002416348256687818
1032,max-verstappen,2020,14,red-bull,2.0,2.0,6.0,0,0.02910775845988184,0.23414098837862626,0.3626370946056336
1032,alexander-albon,2020,14,red-bull,4.0,4.0,7.0,0,0.01838379403907462,0.05385764942368439,0.051487447139634726
1032,lando-norris,2020,14,mclaren,14.0,11.0,8.0,0,0.011154709901243686,0.005905274199304928,0.0023717447334238155
1032,lance-stroll,2020,14,aston-martin,1.0,1.0,9.0,0,0.007561531940671955,0.28960477388803185,0.26870442094201347
1032,daniel-ricciardo,2020,14,alpine,5.0,5.0,10.0,0,0.015096974479484432,0.039761865420586705,0.033152259072244915
1032,esteban-ocon,2020,14,alpine,7.0,7.0,11.0,0,0.007197260519002866,0.012923788488349942,0.008661951120426295
1032,daniil-kvyat,2020,14,racing-bulls,16.0,17.0,12.0,0,0.005737935678318702,0.003497547204644825,0.0013260724744631697
1032,pierre-gasly,2020,14,racing-bulls,19.0,15.0,13.0,0,0.006559496857833326,0.002956874330887975,0.0009871554632584064
1032,valtteri-bottas,2020,14,mercedes,9.0,9.0,14.0,0,0.26840793856957473,0.04470057446286988,0.020258584727120027
1032,kimi-raikkonen,2020,14,audi,8.0,8.0,15.0,0,0.0024632972134254996,0.007998635697871504,0.0052803362647911465
1032,george-russell,2020,14,williams,20.0,18.0,16.0,0,0.0003928066885465296,0.0007803240957083776,0.000296611351941576
1032,kevin-magnussen,2020,14,haas,13.0,16.0,17.0,0,0.0005910433547510546,0.0018258384190885288,0.0009210077101377625
1032,romain-grosjean,2020,14,haas,17.0,19.0,,0,0.0006825231035496141,0.0013342600638657288,0.0005529149737182682
1032,nicholas-latifi,2020,14,williams,21.0,20.0,,0,0.0004857246201994476,0.0008542709652985003,0.00031152999351861704
1032,antonio-giovinazzi,2020,14,audi,10.0,10.0,,0,0.0016990775520075497,0.004174491501898652,0.0023755762232467916
1033,lewis-hamilton,2020,15,mercedes,1.0,1.0,1.0,1,0.5408145253259482,0.7643357655044366,0.681574664571663
1033,max-verstappen,2020,15,red-bull,3.0,3.0,2.0,0,0.03788769400201111,0.03914306618281411,0.05374626563533437
1033,alexander-albon,2020,15,red-bull,4.0,4.0,3.0,0,0.024085886742840873,0.017276602340689336,0.01957393291934036
1033,lando-norris,2020,15,mclaren,9.0,9.0,4.0,0,0.015173913580738543,0.0038696536685833382,0.0025207284498087556
1033,carlos-sainz-jr,2020,15,mclaren,15.0,15.0,5.0,0,0.019875308276310833,0.0021225560772617563,0.0009510043837663928
1033,pierre-gasly,2020,15,racing-bulls,8.0,8.0,6.0,0,0.006862451949623603,0.003403452319700491,0.00253564633050747
1033,daniel-ricciardo,2020,15,alpine,6.0,6.0,7.0,0,0.01671429659489839,0.00883900011253816,0.007740522004162725
1033,valtteri-bottas,2020,15,mercedes,2.0,2.0,8.0,0,0.22456664575562674,0.12608305831039812,0.20385289788465585
1033,esteban-ocon,2020,15,alpine,7.0,7.0,9.0,0,0.008131930397478743,0.003904655048219644,0.003130293361645991
1033,charles-leclerc,2020,15,ferrari,12.0,12.0,10.0,0,0.03054915181068823,0.003832849522561217,0.0019715176426045866
1033,daniil-kvyat,2020,15,racing-bulls,10.0,10.0,11.0,0,0.006127200300727746,0.0021795788191967536,0.0013887481353434463
1033,george-russell,2020,15,williams,14.0,14.0,12.0,0,0.0004164790892172063,0.00040897972723271146,0.00024119352309826276
1033,sebastian-vettel,2020,15,ferrari,11.0,11.0,13.0,0,0.01956470584971846,0.003092745281879176,0.001716449214285761
1033,nicholas-latifi,2020,15,williams,20.0,20.0,14.0,0,0.00044946776289396425,0.00024600971096050276,0.00011210548531053763
1033,kimi-raikkonen,2020,15,audi,17.0,17.0,15.0,0,0.0022168612378523655,0.0006615854795636914,0.00030873988498585206
1033,antonio-giovinazzi,2020,15,audi,16.0,16.0,16.0,0,0.0014203897605795412,0.0005120237238224581,0.0002529816135250987
1033,kevin-magnussen,2020,15,haas,18.0,18.0,17.0,0,0.0005715747004710565,0.0003081971425052262,0.00014871678310224347
1033,sergio-perez,2020,15,aston-martin,5.0,5.0,18.0,0,0.033148850566694484,0.017877118427636743,0.01728565769378118
1033,lance-stroll,2020,15,aston-martin,13.0,13.0,,0,0.010802873964309215,0.0016016121791411109,0.000808328538028785
1033,romain-grosjean,2020,15,haas,19.0,19.0,,0,0.0006197923313707869,0.000301490420858895,0.00013960594504920824
1034,sergio-perez,2020,16,aston-martin,5.0,5.0,1.0,1,0.02278807624904562,0.02076673120381773,0.018406889976656245
1034,esteban-ocon,2020,16,alpine,11.0,11.0,2.0,0,0.011405699575366475,0.003040101109058828,0.001549911177501713
1034,lance-stroll,2020,16,aston-martin,10.0,10.0,3.0,0,0.007493980841706093,0.002847302067263225,0.0015892707043908072
1034,carlos-sainz-jr,2020,16,mclaren,8.0,8.0,4.0,0,0.03233532634946004,0.009816198112500927,0.006009313483528854
1034,daniel-ricciardo,2020,16,alpine,7.0,7.0,5.0,0,0.02332621552929334,0.011021378094684231,0.007598932858158199
1034,alexander-albon,2020,16,red-bull,12.0,12.0,6.0,0,0.042283451456941894,0.005283922862271846,0.002363369899016321
1034,daniil-kvyat,2020,16,racing-bulls,6.0,6.0,7.0,0,0.008603089766946626,0.007783760194116897,0.006279843287179984
1034,valtteri-bottas,2020,16,mercedes,1.0,1.0,8.0,0,0.2590856385953237,0.5519307937388153,0.44920236752334736
1034,george-russell,2020,16,mercedes,2.0,2.0,9.0,0,0.4307493480280693,0.27347889407371784,0.3867525707512114
1034,lando-norris,2020,16,mclaren,19.0,15.0,10.0,0,0.025431818962572926,0.0020428816205986626,0.0006779430810766408
1034,pierre-gasly,2020,16,racing-bulls,9.0,9.0,11.0,0,0.010302714047553136,0.004704161659868386,0.002822838026576897
1034,sebastian-vettel,2020,16,ferrari,13.0,13.0,12.0,0,0.020611984487126752,0.003317367380948458,0.001459677403685156
1034,antonio-giovinazzi,2020,16,audi,14.0,14.0,13.0,0,0.001596456216607949,0.0009191684553299412,0.0004451202662804564
1034,kimi-raikkonen,2020,16,audi,18.0,19.0,14.0,0,0.0024734521716342807,0.0008711924520753045,0.00034767363674705634
1034,kevin-magnussen,2020,16,haas,15.0,16.0,15.0,0,0.0006097038677465848,0.0005890692341802137,0.0002895959317914752
1034,jack-aitken,2020,16,williams,17.0,18.0,16.0,0,0.0006178534466281567,0.0004867715471169132,0.00021866113908853977
1034,pietro-fittipaldi,2020,16,haas,20.0,20.0,17.0,0,0.0006148549964116747,0.00037483844289160604,0.00014991682234341701
1034,nicholas-latifi,2020,16,williams,16.0,17.0,,0,0.000659635659428281,0.0005647271567902098,0.00026440877818247895
1034,max-verstappen,2020,16,red-bull,3.0,3.0,,0,0.06609715602631201,0.06867202254872327,0.08179531550673343
1034,charles-leclerc,2020,16,ferrari,4.0,4.0,,0,0.03291354372582528,0.0314887180452303,0.03177637974650362
1035,max-verstappen,2020,17,red-bull,1.0,1.0,1.0,1,0.04206260935318243,0.41099613336993257,0.36178661910266036
1035,valtteri-bottas,2020,17,mercedes,2.0,2.0,2.0,0,0.20139997640523477,0.21830841930274103,0.3035776600178545
1035,lewis-hamilton,2020,17,mercedes,3.0,3.0,3.0,0,0.4997392121823195,0.2350735054570579,0.23776252742722376
1035,alexander-albon,2020,17,red-bull,5.0,5.0,4.0,0,0.034697094362299924,0.027103392569183392,0.021970331494262176
1035,lando-norris,2020,17,mclaren,4.0,4.0,5.0,0,0.026783554571249178,0.032626457769393956,0.031368681152456605
1035,carlos-sainz-jr,2020,17,mclaren,6.0,6.0,6.0,0,0.03699576051715984,0.022080423898879972,0.015720881793749416
1035,daniel-ricciardo,2020,17,alpine,11.0,12.0,7.0,0,0.032029356001186955,0.00806758636297214,0.0037598143626960644
1035,pierre-gasly,2020,17,racing-bulls,9.0,10.0,8.0,0,0.01100166300604929,0.006338375235832574,0.0036075674369225115
1035,esteban-ocon,2020,17,alpine,10.0,11.0,9.0,0,0.016903146274549603,0.005658116255622467,0.0028791391686412296
1035,lance-stroll,2020,17,aston-martin,8.0,8.0,10.0,0,0.012150174282286782,0.0066856304001280675,0.004056403725772399
1035,daniil-kvyat,2020,17,racing-bulls,7.0,7.0,11.0,0,0.009811511920839464,0.008641540077855623,0.00590942582634772
1035,kimi-raikkonen,2020,17,audi,15.0,16.0,12.0,0,0.002460913867034519,0.0015298504908050296,0.0006629495475850409
1035,charles-leclerc,2020,17,ferrari,12.0,9.0,13.0,0,0.019694518201255562,0.005592263593219955,0.002517757551929399
1035,sebastian-vettel,2020,17,ferrari,13.0,13.0,14.0,0,0.014363598353822334,0.003832443128610383,0.0016451383234853516
1035,george-russell,2020,17,williams,16.0,18.0,15.0,0,0.0005516999142296373,0.0006818438828903423,0.000307176655854193
1035,antonio-giovinazzi,2020,17,audi,14.0,14.0,16.0,0,0.0016491013136570904,0.0012433514343926349,0.0005730910247353612
1035,nicholas-latifi,2020,17,williams,18.0,20.0,17.0,0,0.000531029830978489,0.000548241957346983,0.00022726775302744963
1035,kevin-magnussen,2020,17,haas,20.0,17.0,18.0,0,0.0006183472073297864,0.0004980898791859925,0.0001898189131207178
1035,pietro-fittipaldi,2020,17,haas,17.0,19.0,19.0,0,0.0004513346998790478,0.0005028579157566623,0.00021738825741974156
1035,sergio-perez,2020,17,aston-martin,19.0,15.0,,0,0.03610539773545583,0.003991477018192273,0.0012603604642559645
1036,lewis-hamilton,2021,1,mercedes,2.0,2.0,1.0,1,0.4974097396093885,0.39698799996040557,0.4951730557796531
1036,max-verstappen,2021,1,red-bull,1.0,1.0,2.0,0,0.053996525192382586,0.4002038805304705,0.3344391784822425
1036,valtteri-bottas,2021,1,mercedes,3.0,3.0,3.0,0,0.19394561003228747,0.09458544552264936,0.09336393489241891
1036,lando-norris,2021,1,mclaren,7.0,7.0,4.0,0,0.028376878106330973,0.01205260993951017,0.007778246180927574
1036,sergio-perez,2021,1,red-bull,21.0,11.0,5.0,0,0.07132934596806922,0.004188412868847586,0.0013063629694084694
1036,charles-leclerc,2021,1,ferrari,4.0,4.0,6.0,0,0.014367246951572652,0.025029155097293587,0.024156849276027424
1036,daniel-ricciardo,2021,1,mclaren,6.0,6.0,7.0,0,0.04298457534677075,0.02182259232911875,0.015372053430353052
1036,carlos-sainz-jr,2021,1,ferrari,8.0,8.0,8.0,0,0.013663118028038197,0.008052063520309367,0.005013144039955408
1036,yuki-tsunoda,2021,1,racing-bulls,13.0,13.0,9.0,0,0.01045162138597983,0.003108626537802326,0.0014359469854846008
1036,lance-stroll,2021,1,aston-martin,10.0,10.0,10.0,0,0.008046228276889214,0.003475948161067873,0.0018974427446026446
1036,kimi-raikkonen,2021,1,audi,14.0,14.0,11.0,0,0.0022173846941534667,0.0015067336675458152,0.0007259257950699368
1036,antonio-giovinazzi,2021,1,audi,12.0,12.0,12.0,0,0.0013630294965767953,0.001273207665794261,0.00068456398776057
1036,esteban-ocon,2021,1,alpine,16.0,16.0,13.0,0,0.015248866165181639,0.002218360655946673,0.0008689351567772453
1036,george-russell,2021,1,williams,15.0,15.0,14.0,0,0.0005045345961114914,0.0006648199264894496,0.0003306966248420624
1036,sebastian-vettel,2021,1,aston-martin,20.0,18.0,15.0,0,0.011238871816060467,0.0015474125156927504,0.0005397639500585679
1036,mick-schumacher,2021,1,haas,18.0,19.0,16.0,0,0.00047007481255913403,0.0004736582771810736,0.00021036551738455733
1036,pierre-gasly,2021,1,racing-bulls,5.0,5.0,17.0,0,0.01056635148219011,0.014129448451095783,0.011961200553533821
1036,nicholas-latifi,2021,1,williams,17.0,17.0,18.0,0,0.0004627408450917915,0.0005074153518801979,0.0002336343730247181
1036,fernando-alonso,2021,1,alpine,9.0,9.0,,0,0.02288718238180646,0.007737214030112454,0.004322017958197051
1036,nikita-mazepin,2021,1,haas,19.0,20.0,,0,0.00047007481255913403,0.0004349949907863488,0.00018668130227776422
1037,max-verstappen,2021,2,red-bull,3.0,3.0,1.0,1,0.06134686723314613,0.04917414716724285,0.06350600920862802
1037,lewis-hamilton,2021,2,mercedes,1.0,1.0,2.0,0,0.48768860486280136,0.7623000929855172,0.6866811693293932
1037,lando-norris,2021,2,mclaren,7.0,7.0,3.0,0,0.030297028268382133,0.00820937528305338,0.0063673884484425364
1037,charles-leclerc,2021,2,ferrari,4.0,4.0,4.0,0,0.01529846770861773,0.016814934549022408,0.019489728957573865
1037,carlos-sainz-jr,2021,2,ferrari,11.0,11.0,5.0,0,0.014133563141485854,0.0031968103757349996,0.001954462370012673
1037,daniel-ricciardo,2021,2,mclaren,6.0,6.0,6.0,0,0.04270384966380009,0.013986327790553834,0.011861764822314505
1037,pierre-gasly,2021,2,racing-bulls,5.0,5.0,7.0,0,0.007501757592374999,0.007713094257571609,0.00799790603243638
1037,lance-stroll,2021,2,aston-martin,10.0,10.0,8.0,0,0.006536134133168731,0.0021201959412061712,0.0014126742283549175
1037,esteban-ocon,2021,2,alpine,9.0,9.0,9.0,0,0.009146527255366165,0.0029561683793536374,0.002070739312819273
1037,fernando-alonso,2021,2,alpine,15.0,15.0,10.0,0,0.011865334741836727,0.0016475437964184447,0.0008293654358680171
1037,sergio-perez,2021,2,red-bull,2.0,2.0,11.0,0,0.07638713861133443,0.11208092626879457,0.1861885945031491
1037,yuki-tsunoda,2021,2,racing-bulls,20.0,,12.0,0,0.03093636614693552,0.0028770616267702076,0.0011959321978507896
1037,kimi-raikkonen,2021,2,audi,16.0,16.0,13.0,0,0.0022128667857586387,0.0007949775944520248,0.0004240121259849787
1037,antonio-giovinazzi,2021,2,audi,17.0,17.0,14.0,0,0.0013706318063845602,0.00048206461556975206,0.00025034936514775684
1037,sebastian-vettel,2021,2,aston-martin,21.0,13.0,15.0,0,0.008300182108117013,0.0008064660689069049,0.00033368188170817073
1037,mick-schumacher,2021,2,haas,18.0,18.0,16.0,0,0.0008535003942487565,0.000566573705445105,0.00030098934628756735
1037,nikita-mazepin,2021,2,haas,19.0,19.0,17.0,0,0.00015544251449726138,0.0001233969451436422,6.605394617817068e-05
1037,valtteri-bottas,2021,2,mercedes,8.0,8.0,,0,0.19240742365949212,0.013137962737266952,0.008392219647128807
1037,george-russell,2021,2,williams,12.0,12.0,,0,0.00046601478359456115,0.0006029461363548262,0.00041847901886786016
1037,nicholas-latifi,2021,2,williams,14.0,14.0,,0,0.00039229858865718297,0.00040893377562150343,0.0002584798218534116
1038,lewis-hamilton,2021,3,mercedes,2.0,2.0,1.0,1,0.44522006889207827,0.3704381669106074,0.47944822047677366
1038,max-verstappen,2021,3,red-bull,3.0,3.0,2.0,0,0.088558890621049,0.08512310114379182,0.09213367981767553
1038,valtteri-bottas,2021,3,mercedes,1.0,1.0,3.0,0,0.13674562546485539,0.4070324040975525,0.324806234026821
1038,sergio-perez,2021,3,red-bull,4.0,4.0,4.0,0,0.09352795006328142,0.05666468299937304,0.05103381533208408
1038,lando-norris,2021,3,mclaren,7.0,7.0,5.0,0,0.04797927556635356,0.014616031650368155,0.0094450666007689
1038,charles-leclerc,2021,3,ferrari,8.0,8.0,6.0,0,0.026098672283077513,0.010229483985076957,0.006332075184659906
1038,esteban-ocon,2021,3,alpine,6.0,6.0,7.0,0,0.0119449244046535,0.009118167644703756,0.006951850349007659
1038,fernando-alonso,2021,3,alpine,13.0,13.0,8.0,0,0.015064174324529004,0.003282484228655317,0.0015238469951116827
1038,daniel-ricciardo,2021,3,mclaren,16.0,16.0,9.0,0,0.06318103611242222,0.005016496244646882,0.001906016738191512
1038,pierre-gasly,2021,3,racing-bulls,9.0,9.0,10.0,0,0.010533544812949089,0.005177637375936717,0.0031018385520442493
1038,carlos-sainz-jr,2021,3,ferrari,5.0,5.0,11.0,0,0.023830926581131742,0.019859539667250486,0.016599513955076684
1038,antonio-giovinazzi,2021,3,audi,12.0,12.0,12.0,0,0.0017295764206970007,0.0013285485754718801,0.0007251698824662747
1038,sebastian-vettel,2021,3,aston-martin,10.0,10.0,13.0,0,0.009286212383741893,0.003834687909944157,0.002151123457257884
1038,lance-stroll,2021,3,aston-martin,17.0,17.0,14.0,0,0.008263279178649344,0.0015064774934357217,0.0006053168008338629
1038,yuki-tsunoda,2021,3,racing-bulls,14.0,14.0,15.0,0,0.013407981469975901,0.003165708094282079,0.001424550390164053
1038,george-russell,2021,3,williams,11.0,11.0,16.0,0,0.00044292335106157327,0.0009673825493316689,0.0006069241751079578
1038,mick-schumacher,2021,3,haas,19.0,19.0,17.0,0,0.0007581601283950162,0.0006149426041999544,0.00026829890411130816
1038,nicholas-latifi,2021,3,williams,18.0,18.0,18.0,0,0.00037709239375597237,0.00038878272139981077,0.00017918801840129976
1038,nikita-mazepin,2021,3,haas,20.0,20.0,19.0,0,0.0002772139275889328,0.00024240594683405556,0.00010494124449557576
1038,kimi-raikkonen,2021,3,audi,15.0,15.0,,0,0.0027724716197537434,0.0013928681571377351,0.000652329098946837
1039,lewis-hamilton,2021,4,mercedes,1.0,1.0,1.0,1,0.45063677272897995,0.7520996665230463,0.6821672492495465
1039,max-verstappen,2021,4,red-bull,2.0,2.0,2.0,0,0.09904465070517318,0.11542765484862702,0.18811809580233543
1039,valtteri-bottas,2021,4,mercedes,3.0,3.0,3.0,0,0.1415665693764886,0.0501116380279407,0.06037784031188873
1039,charles-leclerc,2021,4,ferrari,4.0,4.0,4.0,0,0.024782926432353223,0.02053745713723176,0.023196617912086853
1039,sergio-perez,2021,4,red-bull,8.0,8.0,5.0,0,0.10116048762662119,0.013239439663723651,0.00895176582541984
1039,daniel-ricciardo,2021,4,mclaren,7.0,7.0,6.0,0,0.055220275181912755,0.011649486905501124,0.008811589302015923
1039,carlos-sainz-jr,2021,4,ferrari,6.0,6.0,7.0,0,0.021001053569405702,0.009428736377918079,0.008268269270410022
1039,lando-norris,2021,4,mclaren,9.0,9.0,8.0,0,0.04548437821016735,0.006656338624010685,0.0043135023895478
1039,esteban-ocon,2021,4,alpine,5.0,5.0,9.0,0,0.01223722208045959,0.00844518376517639,0.00846098540494863
1039,pierre-gasly,2021,4,racing-bulls,12.0,12.0,10.0,0,0.008644785281058802,0.002088724162011983,0.0012357611934637881
1039,lance-stroll,2021,4,aston-martin,11.0,11.0,11.0,0,0.006144888342809268,0.00179244163966046,0.0011299569832843904
1039,kimi-raikkonen,2021,4,audi,17.0,17.0,12.0,0,0.0018984389831593331,0.0006387350003647287,0.0003295633839256987
1039,sebastian-vettel,2021,4,aston-martin,13.0,13.0,13.0,0,0.006973676089728106,0.0015332496069889404,0.0008666885268343918
1039,george-russell,2021,4,williams,15.0,15.0,14.0,0,0.00038989164100265705,0.00038430601241553226,0.0002336715582610086
1039,antonio-giovinazzi,2021,4,audi,14.0,14.0,15.0,0,0.0014077313717403884,0.0006735610264276826,0.0003959771628312588
1039,nicholas-latifi,2021,4,williams,19.0,19.0,16.0,0,0.00032106728277916756,0.00022476069037818348,0.0001181980317506517
1039,fernando-alonso,2021,4,alpine,10.0,10.0,17.0,0,0.015023827998826152,0.0033712879214290057,0.0021651514554227747
1039,mick-schumacher,2021,4,haas,18.0,18.0,18.0,0,0.0005798870790508008,0.0003960427117899815,0.00021214665392882228
1039,nikita-mazepin,2021,4,haas,20.0,20.0,19.0,0,0.0002374748120478432,0.00015778272477880165,8.081067490759542e-05
1039,yuki-tsunoda,2021,4,racing-bulls,16.0,16.0,,0,0.0072439952062359385,0.001143506630579013,0.0005661589071897494
1040,max-verstappen,2021,5,red-bull,2.0,2.0,1.0,1,0.11018106117380726,0.4390714069495088,0.5763945321386124
1040,carlos-sainz-jr,2021,5,ferrari,4.0,4.0,2.0,0,0.02321544136867414,0.06675064895858315,0.06093315119509087
1040,lando-norris,2021,5,mclaren,5.0,5.0,3.0,0,0.04226973945817635,0.05841898063521239,0.044668698791277155
1040,sergio-perez,2021,5,red-bull,9.0,9.0,4.0,0,0.10732691036725968,0.04019255836488253,0.0203381518069687
1040,sebastian-vettel,2021,5,aston-martin,8.0,8.0,5.0,0,0.005923934003957665,0.011051905637927578,0.006943745067188426
1040,pierre-gasly,2021,5,racing-bulls,6.0,6.0,6.0,0,0.00659892426374307,0.02068659945108301,0.01565088420471987
1040,lewis-hamilton,2021,5,mercedes,7.0,7.0,7.0,0,0.46800063553777854,0.1284617502439121,0.07101786280483463
1040,lance-stroll,2021,5,aston-martin,13.0,13.0,8.0,0,0.005421320568364909,0.004773357090299293,0.0022089919669819793
1040,esteban-ocon,2021,5,alpine,11.0,11.0,9.0,0,0.009925299609589905,0.008301269008016504,0.004141089373597861
1040,antonio-giovinazzi,2021,5,audi,10.0,10.0,10.0,0,0.0012935312807855356,0.0039589511474963845,0.0023429547531824426
1040,kimi-raikkonen,2021,5,audi,14.0,14.0,11.0,0,0.0018062821609603089,0.0030900712393568852,0.0014652239230721845
1040,daniel-ricciardo,2021,5,mclaren,12.0,12.0,12.0,0,0.05260410465972073,0.017701714516518377,0.00772644498900634
1040,fernando-alonso,2021,5,alpine,17.0,17.0,13.0,0,0.010637207763147185,0.0044342075477368645,0.0016754731975543683
1040,george-russell,2021,5,williams,15.0,15.0,14.0,0,0.0004016984806304299,0.0014154291374712912,0.0006961875499573985
1040,nicholas-latifi,2021,5,williams,18.0,18.0,15.0,0,0.00032085527292061866,0.000878460188958456,0.0003870258822241204
1040,yuki-tsunoda,2021,5,racing-bulls,16.0,16.0,16.0,0,0.0031938851796050175,0.002390700915005109,0.000988454328773884
1040,nikita-mazepin,2021,5,haas,19.0,19.0,17.0,0,0.0002115921531802694,0.0006056058170966458,0.0002617040653294979
1040,mick-schumacher,2021,5,haas,20.0,,18.0,0,0.00044571631180235154,0.0010483474924377803,0.0004305647320050446
1040,valtteri-bottas,2021,5,mercedes,3.0,3.0,,0,0.15022186038589608,0.18676803565849673,0.1817288592296229
1041,sergio-perez,2021,6,red-bull,6.0,7.0,1.0,1,0.15184996525248096,0.03783081764462712,0.02495648841804576
1041,sebastian-vettel,2021,6,aston-martin,11.0,11.0,2.0,0,0.009184474535690984,0.003564355486998319,0.001839364488909394
1041,pierre-gasly,2021,6,racing-bulls,4.0,4.0,3.0,0,0.008340989148846144,0.019419948496674538,0.019337169086721517
1041,charles-leclerc,2021,6,ferrari,1.0,1.0,4.0,0,0.04972571828883491,0.3900107728166511,0.32857394343471974
1041,lando-norris,2021,6,mclaren,9.0,6.0,5.0,0,0.05349592324052576,0.011530681685869845,0.00618177594762193
1041,fernando-alonso,2021,6,alpine,8.0,9.0,6.0,0,0.011158648521842578,0.006361714660416881,0.003973436474914695
1041,yuki-tsunoda,2021,6,racing-bulls,7.0,8.0,7.0,0,0.002879162197109686,0.003274504142786992,0.002346962969163669
1041,carlos-sainz-jr,2021,6,ferrari,5.0,5.0,8.0,0,0.04050835202666379,0.026002820385869766,0.020559586409012554
1041,daniel-ricciardo,2021,6,mclaren,13.0,13.0,9.0,0,0.05616921690609016,0.0067333831173883715,0.0028554899930454724
1041,kimi-raikkonen,2021,6,audi,14.0,14.0,10.0,0,0.0024735017146488283,0.0015285170742728134,0.0007324197290155361
1041,antonio-giovinazzi,2021,6,audi,20.0,,11.0,0,0.0018321589248075701,0.0006763482814861948,0.0002603873636558604
1041,valtteri-bottas,2021,6,mercedes,10.0,10.0,12.0,0,0.09199521953423873,0.00946722398165018,0.0045211575742369736
1041,mick-schumacher,2021,6,haas,17.0,17.0,13.0,0,0.0004295927075209051,0.0005494325281374599,0.0002568188509751682
1041,nikita-mazepin,2021,6,haas,18.0,18.0,14.0,0,0.00025966244115391735,0.0003281463593751443,0.00014976619433269448
1041,lewis-hamilton,2021,6,mercedes,2.0,2.0,15.0,0,0.33607565294340375,0.35685199215562763,0.4581378122781707
1041,nicholas-latifi,2021,6,williams,16.0,16.0,16.0,0,0.00040932648072314234,0.0005089510663576652,0.00024517175476589467
1041,george-russell,2021,6,williams,15.0,15.0,17.0,0,0.0005166531925056735,0.0006859155166450105,0.0003422589212598055
1041,max-verstappen,2021,6,red-bull,3.0,3.0,18.0,0,0.16349739161821142,0.11996778146208582,0.1226142141649647
1041,lance-stroll,2021,6,aston-martin,19.0,,,0,0.008034271127319012,0.00134603606023104,0.0004927502725092125
1041,esteban-ocon,2021,6,alpine,12.0,12.0,,0,0.011164119197382137,0.0033606570768481793,0.001623025673958814
1042,max-verstappen,2021,7,red-bull,1.0,1.0,1.0,1,0.1465965078138178,0.5202084925432303,0.4446277291956251
1042,lewis-hamilton,2021,7,mercedes,2.0,2.0,2.0,0,0.25187417487723124,0.26311148833100223,0.3692546639044644
1042,sergio-perez,2021,7,red-bull,4.0,4.0,3.0,0,0.17764345408848775,0.06894024502822725,0.06308881898519263
1042,valtteri-bottas,2021,7,mercedes,3.0,3.0,4.0,0,0.07655640619855268,0.05079112521615536,0.056755739049189034
1042,lando-norris,2021,7,mclaren,8.0,8.0,5.0,0,0.07256390982216586,0.013775009333555781,0.008446948834444133
1042,daniel-ricciardo,2021,7,mclaren,10.0,10.0,6.0,0,0.07111064817211293,0.009528889700183443,0.005074594139801472
1042,pierre-gasly,2021,7,racing-bulls,6.0,6.0,7.0,0,0.015636904781906172,0.011684120604219804,0.009380860253799866
1042,fernando-alonso,2021,7,alpine,9.0,9.0,8.0,0,0.013206351675952317,0.005121038113772089,0.00318237456642077
1042,sebastian-vettel,2021,7,aston-martin,12.0,12.0,9.0,0,0.012853405597302513,0.003281374199262043,0.00170399736768544
1042,lance-stroll,2021,7,aston-martin,19.0,,10.0,0,0.008395946652659357,0.0011103717269212376,0.00043536363467562155
1042,carlos-sainz-jr,2021,7,ferrari,5.0,5.0,11.0,0,0.05611593621131483,0.02532451448979335,0.021186749865826346
1042,george-russell,2021,7,williams,14.0,14.0,12.0,0,0.0006464672000161549,0.0007179160587057628,0.0003984130070504296
1042,yuki-tsunoda,2021,7,racing-bulls,20.0,,13.0,0,0.0054629993383909494,0.0007214183394758096,0.0002769697814717148
1042,esteban-ocon,2021,7,alpine,11.0,11.0,14.0,0,0.010438547436932968,0.003060521187164558,0.0016843260125306214
1042,antonio-giovinazzi,2021,7,audi,13.0,13.0,15.0,0,0.0027718571110849845,0.0013693805683360689,0.0007303945844081979
1042,charles-leclerc,2021,7,ferrari,7.0,7.0,16.0,0,0.07277403695358818,0.018569075171492505,0.012469678039385094
1042,kimi-raikkonen,2021,7,audi,17.0,17.0,17.0,0,0.003748645303723285,0.001158286723441646,0.0005172866189810593
1042,nicholas-latifi,2021,7,williams,16.0,16.0,18.0,0,0.0005302954088697165,0.0004920950573964017,0.00025214103913642766
1042,mick-schumacher,2021,7,haas,15.0,15.0,19.0,0,0.0006614015620637543,0.0006883176136626602,0.0003666820896116523
1042,nikita-mazepin,2021,7,haas,18.0,18.0,20.0,0,0.0004121037938264933,0.0003463199940016695,0.00016626903029997087
1043,max-verstappen,2021,8,red-bull,1.0,1.0,1.0,1,0.16781559909480842,0.5338203492868047,0.45303034650172097
1043,lewis-hamilton,2021,8,mercedes,2.0,3.0,2.0,0,0.2636598939308206,0.2575441977213275,0.36041296858221433
1043,valtteri-bottas,2021,8,mercedes,5.0,2.0,3.0,0,0.0820052648794673,0.022675404148872928,0.018263591852674278
1043,sergio-perez,2021,8,red-bull,4.0,5.0,4.0,0,0.19545190843327098,0.06841349181229173,0.06222399634229361
1043,lando-norris,2021,8,mclaren,3.0,4.0,5.0,0,0.07230712582695742,0.06226896857678112,0.07115185861865893
1043,carlos-sainz-jr,2021,8,ferrari,12.0,12.0,6.0,0,0.0373711398899916,0.005220576204525381,0.0025650037466756967
1043,charles-leclerc,2021,8,ferrari,7.0,7.0,7.0,0,0.04415842640453964,0.01404825546970311,0.009675563019839942
1043,lance-stroll,2021,8,aston-martin,9.0,10.0,8.0,0,0.008016980127883528,0.0034193188224021687,0.0021595800652784106
1043,fernando-alonso,2021,8,alpine,8.0,9.0,9.0,0,0.011901286247724564,0.005789686984909685,0.003904252789072823
1043,yuki-tsunoda,2021,8,racing-bulls,11.0,8.0,10.0,0,0.004870846775665796,0.0016740637147792563,0.0009439982641613361
1043,kimi-raikkonen,2021,8,audi,18.0,18.0,11.0,0,0.0027639197162815177,0.0008845981172008074,0.0003870534945370941
1043,sebastian-vettel,2021,8,aston-martin,14.0,14.0,12.0,0,0.012220418114429877,0.002434606504645941,0.0011498794147432386
1043,daniel-ricciardo,2021,8,mclaren,13.0,13.0,13.0,0,0.0697870286794739,0.006002180745436895,0.0027083137191533423
1043,esteban-ocon,2021,8,alpine,17.0,17.0,14.0,0,0.008656073503956696,0.0013497506957462723,0.0005687356583601687
1043,antonio-giovinazzi,2021,8,audi,15.0,15.0,15.0,0,0.002143042342378708,0.0009507911948205833,0.00046994662755891245
1043,mick-schumacher,2021,8,haas,19.0,19.0,16.0,0,0.0004930154321195889,0.0003999008629606137,0.00018623602777160462
1043,nicholas-latifi,2021,8,williams,16.0,16.0,17.0,0,0.0004802666928388226,0.0004428418620167384,0.0002276981355906094
1043,nikita-mazepin,2021,8,haas,20.0,20.0,18.0,0,0.0003139082071039045,0.00025188660540170164,0.00011481801128339247
1043,george-russell,2021,8,williams,10.0,11.0,,0,0.0006534084464445502,0.0012041939620139315,0.000827906838766992
1043,pierre-gasly,2021,8,racing-bulls,6.0,6.0,,0,0.014930447253842518,0.011204936707359125,0.00902825228964421
1044,max-verstappen,2021,9,red-bull,1.0,1.0,1.0,1,0.18274420438776656,0.5965559482631067,0.5341174295046077
1044,valtteri-bottas,2021,9,mercedes,5.0,5.0,2.0,0,0.08917024321735126,0.02536150401054436,0.021554618846494334
1044,lando-norris,2021,9,mclaren,2.0,2.0,3.0,0,0.061849809849277126,0.12102476143339039,0.1914484333463131
1044,lewis-hamilton,2021,9,mercedes,4.0,4.0,4.0,0,0.2761796116811802,0.09368255609437787,0.08920986404747337
1044,carlos-sainz-jr,2021,9,ferrari,10.0,11.0,5.0,0,0.03721592156094712,0.007445251748044377,0.004352047582103461
1044,sergio-perez,2021,9,red-bull,3.0,3.0,6.0,0,0.20179515354683605,0.11497763996561967,0.1325849866685364
1044,daniel-ricciardo,2021,9,mclaren,13.0,13.0,7.0,0,0.052371508986679756,0.0055151344866084615,0.002672522355772647
1044,charles-leclerc,2021,9,ferrari,12.0,12.0,8.0,0,0.042930858305539436,0.00630373573908468,0.003270887784105302
1044,pierre-gasly,2021,9,racing-bulls,6.0,6.0,9.0,0,0.00900756478492962,0.009213994887329147,0.008058648651336821
1044,fernando-alonso,2021,9,alpine,14.0,14.0,10.0,0,0.010339160671134889,0.00244999923437734,0.0012381015227995863
1044,george-russell,2021,9,williams,8.0,9.0,11.0,0,0.0004744964519393654,0.0015629963170487387,0.0013326617641541666
1044,yuki-tsunoda,2021,9,racing-bulls,7.0,7.0,12.0,0,0.00484374777548785,0.004279118356679487,0.003446153403595028
1044,lance-stroll,2021,9,aston-martin,9.0,10.0,13.0,0,0.007673016062679341,0.0036642872252425534,0.0024613141427568316
1044,antonio-giovinazzi,2021,9,audi,15.0,15.0,14.0,0,0.0018973781137298297,0.000953854903966316,0.000502366807644066
1044,kimi-raikkonen,2021,9,audi,16.0,16.0,15.0,0,0.002580103938079266,0.001117195464315132,0.0005605409694253624
1044,nicholas-latifi,2021,9,williams,18.0,18.0,16.0,0,0.00038468129392580676,0.00036500112002607843,0.00018703651198316598
1044,sebastian-vettel,2021,9,aston-martin,11.0,8.0,17.0,0,0.010769752437937779,0.0035575289027723954,0.002086553314520573
1044,mick-schumacher,2021,9,haas,19.0,19.0,18.0,0,0.00044332357899020563,0.00041106979717020606,0.00020407510359581423
1044,nikita-mazepin,2021,9,haas,20.0,20.0,19.0,0,0.0002729483853330539,0.00025167872716805355,0.00012239769333561673
1044,esteban-ocon,2021,9,alpine,17.0,17.0,,0,0.007056514970255539,0.001306743323128053,0.0005893599794465583
1045,lewis-hamilton,2021,10,mercedes,2.0,2.0,1.0,1,0.2756408365629299,0.2561851575711359,0.35983196323682637
1045,charles-leclerc,2021,10,ferrari,4.0,4.0,2.0,0,0.041553925181104644,0.03230067661439726,0.032030616123206096
1045,valtteri-bottas,2021,10,mercedes,3.0,3.0,3.0,0,0.09658667173964548,0.05577002779567632,0.06215311933644407
1045,lando-norris,2021,10,mclaren,5.0,5.0,4.0,0,0.06623097941548128,0.027836525544816134,0.02336143897424465
1045,daniel-ricciardo,2021,10,mclaren,6.0,6.0,5.0,0,0.05293427281571937,0.017285199802389736,0.012993681252498406
1045,carlos-sainz-jr,2021,10,ferrari,10.0,11.0,6.0,0,0.03805830613299617,0.007083388854835713,0.003936773906432724
1045,fernando-alonso,2021,10,alpine,7.0,7.0,7.0,0,0.007685397789062613,0.006187777299034145,0.004703320788962397
1045,lance-stroll,2021,10,aston-martin,14.0,14.0,8.0,0,0.0056074488605585265,0.0015161301861259012,0.0007456252612022011
1045,esteban-ocon,2021,10,alpine,9.0,10.0,9.0,0,0.00449342810731079,0.002646592416184188,0.0017380627040227265
1045,yuki-tsunoda,2021,10,racing-bulls,16.0,16.0,10.0,0,0.004514723275486986,0.0010514441312096919,0.0004785964412028873
1045,pierre-gasly,2021,10,racing-bulls,11.0,12.0,11.0,0,0.008589253404911939,0.0032665590350449553,0.001856149371958134
1045,george-russell,2021,10,williams,12.0,9.0,12.0,0,0.0005332994811730643,0.0008244275341760536,0.0005144295106136832
1045,antonio-giovinazzi,2021,10,audi,15.0,15.0,13.0,0,0.001643839152455498,0.0008424703955413753,0.00042561996155660975
1045,nicholas-latifi,2021,10,williams,17.0,17.0,14.0,0,0.00039663367171441805,0.000370911057612336,0.0001869237594054978
1045,kimi-raikkonen,2021,10,audi,13.0,13.0,15.0,0,0.002166836985832409,0.0013329123246711761,0.0007323781395313515
1045,sergio-perez,2021,10,red-bull,20.0,20.0,16.0,0,0.1944269811260301,0.005213426437508055,0.0017178640386586285
1045,nikita-mazepin,2021,10,haas,19.0,19.0,17.0,0,0.00022878646945619877,0.00023670856257398845,0.00011425265267421853
1045,mick-schumacher,2021,10,haas,18.0,18.0,18.0,0,0.0003645416257036594,0.00038207374012253425,0.0001886757377309423
1045,sebastian-vettel,2021,10,aston-martin,8.0,8.0,,0,0.007275537003703766,0.004561089067982019,0.0031784645949594777
1045,max-verstappen,2021,10,red-bull,1.0,1.0,,0,0.19106830119872312,0.5751065016289625,0.4891120442078691
1046,esteban-ocon,2021,11,alpine,8.0,8.0,1.0,1,0.006002605755459747,0.0030688376987832978,0.002365784858435135
1046,lewis-hamilton,2021,11,mercedes,1.0,1.0,2.0,0,0.36374452594635975,0.7274747791961217,0.6668499019689071
1046,carlos-sainz-jr,2021,11,ferrari,15.0,15.0,3.0,0,0.051497280744932275,0.0035650602336596703,0.0016659034862115591
1046,fernando-alonso,2021,11,alpine,9.0,9.0,4.0,0,0.010333353775673187,0.004034068339331924,0.002847729745995799
1046,pierre-gasly,2021,11,racing-bulls,5.0,5.0,5.0,0,0.009687551627659472,0.010027248806514844,0.010322209305854469
1046,yuki-tsunoda,2021,11,racing-bulls,16.0,16.0,6.0,0,0.0055950289162796825,0.001009621994969683,0.0005037592743167131
1046,nicholas-latifi,2021,11,williams,18.0,18.0,7.0,0,0.0005251020410556834,0.00032318397087954733,0.00017111675713337162
1046,george-russell,2021,11,williams,17.0,17.0,8.0,0,0.0007216370320742155,0.00046260979025361277,0.000252002988923943
1046,max-verstappen,2021,11,red-bull,3.0,3.0,9.0,0,0.09446452579738378,0.06197549829096458,0.07809060885359377
1046,kimi-raikkonen,2021,11,audi,13.0,13.0,10.0,0,0.0022966379851867085,0.0011479731823400246,0.000695267790308466
1046,daniel-ricciardo,2021,11,mclaren,11.0,11.0,11.0,0,0.06816924122940217,0.006283338474283079,0.003509200682808217
1046,mick-schumacher,2021,11,haas,20.0,,12.0,0,0.0003779023075376337,0.00027283617974554146,0.00013895936039554882
1046,antonio-giovinazzi,2021,11,audi,21.0,14.0,13.0,0,0.001823902327531655,0.00044395538249414167,0.00019949078417397326
1046,nikita-mazepin,2021,11,haas,19.0,19.0,,0,0.0002617009647907361,0.00021684505469953333,0.00011513016672763115
1046,lando-norris,2021,11,mclaren,6.0,6.0,,0,0.08574264022707495,0.019812598018943174,0.01616105464551056
1046,valtteri-bottas,2021,11,mercedes,2.0,2.0,,0,0.1295921378355358,0.10209094092794026,0.16027373773727785
1046,sergio-perez,2021,11,red-bull,4.0,4.0,,0,0.1037551536831629,0.04264581067423161,0.044669472950229265
1046,charles-leclerc,2021,11,ferrari,7.0,7.0,,0,0.05970296160106503,0.01341566456775779,0.010128562309032757
1046,lance-stroll,2021,11,aston-martin,12.0,12.0,,0,0.005706110201834524,0.0017291292160859172,0.0010401063341639151
1047,max-verstappen,2021,12,red-bull,1.0,1.0,1.0,1,0.08823089318151418,0.5876624768198571,0.5560636682563556
1047,george-russell,2021,12,williams,2.0,2.0,2.0,0,0.0015833885214029924,0.03170149771269188,0.061958564657024096
1047,lewis-hamilton,2021,12,mercedes,3.0,3.0,3.0,0,0.3919585678947383,0.2346792930588098,0.2675401812096894
1047,daniel-ricciardo,2021,12,mclaren,4.0,4.0,4.0,0,0.06014961432617607,0.05055299178134304,0.05214910790867313
1047,sebastian-vettel,2021,12,aston-martin,5.0,5.0,5.0,0,0.004796712250034798,0.010853277874892856,0.01107990109214688
1047,pierre-gasly,2021,12,racing-bulls,6.0,6.0,6.0,0,0.018406172249940643,0.016752638882427326,0.014301926607558227
1047,esteban-ocon,2021,12,alpine,8.0,9.0,7.0,0,0.01413127381066105,0.0076433153365327005,0.00542951257036804
1047,charles-leclerc,2021,12,ferrari,9.0,11.0,8.0,0,0.055733541611209185,0.013806744856487101,0.008558784234483162
1047,nicholas-latifi,2021,12,williams,10.0,12.0,9.0,0,0.0011970126310090795,0.001984277110471134,0.0014069907774616546
1047,carlos-sainz-jr,2021,12,ferrari,11.0,13.0,10.0,0,0.06446560530093637,0.011382787439512751,0.006190699531398925
1047,fernando-alonso,2021,12,alpine,12.0,14.0,11.0,0,0.022579029444566513,0.005996865332583971,0.0032562046722113707
1047,valtteri-bottas,2021,12,mercedes,13.0,8.0,12.0,0,0.10930866184213084,0.007923553293729502,0.0036776597559794967
1047,antonio-giovinazzi,2021,12,audi,14.0,16.0,13.0,0,0.0027417272244912912,0.0016738744966322994,0.0009165350640442419
1047,lando-norris,2021,12,mclaren,15.0,10.0,14.0,0,0.06400618537135304,0.006645045160609715,0.002959753209274035
1047,yuki-tsunoda,2021,12,racing-bulls,16.0,17.0,15.0,0,0.010878658534890761,0.002292102855140568,0.0010641255297125644
1047,mick-schumacher,2021,12,haas,17.0,18.0,16.0,0,0.0006255253604294466,0.0007814337151057502,0.00041552810316218086
1047,nikita-mazepin,2021,12,haas,18.0,20.0,17.0,0,0.00032627674798278933,0.0004120574167961909,0.0002147208021640717
1047,kimi-raikkonen,2021,12,audi,21.0,19.0,18.0,0,0.003593417510266838,0.0011108705168973929,0.0004672123062058531
1047,sergio-perez,2021,12,red-bull,20.0,7.0,19.0,0,0.08070018979238745,0.0048682045477258075,0.0017894105942513625
1047,lance-stroll,2021,12,aston-martin,19.0,15.0,20.0,0,0.004587546393878402,0.0012766917917531792,0.0005595131178357388
1048,max-verstappen,2021,13,red-bull,1.0,1.0,1.0,1,0.09465843748778775,0.4802679860523324,0.4046197201522264
1048,lewis-hamilton,2021,13,mercedes,2.0,2.0,2.0,0,0.39441739491510386,0.3409356982871447,0.4479555660173743
1048,valtteri-bottas,2021,13,mercedes,3.0,3.0,3.0,0,0.10145688517549499,0.05715881383032609,0.06004322582960941
1048,pierre-gasly,2021,13,racing-bulls,4.0,4.0,4.0,0,0.021129650692754173,0.026046705441071263,0.025464543102925747
1048,charles-leclerc,2021,13,ferrari,5.0,5.0,5.0,0,0.058078071244478946,0.026859347933079553,0.021484914087377828
1048,fernando-alonso,2021,13,alpine,9.0,9.0,6.0,0,0.02484767920212979,0.007303750555337247,0.004212003157142736
1048,carlos-sainz-jr,2021,13,ferrari,6.0,6.0,7.0,0,0.06462375531526932,0.022058761475983606,0.01567681676136439
1048,sergio-perez,2021,13,red-bull,20.0,16.0,8.0,0,0.06584152028463344,0.003156791098356515,0.0010401087422825515
1048,esteban-ocon,2021,13,alpine,8.0,8.0,9.0,0,0.016917674844628146,0.006353936525513497,0.003985982070501034
1048,lando-norris,2021,13,mclaren,13.0,13.0,10.0,0,0.05936263440217458,0.005843300388399168,0.0025412015101249938
1048,daniel-ricciardo,2021,13,mclaren,10.0,10.0,11.0,0,0.0659368137201317,0.009652799951631662,0.004945163516485964
1048,lance-stroll,2021,13,aston-martin,12.0,12.0,12.0,0,0.0043926122056854615,0.0018563170192069855,0.0009685326711450811
1048,sebastian-vettel,2021,13,aston-martin,15.0,17.0,13.0,0,0.005823148106755918,0.001657604182376731,0.0007455322229204835
1048,antonio-giovinazzi,2021,13,audi,7.0,7.0,14.0,0,0.0027686906778573673,0.0038474986450656046,0.0029143648588095595
1048,robert-kubica,2021,13,audi,16.0,18.0,15.0,0,0.0031041199478012323,0.0011526886867150663,0.0005154026985207102
1048,nicholas-latifi,2021,13,williams,19.0,14.0,16.0,0,0.0021007182917844847,0.0006789706062617128,0.0002762910061328557
1048,george-russell,2021,13,williams,11.0,11.0,17.0,0,0.003123884037348653,0.0022453680888239735,0.001279706921753773
1048,mick-schumacher,2021,13,haas,17.0,19.0,18.0,0,0.0006912086346378201,0.000610686010951735,0.0002874627824694974
1048,yuki-tsunoda,2021,13,racing-bulls,14.0,15.0,,0,0.010352499462222746,0.001981873322036319,0.0008908522858263872
1048,nikita-mazepin,2021,13,haas,18.0,20.0,,0,0.0003726013513195977,0.0003311018993862153,0.00015260960500616542
1049,daniel-ricciardo,2021,14,mclaren,2.0,3.0,1.0,1,0.05034269955788577,0.12224723096070589,0.19346205224992574
1049,lando-norris,2021,14,mclaren,3.0,4.0,2.0,0,0.046292085551191624,0.06013495598723202,0.07373847387606443
1049,valtteri-bottas,2021,14,mercedes,19.0,1.0,3.0,0,0.11149143463093016,0.0037340495717098706,0.001329083008731229
1049,charles-leclerc,2021,14,ferrari,5.0,6.0,4.0,0,0.05950825164717199,0.03101823850632636,0.02720179115263405
1049,sergio-perez,2021,14,red-bull,8.0,9.0,5.0,0,0.06749779165308258,0.015017142497560787,0.00967993339746022
1049,carlos-sainz-jr,2021,14,ferrari,6.0,7.0,6.0,0,0.06381786529572002,0.024692814986402908,0.019256771969562953
1049,lance-stroll,2021,14,aston-martin,9.0,10.0,7.0,0,0.003980448780313277,0.003208231782301849,0.0022178031189549405
1049,fernando-alonso,2021,14,alpine,10.0,11.0,8.0,0,0.025803730300609822,0.007209315939150912,0.004261266954653417
1049,george-russell,2021,14,williams,14.0,15.0,9.0,0,0.0023662569060548064,0.0015330180954088032,0.000834758639097684
1049,esteban-ocon,2021,14,alpine,12.0,13.0,10.0,0,0.01706435762484235,0.00381451101431316,0.0020289919466550095
1049,nicholas-latifi,2021,14,williams,13.0,14.0,11.0,0,0.0016573563591294133,0.0012751575212786375,0.0007341661298446395
1049,sebastian-vettel,2021,14,aston-martin,11.0,12.0,12.0,0,0.0051218893167751306,0.0028942372245873683,0.0017507462361913211
1049,antonio-giovinazzi,2021,14,audi,7.0,8.0,13.0,0,0.0023821620494659697,0.0041149491560439665,0.0034496161447623765
1049,robert-kubica,2021,14,audi,17.0,18.0,14.0,0,0.002613080332157877,0.0011000678731639224,0.000524118071761755
1049,mick-schumacher,2021,14,haas,18.0,19.0,15.0,0,0.0005468145248254577,0.000576661581573742,0.00029108933782374957
1049,nikita-mazepin,2021,14,haas,16.0,17.0,,0,0.0002830961016024581,0.00039801464995854367,0.00022002908398099802
1049,lewis-hamilton,2021,14,mercedes,4.0,5.0,,0,0.41396263273293515,0.1316185888804748,0.12186195711701428
1049,max-verstappen,2021,14,red-bull,1.0,2.0,,0,0.10634826845538055,0.5830625707390632,0.5362401048977229
1049,pierre-gasly,2021,14,racing-bulls,20.0,,,0,0.018919778179925587,0.0023502430327431907,0.0009172466671582247
1050,lewis-hamilton,2021,15,mercedes,4.0,4.0,1.0,1,0.29265710050763555,0.12596073606113464,0.11553999326897729
1050,max-verstappen,2021,15,red-bull,20.0,20.0,2.0,0,0.08214867188563328,0.00523894100987221,0.0018428498536885234
1050,carlos-sainz-jr,2021,15,ferrari,2.0,2.0,3.0,0,0.08948511986574267,0.19118179076933303,0.2869641723971488
1050,daniel-ricciardo,2021,15,mclaren,5.0,5.0,4.0,0,0.09142261596607956,0.044919087742715844,0.03762302737454286
1050,valtteri-bottas,2021,15,mercedes,16.0,7.0,5.0,0,0.11014143360931362,0.006214759315241687,0.002423844087624186
1050,fernando-alonso,2021,15,alpine,6.0,6.0,6.0,0,0.03227271363435357,0.021338742482874113,0.016842695299356367
1050,lando-norris,2021,15,mclaren,1.0,1.0,7.0,0,0.08295220362078523,0.5218839916862494,0.46923240253785164
1050,kimi-raikkonen,2021,15,audi,13.0,16.0,8.0,0,0.003354898688492957,0.0023010648061246057,0.0012555799563743393
1050,sergio-perez,2021,15,red-bull,8.0,9.0,9.0,0,0.0679055310788327,0.018883923360404804,0.011933440079962053
1050,george-russell,2021,15,williams,3.0,3.0,10.0,0,0.003638955006591682,0.02512487661897322,0.034709396016176425
1050,lance-stroll,2021,15,aston-martin,7.0,8.0,11.0,0,0.0059476101579356,0.006950505508301071,0.005397567742549482
1050,sebastian-vettel,2021,15,aston-martin,10.0,11.0,12.0,0,0.00695079541541408,0.004521223508642209,0.0027894996799656163
1050,pierre-gasly,2021,15,racing-bulls,11.0,12.0,13.0,0,0.012788491693470343,0.006049566783940583,0.0034427159585442
1050,esteban-ocon,2021,15,alpine,9.0,10.0,14.0,0,0.021049829512956135,0.007852771060384995,0.0048433388896514514
1050,charles-leclerc,2021,15,ferrari,19.0,15.0,15.0,0,0.08656736325608637,0.0053634487547231605,0.0019322326602505028
1050,antonio-giovinazzi,2021,15,audi,17.0,18.0,16.0,0,0.0028894017823777583,0.0013293124713592644,0.0006141079383088528
1050,yuki-tsunoda,2021,15,racing-bulls,12.0,13.0,17.0,0,0.004351288948384466,0.0021212528823689497,0.0011730545141758841
1050,nikita-mazepin,2021,15,haas,15.0,19.0,18.0,0,0.0003099569050282792,0.0005355124064378354,0.0002994241902775069
1050,nicholas-latifi,2021,15,williams,18.0,14.0,19.0,0,0.002499347736859495,0.001088227278545526,0.0004870058826437115
1050,mick-schumacher,2021,15,haas,14.0,17.0,,0,0.0006666707280265999,0.0011402654923728366,0.0006536516719304238
1051,valtteri-bottas,2021,16,mercedes,1.0,2.0,1.0,1,0.11751964743398888,0.5209828836017606,0.4489745637709184
1051,max-verstappen,2021,16,red-bull,2.0,3.0,2.0,0,0.08960830569498572,0.21585665784070435,0.3228155697567167
1051,sergio-perez,2021,16,red-bull,6.0,7.0,3.0,0,0.06706395110398623,0.02994949042274147,0.02247297724093995
1051,charles-leclerc,2021,16,ferrari,3.0,4.0,4.0,0,0.06527078878571095,0.08640031023227643,0.10062634694236852
1051,lewis-hamilton,2021,16,mercedes,11.0,1.0,5.0,0,0.3177430623385998,0.02765104733457128,0.013168951868779498
1051,pierre-gasly,2021,16,racing-bulls,4.0,5.0,6.0,0,0.009717163030968092,0.02754327333148644,0.029941936744104176
1051,lando-norris,2021,16,mclaren,7.0,8.0,7.0,0,0.0818946370649931,0.024884418378579937,0.016714610591730104
1051,carlos-sainz-jr,2021,16,ferrari,19.0,15.0,8.0,0,0.08152685877945644,0.005696612176893609,0.002046459494230048
1051,lance-stroll,2021,16,aston-martin,8.0,9.0,9.0,0,0.005656949496851034,0.005763584274760836,0.004086229270088847
1051,esteban-ocon,2021,16,alpine,12.0,12.0,10.0,0,0.01758757823660405,0.0046952210513433,0.002409595966314507
1051,antonio-giovinazzi,2021,16,audi,16.0,18.0,11.0,0,0.002705698855596913,0.0014377437471360553,0.0006847710576122307
1051,kimi-raikkonen,2021,16,audi,17.0,19.0,12.0,0,0.0035466205382455153,0.0016425919192267983,0.0007478310994006734
1051,daniel-ricciardo,2021,16,mclaren,20.0,16.0,13.0,0,0.09434399112632678,0.005367865799616173,0.0018462243047768908
1051,yuki-tsunoda,2021,16,racing-bulls,9.0,10.0,14.0,0,0.003268640383378697,0.003058705771663678,0.0020420631315912585
1051,george-russell,2021,16,williams,13.0,13.0,15.0,0,0.003371319768202884,0.002572900660024037,0.0013973624083259192
1051,fernando-alonso,2021,16,alpine,5.0,6.0,16.0,0,0.02995488085079654,0.02923268382115467,0.025799846550633828
1051,nicholas-latifi,2021,16,williams,15.0,17.0,17.0,0,0.0020028703969555066,0.001322685627681497,0.0006644891555362317
1051,sebastian-vettel,2021,16,aston-martin,10.0,11.0,18.0,0,0.006456372873468427,0.004534963814525168,0.0027818060777555754
1051,mick-schumacher,2021,16,haas,14.0,14.0,19.0,0,0.0004918928067462578,0.001001728540804749,0.0005767475572505136
1051,nikita-mazepin,2021,16,haas,18.0,20.0,20.0,0,0.00026877043413814773,0.0004046316530489731,0.00020161701092611314
1052,max-verstappen,2021,17,red-bull,1.0,1.0,1.0,1,0.10998762631373936,0.50010736042924,0.4282122889228877
1052,lewis-hamilton,2021,17,mercedes,2.0,2.0,2.0,0,0.32123136487667514,0.2839243458694651,0.3846032735785199
1052,sergio-perez,2021,17,red-bull,3.0,3.0,3.0,0,0.08212560920848067,0.06925276388538418,0.07710954574196349
1052,charles-leclerc,2021,17,ferrari,4.0,5.0,4.0,0,0.06798165106994775,0.04036353448035054,0.037821233213268884
1052,daniel-ricciardo,2021,17,mclaren,6.0,7.0,5.0,0,0.0698881783860131,0.021859385818346778,0.015829364030028367
1052,valtteri-bottas,2021,17,mercedes,9.0,4.0,6.0,0,0.13215773369417333,0.012546328778432782,0.0066913743981724585
1052,carlos-sainz-jr,2021,17,ferrari,5.0,6.0,7.0,0,0.07886884918230246,0.032201493238035214,0.026095800913199404
1052,lando-norris,2021,17,mclaren,7.0,8.0,8.0,0,0.06730009705360958,0.016609424526255752,0.010917476589724437
1052,yuki-tsunoda,2021,17,racing-bulls,10.0,10.0,9.0,0,0.003170589357231273,0.0017797527193684646,0.001074450269004321
1052,sebastian-vettel,2021,17,aston-martin,18.0,12.0,10.0,0,0.005058839101030668,0.0011196646117166207,0.00046253415950556583
1052,antonio-giovinazzi,2021,17,audi,12.0,13.0,11.0,0,0.0028166099815330058,0.001650584788598033,0.000910613434522643
1052,lance-stroll,2021,17,aston-martin,13.0,16.0,12.0,0,0.005147901064811617,0.0018970315670816993,0.0009629014285853318
1052,kimi-raikkonen,2021,17,audi,15.0,18.0,13.0,0,0.0035873068646144622,0.001424852034590075,0.0006782928689835888
1052,george-russell,2021,17,williams,20.0,15.0,14.0,0,0.0027311110720951246,0.0008492051029252539,0.0003432104706223535
1052,nicholas-latifi,2021,17,williams,14.0,17.0,15.0,0,0.0016088683430177549,0.0009523138612836114,0.0004889080470762805
1052,mick-schumacher,2021,17,haas,16.0,19.0,16.0,0,0.0003980455524780074,0.0005243526436788429,0.00027115671440550593
1052,nikita-mazepin,2021,17,haas,17.0,20.0,17.0,0,0.00022250697348331374,0.0002915588949580601,0.00014717598247350686
1052,fernando-alonso,2021,17,alpine,19.0,14.0,,0,0.021220002311549566,0.002138646571101446,0.0007959492603278625
1052,esteban-ocon,2021,17,alpine,11.0,11.0,,0,0.014020267064382188,0.0035635075300380894,0.0018949468677304717
1052,pierre-gasly,2021,17,racing-bulls,8.0,9.0,,0,0.010476842528831642,0.006943892649149522,0.004689503108997988
1053,max-verstappen,2021,18,red-bull,3.0,3.0,1.0,1,0.13333114052427275,0.10668646526724447,0.11531958220655018
1053,lewis-hamilton,2021,18,mercedes,2.0,2.0,2.0,0,0.3162120424030052,0.3129193843995173,0.41925583077263096
1053,sergio-perez,2021,18,red-bull,4.0,4.0,3.0,0,0.09781558245710077,0.052200157859813086,0.047373136457007685
1053,pierre-gasly,2021,18,racing-bulls,5.0,5.0,4.0,0,0.006968025089582126,0.012811597826104526,0.011731814471566323
1053,charles-leclerc,2021,18,ferrari,8.0,8.0,5.0,0,0.0702584157822576,0.01533336868624081,0.00913506353757705
1053,carlos-sainz-jr,2021,18,ferrari,6.0,6.0,6.0,0,0.0771908157655009,0.026117885377648094,0.01863155256478477
1053,sebastian-vettel,2021,18,aston-martin,9.0,11.0,7.0,0,0.00496282101138349,0.0036884026596570615,0.0023403937502223526
1053,kimi-raikkonen,2021,18,audi,10.0,12.0,8.0,0,0.0034014051146116775,0.002889053734529789,0.001761207304855245
1053,fernando-alonso,2021,18,alpine,12.0,16.0,9.0,0,0.010022089247478768,0.0034940559888833518,0.001790147810107368
1053,lando-norris,2021,18,mclaren,18.0,10.0,10.0,0,0.0625590072314104,0.003973739957601708,0.0014220887170299122
1053,antonio-giovinazzi,2021,18,audi,11.0,14.0,11.0,0,0.0027889267783354097,0.002102377617929192,0.0012123641250625494
1053,daniel-ricciardo,2021,18,mclaren,7.0,7.0,12.0,0,0.06808103821560783,0.01889005045401371,0.012280312505669525
1053,esteban-ocon,2021,18,alpine,19.0,15.0,13.0,0,0.006749063687382768,0.0012131785118326532,0.00046895247121126664
1053,lance-stroll,2021,18,aston-martin,20.0,20.0,14.0,0,0.004890362205160142,0.001035805059993878,0.00039621983560427356
1053,valtteri-bottas,2021,18,mercedes,1.0,1.0,15.0,0,0.127335258247876,0.43225625610783475,0.35470227773046936
1053,george-russell,2021,18,williams,16.0,13.0,16.0,0,0.002384886579330317,0.0012543110822304286,0.0005811347119480902
1053,nicholas-latifi,2021,18,williams,13.0,17.0,17.0,0,0.0014191898477950214,0.0011218796817889084,0.0006005608365618606
1053,nikita-mazepin,2021,18,haas,15.0,19.0,18.0,0,0.00021765175562667676,0.0003902071680584904,0.00021099000005040278
1053,mick-schumacher,2021,18,haas,14.0,18.0,,0,0.00038165005764841407,0.0006991601837920073,0.0003895365886310988
1053,yuki-tsunoda,2021,18,racing-bulls,17.0,9.0,,0,0.0030306279986336664,0.0009226623752859554,0.00039683360245963825
1054,lewis-hamilton,2021,19,mercedes,10.0,5.0,1.0,1,0.2839874347057204,0.02865464598670269,0.014204843414461061
1054,max-verstappen,2021,19,red-bull,2.0,2.0,2.0,0,0.1741171229840603,0.2667232515826033,0.3743689585359552
1054,valtteri-bottas,2021,19,mercedes,1.0,1.0,3.0,0,0.09755485422706948,0.4365218867421095,0.36926827664807277
1054,sergio-perez,2021,19,red-bull,4.0,4.0,4.0,0,0.1256052657436256,0.06793861404809227,0.06193218010461064
1054,charles-leclerc,2021,19,ferrari,6.0,7.0,5.0,0,0.07844804146463144,0.029777618695019024,0.021562310866846873
1054,carlos-sainz-jr,2021,19,ferrari,3.0,3.0,6.0,0,0.08446603688273407,0.09443046825375459,0.10593899025848261
1054,pierre-gasly,2021,19,racing-bulls,7.0,8.0,7.0,0,0.007748719648813784,0.009751342612482372,0.00733238015814314
1054,esteban-ocon,2021,19,alpine,8.0,9.0,8.0,0,0.00667138632420373,0.0054905647911879215,0.0037422201932122926
1054,fernando-alonso,2021,19,alpine,12.0,12.0,9.0,0,0.010353894847479079,0.004203220763019962,0.0021913596552624974
1054,lando-norris,2021,19,mclaren,5.0,6.0,10.0,0,0.05185225373156323,0.03248740363816858,0.02697019330393332
1054,sebastian-vettel,2021,19,aston-martin,9.0,10.0,11.0,0,0.005748447162044847,0.004729246067230642,0.003037787835662812
1054,kimi-raikkonen,2021,19,audi,20.0,18.0,12.0,0,0.004276059496890451,0.0012681481034487498,0.0005013925535808654
1054,george-russell,2021,19,williams,17.0,17.0,13.0,0,0.002072084478624176,0.001255060135453599,0.0005742149681421053
1054,antonio-giovinazzi,2021,19,audi,13.0,13.0,14.0,0,0.00337358138628603,0.0020456178686099535,0.0010691143745692534
1054,yuki-tsunoda,2021,19,racing-bulls,15.0,15.0,15.0,0,0.002446004454699459,0.0011082467559247156,0.0005286914832942597
1054,nicholas-latifi,2021,19,williams,16.0,16.0,16.0,0,0.0012447986639657974,0.0008976991829127757,0.00043219858571681306
1054,nikita-mazepin,2021,19,haas,19.0,20.0,17.0,0,0.00020862637677145006,0.0003176243109627639,0.00015120207562368862
1054,mick-schumacher,2021,19,haas,18.0,19.0,18.0,0,0.0003223157573800523,0.0004994827985716272,0.00024345057315235816
1054,daniel-ricciardo,2021,19,mclaren,11.0,11.0,,0,0.054427966476016866,0.009777250545474264,0.004916847870187087
1054,lance-stroll,2021,19,aston-martin,14.0,14.0,,0,0.005075105187419737,0.0021226071182707962,0.0010333865410902894
1055,lewis-hamilton,2021,20,mercedes,1.0,1.0,1.0,1,0.30876645225801946,0.7868477245622736,0.7495053942165033
1055,max-verstappen,2021,20,red-bull,7.0,2.0,2.0,0,0.18592403356512946,0.026992107607579002,0.019811201969904046
1055,fernando-alonso,2021,20,alpine,3.0,5.0,3.0,0,0.010574662199606167,0.02647628714935404,0.03856729190499493
1055,sergio-perez,2021,20,red-bull,11.0,11.0,4.0,0,0.13198485744159574,0.009916227383040968,0.005510374709064296
1055,esteban-ocon,2021,20,alpine,9.0,9.0,5.0,0,0.0070614903044161036,0.0033361500679225456,0.0024451617560659012
1055,lance-stroll,2021,20,aston-martin,12.0,12.0,6.0,0,0.003317287216085215,0.001539949163397548,0.0009804582162314692
1055,carlos-sainz-jr,2021,20,ferrari,5.0,7.0,7.0,0,0.08153105670710077,0.02923320385651211,0.027593186711070226
1055,charles-leclerc,2021,20,ferrari,13.0,13.0,8.0,0,0.07719203675487778,0.006198084531481777,0.0031957352617714516
1055,lando-norris,2021,20,mclaren,4.0,6.0,9.0,0,0.03259748236749222,0.027594146539851573,0.031514969881779625
1055,sebastian-vettel,2021,20,aston-martin,10.0,10.0,10.0,0,0.00437472442266005,0.002592680952362957,0.001840503595834326
1055,pierre-gasly,2021,20,racing-bulls,2.0,4.0,11.0,0,0.007748525322381883,0.05048829319167522,0.09773660455833301
1055,daniel-ricciardo,2021,20,mclaren,14.0,14.0,12.0,0,0.028605763839836998,0.0034357131465163086,0.0017784338962096348
1055,yuki-tsunoda,2021,20,racing-bulls,8.0,8.0,13.0,0,0.0022233823969600827,0.0019808191932830094,0.0016413152747261632
1055,kimi-raikkonen,2021,20,audi,16.0,16.0,14.0,0,0.0037980583945111325,0.0012140305234502513,0.0006466123797673653
1055,antonio-giovinazzi,2021,20,audi,18.0,18.0,15.0,0,0.0029349684741713693,0.0008110856056535588,0.00040345163029584203
1055,mick-schumacher,2021,20,haas,19.0,19.0,16.0,0,0.00028477023013050135,0.0003033039923967665,0.0001668889645963018
1055,george-russell,2021,20,williams,15.0,15.0,17.0,0,0.0018587630329597376,0.0010353067260692147,0.0005993752511415121
1055,nikita-mazepin,2021,20,haas,20.0,20.0,18.0,0,0.00019570941005819123,0.00020378059627940585,0.00010954433353178328
1055,nicholas-latifi,2021,20,williams,17.0,17.0,,0,0.0010872874025537607,0.0005403595457644606,0.0002927954854305832
1055,valtteri-bottas,2021,20,mercedes,6.0,3.0,,0,0.10793868825945338,0.019260745665135644,0.015660700002748204
1056,lewis-hamilton,2021,21,mercedes,1.0,1.0,1.0,1,0.26416489975137336,0.7056182171733905,0.6547029233151889
1056,max-verstappen,2021,21,red-bull,3.0,3.0,2.0,0,0.22879955323619666,0.10244980482401167,0.12246641977584014
1056,valtteri-bottas,2021,21,mercedes,2.0,2.0,3.0,0,0.07118783847197449,0.07821404356575726,0.12514301726247642
1056,esteban-ocon,2021,21,alpine,9.0,9.0,4.0,0,0.010923161939612956,0.0036843247781795175,0.0025379139537922905
1056,daniel-ricciardo,2021,21,mclaren,11.0,11.0,5.0,0,0.026389079552716396,0.00438070795221983,0.0025520818194001912
1056,pierre-gasly,2021,21,racing-bulls,6.0,6.0,6.0,0,0.008107818436378733,0.008303573844751022,0.007685509762771953
1056,charles-leclerc,2021,21,ferrari,4.0,4.0,7.0,0,0.07751541095301867,0.036077008645041576,0.037780111331333584
1056,carlos-sainz-jr,2021,21,ferrari,15.0,15.0,8.0,0,0.08296586407544292,0.004765548152176099,0.002154473108300752
1056,antonio-giovinazzi,2021,21,audi,10.0,10.0,9.0,0,0.0027815135596788608,0.0018212352655081,0.001269179250040608
1056,lando-norris,2021,21,mclaren,7.0,7.0,10.0,0,0.031357155494091814,0.010327421681857024,0.007979932969500782
1056,lance-stroll,2021,21,aston-martin,18.0,18.0,11.0,0,0.004657374332490091,0.0008768851194767773,0.00040841533034976574
1056,nicholas-latifi,2021,21,williams,16.0,16.0,12.0,0,0.0008551183754433963,0.0004831408861932032,0.00026502311948685734
1056,fernando-alonso,2021,21,alpine,13.0,13.0,13.0,0,0.016565087069067244,0.0029352913477355964,0.001585009804365321
1056,yuki-tsunoda,2021,21,racing-bulls,8.0,8.0,14.0,0,0.0024219851074359982,0.0019015652841502452,0.0015107175851691815
1056,kimi-raikkonen,2021,21,audi,12.0,12.0,15.0,0,0.0036133250505106075,0.0017047970058640806,0.0010515118357011255
1056,sebastian-vettel,2021,21,aston-martin,17.0,17.0,,0,0.005690535233331872,0.0011364771462699043,0.0005461653790885929
1056,sergio-perez,2021,21,red-bull,5.0,5.0,,0,0.15994956220944528,0.03386468238976099,0.029537225006054064
1056,nikita-mazepin,2021,21,haas,20.0,20.0,,0,0.00021257238264572704,0.00019179349524131473,9.873488660197732e-05
1056,george-russell,2021,21,williams,14.0,14.0,,0,0.0015256654315222574,0.0009724355818260951,0.0005723579554585437
1056,mick-schumacher,2021,21,haas,19.0,19.0,,0,0.00031647933762269227,0.00029104586058914647,0.00015327654907888784
1057,max-verstappen,2021,22,red-bull,1.0,1.0,1.0,1,0.1895598547230101,0.5723300609461905,0.4884927967413069
1057,lewis-hamilton,2021,22,mercedes,2.0,2.0,2.0,0,0.3334530113806241,0.2662367585569539,0.370110498120864
1057,carlos-sainz-jr,2021,22,ferrari,5.0,5.0,3.0,0,0.08169959984264567,0.027101241079271535,0.022367003423181007
1057,yuki-tsunoda,2021,22,racing-bulls,8.0,8.0,4.0,0,0.0026752532711323174,0.001989987761379102,0.0014275688919743968
1057,pierre-gasly,2021,22,racing-bulls,12.0,12.0,5.0,0,0.009788357408813769,0.003144359066426861,0.00168941657951232
1057,valtteri-bottas,2021,22,mercedes,6.0,6.0,6.0,0,0.09245365127570089,0.015962316489687704,0.011409031775962544
1057,lando-norris,2021,22,mclaren,3.0,3.0,7.0,0,0.03319956476222307,0.040257177908305956,0.048181847885338094
1057,fernando-alonso,2021,22,alpine,11.0,11.0,8.0,0,0.017268330014184433,0.0038501280779357073,0.0020918538699209494
1057,esteban-ocon,2021,22,alpine,9.0,9.0,9.0,0,0.013349761105748538,0.0042489473580899564,0.0026385282069159182
1057,charles-leclerc,2021,22,ferrari,7.0,7.0,10.0,0,0.07778909535691673,0.015305590242968388,0.010216711279972816
1057,sebastian-vettel,2021,22,aston-martin,15.0,15.0,11.0,0,0.004261526779683074,0.0012053033432043144,0.0005777218223480109
1057,daniel-ricciardo,2021,22,mclaren,10.0,10.0,12.0,0,0.030519783481683896,0.005629449603609019,0.0031460809883242257
1057,lance-stroll,2021,22,aston-martin,13.0,13.0,13.0,0,0.004123269609576273,0.0014684915296478954,0.0007713711631886618
1057,mick-schumacher,2021,22,haas,19.0,19.0,14.0,0,0.00026542510995513675,0.000273148881567884,0.00013195629954526465
1057,sergio-perez,2021,22,red-bull,4.0,4.0,15.0,0,0.10048340763033282,0.037716453733100785,0.035175074724480095
1057,nicholas-latifi,2021,22,williams,16.0,16.0,,0,0.0008849163802313009,0.0005210732028321215,0.0002601149361031906
1057,antonio-giovinazzi,2021,22,audi,14.0,14.0,,0,0.003192133454184567,0.0011887377145788978,0.000604828345458837
1057,george-russell,2021,22,williams,17.0,17.0,,0,0.0013087540743136992,0.0006592359933347353,0.00031363752957051067
1057,kimi-raikkonen,2021,22,audi,18.0,18.0,,0,0.003724304339039632,0.0009115385109147848,0.00039395741603232004
1058,charles-leclerc,2022,1,ferrari,1.0,1.0,1.0,1,0.0640371692986971,0.427638339217289,0.3742735072913942
1058,carlos-sainz-jr,2022,1,ferrari,3.0,3.0,2.0,0,0.07620725086337027,0.08896258442452369,0.09814971533951425
1058,lewis-hamilton,2022,1,mercedes,5.0,5.0,3.0,0,0.32540278193478,0.09427966536286167,0.07236926457265493
1058,george-russell,2022,1,mercedes,9.0,9.0,4.0,0,0.19666686663594501,0.024575584526596615,0.013777977464645378
1058,kevin-magnussen,2022,1,haas,7.0,7.0,5.0,0,0.0002294961581934131,0.0017071238339024554,0.0015627676625738956
1058,valtteri-bottas,2022,1,audi,6.0,6.0,6.0,0,0.00093269676561138,0.003049995492465062,0.0028212901838160953
1058,esteban-ocon,2022,1,alpine,11.0,11.0,7.0,0,0.011956375033279436,0.0043900340353371,0.0025265573822117926
1058,yuki-tsunoda,2022,1,racing-bulls,16.0,16.0,8.0,0,0.0035232136007217717,0.0011417373569320302,0.0005623788944041467
1058,fernando-alonso,2022,1,alpine,8.0,8.0,9.0,0,0.015817599842596727,0.009149752945141051,0.006241171889138092
1058,guanyu-zhou,2022,1,audi,15.0,15.0,10.0,0,0.0018454074825202424,0.001296818402971656,0.0006894498863034668
1058,mick-schumacher,2022,1,haas,12.0,12.0,11.0,0,0.0002753086607526595,0.0008574679735944855,0.0005721623274203828
1058,lance-stroll,2022,1,aston-martin,19.0,19.0,12.0,0,0.0033851059421515116,0.0011038856123682884,0.0004963004284042395
1058,alexander-albon,2022,1,williams,14.0,14.0,13.0,0,0.0006363305417937565,0.0008930981248226889,0.0005216807344744377
1058,daniel-ricciardo,2022,1,mclaren,18.0,18.0,14.0,0,0.02336317727387151,0.0029326787316945138,0.0012319837375144491
1058,lando-norris,2022,1,mclaren,13.0,13.0,15.0,0,0.02784489413965233,0.005657313092706841,0.0028408942580751013
1058,nicholas-latifi,2022,1,williams,20.0,20.0,16.0,0,0.000531068073061036,0.00043891235770879614,0.00021072573701046794
1058,nico-hulkenberg,2022,1,aston-martin,17.0,17.0,17.0,0,0.003492392855696247,0.0013486034301388554,0.0006452682878057707
1058,sergio-perez,2022,1,red-bull,4.0,4.0,18.0,0,0.06730749179222582,0.04449640238651133,0.04175700279301619
1058,max-verstappen,2022,1,red-bull,2.0,2.0,19.0,0,0.16392997200292908,0.27908136531870803,0.37448366459379234
1058,pierre-gasly,2022,1,racing-bulls,10.0,10.0,,0,0.012615401102150732,0.006998637373725808,0.004266236535830384
1059,max-verstappen,2022,2,red-bull,4.0,4.0,1.0,1,0.0820372071163143,0.09024165929438252,0.08458478245959215
1059,charles-leclerc,2022,2,ferrari,2.0,2.0,2.0,0,0.09271868609210586,0.2251988083748283,0.31044351761468886
1059,carlos-sainz-jr,2022,2,ferrari,3.0,3.0,3.0,0,0.10763266751634414,0.13554987157960416,0.14722358932346258
1059,sergio-perez,2022,2,red-bull,1.0,1.0,4.0,0,0.03564992161328359,0.38941063644654206,0.3512989941695247
1059,george-russell,2022,2,mercedes,6.0,6.0,5.0,0,0.22339392019202126,0.06403545710385437,0.04506905888194035
1059,esteban-ocon,2022,2,alpine,5.0,5.0,6.0,0,0.014206522093866815,0.021623435953082384,0.01941062343400509
1059,lando-norris,2022,2,mclaren,11.0,11.0,7.0,0,0.020652608098197932,0.008420743106688448,0.004734821964777819
1059,pierre-gasly,2022,2,racing-bulls,9.0,9.0,8.0,0,0.009418708406903216,0.009034907303977163,0.005945342623609962
1059,kevin-magnussen,2022,2,haas,10.0,10.0,9.0,0,0.0004406021728132111,0.0017515755008397495,0.001267696286962
1059,lewis-hamilton,2022,2,mercedes,15.0,16.0,10.0,0,0.3676954372382292,0.023303014302084146,0.009502397353651786
1059,guanyu-zhou,2022,2,audi,12.0,13.0,11.0,0,0.0012955305956646964,0.0015427716147687742,0.0009456955591604896
1059,nico-hulkenberg,2022,2,aston-martin,17.0,18.0,12.0,0,0.0030989737971019956,0.0016594382380889132,0.0008004728896255303
1059,lance-stroll,2022,2,aston-martin,13.0,15.0,13.0,0,0.003273347439273838,0.002643422825107647,0.0014830218239297848
1059,alexander-albon,2022,2,williams,16.0,17.0,14.0,0,0.0007343104218823597,0.0010292093887044743,0.0005542692442831019
1059,valtteri-bottas,2022,2,audi,8.0,8.0,,0,0.0014449692303991125,0.0031888064020162573,0.0024531297932652027
1059,fernando-alonso,2022,2,alpine,7.0,7.0,,0,0.017949161061848504,0.015573644917609172,0.011415598550936662
1059,daniel-ricciardo,2022,2,mclaren,14.0,12.0,,0,0.0177739492731146,0.0050877131078472205,0.0025085311894930775
1059,nicholas-latifi,2022,2,williams,18.0,19.0,,0,0.0005834776406353604,0.0007048845399741997,0.0003584568370908074
1060,charles-leclerc,2022,3,ferrari,1.0,1.0,1.0,1,0.12027118086093426,0.523288293209077,0.4647069333386825
1060,sergio-perez,2022,3,red-bull,3.0,3.0,2.0,0,0.048595959106527545,0.05566839170883399,0.06563736582886644
1060,george-russell,2022,3,mercedes,6.0,6.0,3.0,0,0.20079025790910962,0.0433451476106375,0.03208581698240111
1060,lewis-hamilton,2022,3,mercedes,5.0,5.0,4.0,0,0.2942684847741561,0.0796279171648509,0.06433986402260422
1060,lando-norris,2022,3,mclaren,4.0,4.0,5.0,0,0.01804514723893262,0.02816844405914046,0.029769933701466297
1060,daniel-ricciardo,2022,3,mclaren,7.0,7.0,6.0,0,0.012465290604205325,0.0085909314374268,0.006699858434875898
1060,esteban-ocon,2022,3,alpine,8.0,8.0,7.0,0,0.013140505373444389,0.007372507586882043,0.005315799467857917
1060,valtteri-bottas,2022,3,audi,12.0,12.0,8.0,0,0.0011719446195675692,0.00105742900749831,0.0006816384151933757
1060,pierre-gasly,2022,3,racing-bulls,11.0,11.0,9.0,0,0.011359309294657265,0.005008577677781441,0.0030431377583494843
1060,alexander-albon,2022,3,williams,20.0,,10.0,0,0.0006883754347440508,0.0005035472352528387,0.0002505254004446779
1060,guanyu-zhou,2022,3,audi,14.0,14.0,11.0,0,0.0036485377733745045,0.002170910666865094,0.001219364905087163
1060,lance-stroll,2022,3,aston-martin,19.0,,12.0,0,0.003140778151368775,0.0009994718143643373,0.00047292295590681786
1060,mick-schumacher,2022,3,haas,15.0,15.0,13.0,0,0.0006995537513669502,0.0008084259411035727,0.0004739021138748813
1060,kevin-magnussen,2022,3,haas,16.0,16.0,14.0,0,0.0006736796021104667,0.0007079303054469082,0.00040061087414184276
1060,yuki-tsunoda,2022,3,racing-bulls,13.0,13.0,15.0,0,0.004538723007537145,0.0017759667943437376,0.0010207845915323269
1060,nicholas-latifi,2022,3,williams,18.0,18.0,16.0,0,0.0004970645848960378,0.0004508072535754046,0.0002416257849740144
1060,fernando-alonso,2022,3,alpine,10.0,10.0,17.0,0,0.01292514826559031,0.0051294695388873655,0.003257717488084044
1060,max-verstappen,2022,3,red-bull,2.0,2.0,,0,0.11376691921319537,0.21537935670750946,0.30855872836857273
1060,sebastian-vettel,2022,3,aston-martin,17.0,17.0,,0,0.003215905174034502,0.0012132582559637314,0.0006111557832387248
1060,carlos-sainz-jr,2022,3,ferrari,9.0,9.0,,0,0.1360972352602472,0.01873321602455911,0.011212313783845428
1061,max-verstappen,2022,4,red-bull,1.0,1.0,1.0,1,0.07819636622955595,0.5622588212213355,0.5048595267227088
1061,sergio-perez,2022,4,red-bull,3.0,3.0,2.0,0,0.04746189160587261,0.06619505495497453,0.07715938777983275
1061,lando-norris,2022,4,mclaren,5.0,5.0,3.0,0,0.024731304111587134,0.025620066915393033,0.023121729236468474
1061,george-russell,2022,4,mercedes,11.0,11.0,4.0,0,0.23742021642315755,0.020297224316908447,0.010385057630039034
1061,valtteri-bottas,2022,4,audi,7.0,7.0,5.0,0,0.0016511427837571765,0.0032779181969310534,0.0027874406070619497
1061,charles-leclerc,2022,4,ferrari,2.0,2.0,6.0,0,0.11295385622975439,0.20677759538475773,0.2913458486317733
1061,yuki-tsunoda,2022,4,racing-bulls,12.0,12.0,7.0,0,0.004409083002665775,0.002196435314077777,0.0013047593115863556
1061,sebastian-vettel,2022,4,aston-martin,13.0,13.0,8.0,0,0.002548076726083944,0.001815597317793929,0.0010634789267621354
1061,kevin-magnussen,2022,4,haas,8.0,8.0,9.0,0,0.0008108766675805088,0.002535723094724766,0.0020831632376472143
1061,lance-stroll,2022,4,aston-martin,15.0,15.0,10.0,0,0.002898070259645218,0.001618610517158286,0.0008686971967698655
1061,alexander-albon,2022,4,williams,18.0,18.0,11.0,0,0.0009090052988451221,0.0007701968988824117,0.00039578522879462626
1061,pierre-gasly,2022,4,racing-bulls,17.0,17.0,12.0,0,0.011871996057768133,0.002944502621160013,0.0013725812800449895
1061,lewis-hamilton,2022,4,mercedes,14.0,14.0,13.0,0,0.3364507532694033,0.018696011517148822,0.008207545648102273
1061,esteban-ocon,2022,4,alpine,16.0,16.0,14.0,0,0.013560127648831405,0.0029398663049653526,0.00140480873720183
1061,guanyu-zhou,2022,4,audi,20.0,,15.0,0,0.003412484923045687,0.00117366409803417,0.0005304358235074286
1061,nicholas-latifi,2022,4,williams,19.0,19.0,16.0,0,0.0005948659041331968,0.0004945330601452136,0.0002509916709489098
1061,mick-schumacher,2022,4,haas,10.0,10.0,17.0,0,0.0008568672008222676,0.0018744990924648816,0.0013521835897151607
1061,daniel-ricciardo,2022,4,mclaren,6.0,6.0,18.0,0,0.017090473281466633,0.014096548738893211,0.011648508478447332
1061,fernando-alonso,2022,4,alpine,9.0,9.0,,0,0.011307591698200909,0.006197112084754541,0.004147950970511868
1061,carlos-sainz-jr,2022,4,ferrari,4.0,4.0,,0,0.09086495067782296,0.058220018349496236,0.055710119292075644
1062,max-verstappen,2022,5,red-bull,3.0,3.0,1.0,1,0.12701141625770185,0.11855121614637706,0.13672179191579026
1062,charles-leclerc,2022,5,ferrari,1.0,1.0,2.0,0,0.09791094963576247,0.5717360220760641,0.5258234760809327
1062,carlos-sainz-jr,2022,5,ferrari,2.0,2.0,3.0,0,0.061872058204182394,0.131257599952549,0.19726294077563622
1062,sergio-perez,2022,5,red-bull,4.0,4.0,4.0,0,0.07756365638544094,0.049833229745406105,0.04981282652621912
1062,george-russell,2022,5,mercedes,12.0,12.0,5.0,0,0.24192262343412332,0.017453889478207838,0.008806021158610748
1062,lewis-hamilton,2022,5,mercedes,6.0,6.0,6.0,0,0.29005278097449916,0.06012358436109207,0.044736422645617245
1062,valtteri-bottas,2022,5,audi,5.0,5.0,7.0,0,0.0025292216065414324,0.00665565850678379,0.006965005102627411
1062,esteban-ocon,2022,5,alpine,20.0,,8.0,0,0.010880232074321938,0.0018308775572158302,0.0008079115140151925
1062,alexander-albon,2022,5,williams,18.0,18.0,9.0,0,0.0012279547399067711,0.0008506710067979429,0.0004464243643453322
1062,lance-stroll,2022,5,aston-martin,21.0,10.0,10.0,0,0.004158370338754589,0.0010601036894625777,0.00047761676581453574
1062,fernando-alonso,2022,5,alpine,11.0,11.0,11.0,0,0.008145626732063314,0.0036491173854582134,0.00229547195100673
1062,yuki-tsunoda,2022,5,racing-bulls,9.0,9.0,12.0,0,0.0062042106257208865,0.003966179020784113,0.0028317733992714225
1062,daniel-ricciardo,2022,5,mclaren,14.0,14.0,13.0,0,0.016523135055264794,0.0033506185773927496,0.001769694674517713
1062,nicholas-latifi,2022,5,williams,19.0,19.0,14.0,0,0.0007467575050834515,0.0005133576924900503,0.00026693318920019475
1062,mick-schumacher,2022,5,haas,15.0,15.0,15.0,0,0.0010299580626817971,0.000981518625871248,0.0005761832465205247
1062,kevin-magnussen,2022,5,haas,16.0,16.0,16.0,0,0.0011622880641099314,0.0009828211772561497,0.0005531150475565386
1062,sebastian-vettel,2022,5,aston-martin,22.0,13.0,17.0,0,0.003802793989450468,0.000913998053028456,0.00040254609060050924
1062,pierre-gasly,2022,5,racing-bulls,7.0,7.0,,0,0.014156240611022018,0.011800361711833433,0.009383628226841583
1062,lando-norris,2022,5,mclaren,8.0,8.0,,0,0.030309814406449347,0.013421378284212608,0.009507641020497566
1062,guanyu-zhou,2022,5,audi,17.0,17.0,,0,0.0027899112969192027,0.0010677969517165924,0.000552576304378412
1063,max-verstappen,2022,6,red-bull,2.0,2.0,1.0,1,0.15318336329295837,0.20891100805151241,0.2936909317441251
1063,sergio-perez,2022,6,red-bull,5.0,5.0,2.0,0,0.09104685973512383,0.03213036730944596,0.027359710009737394
1063,george-russell,2022,6,mercedes,4.0,4.0,3.0,0,0.22372622827861388,0.08038691874293916,0.0744966125797362
1063,carlos-sainz-jr,2022,6,ferrari,3.0,3.0,4.0,0,0.07549760558037917,0.0652198666312239,0.07509023226208643
1063,lewis-hamilton,2022,6,mercedes,6.0,6.0,5.0,0,0.2617716090437389,0.04870994134677411,0.03555338126054577
1063,valtteri-bottas,2022,6,audi,7.0,7.0,6.0,0,0.0024939621066991783,0.003544513388249032,0.0029919126029575352
1063,esteban-ocon,2022,6,alpine,12.0,12.0,7.0,0,0.011244970908307401,0.0035721230828700385,0.0020573090779684514
1063,lando-norris,2022,6,mclaren,11.0,11.0,8.0,0,0.016793372930316658,0.005205748883068705,0.003090510595337158
1063,fernando-alonso,2022,6,alpine,20.0,17.0,9.0,0,0.008116401971196922,0.001220232009722327,0.0005322464780265361
1063,yuki-tsunoda,2022,6,racing-bulls,13.0,13.0,10.0,0,0.004819409297317976,0.0018118960703298454,0.0010376853476990104
1063,sebastian-vettel,2022,6,aston-martin,16.0,16.0,11.0,0,0.0031810523575140377,0.001167128651126383,0.0006072346577297876
1063,daniel-ricciardo,2022,6,mclaren,9.0,9.0,12.0,0,0.01078467950536609,0.0048986798504992496,0.003325542292417363
1063,pierre-gasly,2022,6,racing-bulls,14.0,14.0,13.0,0,0.00867642769177692,0.002652980593570371,0.001419438339366721
1063,mick-schumacher,2022,6,haas,10.0,10.0,14.0,0,0.0009570594211108209,0.0015438324473344854,0.0011197220198171508
1063,lance-stroll,2022,6,aston-martin,17.0,18.0,15.0,0,0.00389582767318507,0.0012600785602798943,0.0006276764760296394
1063,nicholas-latifi,2022,6,williams,19.0,20.0,16.0,0,0.0008365270918080984,0.0004575430409937574,0.00023079337229155728
1063,kevin-magnussen,2022,6,haas,8.0,8.0,17.0,0,0.0010514482790857942,0.002369269441444456,0.0019443190622426747
1063,alexander-albon,2022,6,williams,18.0,19.0,18.0,0,0.0014738122127252616,0.0008037212330462824,0.0004079371297237466
1063,guanyu-zhou,2022,6,audi,15.0,15.0,,0,0.0014986426029719104,0.0007001196385209078,0.00039076206114750856
1063,charles-leclerc,2022,6,ferrari,1.0,1.0,,0,0.11895074001980369,0.5334340310270488,0.4740260426310143
1064,sergio-perez,2022,7,red-bull,3.0,3.0,1.0,1,0.1140519426999932,0.10021884279130192,0.11413507513228173
1064,carlos-sainz-jr,2022,7,ferrari,2.0,2.0,2.0,0,0.05938592290479745,0.149259574857246,0.22191231211368867
1064,max-verstappen,2022,7,red-bull,4.0,4.0,3.0,0,0.1905374590911875,0.0986545470325172,0.09319768677473299
1064,charles-leclerc,2022,7,ferrari,1.0,1.0,4.0,0,0.0689459356892959,0.5003547808118852,0.4614347760952169
1064,george-russell,2022,7,mercedes,6.0,6.0,5.0,0,0.2316425077930307,0.05515896454491477,0.040881905543424225
1064,lando-norris,2022,7,mclaren,5.0,5.0,6.0,0,0.016573804033183044,0.022773050945278185,0.021459584055391872
1064,fernando-alonso,2022,7,alpine,7.0,7.0,7.0,0,0.008971596211368274,0.008347276859556618,0.006670408622313856
1064,lewis-hamilton,2022,7,mercedes,8.0,8.0,8.0,0,0.2603655396159743,0.038837871686464964,0.024294010944845464
1064,valtteri-bottas,2022,7,audi,12.0,12.0,9.0,0,0.0026032101073079367,0.002092228326548144,0.001309426040322484
1064,sebastian-vettel,2022,7,aston-martin,9.0,9.0,10.0,0,0.003076140418505158,0.003653194207062854,0.0026739467553890126
1064,pierre-gasly,2022,7,racing-bulls,17.0,17.0,11.0,0,0.007928510707927798,0.0023559184587278108,0.001144570255964828
1064,esteban-ocon,2022,7,alpine,10.0,10.0,12.0,0,0.012659641157697776,0.006395557554721437,0.004105511192952778
1064,daniel-ricciardo,2022,7,mclaren,14.0,14.0,13.0,0,0.01015498948016891,0.0030103020087801353,0.0016082419505643833
1064,lance-stroll,2022,7,aston-martin,18.0,18.0,14.0,0,0.003491086211712705,0.0013759911724714495,0.00067379855142595
1064,nicholas-latifi,2022,7,williams,19.0,19.0,15.0,0,0.0007253419447488921,0.0005545035808812809,0.00028474509642388476
1064,guanyu-zhou,2022,7,audi,20.0,20.0,16.0,0,0.0009619763173269544,0.00040577333762139255,0.0001980341815350273
1064,yuki-tsunoda,2022,7,racing-bulls,11.0,11.0,17.0,0,0.004848344380296134,0.0030694269407824546,0.001954280456779218
1064,alexander-albon,2022,7,williams,16.0,16.0,,0,0.0011951211533723141,0.001106450942669005,0.0006133460572261831
1064,mick-schumacher,2022,7,haas,15.0,15.0,,0,0.0009274988565565555,0.0010419172422679274,0.0006065902055376894
1064,kevin-magnussen,2022,7,haas,13.0,13.0,,0,0.0009534312255484686,0.0013338266983013193,0.0008417499739827737
1065,max-verstappen,2022,8,red-bull,3.0,3.0,1.0,1,0.215517828855489,0.14465422893726657,0.15741709768356266
1065,sergio-perez,2022,8,red-bull,2.0,2.0,2.0,0,0.1364523123440603,0.18523690917769586,0.259311576238047
1065,george-russell,2022,8,mercedes,5.0,5.0,3.0,0,0.20512064758341683,0.0626945050231084,0.05105535522234155
1065,lewis-hamilton,2022,8,mercedes,7.0,7.0,4.0,0,0.2181843288986725,0.03903887712060656,0.026155577701757023
1065,pierre-gasly,2022,8,racing-bulls,6.0,6.0,5.0,0,0.006727757893373616,0.01018990266354219,0.008912597139394327
1065,sebastian-vettel,2022,8,aston-martin,9.0,9.0,6.0,0,0.0031174679286060016,0.0033504589474619988,0.0024113836640613727
1065,fernando-alonso,2022,8,alpine,10.0,10.0,7.0,0,0.009364200995038853,0.004464457843207288,0.0028566017550825523
1065,daniel-ricciardo,2022,8,mclaren,12.0,12.0,8.0,0,0.009486847307067918,0.0032721062416572696,0.0018839239351113293
1065,lando-norris,2022,8,mclaren,11.0,11.0,9.0,0,0.017033856750705435,0.006149248081863897,0.0036272555281006715
1065,esteban-ocon,2022,8,alpine,13.0,13.0,10.0,0,0.011974942194371717,0.0036473411027805065,0.001987144198756662
1065,valtteri-bottas,2022,8,audi,15.0,15.0,11.0,0,0.0026610328419462764,0.0013746754653004515,0.0007444456619028917
1065,alexander-albon,2022,8,williams,17.0,17.0,12.0,0,0.0008848169488962956,0.0007702727120667383,0.0004118233272663407
1065,yuki-tsunoda,2022,8,racing-bulls,8.0,8.0,13.0,0,0.003744683485634864,0.003960339498729637,0.0030144937000982325
1065,mick-schumacher,2022,8,haas,20.0,20.0,14.0,0,0.0006233464287511682,0.0004996443191913635,0.00024774007337957475
1065,nicholas-latifi,2022,8,williams,18.0,18.0,15.0,0,0.0006164712667082103,0.0005189722906645697,0.00027281090954431824
1065,lance-stroll,2022,8,aston-martin,19.0,19.0,16.0,0,0.0032902261879327365,0.0010906481438863601,0.0005107725123211449
1065,kevin-magnussen,2022,8,haas,16.0,16.0,,0,0.0006404802091853797,0.0007245910630176462,0.00040769929484117695
1065,guanyu-zhou,2022,8,audi,14.0,14.0,,0,0.0009107141164032465,0.0006184317146657393,0.0003650747613242637
1065,charles-leclerc,2022,8,ferrari,1.0,1.0,,0,0.08100553934307413,0.47783141508207916,0.4298014686879973
1065,carlos-sainz-jr,2022,8,ferrari,4.0,4.0,,0,0.07264249842066561,0.049912974571207615,0.0486051580051097
1066,max-verstappen,2022,9,red-bull,1.0,1.0,1.0,1,0.255271947247414,0.7501726778631631,0.7124071643834303
1066,carlos-sainz-jr,2022,9,ferrari,3.0,3.0,2.0,0,0.030524168235923008,0.046193135275436704,0.062005394845004426
1066,lewis-hamilton,2022,9,mercedes,4.0,4.0,3.0,0,0.2265256171312635,0.08167079154603354,0.08408836364084024
1066,george-russell,2022,9,mercedes,8.0,8.0,4.0,0,0.21704679086179696,0.02665917676361665,0.01849943362059306
1066,charles-leclerc,2022,9,ferrari,19.0,15.0,5.0,0,0.0338683004834349,0.002816864315547371,0.0013096996019899669
1066,esteban-ocon,2022,9,alpine,7.0,7.0,6.0,0,0.012339565841822853,0.008333530771200345,0.0072210528031331255
1066,valtteri-bottas,2022,9,audi,11.0,11.0,7.0,0,0.0023009544124175966,0.0018798568256181622,0.0013705004074002455
1066,guanyu-zhou,2022,9,audi,10.0,10.0,8.0,0,0.0006605320911156153,0.0007594992886478728,0.0006174578974577972
1066,fernando-alonso,2022,9,alpine,2.0,2.0,9.0,0,0.010254399867524754,0.05049623454966135,0.0903038472167447
1066,lance-stroll,2022,9,aston-martin,17.0,18.0,10.0,0,0.003161393941052696,0.0010684108629513062,0.0005970937476512273
1066,daniel-ricciardo,2022,9,mclaren,9.0,9.0,11.0,0,0.010153209129799851,0.004617445585168467,0.0034927544213861203
1066,sebastian-vettel,2022,9,aston-martin,16.0,17.0,12.0,0,0.003548649071165005,0.0012951637830774358,0.0007455851942088169
1066,alexander-albon,2022,9,williams,12.0,12.0,13.0,0,0.0009591489761076261,0.0012030437926467605,0.0008742975124280983
1066,pierre-gasly,2022,9,racing-bulls,15.0,16.0,14.0,0,0.007978723570917745,0.0023278278134611333,0.001336907929282706
1066,lando-norris,2022,9,mclaren,14.0,14.0,15.0,0,0.01744430823961137,0.003657810790571415,0.0020988714895845482
1066,nicholas-latifi,2022,9,williams,18.0,19.0,16.0,0,0.0006437521346350632,0.0004556406608094698,0.0002672054224463181
1066,kevin-magnussen,2022,9,haas,5.0,5.0,17.0,0,0.0005220063138212376,0.003443392174237945,0.004256254131829943
1066,yuki-tsunoda,2022,9,racing-bulls,20.0,20.0,,0,0.003907203138058649,0.0008118779704652184,0.0004080523494898709
1066,mick-schumacher,2022,9,haas,6.0,6.0,,0,0.0005856089737053881,0.0028539229804459697,0.0031624119531938333
1066,sergio-perez,2022,9,red-bull,13.0,13.0,,0,0.16230372033841212,0.009283696387239861,0.004937651431904723
1067,carlos-sainz-jr,2022,10,ferrari,1.0,1.0,1.0,1,0.04379258082001386,0.3870908596713404,0.3393331937030239
1067,sergio-perez,2022,10,red-bull,4.0,4.0,2.0,0,0.10326160285915388,0.05712708984113398,0.05149880970031582
1067,lewis-hamilton,2022,10,mercedes,5.0,5.0,3.0,0,0.26226664223393664,0.07785977067983153,0.05916639589114249
1067,charles-leclerc,2022,10,ferrari,3.0,3.0,4.0,0,0.04599694767299839,0.07245778928672988,0.08050713998968362
1067,fernando-alonso,2022,10,alpine,7.0,7.0,5.0,0,0.012394096746841853,0.00977008273486537,0.0071399559881875525
1067,lando-norris,2022,10,mclaren,6.0,6.0,6.0,0,0.01475153186715887,0.015899599231511966,0.012618635377125901
1067,max-verstappen,2022,10,red-bull,2.0,2.0,7.0,0,0.2211410994072337,0.32137518966844225,0.41658422109134446
1067,mick-schumacher,2022,10,haas,19.0,19.0,8.0,0,0.0004952499358963515,0.0005434478224020452,0.0002653461205965381
1067,sebastian-vettel,2022,10,aston-martin,18.0,18.0,9.0,0,0.004002991313464805,0.0014337692228155664,0.0006478368413813794
1067,kevin-magnussen,2022,10,haas,17.0,17.0,10.0,0,0.00048172947732081414,0.0006316780648521905,0.00032908043365494685
1067,lance-stroll,2022,10,aston-martin,20.0,20.0,11.0,0,0.003707233363264869,0.0011396521366746405,0.0004864557421659207
1067,nicholas-latifi,2022,10,williams,10.0,10.0,12.0,0,0.000696167323922689,0.0014927500541496866,0.0010309277995391986
1067,daniel-ricciardo,2022,10,mclaren,14.0,14.0,13.0,0,0.009418205502762553,0.002893689335487522,0.001442531727097698
1067,yuki-tsunoda,2022,10,racing-bulls,13.0,13.0,14.0,0,0.0027653881772680797,0.001698212296018767,0.0009388392821110977
1067,esteban-ocon,2022,10,alpine,15.0,15.0,,0,0.01554244834224166,0.0035946917083419746,0.001682150651865645
1067,pierre-gasly,2022,10,racing-bulls,11.0,11.0,,0,0.0062390456452175325,0.00438707064388922,0.0025754193647246873
1067,valtteri-bottas,2022,10,audi,12.0,12.0,,0,0.003402032894782783,0.0024883090313744228,0.0014293988313416278
1067,george-russell,2022,10,mercedes,8.0,8.0,,0,0.24744830346531083,0.035555534212814245,0.020702817761743406
1067,guanyu-zhou,2022,10,audi,9.0,9.0,,0,0.0011222537111357257,0.0015273399491717813,0.0010855716906385204
1067,alexander-albon,2022,10,williams,16.0,16.0,,0,0.0010744492400740437,0.0010334744081524551,0.0005352720123157216
1068,charles-leclerc,2022,11,ferrari,2.0,2.0,1.0,1,0.06990978903973208,0.11247732312456131,0.17577998416550417
1068,max-verstappen,2022,11,red-bull,1.0,1.0,2.0,0,0.254719840296405,0.6823775257144143,0.6246958962193865
1068,lewis-hamilton,2022,11,mercedes,8.0,8.0,3.0,0,0.23011027031728312,0.025747342763623646,0.01718090664884014
1068,george-russell,2022,11,mercedes,4.0,4.0,4.0,0,0.16088043503644703,0.056212227432331376,0.05663626634329393
1068,esteban-ocon,2022,11,alpine,6.0,6.0,5.0,0,0.01300587637082852,0.009119745985233931,0.008283457995924075
1068,mick-schumacher,2022,11,haas,9.0,9.0,6.0,0,0.0008879095735806862,0.0015777702885605511,0.0013067813221832698
1068,lando-norris,2022,11,mclaren,10.0,11.0,7.0,0,0.018651348874303367,0.005603665699193372,0.00374147940417149
1068,kevin-magnussen,2022,11,haas,7.0,7.0,8.0,0,0.0008321060194056171,0.0022121041743949407,0.002121375967160188
1068,daniel-ricciardo,2022,11,mclaren,11.0,12.0,9.0,0,0.010807141352196823,0.0030435502686680226,0.0019706974523646
1068,fernando-alonso,2022,11,alpine,19.0,,10.0,0,0.013653461173709261,0.0015680588801978788,0.0007351261339922322
1068,valtteri-bottas,2022,11,audi,20.0,10.0,11.0,0,0.00240138979475076,0.0006651273964850101,0.0003311199944410781
1068,alexander-albon,2022,11,williams,15.0,16.0,12.0,0,0.0010387828548815538,0.0007517432299430606,0.0004610307651012404
1068,lance-stroll,2022,11,aston-martin,12.0,13.0,13.0,0,0.00479475803553263,0.0019549445893061452,0.0012571836153526016
1068,guanyu-zhou,2022,11,audi,13.0,14.0,14.0,0,0.0009107604961395904,0.0005745221448230849,0.00038173434779637373
1068,pierre-gasly,2022,11,racing-bulls,14.0,15.0,15.0,0,0.00486351361580086,0.0018079575051451978,0.0010670278712032644
1068,yuki-tsunoda,2022,11,racing-bulls,16.0,17.0,16.0,0,0.00258819091226723,0.0008608045490649458,0.00048381511755345245
1068,sebastian-vettel,2022,11,aston-martin,18.0,19.0,17.0,0,0.005333695071020262,0.0011350420698324204,0.000576163787671249
1068,carlos-sainz-jr,2022,11,ferrari,3.0,3.0,,0,0.07013287888394125,0.05984065986876653,0.07415303015543878
1068,nicholas-latifi,2022,11,williams,17.0,18.0,,0,0.0008117988874517103,0.0005018436805852107,0.0002896094110206022
1068,sergio-perez,2022,11,red-bull,5.0,5.0,,0,0.13366605339432272,0.03196804063486909,0.02854731328160076
1069,max-verstappen,2022,12,red-bull,2.0,2.0,1.0,1,0.22215273369990543,0.28400047730546035,0.37573050691459814
1069,lewis-hamilton,2022,12,mercedes,4.0,4.0,2.0,0,0.27851257206231156,0.1018101688492999,0.08948698688889198
1069,george-russell,2022,12,mercedes,6.0,6.0,3.0,0,0.19457136709895215,0.03988833553592195,0.028242314032966995
1069,sergio-perez,2022,12,red-bull,3.0,3.0,4.0,0,0.08779858598195132,0.06873659924781159,0.07509773139550599
1069,carlos-sainz-jr,2022,12,ferrari,19.0,9.0,5.0,0,0.05127378436051899,0.0033595433213351408,0.0013157383146699714
1069,fernando-alonso,2022,12,alpine,7.0,7.0,6.0,0,0.01647086489326929,0.009869512322254548,0.007257427436273526
1069,lando-norris,2022,12,mclaren,5.0,5.0,7.0,0,0.02285932865649018,0.022421379488101984,0.019708850296020257
1069,esteban-ocon,2022,12,alpine,10.0,12.0,8.0,0,0.017080160078211983,0.005827950458786131,0.003489166353246249
1069,daniel-ricciardo,2022,12,mclaren,9.0,11.0,9.0,0,0.01313505671064639,0.005600099146192736,0.003603276809749096
1069,lance-stroll,2022,12,aston-martin,15.0,17.0,10.0,0,0.004508646590339217,0.0016854759200974204,0.0008567909232816059
1069,sebastian-vettel,2022,12,aston-martin,12.0,14.0,11.0,0,0.004668589943096486,0.0024603584395913674,0.0014187817765175972
1069,pierre-gasly,2022,12,racing-bulls,14.0,16.0,12.0,0,0.004431080042828591,0.0021407179877363197,0.0011361047486584017
1069,alexander-albon,2022,12,williams,13.0,15.0,13.0,0,0.0011231772674205344,0.0012421858132506624,0.0007374258898135411
1069,valtteri-bottas,2022,12,audi,11.0,13.0,14.0,0,0.0027986581496114815,0.002264092951099764,0.0014090858646447109
1069,mick-schumacher,2022,12,haas,17.0,19.0,15.0,0,0.0015923406940577004,0.0009408788540718215,0.000470447738057117
1069,guanyu-zhou,2022,12,audi,16.0,18.0,16.0,0,0.0010903498427681643,0.0005680578297009062,0.0002973252448424774
1069,nicholas-latifi,2022,12,williams,18.0,20.0,,0,0.0007537901604630477,0.0005331342514141422,0.0002673598220200346
1069,kevin-magnussen,2022,12,haas,20.0,10.0,,0,0.001441079912480418,0.000670748627577116,0.000306945837740913
1069,charles-leclerc,2022,12,ferrari,1.0,1.0,,0,0.0713445532315966,0.4429306849582076,0.38687804980408896
1069,yuki-tsunoda,2022,12,racing-bulls,8.0,8.0,,0,0.002393280623080504,0.0030495986920885156,0.0022896839084125013
1070,max-verstappen,2022,13,red-bull,10.0,10.0,1.0,1,0.24247451219352298,0.02423028013304298,0.014204419365425486
1070,lewis-hamilton,2022,13,mercedes,7.0,7.0,2.0,0,0.2897882640170749,0.04367519588175907,0.031081518869100544
1070,george-russell,2022,13,mercedes,1.0,1.0,3.0,0,0.20230962668845312,0.674842018695849,0.6235472195068741
1070,carlos-sainz-jr,2022,13,ferrari,2.0,2.0,4.0,0,0.038259615365643616,0.10697120257704974,0.17242433853647754
1070,sergio-perez,2022,13,red-bull,11.0,11.0,5.0,0,0.09512427548056482,0.009463518616126104,0.005472390506090112
1070,charles-leclerc,2022,13,ferrari,3.0,3.0,6.0,0,0.040168206259402865,0.05914317705522327,0.07544009567815946
1070,lando-norris,2022,13,mclaren,4.0,4.0,7.0,0,0.022725156727858405,0.03223283310631905,0.03598261064661148
1070,fernando-alonso,2022,13,alpine,6.0,6.0,8.0,0,0.017555565134888113,0.01322530409260209,0.011831757478854137
1070,esteban-ocon,2022,13,alpine,5.0,5.0,9.0,0,0.017584157282136935,0.017610313893622314,0.017485007766992543
1070,sebastian-vettel,2022,13,aston-martin,18.0,18.0,10.0,0,0.004559597276182179,0.0013088478029998382,0.0006696218429097882
1070,lance-stroll,2022,13,aston-martin,14.0,14.0,11.0,0,0.004484859249309337,0.0019116916210827797,0.0011300412659694563
1070,pierre-gasly,2022,13,racing-bulls,20.0,19.0,12.0,0,0.00342160962893802,0.0011402883387172963,0.0005591380699814157
1070,guanyu-zhou,2022,13,audi,12.0,12.0,13.0,0,0.0009335451158600319,0.0008665900617962826,0.0006026020702590084
1070,mick-schumacher,2022,13,haas,15.0,15.0,14.0,0,0.0012304439903332142,0.0010618286073346948,0.0006461312643418563
1070,daniel-ricciardo,2022,13,mclaren,9.0,9.0,15.0,0,0.012954266746605778,0.005641952697410576,0.004059309025657578
1070,kevin-magnussen,2022,13,haas,13.0,13.0,16.0,0,0.0009972364229730117,0.0011118009196571963,0.0007410030320013352
1070,alexander-albon,2022,13,williams,17.0,17.0,17.0,0,0.0009653452512962479,0.0007967617947950492,0.00045716261900281585
1070,nicholas-latifi,2022,13,williams,19.0,20.0,18.0,0,0.0005713604482201171,0.00042976867817138295,0.00023674973775968718
1070,yuki-tsunoda,2022,13,racing-bulls,16.0,16.0,19.0,0,0.001604981145906967,0.0008521348872947873,0.0004906642931935202
1070,valtteri-bottas,2022,13,audi,8.0,8.0,20.0,0,0.0022873755748293225,0.0034844905391465406,0.002938218424338178
1071,max-verstappen,2022,14,red-bull,14.0,1.0,1.0,1,0.24891893947981839,0.020521406528490386,0.00914826564090495
1071,sergio-perez,2022,14,red-bull,2.0,3.0,2.0,0,0.09538330934555102,0.19093805722026214,0.27010838555110417
1071,carlos-sainz-jr,2022,14,ferrari,1.0,2.0,3.0,0,0.04071111584076061,0.46161770507879396,0.4274652354380448
1071,george-russell,2022,14,mercedes,5.0,8.0,4.0,0,0.20289387750179375,0.07672720123707394,0.062043596522212384
1071,fernando-alonso,2022,14,alpine,3.0,6.0,5.0,0,0.016403973155382983,0.05376968093830608,0.06623747187234791
1071,charles-leclerc,2022,14,ferrari,15.0,4.0,6.0,0,0.041250186823112434,0.006773754610054494,0.003171790682729141
1071,esteban-ocon,2022,14,alpine,16.0,5.0,7.0,0,0.01616043100295837,0.0038789396810525937,0.0018355734978454776
1071,sebastian-vettel,2022,14,aston-martin,10.0,16.0,8.0,0,0.004397908173895441,0.004577016011222605,0.0030308532152597575
1071,pierre-gasly,2022,14,racing-bulls,21.0,12.0,9.0,0,0.0027534995709872175,0.001379795802738784,0.0006143511778348868
1071,alexander-albon,2022,14,williams,6.0,9.0,10.0,0,0.0007481958854526185,0.0051161391185276075,0.004980421265153694
1071,lance-stroll,2022,14,aston-martin,9.0,14.0,11.0,0,0.004257880164290995,0.00525074914002578,0.0036981707372821583
1071,lando-norris,2022,14,mclaren,17.0,10.0,12.0,0,0.01940411480573727,0.004518805715336564,0.002052799590364086
1071,yuki-tsunoda,2022,14,racing-bulls,20.0,19.0,13.0,0,0.001175740479317339,0.000725177724689815,0.0003445817068470346
1071,guanyu-zhou,2022,14,audi,18.0,13.0,14.0,0,0.0008486468507269537,0.0006794515347230608,0.0003481323689499302
1071,daniel-ricciardo,2022,14,mclaren,7.0,11.0,15.0,0,0.00992616898912423,0.010261164864296847,0.007972891441585655
1071,kevin-magnussen,2022,14,haas,12.0,18.0,16.0,0,0.000854008448262976,0.0016511130341454123,0.0010716943064836193
1071,mick-schumacher,2022,14,haas,19.0,15.0,17.0,0,0.001082164661207738,0.000983522708519376,0.0004857918356065034
1071,nicholas-latifi,2022,14,williams,11.0,17.0,18.0,0,0.0004463820316202863,0.001281804086642855,0.0009023570061900604
1071,valtteri-bottas,2022,14,audi,13.0,20.0,,0,0.0015795567848450715,0.0019107183574547763,0.0011477282034185658
1071,lewis-hamilton,2022,14,mercedes,4.0,7.0,,0,0.29080390000515427,0.1474377966076429,0.1333399079398352
1072,max-verstappen,2022,15,red-bull,1.0,1.0,1.0,1,0.33337926807483687,0.725242956778122,0.6704874137774682
1072,george-russell,2022,15,mercedes,6.0,6.0,2.0,0,0.16345641556491544,0.02805923288730751,0.022933685145618953
1072,charles-leclerc,2022,15,ferrari,2.0,2.0,3.0,0,0.05293076552911232,0.08818552338748836,0.14298355790646228
1072,lewis-hamilton,2022,15,mercedes,4.0,4.0,4.0,0,0.17351207326883533,0.055620814941741044,0.05717623168931456
1072,sergio-perez,2022,15,red-bull,5.0,5.0,5.0,0,0.13123220108273864,0.02664423804824045,0.024331230930870276
1072,fernando-alonso,2022,15,alpine,13.0,13.0,6.0,0,0.02212366200406978,0.0031586149186708934,0.0018358183461302281
1072,lando-norris,2022,15,mclaren,7.0,7.0,7.0,0,0.01724169992602644,0.00870632577694208,0.007325540150130997
1072,carlos-sainz-jr,2022,15,ferrari,3.0,3.0,8.0,0,0.054945932053195604,0.04829249856657244,0.061993880462582945
1072,esteban-ocon,2022,15,alpine,12.0,12.0,9.0,0,0.02110134021104077,0.0034392050771451252,0.002096858543540787
1072,lance-stroll,2022,15,aston-martin,10.0,10.0,10.0,0,0.0052038803216298045,0.0024381669201067667,0.0017729985462760327
1072,pierre-gasly,2022,15,racing-bulls,11.0,11.0,11.0,0,0.0035327893847280373,0.0021539031149421695,0.001518921149416224
1072,alexander-albon,2022,15,williams,15.0,15.0,12.0,0,0.0009554833333610276,0.0007054975286827262,0.0004452268195129779
1072,mick-schumacher,2022,15,haas,8.0,8.0,13.0,0,0.0010544691091349458,0.0018836557763801734,0.0016929474827449644
1072,sebastian-vettel,2022,15,aston-martin,19.0,19.0,14.0,0,0.005641502823098411,0.0009572163314266283,0.0004805048536415346
1072,kevin-magnussen,2022,15,haas,18.0,18.0,15.0,0,0.0008593096133767867,0.0004460351234952717,0.0002543704001489452
1072,guanyu-zhou,2022,15,audi,14.0,14.0,16.0,0,0.0008970603364262715,0.0005617996178711676,0.0003677897599064326
1072,daniel-ricciardo,2022,15,mclaren,17.0,17.0,17.0,0,0.008650784617507292,0.0012140969097644678,0.0006337755590987373
1072,nicholas-latifi,2022,15,williams,20.0,20.0,18.0,0,0.0005062739956473421,0.000263013638335421,0.0001447587661126887
1072,valtteri-bottas,2022,15,audi,16.0,16.0,,0,0.0013129172638191306,0.0006292213520511741,0.0003753497692803873
1072,yuki-tsunoda,2022,15,racing-bulls,9.0,9.0,,0,0.001462171486499713,0.0013979833047141148,0.0011491399417417273
1073,max-verstappen,2022,16,red-bull,7.0,2.0,1.0,1,0.33552799564100694,0.06353385250909827,0.04004026728967115
1073,charles-leclerc,2022,16,ferrari,1.0,1.0,2.0,0,0.055003029356436035,0.491070765772421,0.4325373920646764
1073,george-russell,2022,16,mercedes,2.0,6.0,3.0,0,0.1712147127184622,0.2916066617503897,0.38846480258989624
1073,carlos-sainz-jr,2022,16,ferrari,18.0,3.0,4.0,0,0.052452233833676705,0.005148247506263948,0.0020713759904355763
1073,lewis-hamilton,2022,16,mercedes,19.0,5.0,5.0,0,0.1753563966556444,0.008817565074107159,0.003237891694515784
1073,sergio-perez,2022,16,red-bull,13.0,4.0,6.0,0,0.1289894812357023,0.010758213633998611,0.004961223306712749
1073,lando-norris,2022,16,mclaren,3.0,7.0,7.0,0,0.014850397879777042,0.05740597599794421,0.06890993197285007
1073,pierre-gasly,2022,16,racing-bulls,5.0,9.0,8.0,0,0.0028791885455242633,0.012639199456740502,0.012330174676757054
1073,nyck-de-vries,2022,16,williams,8.0,13.0,9.0,0,0.0006735334794346138,0.002646183980873911,0.002118626360085896
1073,guanyu-zhou,2022,16,audi,9.0,14.0,10.0,0,0.000707550769621912,0.0019360503529059145,0.0014411718424509818
1073,esteban-ocon,2022,16,alpine,14.0,11.0,11.0,0,0.020093324294003095,0.00477908722694319,0.0023306519632799658
1073,mick-schumacher,2022,16,haas,17.0,20.0,12.0,0,0.0010140155903644761,0.0010438708264723974,0.0005324376223930473
1073,valtteri-bottas,2022,16,audi,15.0,12.0,13.0,0,0.0008797649386342107,0.0010474976545328675,0.0005766896746877403
1073,yuki-tsunoda,2022,16,racing-bulls,20.0,15.0,14.0,0,0.001033120839505489,0.000608563149886062,0.00028095967906451193
1073,nicholas-latifi,2022,16,williams,10.0,16.0,15.0,0,0.0004482910473589706,0.0013232872597510703,0.0009492441155864803
1073,kevin-magnussen,2022,16,haas,16.0,19.0,16.0,0,0.0008046268841638362,0.0009437679778277845,0.000503418101172839
1073,daniel-ricciardo,2022,16,mclaren,4.0,8.0,,0,0.006505592426187874,0.01822159687690555,0.019235211263417977
1073,lance-stroll,2022,16,aston-martin,12.0,18.0,,0,0.0047138848083511185,0.0032483958544215976,0.0018649197500752047
1073,fernando-alonso,2022,16,alpine,6.0,10.0,,0,0.02208937389669651,0.01946649435561393,0.015349054114882842
1073,sebastian-vettel,2022,16,aston-martin,11.0,17.0,,0,0.004763485159447995,0.003754722782902374,0.0022645559273874578
1074,sergio-perez,2022,17,red-bull,2.0,2.0,1.0,1,0.12634620054383885,0.183694461065683,0.2561616652328341
1074,charles-leclerc,2022,17,ferrari,1.0,1.0,2.0,0,0.06643548847085884,0.5006650136429968,0.45238076364724855
1074,carlos-sainz-jr,2022,17,ferrari,4.0,4.0,3.0,0,0.06141638413943714,0.05366040828043793,0.05242159211629896
1074,lando-norris,2022,17,mclaren,6.0,6.0,4.0,0,0.012434243383659312,0.017430266834152768,0.014724137977588592
1074,daniel-ricciardo,2022,17,mclaren,16.0,17.0,5.0,0,0.004476479778686353,0.0015861457130413434,0.0007994779258231507
1074,lance-stroll,2022,17,aston-martin,11.0,12.0,6.0,0,0.0025711089551885722,0.0026569163945201735,0.0017132136677422917
1074,max-verstappen,2022,17,red-bull,8.0,8.0,7.0,0,0.3417373040269484,0.048801564344662464,0.029488987625742567
1074,sebastian-vettel,2022,17,aston-martin,13.0,14.0,8.0,0,0.0025967908987740624,0.0020636104506432064,0.001208868983593341
1074,lewis-hamilton,2022,17,mercedes,3.0,3.0,9.0,0,0.1723314219913386,0.14453077685094237,0.1580894763676552
1074,pierre-gasly,2022,17,racing-bulls,7.0,7.0,10.0,0,0.0032094333263177873,0.007397835286029569,0.00613349441123873
1074,valtteri-bottas,2022,17,audi,15.0,16.0,11.0,0,0.0009667291556736237,0.0010112818792866244,0.0005737825903640874
1074,kevin-magnussen,2022,17,haas,9.0,9.0,12.0,0,0.000770238531344208,0.0020957675936674773,0.0016123026944657158
1074,mick-schumacher,2022,17,haas,12.0,13.0,13.0,0,0.0010334442911199052,0.0017139643331875347,0.0011042781200805173
1074,george-russell,2022,17,mercedes,20.0,11.0,14.0,0,0.17410841727046011,0.007514863181122268,0.0027762125765800213
1074,yuki-tsunoda,2022,17,racing-bulls,10.0,10.0,,0,0.001085292636380034,0.0016936963016389557,0.001200587979483552
1074,esteban-ocon,2022,17,alpine,17.0,18.0,,0,0.013533460615622201,0.002860985386420433,0.0013207522500837824
1074,alexander-albon,2022,17,williams,18.0,19.0,,0,0.0010390451011121158,0.0009515623452204001,0.0004864590960262073
1074,fernando-alonso,2022,17,alpine,5.0,5.0,,0,0.012558567896044193,0.018188101575440443,0.0169620237072152
1074,nicholas-latifi,2022,17,williams,19.0,20.0,,0,0.000493230693599831,0.0004657264575568032,0.0002384683707871276
1074,guanyu-zhou,2022,17,audi,14.0,15.0,,0,0.0008567182935959335,0.0010170520833494502,0.0006034546591483554
1075,max-verstappen,2022,18,red-bull,1.0,1.0,1.0,1,0.3552395375281336,0.7197624858819449,0.6564498818106655
1075,sergio-perez,2022,18,red-bull,4.0,4.0,2.0,0,0.15163149954581592,0.04013454226795449,0.04093316728491363
1075,charles-leclerc,2022,18,ferrari,2.0,2.0,3.0,0,0.09244118105264462,0.11381619306579711,0.1776300014047171
1075,esteban-ocon,2022,18,alpine,5.0,5.0,4.0,0,0.0075973959028350305,0.008692821098460209,0.009130793130522267
1075,lewis-hamilton,2022,18,mercedes,6.0,6.0,5.0,0,0.13394888780106717,0.025669248613107747,0.020993686848328183
1075,sebastian-vettel,2022,18,aston-martin,9.0,9.0,6.0,0,0.0038430869063345104,0.002511237148346317,0.0019512264930818734
1075,fernando-alonso,2022,18,alpine,7.0,7.0,7.0,0,0.007073985445320195,0.004836639589969445,0.004204066084609645
1075,george-russell,2022,18,mercedes,8.0,8.0,8.0,0,0.12441109587038632,0.01538166289629941,0.010705889374899406
1075,nicholas-latifi,2022,18,williams,19.0,20.0,9.0,0,0.00038709400120285866,0.0002444409442131619,0.000139034722030731
1075,lando-norris,2022,18,mclaren,10.0,10.0,10.0,0,0.01904565397304412,0.0054508045403522465,0.0036885863335108238
1075,daniel-ricciardo,2022,18,mclaren,11.0,11.0,11.0,0,0.00706723311128345,0.002031031116289092,0.0013590332923763932
1075,lance-stroll,2022,18,aston-martin,18.0,19.0,12.0,0,0.003935612610290348,0.0008671626703421751,0.0004527955497534808
1075,yuki-tsunoda,2022,18,racing-bulls,13.0,13.0,13.0,0,0.0009562091216954141,0.0005965515355366326,0.0004015685428659421
1075,kevin-magnussen,2022,18,haas,17.0,18.0,14.0,0,0.0009681731711784059,0.0004996645148960193,0.00028966160980088907
1075,valtteri-bottas,2022,18,audi,12.0,12.0,15.0,0,0.0010374611903874679,0.0008881999350858687,0.0006261706905438876
1075,guanyu-zhou,2022,18,audi,14.0,14.0,16.0,0,0.0007403157744087252,0.0005247488727063478,0.00034374785445359196
1075,mick-schumacher,2022,18,haas,15.0,15.0,17.0,0,0.0012553417476807798,0.0007568794910240144,0.00046602067648369435
1075,pierre-gasly,2022,18,racing-bulls,20.0,17.0,18.0,0,0.0032823884824276237,0.0008632312280154213,0.00043039288227487293
1075,carlos-sainz-jr,2022,18,ferrari,3.0,3.0,,0,0.08435161797376045,0.05589031034646539,0.06945008530725216
1075,alexander-albon,2022,18,williams,16.0,16.0,,0,0.0007862287901029667,0.000582144243194018,0.00035419010691584065
1076,max-verstappen,2022,19,red-bull,2.0,3.0,1.0,1,0.4014641746320213,0.38899275278677603,0.47608221864508227
1076,lewis-hamilton,2022,19,mercedes,3.0,5.0,2.0,0,0.12620708572755057,0.11301309943638144,0.11622160484179998
1076,charles-leclerc,2022,19,ferrari,12.0,2.0,3.0,0,0.07404925884677385,0.010116198586475325,0.004838185979324712
1076,sergio-perez,2022,19,red-bull,9.0,4.0,4.0,0,0.17517920907036003,0.018382592704134986,0.009869000107567964
1076,george-russell,2022,19,mercedes,4.0,6.0,5.0,0,0.11185388576633552,0.06508934054722026,0.05708210625394318
1076,lando-norris,2022,19,mclaren,6.0,8.0,6.0,0,0.01763841391875032,0.017698656164763876,0.01357752454569929
1076,fernando-alonso,2022,19,alpine,14.0,9.0,7.0,0,0.00907981012839501,0.0027572598179072365,0.0013418745536870101
1076,sebastian-vettel,2022,19,aston-martin,10.0,12.0,8.0,0,0.004644189866650197,0.0035978819950054828,0.0021987344765585777
1076,kevin-magnussen,2022,19,haas,13.0,16.0,9.0,0,0.0009108572851542017,0.0011385863337743552,0.0006510465084536342
1076,yuki-tsunoda,2022,19,racing-bulls,19.0,15.0,10.0,0,0.0008945673337805706,0.0005041241924526058,0.00023126591900355452
1076,esteban-ocon,2022,19,alpine,20.0,18.0,11.0,0,0.010213735150533238,0.0017441057358109412,0.0006886270078309202
1076,guanyu-zhou,2022,19,audi,18.0,14.0,12.0,0,0.0006843298267039453,0.0005245396595650874,0.00025200212908129375
1076,alexander-albon,2022,19,williams,8.0,11.0,13.0,0,0.0006978835542397545,0.0023639382338246076,0.0018121604114910471
1076,pierre-gasly,2022,19,racing-bulls,11.0,13.0,14.0,0,0.0026278323178247284,0.002946078200868557,0.0017625856881359745
1076,mick-schumacher,2022,19,haas,16.0,19.0,15.0,0,0.001102030393036341,0.0009668937973275289,0.000486899797640291
1076,daniel-ricciardo,2022,19,mclaren,15.0,17.0,16.0,0,0.006736502350392411,0.0018727687321101311,0.0008871821475495366
1076,nicholas-latifi,2022,19,williams,17.0,20.0,17.0,0,0.00044023710757117566,0.0004929120367508763,0.0002505161860398547
1076,lance-stroll,2022,19,aston-martin,5.0,7.0,,0,0.004300459296087926,0.009961697023774169,0.0090799610175475
1076,valtteri-bottas,2022,19,audi,7.0,10.0,,0,0.0009522329072113024,0.003035400398954025,0.0024670117411534644
1076,carlos-sainz-jr,2022,19,ferrari,1.0,1.0,,0,0.050323304520627686,0.3548011736161225,0.30021949204240983
1077,max-verstappen,2022,20,red-bull,1.0,1.0,1.0,1,0.41695475354116235,0.7177986351385701,0.647693387938026
1077,lewis-hamilton,2022,20,mercedes,3.0,3.0,2.0,0,0.1383788480336104,0.07258620249558642,0.08790997283842591
1077,sergio-perez,2022,20,red-bull,4.0,4.0,3.0,0,0.17979279682243762,0.04037058065829596,0.04071775572375747
1077,george-russell,2022,20,mercedes,2.0,2.0,4.0,0,0.11728401105175114,0.11894783461194186,0.18297284711494222
1077,carlos-sainz-jr,2022,20,ferrari,5.0,5.0,5.0,0,0.03056809373174879,0.013320407581143487,0.012961843601848065
1077,charles-leclerc,2022,20,ferrari,7.0,7.0,6.0,0,0.059580422836583574,0.013841427028910077,0.010792146208958742
1077,daniel-ricciardo,2022,20,mclaren,11.0,11.0,7.0,0,0.005662762442964861,0.0016851181667334994,0.0011374000450722489
1077,esteban-ocon,2022,20,alpine,10.0,10.0,8.0,0,0.00997460336880811,0.003085287209575236,0.0021445137966837747
1077,lando-norris,2022,20,mclaren,8.0,8.0,9.0,0,0.016763231834398595,0.006939573990427277,0.005359785706187714
1077,valtteri-bottas,2022,20,audi,6.0,6.0,10.0,0,0.0007457163483499339,0.002066327856021997,0.002196404992006564
1077,pierre-gasly,2022,20,racing-bulls,14.0,14.0,11.0,0,0.0025741028593970227,0.0012000777894111804,0.0007404920387337812
1077,alexander-albon,2022,20,williams,17.0,19.0,12.0,0,0.0006980087667059395,0.0004513256489842545,0.00026604519445451045
1077,guanyu-zhou,2022,20,audi,12.0,12.0,13.0,0,0.0006733624091191959,0.0006415009569440236,0.00046076256915817814
1077,sebastian-vettel,2022,20,aston-martin,16.0,17.0,14.0,0,0.0041318567575357274,0.001049526511371284,0.0005839844091095846
1077,lance-stroll,2022,20,aston-martin,20.0,18.0,15.0,0,0.003094390746471895,0.0005798876090705182,0.0002876110895879648
1077,mick-schumacher,2022,20,haas,15.0,16.0,16.0,0,0.00113029098599771,0.0006456085412662752,0.0003983858036205256
1077,kevin-magnussen,2022,20,haas,19.0,15.0,17.0,0,0.0010538281624982396,0.0004205151165968543,0.00022736739282898987
1077,nicholas-latifi,2022,20,williams,18.0,20.0,18.0,0,0.0004194993712922169,0.00026835838038852575,0.0001565426643054846
1077,fernando-alonso,2022,20,alpine,9.0,9.0,19.0,0,0.009523009529251331,0.0034978654346262362,0.002587523958695046
1077,yuki-tsunoda,2022,20,racing-bulls,13.0,13.0,,0,0.0009964103999152752,0.0006039392741349092,0.0004052269135972041
1078,george-russell,2022,21,mercedes,1.0,1.0,1.0,1,0.11974169130774649,0.4914207694785876,0.42932214978667554
1078,lewis-hamilton,2022,21,mercedes,2.0,3.0,2.0,0,0.14499015506256063,0.1955189575956368,0.27131316039414044
1078,carlos-sainz-jr,2022,21,ferrari,7.0,2.0,3.0,0,0.03127244534905835,0.0112124604181012,0.008189489412957964
1078,charles-leclerc,2022,21,ferrari,5.0,6.0,4.0,0,0.05815413243408881,0.032056097143167296,0.02762387609367618
1078,fernando-alonso,2022,21,alpine,17.0,18.0,5.0,0,0.0064141685666714125,0.0014659133417779305,0.0007001289491111709
1078,max-verstappen,2022,21,red-bull,3.0,4.0,6.0,0,0.4160061263492586,0.17957250814334352,0.18746576503190526
1078,sergio-perez,2022,21,red-bull,4.0,5.0,7.0,0,0.1803047458774667,0.05648650904750752,0.05188181967487357
1078,esteban-ocon,2022,21,alpine,16.0,17.0,8.0,0,0.008038730941598793,0.001950583907492399,0.000955023677906396
1078,valtteri-bottas,2022,21,audi,14.0,14.0,9.0,0,0.0008308274375546041,0.0008158125152848936,0.0004838945005403023
1078,lance-stroll,2022,21,aston-martin,15.0,16.0,10.0,0,0.0023951216137773307,0.0011344744605241573,0.0006121549917972096
1078,sebastian-vettel,2022,21,aston-martin,9.0,9.0,11.0,0,0.0032089500656463134,0.0032282572252336846,0.002303418650080855
1078,guanyu-zhou,2022,21,audi,13.0,13.0,12.0,0,0.0007110010965455031,0.0008029777149924685,0.0005002911043793146
1078,mick-schumacher,2022,21,haas,12.0,12.0,13.0,0,0.0008999764383376664,0.0011589848188303903,0.0007488136479171482
1078,pierre-gasly,2022,21,racing-bulls,10.0,10.0,14.0,0,0.0021290149583423497,0.0026783430226926083,0.0018434817776302992
1078,alexander-albon,2022,21,williams,19.0,,15.0,0,0.0006723649017486027,0.000530613182191413,0.00026792876166243095
1078,nicholas-latifi,2022,21,williams,18.0,19.0,16.0,0,0.00037257183699864263,0.00035049927738864324,0.0001873036633210982
1078,yuki-tsunoda,2022,21,racing-bulls,20.0,15.0,17.0,0,0.0007199911136316942,0.00036242462072420297,0.00017594196692910868
1078,lando-norris,2022,21,mclaren,6.0,7.0,,0,0.016320052878241908,0.01476653400873475,0.012257917905294598
1078,kevin-magnussen,2022,21,haas,8.0,8.0,,0,0.0008270085851916,0.002033606995745791,0.0016629415191155366
1078,daniel-ricciardo,2022,21,mclaren,11.0,11.0,,0,0.0059909231855339844,0.0024536730820427463,0.0015044984900855977
1079,max-verstappen,2022,22,red-bull,1.0,1.0,1.0,1,0.3551857993158383,0.7092340864892737,0.6454700353478282
1079,charles-leclerc,2022,22,ferrari,3.0,3.0,2.0,0,0.0713551796591608,0.05906003277058279,0.07407448373731959
1079,sergio-perez,2022,22,red-bull,2.0,2.0,3.0,0,0.15726410281722702,0.12052890688981022,0.1820521457539623
1079,carlos-sainz-jr,2022,22,ferrari,4.0,4.0,4.0,0,0.04013139687649076,0.023156496611478207,0.025263792667900017
1079,george-russell,2022,22,mercedes,6.0,6.0,5.0,0,0.15241494555538201,0.025459327273674025,0.020619207845024374
1079,lando-norris,2022,22,mclaren,7.0,7.0,6.0,0,0.008539061363251462,0.006597892555417591,0.005694382254280865
1079,esteban-ocon,2022,22,alpine,8.0,8.0,7.0,0,0.009958334821520176,0.0047901821990275996,0.003786681738337319
1079,lance-stroll,2022,22,aston-martin,14.0,14.0,8.0,0,0.0027323181446858337,0.001031308168210939,0.0006316573852319717
1079,daniel-ricciardo,2022,22,mclaren,13.0,10.0,9.0,0,0.003281910493245078,0.0011169869593575315,0.0007054253599369893
1079,sebastian-vettel,2022,22,aston-martin,9.0,9.0,10.0,0,0.003552721157324192,0.0025688057680690298,0.0020025952341886006
1079,yuki-tsunoda,2022,22,racing-bulls,11.0,12.0,11.0,0,0.000662011175711074,0.0006803456729727235,0.0005129085771721604
1079,guanyu-zhou,2022,22,audi,15.0,15.0,12.0,0,0.0008844531335661051,0.0005363298097729833,0.0003343731061469823
1079,alexander-albon,2022,22,williams,19.0,19.0,13.0,0,0.0006780769130130826,0.000406813872499001,0.0002255367777934361
1079,pierre-gasly,2022,22,racing-bulls,17.0,17.0,14.0,0,0.0019578124331226863,0.0008617814351341878,0.0004830943009810916
1079,valtteri-bottas,2022,22,audi,18.0,18.0,15.0,0,0.0010864836355717,0.0004799720427744725,0.0002671963109827856
1079,mick-schumacher,2022,22,haas,12.0,13.0,16.0,0,0.0008554869670599659,0.0008929428639164531,0.0006357525753190805
1079,kevin-magnussen,2022,22,haas,16.0,16.0,17.0,0,0.0006826155375331033,0.00047059157893503833,0.0002870322511217215
1079,lewis-hamilton,2022,22,mercedes,5.0,5.0,18.0,0,0.17996257211302366,0.038960147581304304,0.03476826382885799
1079,nicholas-latifi,2022,22,williams,20.0,20.0,19.0,0,0.0003798647793336511,0.00023003610215676978,0.00012701599170404263
1079,fernando-alonso,2022,22,alpine,10.0,11.0,,0,0.008434853107939245,0.002937013355632455,0.002058418955910479
1080,max-verstappen,2023,1,red-bull,1.0,1.0,1.0,1,0.4066474247546502,0.7317694290503083,0.6716820590959183
1080,sergio-perez,2023,1,red-bull,2.0,2.0,2.0,0,0.17508017875254478,0.11960397459632661,0.17447308372901804
1080,fernando-alonso,2023,1,aston-martin,5.0,5.0,3.0,0,0.0029988410143611645,0.004513624297262058,0.004981407925480773
1080,carlos-sainz-jr,2023,1,ferrari,4.0,4.0,4.0,0,0.04906580553777677,0.023592386739043205,0.025637964060209156
1080,lewis-hamilton,2023,1,mercedes,7.0,7.0,5.0,0,0.10985855834762756,0.017511417729865374,0.013838066680247885
1080,lance-stroll,2023,1,aston-martin,8.0,8.0,6.0,0,0.0032599290730520487,0.002374543010617301,0.0020550657061111674
1080,george-russell,2023,1,mercedes,6.0,6.0,7.0,0,0.11661033840424802,0.02336794166203931,0.019938089272274587
1080,valtteri-bottas,2023,1,audi,12.0,12.0,8.0,0,0.0010620202027900921,0.0007647378342793345,0.0005668671874484094
1080,pierre-gasly,2023,1,alpine,20.0,20.0,9.0,0,0.011892762644641983,0.001410410242102866,0.0007249705510393215
1080,alexander-albon,2023,1,williams,15.0,15.0,10.0,0,0.0006725000262520911,0.000516392083779765,0.00035036062906910326
1080,yuki-tsunoda,2023,1,racing-bulls,14.0,14.0,11.0,0,0.0007306436483374821,0.00042142042931739494,0.00029230433980244515
1080,logan-sargeant,2023,1,williams,16.0,16.0,12.0,0,0.0005038919885162385,0.0003614740154198295,0.00023969800578610483
1080,kevin-magnussen,2023,1,haas,17.0,17.0,13.0,0,0.0005988459819192084,0.0003453660950583956,0.00022005822807472672
1080,nyck-de-vries,2023,1,racing-bulls,19.0,19.0,14.0,0,0.003907868928277113,0.0011854805136329652,0.000663461504670398
1080,nico-hulkenberg,2023,1,haas,10.0,10.0,15.0,0,0.000564612939512777,0.0007361275184816976,0.000616416467920393
1080,guanyu-zhou,2023,1,audi,13.0,13.0,16.0,0,0.0009318259833675311,0.0006021034245100325,0.0004303851544923961
1080,lando-norris,2023,1,mclaren,11.0,11.0,17.0,0,0.010611205813662651,0.0033893265326992903,0.0023783989190355984
1080,esteban-ocon,2023,1,alpine,9.0,9.0,,0,0.00879263839055352,0.0036393068811707637,0.0028431368924886724
1080,charles-leclerc,2023,1,ferrari,3.0,3.0,,0,0.08988536931169824,0.06288806097109281,0.07750907170937224
1080,oscar-piastri,2023,1,mclaren,18.0,18.0,,0,0.006324738256210507,0.0010064763729926915,0.0005591339415403434
1081,sergio-perez,2023,2,red-bull,1.0,1.0,1.0,1,0.19861913931788258,0.6859779314040928,0.6489420158199299
1081,max-verstappen,2023,2,red-bull,15.0,15.0,2.0,0,0.451738139103476,0.02298657105219779,0.01164477907510442
1081,fernando-alonso,2023,2,aston-martin,2.0,3.0,3.0,0,0.00464927812430041,0.04271607525907369,0.07430032736220817
1081,george-russell,2023,2,mercedes,3.0,4.0,4.0,0,0.10941724217480417,0.12068860420380378,0.14809451373019586
1081,lewis-hamilton,2023,2,mercedes,7.0,8.0,5.0,0,0.10701319828929248,0.03248595337994704,0.025873226993120352
1081,carlos-sainz-jr,2023,2,ferrari,4.0,5.0,6.0,0,0.03967474666120045,0.04261548498057603,0.04715609701097151
1081,charles-leclerc,2023,2,ferrari,12.0,2.0,7.0,0,0.05276132853825919,0.01029170339726647,0.006431368800129577
1081,esteban-ocon,2023,2,alpine,6.0,7.0,8.0,0,0.00594654958544122,0.010011135864331222,0.009848633251046061
1081,pierre-gasly,2023,2,alpine,9.0,10.0,9.0,0,0.009773783247740872,0.008412371290443876,0.006611300280820518
1081,kevin-magnussen,2023,2,haas,13.0,13.0,10.0,0,0.000638716722794055,0.0010116236676064958,0.0007420789802872166
1081,yuki-tsunoda,2023,2,racing-bulls,16.0,16.0,11.0,0,0.0008209798464410638,0.0006961691580822236,0.000451819964256673
1081,nico-hulkenberg,2023,2,haas,10.0,11.0,12.0,0,0.0005832462652438158,0.001391675635812484,0.0011710547419037645
1081,guanyu-zhou,2023,2,audi,11.0,12.0,13.0,0,0.0009376821395044926,0.0014042185682903387,0.0010989110246915352
1081,nyck-de-vries,2023,2,racing-bulls,18.0,18.0,14.0,0,0.001734640718447938,0.0011358621140765736,0.000676230028916661
1081,oscar-piastri,2023,2,mclaren,8.0,9.0,15.0,0,0.0018093675899509406,0.0026041234348821605,0.0023151167007926595
1081,logan-sargeant,2023,2,williams,20.0,,16.0,0,0.0004411376430259579,0.0003852786226155674,0.00022986549217559886
1081,lando-norris,2023,2,mclaren,19.0,19.0,17.0,0,0.006540248115839858,0.002197135539751309,0.0012003423991099158
1081,valtteri-bottas,2023,2,audi,14.0,14.0,18.0,0,0.0012556037951981305,0.0012621159229762142,0.0008643229340041653
1081,alexander-albon,2023,2,williams,17.0,17.0,,0,0.0008631206213545447,0.0008999635544781177,0.0005699268305179024
1081,lance-stroll,2023,2,aston-martin,5.0,6.0,,0,0.004781851499801826,0.010826002949695778,0.011778068579817369
1082,max-verstappen,2023,3,red-bull,1.0,1.0,1.0,1,0.45334871708660546,0.760182441085055,0.6933218126481081
1082,lewis-hamilton,2023,3,mercedes,3.0,3.0,2.0,0,0.10349074968108848,0.06213154325709127,0.07584236651765294
1082,fernando-alonso,2023,3,aston-martin,4.0,4.0,3.0,0,0.004713843072335955,0.008586534899210666,0.010415739444636756
1082,lance-stroll,2023,3,aston-martin,6.0,6.0,4.0,0,0.0035517164321841287,0.0035909812991828053,0.0035758984113845316
1082,sergio-perez,2023,3,red-bull,20.0,,5.0,0,0.21043440282839274,0.003963132773524045,0.0017662769996302
1082,lando-norris,2023,3,mclaren,13.0,13.0,6.0,0,0.004467792472010898,0.0017252675715568894,0.0011554771436878338
1082,nico-hulkenberg,2023,3,haas,10.0,10.0,7.0,0,0.0006643007462870422,0.0007916573206735556,0.0006572197312837334
1082,oscar-piastri,2023,3,mclaren,16.0,16.0,8.0,0,0.0023032480132421274,0.0006948073212252113,0.00042828112646042587
1082,guanyu-zhou,2023,3,audi,17.0,17.0,9.0,0,0.000843647452744873,0.00038258528312756,0.000239315339626295
1082,yuki-tsunoda,2023,3,racing-bulls,12.0,12.0,10.0,0,0.0008498386087524713,0.0006030363472614364,0.00044958533899135805
1082,valtteri-bottas,2023,3,audi,19.0,19.0,11.0,0,0.0009951240031156698,0.000374282691825859,0.0002199138384206581
1082,carlos-sainz-jr,2023,3,ferrari,5.0,5.0,12.0,0,0.038084344655538976,0.016060517473637292,0.015771964563422444
1082,pierre-gasly,2023,3,alpine,9.0,9.0,13.0,0,0.00997599961438672,0.0044955506775595415,0.003502385123951883
1082,esteban-ocon,2023,3,alpine,11.0,11.0,14.0,0,0.006321680786691356,0.0022008543699582146,0.0015723528690175397
1082,nyck-de-vries,2023,3,racing-bulls,15.0,15.0,15.0,0,0.0012721255088180639,0.0006155198273691387,0.00040370995352230585
1082,logan-sargeant,2023,3,williams,18.0,18.0,16.0,0,0.0006504217914894618,0.00038810516101353695,0.00024007911734532682
1082,kevin-magnussen,2023,3,haas,14.0,14.0,17.0,0,0.0007500095850110559,0.0005281669983258405,0.0003676429614535176
1082,george-russell,2023,3,mercedes,2.0,2.0,,0,0.10753260831627606,0.11934935293448919,0.17899068727046122
1082,alexander-albon,2023,3,williams,8.0,8.0,,0,0.0006091864102581046,0.0012610931379793472,0.0011833900036087863
1082,charles-leclerc,2023,3,ferrari,7.0,7.0,,0,0.04914024293477039,0.01207456956993359,0.009895901597334132
1083,sergio-perez,2023,4,red-bull,3.0,3.0,1.0,1,0.22841478276444085,0.12172334498491384,0.11814179662671494
1083,max-verstappen,2023,4,red-bull,2.0,2.0,2.0,0,0.508944756148547,0.4626766402709096,0.5372211687942763
1083,charles-leclerc,2023,4,ferrari,1.0,1.0,3.0,0,0.028215097539067712,0.2871083677549934,0.24584345680078387
1083,fernando-alonso,2023,4,aston-martin,6.0,6.0,4.0,0,0.008002809155233284,0.009849644696306545,0.007860047145143543
1083,carlos-sainz-jr,2023,4,ferrari,4.0,4.0,5.0,0,0.02582777641643577,0.032008877951246316,0.029771474652286405
1083,lewis-hamilton,2023,4,mercedes,5.0,5.0,6.0,0,0.09294451084334689,0.04765536609509258,0.03740627038022105
1083,lance-stroll,2023,4,aston-martin,9.0,9.0,7.0,0,0.006004430172042298,0.00410369603577683,0.0026887080317862834
1083,george-russell,2023,4,mercedes,11.0,11.0,8.0,0,0.06945201444343374,0.011029359636360942,0.005845273398364478
1083,lando-norris,2023,4,mclaren,7.0,7.0,9.0,0,0.006493056105018207,0.008716015033773304,0.006528046698952872
1083,yuki-tsunoda,2023,4,racing-bulls,8.0,8.0,10.0,0,0.0010502950857612585,0.0021020478674657317,0.001584496938146602
1083,oscar-piastri,2023,4,mclaren,10.0,10.0,11.0,0,0.0031349668131293042,0.002637087909564244,0.0016883607149544456
1083,alexander-albon,2023,4,williams,12.0,13.0,12.0,0,0.0005216234312803509,0.0010157723527992849,0.0006467101973610367
1083,kevin-magnussen,2023,4,haas,16.0,18.0,13.0,0,0.0008632137592851015,0.0007326261650908743,0.00039206084242077535
1083,pierre-gasly,2023,4,alpine,17.0,19.0,14.0,0,0.00904762087509727,0.0026634441462646736,0.0012486503031002097
1083,esteban-ocon,2023,4,alpine,19.0,12.0,15.0,0,0.005756031909844981,0.0014998297891150052,0.0006748529073912268
1083,logan-sargeant,2023,4,williams,14.0,15.0,16.0,0,0.0007383976583543116,0.001095719106472505,0.0006369874249273257
1083,nico-hulkenberg,2023,4,haas,20.0,17.0,17.0,0,0.000913730290847769,0.0005484608668203724,0.0002613537011970319
1083,valtteri-bottas,2023,4,audi,13.0,14.0,18.0,0,0.0013348670347457967,0.0012583817366969058,0.0007342135478980775
1083,guanyu-zhou,2023,4,audi,15.0,16.0,,0,0.0011949857016453293,0.0009162164947571429,0.0004987989694393753
1083,nyck-de-vries,2023,4,racing-bulls,18.0,,,0,0.0011450338524427895,0.0006591011055798973,0.0003272719246342534
1084,max-verstappen,2023,5,red-bull,9.0,9.0,1.0,1,0.5089403920268211,0.05000685540362523,0.033152841781248735
1084,sergio-perez,2023,5,red-bull,1.0,1.0,2.0,0,0.24091621943630878,0.7313528447945585,0.6956035645879148
1084,fernando-alonso,2023,5,aston-martin,2.0,2.0,3.0,0,0.01002118317610513,0.06427559392021093,0.10966921838952745
1084,george-russell,2023,5,mercedes,6.0,6.0,4.0,0,0.06041075185447221,0.028028093718337633,0.025099799483636547
1084,carlos-sainz-jr,2023,5,ferrari,3.0,3.0,5.0,0,0.029758890892287164,0.05722809658381714,0.07544813043757718
1084,lewis-hamilton,2023,5,mercedes,13.0,13.0,6.0,0,0.08258786169972245,0.01139838090565057,0.006801002839738691
1084,charles-leclerc,2023,5,ferrari,7.0,7.0,7.0,0,0.03351246386758745,0.01747526006574887,0.014880156625177348
1084,pierre-gasly,2023,5,alpine,5.0,5.0,8.0,0,0.006740803686956009,0.01614888380583143,0.017666990419546048
1084,esteban-ocon,2023,5,alpine,8.0,8.0,9.0,0,0.0043044633174625134,0.005278332044541404,0.004613184100601268
1084,kevin-magnussen,2023,5,haas,4.0,4.0,10.0,0,0.0007962913044551422,0.006448683271826481,0.008670068158382853
1084,yuki-tsunoda,2023,5,racing-bulls,17.0,17.0,11.0,0,0.0009774282221982123,0.0007355221940543989,0.00046685517889722046
1084,lance-stroll,2023,5,aston-martin,18.0,18.0,12.0,0,0.007235110138813902,0.0016819315109950596,0.0009443211714282622
1084,valtteri-bottas,2023,5,audi,10.0,10.0,13.0,0,0.0008982854414207835,0.0017084520832457476,0.0014305795704910539
1084,alexander-albon,2023,5,williams,11.0,11.0,14.0,0,0.00054975970364618,0.001305485309268675,0.0010682169237015285
1084,nico-hulkenberg,2023,5,haas,12.0,12.0,15.0,0,0.0007845479159586319,0.0011908649600901348,0.0009137058903410006
1084,guanyu-zhou,2023,5,audi,14.0,14.0,16.0,0,0.0007623252878947007,0.0008829271671785152,0.0006260994114086363
1084,lando-norris,2023,5,mclaren,16.0,16.0,17.0,0,0.006560483851096637,0.0026874930272199186,0.001624367762138208
1084,nyck-de-vries,2023,5,racing-bulls,15.0,15.0,18.0,0,0.0006329617291549996,0.0006035244341425107,0.0004146177055928141
1084,oscar-piastri,2023,5,mclaren,19.0,19.0,19.0,0,0.0030724757354832323,0.001048972952244071,0.0005962929029585926
1084,logan-sargeant,2023,5,williams,20.0,20.0,20.0,0,0.0005373007121547998,0.0005138018474127317,0.0003099866596917488
1085,max-verstappen,2023,6,red-bull,1.0,1.0,1.0,1,0.5090324430897427,0.8488715921856977,0.8135541578272172
1085,fernando-alonso,2023,6,aston-martin,2.0,2.0,2.0,0,0.011324377767789684,0.04200299791265522,0.07378109395871085
1085,esteban-ocon,2023,6,alpine,3.0,4.0,3.0,0,0.004632859549990263,0.014506671132280357,0.021574407551325114
1085,lewis-hamilton,2023,6,mercedes,5.0,6.0,4.0,0,0.07949578712617217,0.02834410452267139,0.028548487604583696
1085,george-russell,2023,6,mercedes,8.0,8.0,5.0,0,0.06104548489507441,0.01092642701236384,0.008735473878388833
1085,charles-leclerc,2023,6,ferrari,6.0,3.0,6.0,0,0.033134263969612374,0.013012888571271237,0.012405012250135215
1085,pierre-gasly,2023,6,alpine,7.0,7.0,7.0,0,0.007229555392733943,0.0059309733954124476,0.005632438596881531
1085,carlos-sainz-jr,2023,6,ferrari,4.0,5.0,8.0,0,0.030617549545477088,0.022506323198539586,0.026467748427246793
1085,lando-norris,2023,6,mclaren,10.0,10.0,9.0,0,0.004098726194447171,0.0026223381033286426,0.0021303632591492057
1085,oscar-piastri,2023,6,mclaren,11.0,11.0,10.0,0,0.0018880209239035216,0.0011333844703412957,0.0009010304931728974
1085,valtteri-bottas,2023,6,audi,15.0,15.0,11.0,0,0.0008326206148199025,0.0005363133693608947,0.00037905175092377253
1085,nyck-de-vries,2023,6,racing-bulls,12.0,12.0,12.0,0,0.000490573550189234,0.00042619308787480406,0.0003430034979502806
1085,guanyu-zhou,2023,6,audi,19.0,19.0,13.0,0,0.0006720595798630041,0.00030872704991020034,0.00019482139902242296
1085,alexander-albon,2023,6,williams,13.0,13.0,14.0,0,0.00048627812523191336,0.0005804819602881231,0.00045391883892451215
1085,yuki-tsunoda,2023,6,racing-bulls,9.0,9.0,15.0,0,0.0009268467513852743,0.0011678446448993357,0.0010648351256691891
1085,sergio-perez,2023,6,red-bull,20.0,20.0,16.0,0,0.24501810109267436,0.0045716137674630345,0.002138290688953169
1085,nico-hulkenberg,2023,6,haas,18.0,18.0,17.0,0,0.0007718384983226084,0.00037402378259462405,0.00024137580375891706
1085,logan-sargeant,2023,6,williams,16.0,16.0,18.0,0,0.00034082920156419406,0.0003077112216741782,0.00021909667754233675
1085,kevin-magnussen,2023,6,haas,17.0,17.0,19.0,0,0.0008534670089013904,0.0004465051580916776,0.0002956535240383421
1085,lance-stroll,2023,6,aston-martin,14.0,14.0,,0,0.0071083171221047545,0.0014228854532814415,0.0009397388464057765
1086,max-verstappen,2023,7,red-bull,1.0,1.0,1.0,1,0.49265866149391535,0.82680964112667,0.7815560076351449
1086,lewis-hamilton,2023,7,mercedes,4.0,5.0,2.0,0,0.10445979439327058,0.0428040666009103,0.046930560092468356
1086,george-russell,2023,7,mercedes,12.0,12.0,3.0,0,0.0797913047350269,0.006294827365432894,0.003973796030163797
1086,sergio-perez,2023,7,red-bull,11.0,11.0,4.0,0,0.18967464860215152,0.009076822546199181,0.005728149665367944
1086,carlos-sainz-jr,2023,7,ferrari,2.0,2.0,5.0,0,0.03696990419969883,0.0665041988416724,0.10865736025217276
1086,lance-stroll,2023,7,aston-martin,5.0,6.0,6.0,0,0.006536048075958661,0.005843098463718458,0.006438481768258024
1086,fernando-alonso,2023,7,aston-martin,8.0,9.0,7.0,0,0.014133577192327853,0.005687297376194592,0.004797767943795781
1086,esteban-ocon,2023,7,alpine,6.0,7.0,8.0,0,0.008153188937109609,0.006316720616223313,0.006319235713668822
1086,guanyu-zhou,2023,7,audi,13.0,13.0,9.0,0,0.0009056670972966973,0.0005976871740254568,0.00044417706771308874
1086,pierre-gasly,2023,7,alpine,10.0,4.0,10.0,0,0.011626375693254505,0.00398055640570359,0.0030294319745003714
1086,charles-leclerc,2023,7,ferrari,19.0,19.0,11.0,0,0.04125987255948633,0.0023659882523948367,0.0012186886025705487
1086,yuki-tsunoda,2023,7,racing-bulls,15.0,15.0,12.0,0,0.0011023737380071593,0.0005449406722307594,0.00037334267672056904
1086,oscar-piastri,2023,7,mclaren,9.0,10.0,13.0,0,0.0026895546766327314,0.0017364439690739524,0.0014804249045434962
1086,nyck-de-vries,2023,7,racing-bulls,14.0,14.0,14.0,0,0.0007438097100319858,0.0004257902095536079,0.00030635935775751206
1086,nico-hulkenberg,2023,7,haas,7.0,8.0,15.0,0,0.0007552054462916397,0.0014918976926460595,0.001536464012684711
1086,alexander-albon,2023,7,williams,18.0,18.0,16.0,0,0.000586714895964543,0.0003687564119591382,0.00023816227099041954
1086,lando-norris,2023,7,mclaren,3.0,3.0,17.0,0,0.005642099582862605,0.01800326050612656,0.026222738896995265
1086,kevin-magnussen,2023,7,haas,17.0,17.0,18.0,0,0.0008031106349049689,0.00040718521750052764,0.00026589455637276505
1086,valtteri-bottas,2023,7,audi,16.0,16.0,19.0,0,0.001152494004305017,0.0005401970118702649,0.0003580106535868298
1086,logan-sargeant,2023,7,williams,20.0,20.0,20.0,0,0.00035559433150264254,0.00020062353989423187,0.0001249459245240306
1087,max-verstappen,2023,8,red-bull,1.0,1.0,1.0,1,0.4840795871024887,0.8087151641968277,0.7620542707978825
1087,fernando-alonso,2023,8,aston-martin,2.0,3.0,2.0,0,0.015397297807611897,0.04798842001308272,0.08154799212116086
1087,lewis-hamilton,2023,8,mercedes,3.0,4.0,3.0,0,0.11754824723837339,0.0691040984084611,0.0869388935256222
1087,charles-leclerc,2023,8,ferrari,10.0,11.0,4.0,0,0.034753960054360676,0.005589637113321209,0.0040101904021509075
1087,carlos-sainz-jr,2023,8,ferrari,11.0,8.0,5.0,0,0.03469566293173568,0.004826006254434863,0.0032979265646998733
1087,sergio-perez,2023,8,red-bull,12.0,12.0,6.0,0,0.1848601049624291,0.0077181708729317,0.004645604729406796
1087,alexander-albon,2023,8,williams,9.0,10.0,7.0,0,0.0004859389168159026,0.0009655874563413492,0.0008931620527267173
1087,esteban-ocon,2023,8,alpine,6.0,6.0,8.0,0,0.008278710742556658,0.006307342292052882,0.006281378229804079
1087,lance-stroll,2023,8,aston-martin,16.0,13.0,9.0,0,0.007502971726091907,0.001057267381247145,0.0006365547354538498
1087,valtteri-bottas,2023,8,audi,14.0,15.0,10.0,0,0.0009734445616876836,0.0005811621572533602,0.0004135430980863155
1087,oscar-piastri,2023,8,mclaren,8.0,9.0,11.0,0,0.0024475472120458566,0.002102218223209618,0.0019078247913928725
1087,pierre-gasly,2023,8,alpine,15.0,17.0,12.0,0,0.011215980827154944,0.0020453961267870237,0.0012618725166125217
1087,lando-norris,2023,8,mclaren,7.0,7.0,13.0,0,0.0040974480170981025,0.004086429262977926,0.0038996893182295608
1087,yuki-tsunoda,2023,8,racing-bulls,19.0,16.0,14.0,0,0.001090272625514304,0.00037682783133860325,0.00022806890543448327
1087,nico-hulkenberg,2023,8,haas,5.0,2.0,15.0,0,0.0006413545803388977,0.0023021525600870982,0.0028268137695320675
1087,guanyu-zhou,2023,8,audi,20.0,20.0,16.0,0,0.0009494309315981368,0.00032983269758396115,0.00019576415690745355
1087,kevin-magnussen,2023,8,haas,13.0,14.0,17.0,0,0.0006458748648990605,0.0005393018348485767,0.0004062715567714608
1087,nyck-de-vries,2023,8,racing-bulls,17.0,18.0,18.0,0,0.000735576835450141,0.0003140024242670322,0.0002039426095313378
1087,george-russell,2023,8,mercedes,4.0,5.0,,0,0.0893365724537258,0.03485665020289735,0.03822138396380145
1087,logan-sargeant,2023,8,williams,18.0,19.0,,0,0.00026401560802309697,0.00019433269004883865,0.00012885215479270634
1088,max-verstappen,2023,9,red-bull,1.0,1.0,1.0,1,0.5114236604825416,0.8169336848181206,0.7677370881766812
1088,charles-leclerc,2023,9,ferrari,2.0,2.0,2.0,0,0.04323220857688929,0.07074173788195143,0.11433220891119791
1088,sergio-perez,2023,9,red-bull,15.0,15.0,3.0,0,0.18727774597612384,0.005342824676449798,0.002865790033243071
1088,lando-norris,2023,9,mclaren,4.0,4.0,4.0,0,0.004156918089147603,0.009291185433257423,0.011785284946709496
1088,fernando-alonso,2023,9,aston-martin,7.0,7.0,5.0,0,0.021053567798142145,0.008212188664467579,0.007252759522460635
1088,carlos-sainz-jr,2023,9,ferrari,3.0,3.0,6.0,0,0.0424277343582971,0.0374761663851224,0.0492653249857087
1088,george-russell,2023,9,mercedes,11.0,11.0,7.0,0,0.054882549358439975,0.005403872550274495,0.003606272174759936
1088,lewis-hamilton,2023,9,mercedes,5.0,5.0,8.0,0,0.09723406686901558,0.0300104334606596,0.029373151984269374
1088,lance-stroll,2023,9,aston-martin,6.0,6.0,9.0,0,0.00939891649944673,0.0050494542720134,0.004962812524033469
1088,pierre-gasly,2023,9,alpine,9.0,9.0,10.0,0,0.011233469568702604,0.004260559255980262,0.003409056769996757
1088,alexander-albon,2023,9,williams,10.0,10.0,11.0,0,0.0006342969931351132,0.0009545876710602345,0.0008272079071234917
1088,guanyu-zhou,2023,9,audi,17.0,17.0,12.0,0,0.0009818924167247773,0.0004086476444732681,0.00026286289957468275
1088,logan-sargeant,2023,9,williams,18.0,18.0,13.0,0,0.0002192509851668926,0.0001505458272463119,0.00010025700128995137
1088,esteban-ocon,2023,9,alpine,12.0,12.0,14.0,0,0.009013516279315681,0.002255964345649675,0.0015703182006238656
1088,valtteri-bottas,2023,9,audi,19.0,14.0,15.0,0,0.0011312508627371453,0.00039145006629736674,0.00023671402405632758
1088,oscar-piastri,2023,9,mclaren,13.0,13.0,16.0,0,0.0027651166323187045,0.0010685779241528682,0.0007527619557321871
1088,nyck-de-vries,2023,9,racing-bulls,21.0,20.0,17.0,0,0.0006484884436286577,0.00020664716295086313,0.00012109750586657114
1088,kevin-magnussen,2023,9,haas,20.0,19.0,18.0,0,0.0006165288189722283,0.0002653796720243032,0.00016067565127806508
1088,yuki-tsunoda,2023,9,racing-bulls,16.0,16.0,19.0,0,0.0010349629776472233,0.000475352342777451,0.00031491202047950447
1088,nico-hulkenberg,2023,9,haas,8.0,8.0,,0,0.0006338580136071564,0.0011007399450707537,0.0010634428049147483
1089,max-verstappen,2023,10,red-bull,1.0,1.0,1.0,1,0.5182305555872498,0.8597308321253805,0.8328502391395753
1089,lando-norris,2023,10,mclaren,2.0,2.0,2.0,0,0.004829464193107582,0.03125639982113946,0.0579360975958471
1089,lewis-hamilton,2023,10,mercedes,7.0,7.0,3.0,0,0.08290310517828857,0.017272329833673335,0.014787598320294885
1089,oscar-piastri,2023,10,mclaren,3.0,3.0,4.0,0,0.0021897386848769257,0.008298645021878536,0.012853359215861887
1089,george-russell,2023,10,mercedes,6.0,6.0,5.0,0,0.0488572567213936,0.013615499992180067,0.012847228492017823
1089,sergio-perez,2023,10,red-bull,15.0,15.0,6.0,0,0.19190967035129575,0.00567939511847866,0.0031389491656187768
1089,fernando-alonso,2023,10,aston-martin,9.0,9.0,7.0,0,0.022599852515593575,0.006129009549423445,0.004895788209573321
1089,alexander-albon,2023,10,williams,8.0,8.0,8.0,0,0.000740336798606279,0.001513945090676682,0.0015059393605678566
1089,charles-leclerc,2023,10,ferrari,4.0,4.0,9.0,0,0.05029766890570713,0.028087803125140868,0.032641853614484885
1089,carlos-sainz-jr,2023,10,ferrari,5.0,5.0,10.0,0,0.0461234164691101,0.018493649895105192,0.019233894042865768
1089,logan-sargeant,2023,10,williams,14.0,14.0,11.0,0,0.0002658450430162332,0.0002578889200039638,0.00019973394543227813
1089,valtteri-bottas,2023,10,audi,20.0,,12.0,0,0.0010580895818233665,0.00036418147405634826,0.00022191410129240613
1089,nico-hulkenberg,2023,10,haas,11.0,11.0,13.0,0,0.00044514376431897574,0.0005947063191020919,0.0005118090936761493
1089,lance-stroll,2023,10,aston-martin,12.0,12.0,14.0,0,0.009771153195142558,0.001866438109801479,0.001325279592172803
1089,guanyu-zhou,2023,10,audi,17.0,17.0,15.0,0,0.0009832617784999668,0.00043700935305672034,0.00029009491864418933
1089,yuki-tsunoda,2023,10,racing-bulls,16.0,16.0,16.0,0,0.0007553336003539467,0.00042676754403056657,0.00029586468234590364
1089,nyck-de-vries,2023,10,racing-bulls,18.0,18.0,17.0,0,0.0005386703112118652,0.00026352068059304855,0.00017406031700245643
1089,pierre-gasly,2023,10,alpine,10.0,10.0,18.0,0,0.0097044423860531,0.0035791986618273035,0.0028188970471288138
1089,kevin-magnussen,2023,10,haas,19.0,19.0,,0,0.0004565351464093513,0.00026426048446358816,0.0001718507089685375
1089,esteban-ocon,2023,10,alpine,13.0,13.0,,0,0.0073404597879412736,0.001868518879988092,0.0012995484366287399
1090,max-verstappen,2023,11,red-bull,2.0,2.0,1.0,1,0.5227856612711834,0.4064827687324342,0.49512454821027596
1090,lando-norris,2023,11,mclaren,3.0,3.0,2.0,0,0.008101101272235916,0.028923336390851442,0.03467453196385273
1090,sergio-perez,2023,11,red-bull,9.0,9.0,3.0,0,0.18590053653090433,0.016250213847206162,0.009514406027998499
1090,lewis-hamilton,2023,11,mercedes,1.0,1.0,4.0,0,0.09572675179981073,0.4841541666629476,0.41248577592350905
1090,oscar-piastri,2023,11,mclaren,4.0,4.0,5.0,0,0.0036672184381315387,0.009177442290357352,0.009764477364853297
1090,george-russell,2023,11,mercedes,18.0,18.0,6.0,0,0.05582940104643702,0.0036358339111030977,0.0015847328216332915
1090,charles-leclerc,2023,11,ferrari,6.0,6.0,7.0,0,0.043329569629646895,0.019002705785596673,0.014731042740718977
1090,carlos-sainz-jr,2023,11,ferrari,11.0,11.0,8.0,0,0.039211054197362476,0.006893542675067008,0.00393409724249151
1090,fernando-alonso,2023,11,aston-martin,8.0,8.0,9.0,0,0.021410590990241948,0.009804767348678951,0.006799196414529471
1090,lance-stroll,2023,11,aston-martin,14.0,14.0,10.0,0,0.008527227475227796,0.0018323143760246704,0.000985761901256272
1090,alexander-albon,2023,11,williams,16.0,16.0,11.0,0,0.0010510834838112553,0.000838273419797503,0.00046922842380435335
1090,valtteri-bottas,2023,11,audi,7.0,7.0,12.0,0,0.0011112409621477656,0.0025167100208164633,0.002133018831319721
1090,daniel-ricciardo,2023,11,racing-bulls,13.0,13.0,13.0,0,0.00046288165974427267,0.0005351158602738727,0.00034244489185566816
1090,nico-hulkenberg,2023,11,haas,10.0,10.0,14.0,0,0.0004371088096559309,0.000945248086520954,0.000697201886522439
1090,yuki-tsunoda,2023,11,racing-bulls,17.0,17.0,15.0,0,0.0006784898364455015,0.0005003740623832555,0.0002754865885979857
1090,guanyu-zhou,2023,11,audi,5.0,5.0,16.0,0,0.000978701925880197,0.00375320424561373,0.0037946156885368216
1090,kevin-magnussen,2023,11,haas,19.0,19.0,17.0,0,0.00039016513247449485,0.00032075451421640565,0.00017110032509720774
1090,logan-sargeant,2023,11,williams,20.0,20.0,18.0,0,0.00037690661231122656,0.00023827779232588446,0.00012333995423851268
1090,esteban-ocon,2023,11,alpine,12.0,12.0,,0,0.004221483684834139,0.0021559455692642168,0.0013055220839544438
1090,pierre-gasly,2023,11,alpine,15.0,15.0,,0,0.005802825241513137,0.002039004408520652,0.00108947071495389
1091,max-verstappen,2023,12,red-bull,6.0,1.0,1.0,1,0.5271946841658707,0.11005076427988662,0.07896915998258745
1091,sergio-perez,2023,12,red-bull,2.0,3.0,2.0,0,0.18983324470168375,0.2358170065433945,0.3074374916724455
1091,charles-leclerc,2023,12,ferrari,1.0,2.0,3.0,0,0.040060816620935864,0.40806170219353294,0.3727260800108522
1091,lewis-hamilton,2023,12,mercedes,3.0,4.0,4.0,0,0.09650684680154081,0.1315052719980208,0.14516614089442334
1091,fernando-alonso,2023,12,aston-martin,9.0,9.0,5.0,0,0.019364659583500178,0.011259185219478498,0.007631303404371226
1091,george-russell,2023,12,mercedes,8.0,8.0,6.0,0,0.055727460934184674,0.018021098221393105,0.012283918480815602
1091,lando-norris,2023,12,mclaren,7.0,7.0,7.0,0,0.011825607520598292,0.013775593280666548,0.010876516737593257
1091,esteban-ocon,2023,12,alpine,14.0,15.0,8.0,0,0.002275398809173535,0.001834551626397764,0.00109163981999898
1091,lance-stroll,2023,12,aston-martin,10.0,10.0,9.0,0,0.007905102642999548,0.0043013517832746415,0.0028503260394408267
1091,yuki-tsunoda,2023,12,racing-bulls,11.0,11.0,10.0,0,0.0006520641615955825,0.0013710606413667868,0.0009759789360982197
1091,pierre-gasly,2023,12,alpine,12.0,12.0,11.0,0,0.003082045118761727,0.0030447407542737244,0.0019396031509178303
1091,valtteri-bottas,2023,12,audi,13.0,14.0,12.0,0,0.001070885841517247,0.0014113992902748092,0.0009027477896920561
1091,guanyu-zhou,2023,12,audi,17.0,17.0,13.0,0,0.0008793541772531365,0.0007858911528378369,0.0004412919912938427
1091,alexander-albon,2023,12,williams,15.0,16.0,14.0,0,0.0010469931517965848,0.001358905757749397,0.0008128887900125677
1091,kevin-magnussen,2023,12,haas,16.0,13.0,15.0,0,0.0003616777395443715,0.0005764655108495592,0.0003480538843005793
1091,daniel-ricciardo,2023,12,racing-bulls,19.0,19.0,16.0,0,0.0004688885350311517,0.0004434454189434758,0.00024150159218591983
1091,logan-sargeant,2023,12,williams,18.0,18.0,17.0,0,0.00033183721699875634,0.0003681005560056912,0.00020881499083814478
1091,nico-hulkenberg,2023,12,haas,20.0,20.0,18.0,0,0.00042445400064954525,0.000473286266802945,0.000253539070721948
1091,carlos-sainz-jr,2023,12,ferrari,4.0,5.0,,0,0.03579783967251103,0.044523072024867,0.04421112601286578
1091,oscar-piastri,2023,12,mclaren,5.0,6.0,,0,0.005190138603853448,0.011017107479983268,0.010631876748544659
1092,max-verstappen,2023,13,red-bull,1.0,1.0,1.0,1,0.5394211439852956,0.8470797959335742,0.8076219556717888
1092,fernando-alonso,2023,13,aston-martin,5.0,5.0,2.0,0,0.020899597302507168,0.0143759767233137,0.015356544133401009
1092,pierre-gasly,2023,13,alpine,12.0,12.0,3.0,0,0.0033117967951160738,0.00154248317029183,0.0011462475817328123
1092,sergio-perez,2023,13,red-bull,7.0,7.0,4.0,0,0.19996264057093635,0.017913701465522736,0.014384188738325148
1092,carlos-sainz-jr,2023,13,ferrari,6.0,6.0,5.0,0,0.021862680674704878,0.008866481764354488,0.008558361697179656
1092,lewis-hamilton,2023,13,mercedes,13.0,13.0,6.0,0,0.09676962072275629,0.007007265865761418,0.0042806763003767605
1092,lando-norris,2023,13,mclaren,2.0,2.0,7.0,0,0.00986654283619695,0.04439890754442297,0.07860756427794925
1092,alexander-albon,2023,13,williams,4.0,4.0,8.0,0,0.0009483573561874026,0.004861968870460654,0.006723031439073361
1092,oscar-piastri,2023,13,mclaren,8.0,8.0,9.0,0,0.0030747002819696556,0.0018877390235315457,0.0017140622650322818
1092,esteban-ocon,2023,13,alpine,16.0,17.0,10.0,0,0.0026115698810174385,0.0008041526151028042,0.0005201727091673298
1092,lance-stroll,2023,13,aston-martin,11.0,11.0,11.0,0,0.008296439815907759,0.0018893667065689008,0.0013931034839963063
1092,nico-hulkenberg,2023,13,haas,14.0,15.0,12.0,0,0.0003695892517147057,0.0003762769289530796,0.00028495838595400756
1092,liam-lawson,2023,13,racing-bulls,19.0,20.0,13.0,0,0.0007534497317825367,0.0003334655916112143,0.000209090800147332
1092,valtteri-bottas,2023,13,audi,18.0,19.0,14.0,0,0.0010993398067087649,0.0004349904260740226,0.0002755679276370118
1092,yuki-tsunoda,2023,13,racing-bulls,17.0,14.0,15.0,0,0.0007147628609151375,0.00037692813493026955,0.0002506268783939933
1092,kevin-magnussen,2023,13,haas,20.0,18.0,16.0,0,0.00033404699732743093,0.00019949141592804297,0.00012634795880110588
1092,george-russell,2023,13,mercedes,3.0,3.0,17.0,0,0.05535180374022623,0.039807218842983744,0.0524616669596664
1092,guanyu-zhou,2023,13,audi,15.0,16.0,,0,0.0008954472245781317,0.0004781507541647595,0.0003348800476036929
1092,charles-leclerc,2023,13,ferrari,9.0,9.0,,0,0.03315345303549593,0.006932651283742982,0.0053608698889503715
1092,logan-sargeant,2023,13,williams,10.0,10.0,,0,0.0003030171286555015,0.00043298693870660995,0.0003900828548231917
1093,max-verstappen,2023,14,red-bull,2.0,2.0,1.0,1,0.5701792157026269,0.5469540335082775,0.6212455652700206
1093,sergio-perez,2023,14,red-bull,5.0,5.0,2.0,0,0.21000951830055417,0.05531472336369337,0.040731223397663496
1093,carlos-sainz-jr,2023,14,ferrari,1.0,1.0,3.0,0,0.0190371442683523,0.24558384502071698,0.21011484905505162
1093,charles-leclerc,2023,14,ferrari,3.0,3.0,4.0,0,0.021526742618674787,0.05129980512151934,0.05481965410294958
1093,george-russell,2023,14,mercedes,4.0,4.0,5.0,0,0.03767811720262,0.037289422849668234,0.033390192375767076
1093,lewis-hamilton,2023,14,mercedes,8.0,8.0,6.0,0,0.07759007447398909,0.024719000258724165,0.015145096733733663
1093,alexander-albon,2023,14,williams,6.0,6.0,7.0,0,0.0010862666693824891,0.005256635587889062,0.0045490222155570165
1093,lando-norris,2023,14,mclaren,9.0,9.0,8.0,0,0.011649488438460665,0.008733674507388463,0.0055056310521250235
1093,fernando-alonso,2023,14,aston-martin,10.0,10.0,9.0,0,0.025988646033384757,0.010280742930271841,0.005908560596055766
1093,valtteri-bottas,2023,14,audi,14.0,14.0,10.0,0,0.0009576361514489392,0.0011084483702658453,0.0006223209112951577
1093,liam-lawson,2023,14,racing-bulls,12.0,12.0,11.0,0,0.0011515888574155856,0.0017434276754854032,0.0010537472378365834
1093,oscar-piastri,2023,14,mclaren,7.0,7.0,12.0,0,0.0037455981201592824,0.0046434025387111135,0.003462789668810542
1093,logan-sargeant,2023,14,williams,15.0,15.0,13.0,0,0.00026457031556687373,0.00036720016643058034,0.0002090052974521952
1093,guanyu-zhou,2023,14,audi,16.0,16.0,14.0,0,0.000689812090581573,0.0006742073620447793,0.0003576257221455762
1093,pierre-gasly,2023,14,alpine,17.0,17.0,15.0,0,0.004938903352838389,0.0020233242258324937,0.000956638132910014
1093,lance-stroll,2023,14,aston-martin,20.0,20.0,16.0,0,0.009218702372253525,0.0014129560317496332,0.0005908215921354272
1093,nico-hulkenberg,2023,14,haas,13.0,13.0,17.0,0,0.0004324174343726453,0.0008333799226596143,0.0005038494653551756
1093,kevin-magnussen,2023,14,haas,19.0,19.0,18.0,0,0.0003665363910213757,0.00040290975467599315,0.00020181111431690356
1093,esteban-ocon,2023,14,alpine,18.0,18.0,,0,0.0034890212062966245,0.0013588608039955753,0.0006315960588185296
1094,carlos-sainz-jr,2023,15,ferrari,1.0,1.0,1.0,1,0.023719849846676744,0.4533050919786779,0.4263079650246651
1094,lando-norris,2023,15,mclaren,4.0,4.0,2.0,0,0.010988209016292947,0.048658158430360816,0.051690155375078664
1094,lewis-hamilton,2023,15,mercedes,5.0,5.0,3.0,0,0.07440784431062503,0.08112509517844502,0.07028135057897948
1094,charles-leclerc,2023,15,ferrari,3.0,3.0,4.0,0,0.026195322198074456,0.09270933545572695,0.10898789051455657
1094,max-verstappen,2023,15,red-bull,11.0,11.0,5.0,0,0.5746867334148121,0.06701831718367572,0.03534636060892019
1094,pierre-gasly,2023,15,alpine,12.0,12.0,6.0,0,0.0032244921695430326,0.004708284415823081,0.003012854318011475
1094,oscar-piastri,2023,15,mclaren,17.0,17.0,7.0,0,0.00342417773120206,0.0018860522538146408,0.0009961927249727818
1094,sergio-perez,2023,15,red-bull,13.0,13.0,8.0,0,0.21749207268202347,0.021777056920098473,0.010909465000253745
1094,liam-lawson,2023,15,racing-bulls,10.0,10.0,9.0,0,0.0012765384091599247,0.004001344486114783,0.00293339193810299
1094,kevin-magnussen,2023,15,haas,6.0,6.0,10.0,0,0.0002916049498136558,0.0034664585723305327,0.0035112531565557837
1094,alexander-albon,2023,15,williams,14.0,14.0,11.0,0,0.0013531002538067498,0.0026848685488618943,0.0016567308918905678
1094,guanyu-zhou,2023,15,audi,19.0,19.0,12.0,0,0.0006886519382217791,0.0008470100386331257,0.0004567743209577115
1094,nico-hulkenberg,2023,15,haas,9.0,9.0,13.0,0,0.00034767004542761584,0.0021856868985032957,0.0017885733690457578
1094,logan-sargeant,2023,15,williams,18.0,18.0,14.0,0,0.0003097927259338625,0.000489367815106846,0.00027959875593265636
1094,fernando-alonso,2023,15,aston-martin,7.0,7.0,15.0,0,0.01962812490498519,0.02612945712266054,0.020278158380597967
1094,george-russell,2023,15,mercedes,2.0,2.0,16.0,0,0.03801789515415429,0.1800124775011629,0.254996664749239
1094,valtteri-bottas,2023,15,audi,16.0,16.0,,0,0.001017955487518766,0.0015616502239973406,0.0009070135167521372
1094,esteban-ocon,2023,15,alpine,8.0,8.0,,0,0.002113488687688702,0.005989028691695796,0.004784838147250481
1094,yuki-tsunoda,2023,15,racing-bulls,15.0,15.0,,0,0.000816476074039649,0.0014452582843103386,0.0008747686282369581
1095,max-verstappen,2023,16,red-bull,1.0,1.0,1.0,1,0.5434809740206632,0.8423592560556215,0.8162228855214095
1095,lando-norris,2023,16,mclaren,3.0,3.0,2.0,0,0.0184686878869259,0.03237449704172217,0.04603282717943113
1095,oscar-piastri,2023,16,mclaren,2.0,2.0,3.0,0,0.005446733184137371,0.020156113225040503,0.036793722377809535
1095,charles-leclerc,2023,16,ferrari,4.0,4.0,4.0,0,0.04078097869026644,0.02421440002519412,0.028479553538499815
1095,lewis-hamilton,2023,16,mercedes,7.0,7.0,5.0,0,0.07963405737820128,0.017362369810673062,0.014955847841856178
1095,carlos-sainz-jr,2023,16,ferrari,6.0,6.0,6.0,0,0.039158545861571636,0.012579921295677633,0.012043740757172282
1095,george-russell,2023,16,mercedes,8.0,8.0,7.0,0,0.03315911894283331,0.006467601151176804,0.005365253493099546
1095,fernando-alonso,2023,16,aston-martin,10.0,10.0,8.0,0,0.015802083813656616,0.004545338514367103,0.003513402732081318
1095,esteban-ocon,2023,16,alpine,14.0,14.0,9.0,0,0.002050593914103054,0.0007930572661852072,0.0005632311955386814
1095,pierre-gasly,2023,16,alpine,12.0,12.0,10.0,0,0.00395739086354181,0.001806638898214226,0.0013567500523038638
1095,liam-lawson,2023,16,racing-bulls,11.0,11.0,11.0,0,0.00365203492069183,0.0028194698879790013,0.002242923760146433
1095,yuki-tsunoda,2023,16,racing-bulls,9.0,9.0,12.0,0,0.000816428793487875,0.0010024340202337862,0.0009310042427225106
1095,guanyu-zhou,2023,16,audi,19.0,19.0,13.0,0,0.0007688119081923343,0.00030978367079028,0.00019690175676930798
1095,nico-hulkenberg,2023,16,haas,18.0,18.0,14.0,0,0.0004994160038967134,0.000296213270241461,0.0001978601401813703
1095,kevin-magnussen,2023,16,haas,15.0,15.0,15.0,0,0.0004458099771663395,0.00035340862715786827,0.0002601464180741216
1095,alexander-albon,2023,16,williams,13.0,13.0,,0,0.0017243531711553,0.001121402244474035,0.0008409247107404169
1095,logan-sargeant,2023,16,williams,20.0,,,0,0.0004051123046977911,0.0001590750141695938,0.00010068041072032032
1095,lance-stroll,2023,16,aston-martin,17.0,17.0,,0,0.005177505745529106,0.0007455785717522783,0.0004568773855161373
1095,sergio-perez,2023,16,red-bull,5.0,5.0,,0,0.20362237844521197,0.03004735495347547,0.02911061341266195
1095,valtteri-bottas,2023,16,audi,16.0,16.0,,0,0.0009489841740701242,0.0004860864558538093,0.000334853073265549
1096,max-verstappen,2023,17,red-bull,1.0,1.0,1.0,1,0.538208276467571,0.8107470284038157,0.7607393297454252
1096,oscar-piastri,2023,17,mclaren,6.0,6.0,2.0,0,0.011540707145248576,0.004982034456721266,0.004843909914773155
1096,lando-norris,2023,17,mclaren,10.0,10.0,3.0,0,0.036966530116142475,0.006475640529677075,0.004656379803701279
1096,george-russell,2023,17,mercedes,2.0,2.0,4.0,0,0.04666185184746123,0.05730156788271547,0.09182541552610196
1096,charles-leclerc,2023,17,ferrari,5.0,5.0,5.0,0,0.06309282896638942,0.019401127223673518,0.019284453349929415
1096,fernando-alonso,2023,17,aston-martin,4.0,4.0,6.0,0,0.017700306089649617,0.01835878059168319,0.02181136134359189
1096,esteban-ocon,2023,17,alpine,8.0,8.0,7.0,0,0.0033136913472297416,0.0021416510925684785,0.0019138682418605635
1096,valtteri-bottas,2023,17,audi,9.0,9.0,8.0,0,0.0010119001772465727,0.0010644111563903982,0.0009472067219166732
1096,guanyu-zhou,2023,17,audi,19.0,20.0,9.0,0,0.0009641252243312139,0.00032605087847266054,0.00019838669208618005
1096,sergio-perez,2023,17,red-bull,20.0,13.0,10.0,0,0.14977345315182305,0.0026743663403593116,0.0012483339250160155
1096,lance-stroll,2023,17,aston-martin,16.0,17.0,11.0,0,0.004861152151242334,0.000697135413115017,0.00042664269516126603
1096,pierre-gasly,2023,17,alpine,7.0,7.0,12.0,0,0.006099240651110728,0.004531653627388113,0.004244317474254063
1096,alexander-albon,2023,17,williams,13.0,14.0,13.0,0,0.0015145698654556916,0.0009474799857936091,0.0006904867983547763
1096,kevin-magnussen,2023,17,haas,18.0,19.0,14.0,0,0.0006279872996897227,0.00028591571091154364,0.00018236735338085424
1096,yuki-tsunoda,2023,17,racing-bulls,11.0,11.0,15.0,0,0.0012764897686180106,0.0008296414500002301,0.0006582689018745625
1096,nico-hulkenberg,2023,17,haas,12.0,15.0,16.0,0,0.0007119956733662396,0.0005938015265428735,0.00046391507628389746
1096,liam-lawson,2023,17,racing-bulls,17.0,18.0,17.0,0,0.003821743370585731,0.0011390673222701822,0.000696339633071345
1096,logan-sargeant,2023,17,williams,15.0,16.0,,0,0.0003939828972387296,0.0002283381492409781,0.00016211262531582197
1096,lewis-hamilton,2023,17,mercedes,3.0,3.0,,0,0.11145916778959987,0.06727430825866035,0.08500690417790097
1097,max-verstappen,2023,18,red-bull,6.0,6.0,1.0,1,0.59834301260403,0.256887448254668,0.17703687180848526
1097,lando-norris,2023,18,mclaren,2.0,2.0,2.0,0,0.060007729377714814,0.4247023665965745,0.5694206708073296
1097,carlos-sainz-jr,2023,18,ferrari,4.0,4.0,3.0,0,0.07548313252249281,0.13067305220895462,0.12089237544304947
1097,sergio-perez,2023,18,red-bull,9.0,9.0,4.0,0,0.15004721978381777,0.04015133250260619,0.0236046987445419
1097,george-russell,2023,18,mercedes,5.0,5.0,5.0,0,0.04550000332759188,0.06793386115433044,0.05728915929510058
1097,pierre-gasly,2023,18,alpine,7.0,7.0,6.0,0,0.007525587761323269,0.02209575577548087,0.017162446348817827
1097,lance-stroll,2023,18,aston-martin,20.0,19.0,7.0,0,0.006058683265579654,0.0024869151562487888,0.0011263405563910357
1097,yuki-tsunoda,2023,18,racing-bulls,11.0,11.0,8.0,0,0.0012884567208400234,0.003824897667158801,0.00254296882830432
1097,alexander-albon,2023,18,williams,15.0,18.0,9.0,0,0.0015939796851019267,0.0035988257537828187,0.0020389701683289356
1097,logan-sargeant,2023,18,williams,16.0,20.0,10.0,0,0.00037929204299108507,0.0009028130438142278,0.0005203412912712607
1097,nico-hulkenberg,2023,18,haas,18.0,16.0,11.0,0,0.0007930603421527687,0.0015160624608054755,0.0008026576494875844
1097,valtteri-bottas,2023,18,audi,13.0,13.0,12.0,0,0.0016518938165624745,0.003495668175773714,0.0021122050260489957
1097,guanyu-zhou,2023,18,audi,12.0,12.0,13.0,0,0.0015477776372992955,0.0037261873657793948,0.0023508377828580446
1097,kevin-magnussen,2023,18,haas,17.0,14.0,14.0,0,0.0007294154136373951,0.0015349067124901833,0.0008391691850993781
1097,daniel-ricciardo,2023,18,racing-bulls,14.0,15.0,15.0,0,0.0009265033483668517,0.0019711435494582995,0.0011719629333027117
1097,fernando-alonso,2023,18,aston-martin,19.0,17.0,,0,0.02278971169097715,0.008797801938159584,0.0039055615409854445
1097,oscar-piastri,2023,18,mclaren,10.0,10.0,,0,0.020730660091490005,0.014088712705109224,0.008612394034686739
1097,esteban-ocon,2023,18,alpine,8.0,8.0,,0,0.0046038805680308865,0.011612248978804775,0.008570368555910878
1098,max-verstappen,2023,19,red-bull,3.0,3.0,1.0,1,0.5180727103633274,0.27630298079084453,0.2886386747399704
1098,lewis-hamilton,2023,19,mercedes,6.0,6.0,2.0,0,0.06940042524584927,0.031625076864615055,0.025332363802045874
1098,charles-leclerc,2023,19,ferrari,1.0,1.0,3.0,0,0.07902788307046928,0.457384814255342,0.412374605605416
1098,carlos-sainz-jr,2023,19,ferrari,2.0,2.0,4.0,0,0.07346022614757479,0.14882766752704943,0.2075962958745018
1098,lando-norris,2023,19,mclaren,17.0,19.0,5.0,0,0.045055627275284824,0.006015373186667432,0.0028973187601591204
1098,george-russell,2023,19,mercedes,8.0,8.0,6.0,0,0.04035945132631308,0.012555422337402889,0.00884795870446834
1098,daniel-ricciardo,2023,19,racing-bulls,4.0,4.0,7.0,0,0.0007665949590882598,0.004789036638410085,0.005754477990378089
1098,oscar-piastri,2023,19,mclaren,7.0,7.0,8.0,0,0.010623858999836887,0.006393794757697965,0.005097163685439955
1098,alexander-albon,2023,19,williams,14.0,14.0,9.0,0,0.0016331366086220496,0.0016088275262195245,0.000996401682432821
1098,esteban-ocon,2023,19,alpine,15.0,16.0,10.0,0,0.0029001364807587993,0.0013620415350183645,0.0007859189274482259
1098,pierre-gasly,2023,19,alpine,11.0,11.0,11.0,0,0.005945906747675036,0.004155399930658222,0.002740022333700996
1098,yuki-tsunoda,2023,19,racing-bulls,18.0,15.0,12.0,0,0.0012057005780480793,0.0007239996405433265,0.0003970148307264082
1098,nico-hulkenberg,2023,19,haas,12.0,12.0,13.0,0,0.0007088396703445554,0.0010821980125571252,0.0007489305393608386
1098,guanyu-zhou,2023,19,audi,10.0,10.0,14.0,0,0.001229910717864466,0.0017634720827611674,0.0013040970450377983
1098,valtteri-bottas,2023,19,audi,9.0,9.0,15.0,0,0.001335118117304966,0.0022287445116071906,0.001734369759820635
1098,logan-sargeant,2023,19,williams,19.0,,16.0,0,0.0004160546721187944,0.0002970986360397665,0.00016511149301317422
1098,lance-stroll,2023,19,aston-martin,20.0,18.0,17.0,0,0.004366815699223497,0.0009078426269122573,0.0004418274314431458
1098,fernando-alonso,2023,19,aston-martin,13.0,13.0,,0,0.012235471339315837,0.004402616918245016,0.0025759920883297
1098,kevin-magnussen,2023,19,haas,16.0,17.0,,0,0.0006180275848081514,0.0006172341340252161,0.0003705212707843029
1098,sergio-perez,2023,19,red-bull,5.0,5.0,,0,0.13063810439617207,0.03695635808738346,0.0312009334355223
1099,max-verstappen,2023,20,red-bull,1.0,1.0,1.0,1,0.508370231246956,0.8876322165369971,0.8866893642153196
1099,lando-norris,2023,20,mclaren,6.0,7.0,2.0,0,0.06461137305970822,0.019979771256984313,0.019282259193426916
1099,fernando-alonso,2023,20,aston-martin,4.0,4.0,3.0,0,0.009064832790567561,0.012888463642458362,0.016699927931223126
1099,sergio-perez,2023,20,red-bull,9.0,9.0,4.0,0,0.09693418531656975,0.007058260674005909,0.005345058232218696
1099,lance-stroll,2023,20,aston-martin,3.0,3.0,5.0,0,0.0036382845411417277,0.008832967674780656,0.013687027644298765
1099,carlos-sainz-jr,2023,20,ferrari,7.0,8.0,6.0,0,0.10988455675505959,0.015212186798997676,0.013137299578267663
1099,pierre-gasly,2023,20,alpine,15.0,13.0,7.0,0,0.008058266939778475,0.0016900873104317437,0.0011217616648966121
1099,lewis-hamilton,2023,20,mercedes,5.0,5.0,8.0,0,0.10845819822126557,0.02979539628262795,0.030713883075747878
1099,yuki-tsunoda,2023,20,racing-bulls,16.0,16.0,9.0,0,0.0019168210354669427,0.0006075254080940434,0.0004141985282188252
1099,esteban-ocon,2023,20,alpine,14.0,12.0,10.0,0,0.004132054448207588,0.0010330200782868052,0.0007270067300458159
1099,logan-sargeant,2023,20,williams,19.0,19.0,11.0,0,0.0005774820878585197,0.00019535002023652551,0.00012789427977741869
1099,nico-hulkenberg,2023,20,haas,11.0,11.0,12.0,0,0.0008706788649676981,0.0008024702804094064,0.0006886852649484006
1099,daniel-ricciardo,2023,20,racing-bulls,17.0,17.0,13.0,0,0.0013584106320336212,0.0004070136157045155,0.0002722813644864233
1099,oscar-piastri,2023,20,mclaren,10.0,10.0,14.0,0,0.01555562260102665,0.002563961645889982,0.0020030419401209252
1099,george-russell,2023,20,mercedes,8.0,6.0,,0,0.06028316305873852,0.008601636819123978,0.007117944851619276
1099,valtteri-bottas,2023,20,audi,18.0,18.0,,0,0.001633931225585209,0.00048630548315306327,0.0003147753156413163
1099,guanyu-zhou,2023,20,audi,20.0,20.0,,0,0.00154041287477259,0.0003928329983492964,0.00024143964745716026
1099,kevin-magnussen,2023,20,haas,12.0,14.0,,0,0.0006658300934652076,0.0005527957495858237,0.0004580481145898564
1099,alexander-albon,2023,20,williams,13.0,15.0,,0,0.002445664206830575,0.001267737723882957,0.0009581024276952881
1100,max-verstappen,2023,21,red-bull,2.0,3.0,1.0,1,0.4986673113367284,0.4452152579360168,0.5368881313223137
1100,charles-leclerc,2023,21,ferrari,1.0,1.0,2.0,0,0.10315949623336883,0.43636566687307154,0.36350819546267793
1100,sergio-perez,2023,21,red-bull,11.0,12.0,3.0,0,0.09709248425478945,0.00764581886565537,0.004084894715429128
1100,esteban-ocon,2023,21,alpine,16.0,17.0,4.0,0,0.004207253440417956,0.00123516056980076,0.0006340062313935039
1100,lance-stroll,2023,21,aston-martin,19.0,14.0,5.0,0,0.004881739349007406,0.0008928987333589324,0.000415426217040266
1100,carlos-sainz-jr,2023,21,ferrari,12.0,2.0,6.0,0,0.09451527178323013,0.009111412338581964,0.004702405935828395
1100,lewis-hamilton,2023,21,mercedes,10.0,11.0,7.0,0,0.06555852562572545,0.012392593328311517,0.007179203138334993
1100,george-russell,2023,21,mercedes,3.0,4.0,8.0,0,0.030001104417656053,0.03864404016596165,0.0425661314993015
1100,fernando-alonso,2023,21,aston-martin,9.0,10.0,9.0,0,0.012099077423536962,0.006287471335955583,0.0041519273169222035
1100,oscar-piastri,2023,21,mclaren,18.0,19.0,10.0,0,0.011980689370614667,0.0012852917184322987,0.0005874763018958769
1100,pierre-gasly,2023,21,alpine,4.0,5.0,11.0,0,0.008403432196897884,0.019008462930072127,0.019342468925388132
1100,alexander-albon,2023,21,williams,5.0,6.0,12.0,0,0.001711365420275312,0.006421213768976742,0.006276425594927163
1100,kevin-magnussen,2023,21,haas,8.0,9.0,13.0,0,0.0005006424536183797,0.0012769999753117283,0.0010302889281081152
1100,daniel-ricciardo,2023,21,racing-bulls,14.0,15.0,14.0,0,0.0013072111851245617,0.0007818119359021273,0.00045219412700752364
1100,guanyu-zhou,2023,21,audi,17.0,18.0,15.0,0,0.0008959271127835686,0.0005706451277574258,0.0003054605330560612
1100,logan-sargeant,2023,21,williams,6.0,7.0,16.0,0,0.0005497350021595479,0.0017603919308325857,0.0016310021996737585
1100,valtteri-bottas,2023,21,audi,7.0,8.0,17.0,0,0.0009471508208884721,0.002321725003706634,0.0019520478059095964
1100,yuki-tsunoda,2023,21,racing-bulls,20.0,20.0,18.0,0,0.001956613130163815,0.0006508860703458744,0.0003093504650181512
1100,nico-hulkenberg,2023,21,haas,13.0,13.0,19.0,0,0.0007473390178333092,0.0008713550451241853,0.0005409203493095925
1100,lando-norris,2023,21,mclaren,15.0,16.0,,0,0.06081763042517976,0.007260896346824229,0.0034420429304644466
1101,max-verstappen,2023,22,red-bull,1.0,1.0,1.0,1,0.5201611225193277,0.8210134724514802,0.7682120437027127
1101,charles-leclerc,2023,22,ferrari,2.0,2.0,2.0,0,0.11026151361970098,0.10047260601304964,0.15457519050032395
1101,george-russell,2023,22,mercedes,4.0,4.0,3.0,0,0.02796818523345346,0.015304319261296816,0.017521377883398866
1101,sergio-perez,2023,22,red-bull,9.0,9.0,4.0,0,0.10538339913399276,0.006892504117461135,0.004878707931951131
1101,lando-norris,2023,22,mclaren,5.0,5.0,5.0,0,0.032383019469048195,0.01725138799134876,0.017687866547538334
1101,oscar-piastri,2023,22,mclaren,3.0,3.0,6.0,0,0.00900027953740115,0.011961424312993735,0.01665022966271875
1101,fernando-alonso,2023,22,aston-martin,7.0,7.0,7.0,0,0.013038278527942334,0.005921919770074622,0.005314233557216051
1101,yuki-tsunoda,2023,22,racing-bulls,6.0,6.0,8.0,0,0.0014836290441377499,0.002236573197682973,0.0023895555479572484
1101,lewis-hamilton,2023,22,mercedes,11.0,11.0,9.0,0,0.05999399531526218,0.006473522770825347,0.004303328035666739
1101,lance-stroll,2023,22,aston-martin,13.0,13.0,10.0,0,0.005881400633176803,0.001129898241617209,0.0007597883132772692
1101,daniel-ricciardo,2023,22,racing-bulls,15.0,15.0,11.0,0,0.0010828508434277259,0.0004170520887491052,0.0002820530413598151
1101,esteban-ocon,2023,22,alpine,12.0,12.0,12.0,0,0.00523842971702134,0.0013865922232411522,0.0009801623847539888
1101,pierre-gasly,2023,22,alpine,10.0,10.0,13.0,0,0.008986810814861919,0.0029678466287951033,0.002259821142465946
1101,alexander-albon,2023,22,williams,14.0,14.0,14.0,0,0.0016455438636532064,0.0008339922585747933,0.0005791150343476228
1101,nico-hulkenberg,2023,22,haas,8.0,8.0,15.0,0,0.0006286890090350594,0.0010402790575916444,0.0010004828455452558
1101,logan-sargeant,2023,22,williams,20.0,,16.0,0,0.0005177503268463976,0.0001720255418253735,0.00010364843702558017
1101,guanyu-zhou,2023,22,audi,19.0,19.0,17.0,0,0.0007818067010418366,0.0002887797988479435,0.00017640226313558275
1101,carlos-sainz-jr,2023,22,ferrari,16.0,16.0,18.0,0,0.09429377676541886,0.003661221527645786,0.0019568864219296407
1101,valtteri-bottas,2023,22,audi,18.0,18.0,19.0,0,0.0007941015336242685,0.0003180161338997638,0.0001995951392274738
1101,kevin-magnussen,2023,22,haas,17.0,17.0,20.0,0,0.0004754173916260408,0.00025656661299900866,0.00016951160744807628
1102,max-verstappen,2024,1,red-bull,1.0,1.0,1.0,1,0.5865978098784987,0.8250972338212346,0.7804964000578393
1102,sergio-perez,2024,1,red-bull,5.0,5.0,2.0,0,0.1006913283998096,0.015186371626273072,0.014735118090893649
1102,carlos-sainz-jr,2024,1,ferrari,4.0,4.0,3.0,0,0.05609374663294374,0.01989637178391976,0.02188443391259397
1102,charles-leclerc,2024,1,ferrari,2.0,2.0,4.0,0,0.09180772698009797,0.08749454850470714,0.12966248024219298
1102,george-russell,2024,1,mercedes,3.0,3.0,5.0,0,0.028148902369282247,0.021079483907346198,0.0269974844557501
1102,lando-norris,2024,1,mclaren,7.0,7.0,6.0,0,0.03616561882145666,0.009685304384570404,0.00847986825420475
1102,lewis-hamilton,2024,1,mercedes,9.0,9.0,7.0,0,0.056507903344823376,0.007615992954767832,0.005854837745645901
1102,oscar-piastri,2024,1,mclaren,8.0,8.0,8.0,0,0.009166777749078116,0.0023070806328221224,0.0019707579873610415
1102,fernando-alonso,2024,1,aston-martin,6.0,6.0,9.0,0,0.012768456727359379,0.006365444526744705,0.006173075900824795
1102,lance-stroll,2024,1,aston-martin,12.0,12.0,10.0,0,0.005150214859064906,0.0009962865834916737,0.0007247908593026978
1102,guanyu-zhou,2024,1,audi,17.0,17.0,11.0,0,0.0005084667081208044,0.00021627100231894392,0.00014631165304353856
1102,kevin-magnussen,2024,1,haas,15.0,15.0,12.0,0,0.0003033373497699875,0.00018493259935026965,0.00013446038851983624
1102,daniel-ricciardo,2024,1,racing-bulls,14.0,14.0,13.0,0,0.001030764784109163,0.0003536177716147987,0.0002538153200602858
1102,yuki-tsunoda,2024,1,racing-bulls,11.0,11.0,14.0,0,0.0015308636922708799,0.0007242358316518083,0.0005733405041350202
1102,alexander-albon,2024,1,williams,13.0,13.0,15.0,0,0.0013097951265131184,0.0006655787510051719,0.000494216997396961
1102,nico-hulkenberg,2024,1,haas,10.0,10.0,16.0,0,0.00044995873727008166,0.0004838635952403059,0.0004176933534803945
1102,esteban-ocon,2024,1,alpine,19.0,19.0,17.0,0,0.003971593121734149,0.0005081757188234922,0.00030456515135741577
1102,pierre-gasly,2024,1,alpine,20.0,20.0,18.0,0,0.00693121845758864,0.0007766368664544453,0.0004484269369032592
1102,valtteri-bottas,2024,1,audi,16.0,16.0,19.0,0,0.0004959707310254808,0.00023157894533453897,0.00016108723357482864
1102,logan-sargeant,2024,1,williams,18.0,18.0,20.0,0,0.000369545529182994,0.00013099019232867053,8.683495491933107e-05
1103,max-verstappen,2024,2,red-bull,1.0,1.0,1.0,1,0.5783118132738566,0.8233551936446156,0.777637795748822
1103,sergio-perez,2024,2,red-bull,3.0,3.0,2.0,0,0.1054595876844445,0.03438285979657031,0.041817119816179825
1103,charles-leclerc,2024,2,ferrari,2.0,2.0,3.0,0,0.09243161877627092,0.08857487356303431,0.13097561211440156
1103,oscar-piastri,2024,2,mclaren,5.0,5.0,4.0,0,0.009027692040559292,0.004742553027251902,0.004996047441550207
1103,fernando-alonso,2024,2,aston-martin,4.0,4.0,5.0,0,0.011428833589469119,0.011190885451328481,0.013041708498654749
1103,george-russell,2024,2,mercedes,7.0,7.0,6.0,0,0.02766101247776661,0.006052904625221613,0.0052974094695714905
1103,oliver-bearman,2024,2,ferrari,11.0,11.0,7.0,0,0.07319047309316062,0.005592249672817214,0.003873805297067716
1103,lando-norris,2024,2,mclaren,6.0,6.0,8.0,0,0.03453999541759345,0.01206924307127578,0.011319896481653484
1103,lewis-hamilton,2024,2,mercedes,8.0,8.0,9.0,0,0.051716033942867064,0.008701614682087388,0.007058736406801815
1103,nico-hulkenberg,2024,2,haas,15.0,15.0,10.0,0,0.00041650377152566517,0.00025333598923388403,0.00018242892135856645
1103,alexander-albon,2024,2,williams,12.0,12.0,11.0,0,0.0009795318459977582,0.0006626508367244104,0.0005143049622318276
1103,kevin-magnussen,2024,2,haas,13.0,13.0,12.0,0,0.00030866028681518466,0.0002397070750530409,0.00018547261304751767
1103,esteban-ocon,2024,2,alpine,17.0,17.0,13.0,0,0.002418213509131552,0.00047555649252325365,0.00030422200581704567
1103,logan-sargeant,2024,2,williams,19.0,19.0,14.0,0,0.0002635524763156268,0.00010222836222448405,6.678232346739256e-05
1103,yuki-tsunoda,2024,2,racing-bulls,9.0,9.0,15.0,0,0.0012954989714696204,0.0009105401352555297,0.0007917547841374034
1103,daniel-ricciardo,2024,2,racing-bulls,14.0,14.0,16.0,0,0.0009054435558965196,0.000340438301377477,0.0002450716590855842
1103,valtteri-bottas,2024,2,audi,16.0,16.0,17.0,0,0.00040608904316186015,0.00020658429777445453,0.0001443403120838809
1103,guanyu-zhou,2024,2,audi,20.0,,18.0,0,0.0004899745141162182,0.00017512878697383338,0.00011018116165538792
1103,lance-stroll,2024,2,aston-martin,10.0,10.0,,0,0.004713450173053114,0.0012793772784232811,0.0010114131311228295
1103,pierre-gasly,2024,2,alpine,18.0,18.0,,0,0.0040360215565287605,0.0006920749102337187,0.0004258968512897831
1104,carlos-sainz-jr,2024,3,ferrari,2.0,2.0,1.0,1,0.05778976810573608,0.05929870550232321,0.0897572465743614
1104,charles-leclerc,2024,3,ferrari,4.0,5.0,2.0,0,0.09315909379084532,0.03227494431737706,0.03536771684011521
1104,lando-norris,2024,3,mclaren,3.0,4.0,3.0,0,0.03467474106120275,0.03370309528540173,0.04358279003783045
1104,oscar-piastri,2024,3,mclaren,5.0,6.0,4.0,0,0.01076105420982226,0.005474819617361526,0.005802181533397046
1104,sergio-perez,2024,3,red-bull,6.0,3.0,5.0,0,0.11498620341243149,0.013043774832592017,0.011724781845572331
1104,lance-stroll,2024,3,aston-martin,9.0,9.0,6.0,0,0.0031955943999543487,0.0011815145584794806,0.0010023296333553497
1104,yuki-tsunoda,2024,3,racing-bulls,8.0,8.0,7.0,0,0.0010547757416631335,0.000994989707764498,0.000928932888821268
1104,fernando-alonso,2024,3,aston-martin,10.0,10.0,8.0,0,0.010156979055190635,0.00285566045335692,0.0022432488701266467
1104,nico-hulkenberg,2024,3,haas,16.0,16.0,9.0,0,0.0005133195606834845,0.00026106467992115777,0.00018338251420102364
1104,kevin-magnussen,2024,3,haas,14.0,14.0,10.0,0,0.0003711013640944535,0.00023814012238829532,0.00017908419827147748
1104,alexander-albon,2024,3,williams,12.0,12.0,11.0,0,0.0010466801652661898,0.0006954043395806626,0.0005445379345097784
1104,daniel-ricciardo,2024,3,racing-bulls,18.0,18.0,12.0,0,0.0007345367011282385,0.0002133701710274738,0.0001397771859663396
1104,pierre-gasly,2024,3,alpine,17.0,17.0,13.0,0,0.002502825422410397,0.00057557358902875,0.0003732205575673106
1104,valtteri-bottas,2024,3,audi,13.0,13.0,14.0,0,0.0003313483532346246,0.00025873746324776197,0.00020206669036599727
1104,guanyu-zhou,2024,3,audi,19.0,19.0,15.0,0,0.00038830179584423656,0.0001690665547674213,0.00011092658874212738
1104,esteban-ocon,2024,3,alpine,15.0,15.0,16.0,0,0.0017904085925323193,0.0005135950641113796,0.00035529463998476335
1104,george-russell,2024,3,mercedes,7.0,7.0,17.0,0,0.02630695798720744,0.0060723012080639805,0.005385013733588253
1104,lewis-hamilton,2024,3,mercedes,11.0,11.0,,0,0.045072657729334296,0.005009599269557591,0.003577922804151925
1104,max-verstappen,2024,3,red-bull,1.0,1.0,,0,0.5951636525514182,0.8371656432636492,0.7985395449290712
1105,max-verstappen,2024,4,red-bull,1.0,1.0,1.0,1,0.414936567176187,0.7635298849165407,0.7191362076863193
1105,sergio-perez,2024,4,red-bull,2.0,2.0,2.0,0,0.11675438603660135,0.0864354060499949,0.12434067506139153
1105,carlos-sainz-jr,2024,4,ferrari,4.0,4.0,3.0,0,0.11442422831183949,0.03560418708539813,0.03769891023652484
1105,charles-leclerc,2024,4,ferrari,8.0,8.0,4.0,0,0.1764956419523172,0.01862460062199782,0.014293002721905815
1105,lando-norris,2024,4,mclaren,3.0,3.0,5.0,0,0.0672180785089995,0.055694925015048594,0.06877017197459179
1105,fernando-alonso,2024,4,aston-martin,5.0,5.0,6.0,0,0.01740173496635861,0.012367248851998285,0.01270804099860754
1105,george-russell,2024,4,mercedes,9.0,9.0,7.0,0,0.019811271199603842,0.0043201412152927355,0.0033775977804711642
1105,oscar-piastri,2024,4,mclaren,6.0,6.0,8.0,0,0.02172102240204016,0.007140823636317462,0.006652104426874875
1105,lewis-hamilton,2024,4,mercedes,7.0,7.0,9.0,0,0.031137554131201138,0.009453027025793377,0.008176650545945218
1105,yuki-tsunoda,2024,4,racing-bulls,10.0,10.0,10.0,0,0.0020520696930638738,0.0012125890064064188,0.0009785587103628565
1105,nico-hulkenberg,2024,4,haas,12.0,12.0,11.0,0,0.0010474818770038377,0.0006870425438842028,0.0005234347625037508
1105,lance-stroll,2024,4,aston-martin,16.0,16.0,12.0,0,0.0060144744461445385,0.0008334059522604269,0.0005224262554661052
1105,kevin-magnussen,2024,4,haas,18.0,18.0,13.0,0,0.0007531397812023312,0.0002782535004470638,0.00017825758672487365
1105,valtteri-bottas,2024,4,audi,13.0,13.0,14.0,0,0.000509205223064453,0.00038391619930065306,0.00028865783814888
1105,esteban-ocon,2024,4,alpine,15.0,15.0,15.0,0,0.0022089492247239773,0.0006690683863043527,0.0004487993252715571
1105,pierre-gasly,2024,4,alpine,17.0,17.0,16.0,0,0.0032315018205673987,0.0007811032365252096,0.0004905468651101466
1105,logan-sargeant,2024,4,williams,19.0,19.0,17.0,0,0.0005088479822853768,0.00017229332243686577,0.00010871110870447424
1105,guanyu-zhou,2024,4,audi,20.0,20.0,,0,0.0005798099424937771,0.00022638272568643473,0.00013985113796823734
1105,daniel-ricciardo,2024,4,racing-bulls,11.0,11.0,,0,0.0013101557565313828,0.0007021610840306093,0.0005492275459774168
1105,alexander-albon,2024,4,williams,14.0,14.0,,0,0.0018838795677708449,0.0008835396243357968,0.0006181674311297368
1106,max-verstappen,2024,5,red-bull,1.0,1.0,1.0,1,0.4282312518047277,0.779190965764599,0.7368471770022353
1106,lando-norris,2024,5,mclaren,4.0,4.0,2.0,0,0.06355106221561888,0.0356224499946344,0.03894312730507101
1106,sergio-perez,2024,5,red-bull,2.0,2.0,3.0,0,0.12518325200633468,0.09128959682655453,0.13172430333152016
1106,charles-leclerc,2024,5,ferrari,6.0,6.0,4.0,0,0.16933114804395044,0.028145087667856273,0.024733310010810985
1106,carlos-sainz-jr,2024,5,ferrari,7.0,7.0,5.0,0,0.11435444871213064,0.01569641239592768,0.013002889558745158
1106,george-russell,2024,5,mercedes,8.0,8.0,6.0,0,0.01850633267580371,0.005086826635410278,0.004225688658762317
1106,fernando-alonso,2024,5,aston-martin,3.0,3.0,7.0,0,0.016787823266391565,0.026773482374731067,0.03482877580215535
1106,oscar-piastri,2024,5,mclaren,5.0,5.0,8.0,0,0.020378022234477162,0.009167800521589883,0.009336807598649991
1106,lewis-hamilton,2024,5,mercedes,18.0,18.0,9.0,0,0.027401592173385905,0.0021501347615817904,0.0012292701421907236
1106,nico-hulkenberg,2024,5,haas,9.0,9.0,10.0,0,0.0010795906225070193,0.0010917595779599135,0.0009504143740735926
1106,esteban-ocon,2024,5,alpine,13.0,13.0,11.0,0,0.0016633544775386778,0.0007279674367431921,0.0005285842155387226
1106,alexander-albon,2024,5,williams,14.0,14.0,12.0,0,0.001159368104726107,0.0006773747044848942,0.0004841270390694565
1106,pierre-gasly,2024,5,alpine,15.0,15.0,13.0,0,0.0023459838126770414,0.00080057440926774,0.0005403922469362677
1106,guanyu-zhou,2024,5,audi,16.0,16.0,14.0,0,0.0004143229104110141,0.0002611830603592542,0.00018122569114129513
1106,lance-stroll,2024,5,aston-martin,11.0,11.0,15.0,0,0.005421703066799514,0.001384399530201523,0.0010353985053168405
1106,kevin-magnussen,2024,5,haas,17.0,17.0,16.0,0,0.000758280104401455,0.00030658031370905893,0.00020250435075909993
1106,logan-sargeant,2024,5,williams,20.0,20.0,17.0,0,0.00037204480754499667,0.0001428369858399224,8.957543488867537e-05
1106,daniel-ricciardo,2024,5,racing-bulls,12.0,12.0,,0,0.0009088148755138951,0.0004998370122958826,0.00038248746167845245
1106,yuki-tsunoda,2024,5,racing-bulls,19.0,19.0,,0,0.0017297460830300807,0.00044817651735728397,0.0002745308633668444
1106,valtteri-bottas,2024,5,audi,10.0,10.0,,0,0.00042185800202952135,0.0005365535088964463,0.0004594104070897551
1107,lando-norris,2024,6,mclaren,5.0,5.0,1.0,1,0.06942652282920328,0.02522017025897802,0.024263866270450362
1107,max-verstappen,2024,6,red-bull,1.0,1.0,2.0,0,0.439404608361017,0.7342530625421869,0.6765661188631599
1107,charles-leclerc,2024,6,ferrari,2.0,2.0,3.0,0,0.15962466363697678,0.13197505942772203,0.1854840538243874
1107,sergio-perez,2024,6,red-bull,4.0,4.0,4.0,0,0.13069575063191513,0.030950450751486246,0.031877737298526464
1107,carlos-sainz-jr,2024,6,ferrari,3.0,3.0,5.0,0,0.10763902484159135,0.050453029351571095,0.059723498621852715
1107,lewis-hamilton,2024,6,mercedes,8.0,8.0,6.0,0,0.0253933827667225,0.0063977170919040285,0.005143196103826196
1107,yuki-tsunoda,2024,6,racing-bulls,10.0,10.0,7.0,0,0.000982196545794989,0.000814823415545728,0.0006617978100426547
1107,george-russell,2024,6,mercedes,7.0,7.0,8.0,0,0.01851068776844905,0.005879569125859318,0.005059133548352464
1107,fernando-alonso,2024,6,aston-martin,15.0,15.0,9.0,0,0.015029353445606417,0.0021654236277458315,0.0013409266707202871
1107,esteban-ocon,2024,6,alpine,13.0,13.0,10.0,0,0.0016418156225157122,0.0006805531792919107,0.00048226917970329317
1107,nico-hulkenberg,2024,6,haas,9.0,9.0,11.0,0,0.0011073670904679794,0.0010527578544455227,0.0008934624954105224
1107,pierre-gasly,2024,6,alpine,12.0,12.0,12.0,0,0.0021936461507544402,0.0009956710490631288,0.0007259378417879456
1107,oscar-piastri,2024,6,mclaren,6.0,6.0,13.0,0,0.02062715307967045,0.006442221498322379,0.005892128433548669
1107,guanyu-zhou,2024,6,audi,19.0,20.0,14.0,0,0.00036205882756455135,0.00018105558495845752,0.00011404276457266475
1107,daniel-ricciardo,2024,6,racing-bulls,20.0,18.0,15.0,0,0.0005313756932278758,0.00016608482312068553,0.00010043277324983623
1107,valtteri-bottas,2024,6,audi,16.0,16.0,16.0,0,0.00031965614161997934,0.00020936130346662857,0.00014288972811894943
1107,lance-stroll,2024,6,aston-martin,11.0,11.0,17.0,0,0.004376590005373675,0.0011356061586887314,0.0008341183770749801
1107,alexander-albon,2024,6,williams,14.0,14.0,18.0,0,0.0010964488154402898,0.000620265573217011,0.00043329361799305946
1107,kevin-magnussen,2024,6,haas,18.0,19.0,19.0,0,0.0007044588890491593,0.0002482503856061614,0.00015621261628580042
1107,logan-sargeant,2024,6,williams,17.0,17.0,,0,0.0003332388570393572,0.0001588669968201943,0.0001048831609357982
1108,max-verstappen,2024,7,red-bull,1.0,1.0,1.0,1,0.43691909015069474,0.7468542042211568,0.6898791621636176
1108,lando-norris,2024,7,mclaren,2.0,3.0,2.0,0,0.07302450334341717,0.10807606478026931,0.1570182841624656
1108,charles-leclerc,2024,7,ferrari,3.0,4.0,3.0,0,0.16272147985333466,0.07462821494526231,0.08760767939353878
1108,oscar-piastri,2024,7,mclaren,5.0,2.0,4.0,0,0.017622721081717384,0.007629613151944951,0.007623504917992135
1108,carlos-sainz-jr,2024,7,ferrari,4.0,5.0,5.0,0,0.1073935628821267,0.033380263455016435,0.03481329420152201
1108,lewis-hamilton,2024,7,mercedes,8.0,8.0,6.0,0,0.026412114422381627,0.006707832912014793,0.005398369703358659
1108,george-russell,2024,7,mercedes,6.0,6.0,7.0,0,0.018788219514469476,0.007596059036844778,0.007015817649675531
1108,sergio-perez,2024,7,red-bull,11.0,11.0,8.0,0,0.1321255252202519,0.007026122155394325,0.004607409508554963
1108,lance-stroll,2024,7,aston-martin,13.0,13.0,9.0,0,0.003301751805274702,0.0007689761083228832,0.0005301843540237336
1108,yuki-tsunoda,2024,7,racing-bulls,7.0,7.0,10.0,0,0.0012080424222797176,0.0016297480211690315,0.0015468762973552053
1108,nico-hulkenberg,2024,7,haas,10.0,10.0,11.0,0,0.0010607904531208402,0.0009239339510089067,0.0007512559927658096
1108,kevin-magnussen,2024,7,haas,18.0,18.0,12.0,0,0.000590868582657329,0.000226363530984139,0.00014355786999058938
1108,daniel-ricciardo,2024,7,racing-bulls,9.0,9.0,13.0,0,0.0005749252387257924,0.000573603669171585,0.0004957788344269974
1108,esteban-ocon,2024,7,alpine,12.0,12.0,14.0,0,0.0017816535283186742,0.0008259022468164776,0.0006064941359990798
1108,guanyu-zhou,2024,7,audi,17.0,17.0,15.0,0,0.0003667672350272696,0.0002220990208494197,0.00014735465960241906
1108,pierre-gasly,2024,7,alpine,15.0,15.0,16.0,0,0.002260699785996236,0.0007325888957303029,0.0004837897722663611
1108,logan-sargeant,2024,7,williams,19.0,,17.0,0,0.00023718338937703414,0.00011552113555273468,7.357930024444426e-05
1108,valtteri-bottas,2024,7,audi,16.0,16.0,18.0,0,0.0003128081900756772,0.00021076411925740964,0.00014427509600657698
1108,fernando-alonso,2024,7,aston-martin,20.0,19.0,19.0,0,0.012514059053520925,0.001337624439164897,0.0007347230758058373
1108,alexander-albon,2024,7,williams,14.0,14.0,,0,0.0007832338472321557,0.0005345002040685317,0.0003786089107876476
1109,charles-leclerc,2024,8,ferrari,1.0,1.0,1.0,1,0.1683457012442996,0.6525038745353532,0.6244523722816423
1109,oscar-piastri,2024,8,mclaren,2.0,2.0,2.0,0,0.022438866580323916,0.0567327142739139,0.0853062685398077
1109,carlos-sainz-jr,2024,8,ferrari,3.0,3.0,3.0,0,0.10885905305472188,0.08508844017477271,0.1015087240751145
1109,lando-norris,2024,8,mclaren,4.0,4.0,4.0,0,0.09014222823557738,0.07020762579014019,0.07465759047940879
1109,george-russell,2024,8,mercedes,5.0,5.0,5.0,0,0.020120079752181348,0.01705791108959617,0.017158825138964825
1109,max-verstappen,2024,8,red-bull,6.0,6.0,6.0,0,0.42334734819310693,0.08427456937107566,0.07085196592856385
1109,lewis-hamilton,2024,8,mercedes,7.0,7.0,7.0,0,0.028394092828181,0.014050934353584945,0.012047982572574872
1109,yuki-tsunoda,2024,8,racing-bulls,8.0,8.0,8.0,0,0.0013695553212588376,0.002372655688497807,0.002125165988923294
1109,alexander-albon,2024,8,williams,9.0,9.0,9.0,0,0.0005665183430983504,0.001411280398441046,0.0012389634598572953
1109,pierre-gasly,2024,8,alpine,10.0,10.0,10.0,0,0.0018532513183248877,0.0019826113979493094,0.0015901364093937023
1109,fernando-alonso,2024,8,aston-martin,14.0,14.0,11.0,0,0.008559848121227943,0.002953131954519025,0.0019377789173842276
1109,daniel-ricciardo,2024,8,racing-bulls,12.0,12.0,12.0,0,0.000635926929438269,0.0006484262151651212,0.0004938780482562817
1109,valtteri-bottas,2024,8,audi,17.0,17.0,13.0,0,0.00028206298489492313,0.00029883007894569887,0.00020094290352527932
1109,lance-stroll,2024,8,aston-martin,13.0,13.0,14.0,0,0.002913924186033127,0.0012516447549356707,0.0008728502726944123
1109,logan-sargeant,2024,8,williams,15.0,15.0,15.0,0,0.0002012018979232189,0.000258825745344169,0.00018557776489062428
1109,guanyu-zhou,2024,8,audi,18.0,18.0,16.0,0,0.0003486929407364012,0.0003319744859805477,0.0002164017452081214
1109,esteban-ocon,2024,8,alpine,11.0,11.0,,0,0.0015343046972968977,0.001450357077219152,0.0011200013769622715
1109,sergio-perez,2024,8,red-bull,16.0,16.0,,0,0.11821022380273766,0.006158772256637712,0.0034465865642553865
1109,nico-hulkenberg,2024,8,haas,19.0,,,0,0.0012024190275391176,0.000622577660986906,0.00038027870407610374
1109,kevin-magnussen,2024,8,haas,20.0,,,0,0.0006747005410982852,0.00034284269694107944,0.0002077088284961468
1110,max-verstappen,2024,9,red-bull,2.0,2.0,1.0,1,0.3082624425593152,0.46135476943971737,0.5375675940051127
1110,lando-norris,2024,9,mclaren,3.0,3.0,2.0,0,0.1241533541249583,0.14899387531814212,0.14914900217293428
1110,george-russell,2024,9,mercedes,1.0,1.0,3.0,0,0.026944623266956184,0.26573342045542325,0.2259735582635645
1110,lewis-hamilton,2024,9,mercedes,7.0,7.0,4.0,0,0.036005899727082874,0.01872181471740616,0.013323276694587742
1110,oscar-piastri,2024,9,mclaren,4.0,4.0,5.0,0,0.034790684990426264,0.030837995640550557,0.028034962467214188
1110,fernando-alonso,2024,9,aston-martin,6.0,6.0,6.0,0,0.00893311540084565,0.01283032168466422,0.010287766230024795
1110,lance-stroll,2024,9,aston-martin,9.0,9.0,7.0,0,0.003014282986417591,0.002631115964624814,0.0018087643976601555
1110,daniel-ricciardo,2024,9,racing-bulls,5.0,5.0,8.0,0,0.0008950707878412122,0.0034042701487912363,0.003175493127074024
1110,pierre-gasly,2024,9,alpine,15.0,15.0,9.0,0,0.0020240638736483147,0.0013989026368579425,0.0007812362957206942
1110,esteban-ocon,2024,9,alpine,18.0,18.0,10.0,0,0.001368329791996089,0.0007486380402456524,0.00038916159768169115
1110,nico-hulkenberg,2024,9,haas,17.0,19.0,11.0,0,0.0008942646389994765,0.0007488152641228281,0.00040643579200933753
1110,kevin-magnussen,2024,9,haas,14.0,14.0,12.0,0,0.0005151019269863518,0.0006096954684211764,0.0003661686641935312
1110,valtteri-bottas,2024,9,audi,19.0,17.0,13.0,0,0.00036411594149166586,0.000348673762024378,0.0001851137815242311
1110,yuki-tsunoda,2024,9,racing-bulls,8.0,8.0,14.0,0,0.0020122068288127393,0.0034904590831116053,0.002583026306171131
1110,guanyu-zhou,2024,9,audi,20.0,20.0,15.0,0,0.0004196715825761589,0.0003668951019897149,0.0001896670068616249
1110,carlos-sainz-jr,2024,9,ferrari,12.0,12.0,,0,0.14740252606294404,0.014819979169077312,0.007865094452965921
1110,alexander-albon,2024,9,williams,10.0,10.0,,0,0.0008450175611821437,0.0017915626039995986,0.0012389411714875706
1110,sergio-perez,2024,9,red-bull,16.0,16.0,,0,0.06845887174452983,0.005296411511418225,0.0025250014531468974
1110,charles-leclerc,2024,9,ferrari,11.0,11.0,,0,0.2324196924317514,0.02542937931879001,0.013869461058356215
1110,logan-sargeant,2024,9,williams,13.0,13.0,,0,0.00027666377123851654,0.00044300467062188066,0.000280275061708793
1111,max-verstappen,2024,10,red-bull,2.0,2.0,1.0,1,0.3442471123845446,0.29158242035955395,0.37123310429179057
1111,lando-norris,2024,10,mclaren,1.0,1.0,2.0,0,0.20228475456202852,0.5585732666537319,0.48861188943428535
1111,lewis-hamilton,2024,10,mercedes,3.0,3.0,3.0,0,0.06286289191710881,0.04957338481808088,0.05542193641933679
1111,george-russell,2024,10,mercedes,4.0,4.0,4.0,0,0.04860289636283045,0.02556626362182727,0.025290243313136628
1111,charles-leclerc,2024,10,ferrari,5.0,5.0,5.0,0,0.11735910968238573,0.032566307339788346,0.028357894834618265
1111,carlos-sainz-jr,2024,10,ferrari,6.0,6.0,6.0,0,0.07604424213574282,0.01677588170208286,0.013612144179704145
1111,oscar-piastri,2024,10,mclaren,9.0,10.0,7.0,0,0.056700321025001194,0.006628205522725564,0.004512341071307006
1111,sergio-perez,2024,10,red-bull,11.0,8.0,8.0,0,0.05583830359956956,0.004421941738825938,0.0027468653522368667
1111,pierre-gasly,2024,10,alpine,7.0,7.0,9.0,0,0.003460401927456283,0.0032441467110811083,0.002741905633890137
1111,esteban-ocon,2024,10,alpine,8.0,9.0,10.0,0,0.0023360615144123933,0.0018653644964574366,0.001500010801909462
1111,nico-hulkenberg,2024,10,haas,13.0,13.0,11.0,0,0.001478644841681492,0.0008153659965380222,0.0005373636854556066
1111,fernando-alonso,2024,10,aston-martin,10.0,11.0,12.0,0,0.015746635249602278,0.004478107970080201,0.0030675246270920695
1111,guanyu-zhou,2024,10,audi,15.0,15.0,13.0,0,0.000620857493337429,0.0003851646794822333,0.00024476556729204903
1111,lance-stroll,2024,10,aston-martin,14.0,14.0,14.0,0,0.005476854482005895,0.001046408345484709,0.0006333575613026099
1111,daniel-ricciardo,2024,10,racing-bulls,18.0,18.0,15.0,0,0.0015166366775997574,0.00038132370633801074,0.00021562087478196228
1111,valtteri-bottas,2024,10,audi,12.0,12.0,16.0,0,0.0005643559484891256,0.0004937093547388039,0.0003476053912584461
1111,kevin-magnussen,2024,10,haas,16.0,16.0,17.0,0,0.0008566898071200611,0.0003656754793700097,0.00022267138341098782
1111,alexander-albon,2024,10,williams,20.0,19.0,18.0,0,0.0008008929786534642,0.00034377522933716205,0.00019115356734093555
1111,yuki-tsunoda,2024,10,racing-bulls,17.0,17.0,19.0,0,0.0029237412150757763,0.0007497099182324678,0.0004276666541955266
1111,logan-sargeant,2024,10,williams,19.0,20.0,20.0,0,0.0002785961953542934,0.00014357635624317116,8.393535565470146e-05
1112,george-russell,2024,11,mercedes,3.0,3.0,1.0,1,0.05537359779877216,0.03561020601194997,0.042304308566551777
1112,oscar-piastri,2024,11,mclaren,7.0,7.0,2.0,0,0.05525154482767196,0.00800873907950479,0.006475441680551019
1112,carlos-sainz-jr,2024,11,ferrari,4.0,4.0,3.0,0,0.07263812409691188,0.02550079157059012,0.02635683228885285
1112,lewis-hamilton,2024,11,mercedes,5.0,5.0,4.0,0,0.07217083639890029,0.02103328990291536,0.019737985310184104
1112,max-verstappen,2024,11,red-bull,1.0,1.0,5.0,0,0.3434565155532566,0.7042718355802946,0.643307921669174
1112,nico-hulkenberg,2024,11,haas,9.0,9.0,6.0,0,0.0014341631364111292,0.001202040380636915,0.0009920474483786407
1112,sergio-perez,2024,11,red-bull,8.0,8.0,7.0,0,0.05290853147609353,0.0058181431133238655,0.004427808392921014
1112,kevin-magnussen,2024,11,haas,12.0,12.0,8.0,0,0.0007592245271235254,0.0004409208629146478,0.00032512275350095267
1112,daniel-ricciardo,2024,11,racing-bulls,11.0,11.0,9.0,0,0.0011461138709775653,0.0005989707092922195,0.0004524336863196974
1112,pierre-gasly,2024,11,alpine,13.0,13.0,10.0,0,0.003829059288475792,0.001146392595806654,0.0007757249904038124
1112,charles-leclerc,2024,11,ferrari,6.0,6.0,11.0,0,0.11204752766640184,0.020522417369436913,0.017490029587819107
1112,esteban-ocon,2024,11,alpine,10.0,10.0,12.0,0,0.0025814733294264405,0.0011909946591888811,0.000915718976674951
1112,lance-stroll,2024,11,aston-martin,17.0,17.0,13.0,0,0.004296933722609087,0.0005872157965043474,0.00034837510051435676
1112,yuki-tsunoda,2024,11,racing-bulls,14.0,14.0,14.0,0,0.001983945690848298,0.0006838450245398972,0.0004571262958445376
1112,alexander-albon,2024,11,williams,16.0,16.0,15.0,0,0.000601941629330425,0.0003509857510259539,0.00023096640240163936
1112,valtteri-bottas,2024,11,audi,18.0,18.0,16.0,0,0.0005303509264164556,0.0002189250103892904,0.00013654168976878244
1112,guanyu-zhou,2024,11,audi,20.0,20.0,17.0,0,0.0006167580110315339,0.0002141666410045367,0.00012691856368145119
1112,fernando-alonso,2024,11,aston-martin,15.0,15.0,18.0,0,0.01223665533448498,0.0018157195863131206,0.0011091918827877845
1112,logan-sargeant,2024,11,williams,19.0,19.0,19.0,0,0.00021182245966336612,0.0001060494938709589,6.63659557412886e-05
1112,lando-norris,2024,11,mclaren,2.0,2.0,20.0,0,0.2059248802551931,0.17067835086049696,0.23396313875792824
1113,lewis-hamilton,2024,12,mercedes,2.0,2.0,1.0,1,0.09896741694284915,0.18145831979230218,0.2411589345944397
1113,max-verstappen,2024,12,red-bull,4.0,4.0,2.0,0,0.35487179616969855,0.1678646966807482,0.15756482027029134
1113,lando-norris,2024,12,mclaren,3.0,3.0,3.0,0,0.13492145904200017,0.1304026341857813,0.14334799374709656
1113,oscar-piastri,2024,12,mclaren,5.0,5.0,4.0,0,0.05738200815484842,0.028125254078573827,0.025134284963244834
1113,carlos-sainz-jr,2024,12,ferrari,7.0,7.0,5.0,0,0.08277832515357003,0.023027774485003635,0.017521598440981796
1113,nico-hulkenberg,2024,12,haas,6.0,6.0,6.0,0,0.002432214238725147,0.005475201315073269,0.005054552320248907
1113,lance-stroll,2024,12,aston-martin,8.0,8.0,7.0,0,0.0037819826317284618,0.003295422231046514,0.002616082329493254
1113,fernando-alonso,2024,12,aston-martin,10.0,10.0,8.0,0,0.009321439480277041,0.0053116630264906295,0.0037279562659484834
1113,alexander-albon,2024,12,williams,9.0,9.0,9.0,0,0.000636746297629792,0.0016221598414543426,0.0013096619490624243
1113,yuki-tsunoda,2024,12,racing-bulls,13.0,13.0,10.0,0,0.0022879293258847404,0.0015184304889950958,0.0009911354289450427
1113,logan-sargeant,2024,12,williams,12.0,12.0,11.0,0,0.00021658856493059,0.00039969063634938065,0.0002916029482067941
1113,kevin-magnussen,2024,12,haas,17.0,17.0,12.0,0,0.0012753957578105332,0.0006441345845167401,0.00037902899814175323
1113,daniel-ricciardo,2024,12,racing-bulls,15.0,15.0,13.0,0,0.0014933382847531703,0.000834956244666739,0.0005167647736264552
1113,charles-leclerc,2024,12,ferrari,11.0,11.0,14.0,0,0.10672502345273947,0.014709914074577338,0.00908019114984469
1113,valtteri-bottas,2024,12,audi,16.0,16.0,15.0,0,0.0005476828382515059,0.0005032435532531812,0.0003139123741528283
1113,esteban-ocon,2024,12,alpine,18.0,18.0,16.0,0,0.003029521885106379,0.0010059783711856545,0.0005611958866210772
1113,sergio-perez,2024,12,red-bull,19.0,19.0,17.0,0,0.05725585165623314,0.0031554471686039923,0.0015434911795560399
1113,guanyu-zhou,2024,12,audi,14.0,14.0,18.0,0,0.0006200036156183368,0.0006871709815576205,0.00045364139750688284
1113,george-russell,2024,12,mercedes,1.0,1.0,,0,0.08145527650734538,0.42995790825982044,0.38843315098259107
1114,oscar-piastri,2024,13,mclaren,2.0,2.0,1.0,1,0.07659940479914035,0.09665957333379796,0.13420842506796915
1114,lando-norris,2024,13,mclaren,1.0,1.0,2.0,0,0.1764051923645706,0.5779342867843529,0.5312654306972202
1114,lewis-hamilton,2024,13,mercedes,5.0,5.0,3.0,0,0.10112146112191384,0.037343944867613915,0.03426996024799874
1114,charles-leclerc,2024,13,ferrari,6.0,6.0,4.0,0,0.08673701568237724,0.023573599832781598,0.019991848223614897
1114,max-verstappen,2024,13,red-bull,3.0,3.0,5.0,0,0.339349774303736,0.1967263006051215,0.219107331388747
1114,carlos-sainz-jr,2024,13,ferrari,4.0,4.0,6.0,0,0.0821570969559838,0.04119950588120552,0.04196345030943458
1114,sergio-perez,2024,13,red-bull,16.0,16.0,7.0,0,0.043970166535734,0.0025525176870140765,0.0014144798494622743
1114,george-russell,2024,13,mercedes,17.0,17.0,8.0,0,0.05700965474895641,0.0035689620244416364,0.0019201787791790592
1114,yuki-tsunoda,2024,13,racing-bulls,10.0,10.0,9.0,0,0.002804771131437546,0.0018889287429029672,0.0014332665414525452
1114,lance-stroll,2024,13,aston-martin,8.0,8.0,10.0,0,0.0053408103004921595,0.002982249907884372,0.0024349237348115374
1114,fernando-alonso,2024,13,aston-martin,7.0,7.0,11.0,0,0.012378177379964495,0.007758277930346918,0.006581726353370649
1114,daniel-ricciardo,2024,13,racing-bulls,9.0,9.0,12.0,0,0.0017554556774700167,0.0014509647323460327,0.0011681659597344526
1114,nico-hulkenberg,2024,13,haas,11.0,11.0,13.0,0,0.003627406669960173,0.002067747016888035,0.0014934903906886387
1114,alexander-albon,2024,13,williams,13.0,13.0,14.0,0,0.0010048984746644021,0.000884229230756822,0.0006200775662852651
1114,kevin-magnussen,2024,13,haas,15.0,15.0,15.0,0,0.0017353835712599634,0.0006695284710455392,0.000428844659634042
1114,valtteri-bottas,2024,13,audi,12.0,12.0,16.0,0,0.0005665891325940832,0.000596901385716072,0.00044033149637698647
1114,logan-sargeant,2024,13,williams,14.0,14.0,17.0,0,0.00034529932045387776,0.0003027171417107407,0.00021105337227821444
1114,esteban-ocon,2024,13,alpine,19.0,19.0,18.0,0,0.0025825730049558126,0.0006387758265387496,0.00036385581372346497
1114,guanyu-zhou,2024,13,audi,18.0,18.0,19.0,0,0.0005989415230783998,0.000341930124443077,0.00021001392852848104
1114,pierre-gasly,2024,13,alpine,20.0,20.0,,0,0.003909927301256887,0.0008590584730915512,0.0004731456194898207
1115,lewis-hamilton,2024,14,mercedes,3.0,4.0,1.0,1,0.10928796020880141,0.12574806568421645,0.14654222558906427
1115,oscar-piastri,2024,14,mclaren,5.0,6.0,2.0,0,0.1003587611520261,0.04245577594856494,0.03922029204565672
1115,charles-leclerc,2024,14,ferrari,1.0,2.0,3.0,0,0.09378762415536701,0.5372535626089008,0.5092727683285921
1115,max-verstappen,2024,14,red-bull,11.0,1.0,4.0,0,0.3171126420834868,0.03993691979231267,0.025201665937619674
1115,lando-norris,2024,14,mclaren,4.0,5.0,5.0,0,0.21684767824861143,0.11858711090096585,0.11870643671170858
1115,carlos-sainz-jr,2024,14,ferrari,7.0,8.0,6.0,0,0.08560101236982405,0.02686207543760271,0.021518430237667585
1115,sergio-perez,2024,14,red-bull,2.0,3.0,7.0,0,0.043372268235150904,0.08563971452031367,0.12213168077704704
1115,fernando-alonso,2024,14,aston-martin,8.0,9.0,8.0,0,0.011798812221604987,0.009118128643702251,0.007386361433048743
1115,esteban-ocon,2024,14,alpine,9.0,10.0,9.0,0,0.0017164079951094572,0.0023865122503690765,0.0019515480052658212
1115,daniel-ricciardo,2024,14,racing-bulls,13.0,13.0,10.0,0,0.0019360717262602494,0.001302724903454072,0.0008973073671443657
1115,lance-stroll,2024,14,aston-martin,15.0,15.0,11.0,0,0.005392980886227788,0.001759052291685675,0.0010968115452588468
1115,alexander-albon,2024,14,williams,10.0,11.0,12.0,0,0.0009789401832135487,0.0019251912654018836,0.0015388212535368526
1115,pierre-gasly,2024,14,alpine,12.0,12.0,13.0,0,0.002403703704153609,0.002100229940651721,0.0014966331554865373
1115,kevin-magnussen,2024,14,haas,17.0,17.0,14.0,0,0.0015676930466061664,0.0007826312712902077,0.00048146108364792076
1115,valtteri-bottas,2024,14,audi,14.0,14.0,15.0,0,0.0005024932832462615,0.0006700579214798176,0.0004690438014286586
1115,yuki-tsunoda,2024,14,racing-bulls,20.0,18.0,16.0,0,0.0032096932723719596,0.0010770232377706726,0.000603675076512504
1115,logan-sargeant,2024,14,williams,18.0,19.0,17.0,0,0.0003329649811864867,0.0003026445127596353,0.0001910808362614737
1115,nico-hulkenberg,2024,14,haas,16.0,16.0,18.0,0,0.003293054038451759,0.001670887747794744,0.0010362982052887942
1115,guanyu-zhou,2024,14,audi,19.0,20.0,,0,0.0004992382083000934,0.0004216911207632255,0.0002574586097633716
1116,lando-norris,2024,15,mclaren,1.0,1.0,1.0,1,0.1964049026800078,0.5491945435300889,0.47915000858644324
1116,max-verstappen,2024,15,red-bull,2.0,2.0,2.0,0,0.26813066505589733,0.29125670500382395,0.3737315151519528
1116,charles-leclerc,2024,15,ferrari,6.0,6.0,3.0,0,0.09087755201074864,0.022761451098326606,0.018378189498441114
1116,oscar-piastri,2024,15,mclaren,3.0,3.0,4.0,0,0.10108832086422054,0.058324768806946876,0.06380548244289014
1116,carlos-sainz-jr,2024,15,ferrari,10.0,10.0,5.0,0,0.07825656978405973,0.009260049090242972,0.0059692524289490885
1116,sergio-perez,2024,15,red-bull,5.0,5.0,6.0,0,0.03777148531957332,0.012668916517157482,0.011335829878032366
1116,george-russell,2024,15,mercedes,4.0,4.0,7.0,0,0.06854343018198075,0.03127970355326405,0.030486746450762044
1116,lewis-hamilton,2024,15,mercedes,14.0,11.0,8.0,0,0.13047062778278712,0.008552822789620364,0.004675856301239824
1116,pierre-gasly,2024,15,alpine,9.0,9.0,9.0,0,0.002170696146755672,0.00187258205786534,0.0014338038876935424
1116,fernando-alonso,2024,15,aston-martin,7.0,7.0,10.0,0,0.010640861408070384,0.006615808196387098,0.005377254973443064
1116,nico-hulkenberg,2024,15,haas,12.0,13.0,11.0,0,0.002110116842688635,0.0012457088144678867,0.0008399220864056015
1116,daniel-ricciardo,2024,15,racing-bulls,13.0,15.0,12.0,0,0.001675110486277741,0.0007761691668853152,0.0005062339538121999
1116,lance-stroll,2024,15,aston-martin,8.0,8.0,13.0,0,0.004742362991163766,0.002618282300776681,0.0020464450335801443
1116,alexander-albon,2024,15,williams,19.0,,14.0,0,0.0008720954783199771,0.0004369221544856208,0.00024764460196859866
1116,esteban-ocon,2024,15,alpine,15.0,16.0,15.0,0,0.0017095847293360465,0.0007030322168961017,0.000430747575885123
1116,logan-sargeant,2024,15,williams,18.0,,16.0,0,0.0002796020181879485,0.00017027432303604175,0.0001018068932205201
1116,yuki-tsunoda,2024,15,racing-bulls,11.0,12.0,17.0,0,0.002401270667507205,0.0013780902057275281,0.0009598127766020164
1116,kevin-magnussen,2024,15,haas,20.0,14.0,18.0,0,0.0011261103482943311,0.0003295389775845964,0.00017958277648489335
1116,valtteri-bottas,2024,15,audi,16.0,17.0,19.0,0,0.00038439718156741727,0.00030358638671322953,0.00019029182530729005
1116,guanyu-zhou,2024,15,audi,17.0,18.0,20.0,0,0.00034423802255561896,0.000251044809703358,0.00015357287688644482
1117,charles-leclerc,2024,16,ferrari,4.0,4.0,1.0,1,0.09624855682251934,0.048547083979267706,0.05053279850731109
1117,oscar-piastri,2024,16,mclaren,2.0,2.0,2.0,0,0.1072371936626998,0.12291916299509692,0.17329390432296607
1117,lando-norris,2024,16,mclaren,1.0,1.0,3.0,0,0.2148354453284397,0.6483444450696291,0.6073243076736092
1117,carlos-sainz-jr,2024,16,ferrari,5.0,5.0,4.0,0,0.08022981598945605,0.02950812169455048,0.02792108265819943
1117,lewis-hamilton,2024,16,mercedes,6.0,6.0,5.0,0,0.10629814843844777,0.030373043982821684,0.02632197184105234
1117,max-verstappen,2024,16,red-bull,7.0,7.0,6.0,0,0.27239912066895006,0.05034587404247718,0.039647935254328436
1117,george-russell,2024,16,mercedes,3.0,3.0,7.0,0,0.05870053826495706,0.05026098103633054,0.06034479772459416
1117,sergio-perez,2024,16,red-bull,8.0,8.0,8.0,0,0.03883967743759775,0.0071474810129045175,0.005573335211163383
1117,alexander-albon,2024,16,williams,9.0,9.0,9.0,0,0.0008155819339972994,0.0014460652881190881,0.0012366113200954403
1117,kevin-magnussen,2024,16,haas,13.0,13.0,10.0,0,0.0009153809105999907,0.0006205715734643813,0.0004447033549510205
1117,fernando-alonso,2024,16,aston-martin,11.0,11.0,11.0,0,0.009327597113641358,0.0035406161166885936,0.002542215941355304
1117,franco-colapinto,2024,16,williams,18.0,18.0,12.0,0,0.00047674627574387186,0.0003160057253060651,0.00020079893534113465
1117,daniel-ricciardo,2024,16,racing-bulls,12.0,12.0,13.0,0,0.0014641632170478904,0.0009376135562820356,0.0006861083163197209
1117,esteban-ocon,2024,16,alpine,15.0,15.0,14.0,0,0.0015832418828010996,0.0007413988533539207,0.0004902110083555678
1117,pierre-gasly,2024,16,alpine,14.0,14.0,15.0,0,0.002236179037365673,0.0011215422241559264,0.0007581106302071224
1117,valtteri-bottas,2024,16,audi,19.0,19.0,16.0,0,0.00028764645560216756,0.00022737322868999859,0.00014352059853565957
1117,nico-hulkenberg,2024,16,haas,10.0,10.0,17.0,0,0.0019063088407843608,0.0017782626769814595,0.0014066451156602268
1117,guanyu-zhou,2024,16,audi,20.0,20.0,18.0,0,0.00025388181658585716,0.0001881929322991446,0.00011646149143599362
1117,lance-stroll,2024,16,aston-martin,17.0,17.0,19.0,0,0.004070476128783498,0.0008750779698942063,0.0005280320474875891
1117,yuki-tsunoda,2024,16,racing-bulls,16.0,16.0,,0,0.0018742997739794344,0.0007610860416870471,0.0004864480470310064
1118,oscar-piastri,2024,17,mclaren,2.0,2.0,1.0,1,0.121073780356876,0.17455600849091263,0.23648188901026
1118,charles-leclerc,2024,17,ferrari,1.0,1.0,2.0,0,0.11467857175446283,0.563905284591686,0.5195806043115446
1118,george-russell,2024,17,mercedes,5.0,5.0,3.0,0,0.05568851471869564,0.029937606291769465,0.027625713608252337
1118,lando-norris,2024,17,mclaren,15.0,16.0,4.0,0,0.22942350144306184,0.0151854114778495,0.008200639686580326
1118,max-verstappen,2024,17,red-bull,6.0,6.0,5.0,0,0.23165614695228992,0.07618103826001468,0.06234859083294554
1118,fernando-alonso,2024,17,aston-martin,7.0,8.0,6.0,0,0.00723110197249086,0.008244277471639413,0.007058238843948033
1118,alexander-albon,2024,17,williams,9.0,10.0,7.0,0,0.0010400815742906747,0.002166316049701007,0.001772408827797186
1118,franco-colapinto,2024,17,williams,8.0,9.0,8.0,0,0.0003208611063978594,0.000897123383085327,0.0007975036828083085
1118,lewis-hamilton,2024,17,mercedes,19.0,7.0,9.0,0,0.10203462002320764,0.006993359944540075,0.0034921918256888176
1118,oliver-bearman,2024,17,haas,10.0,11.0,10.0,0,0.0005491378042503605,0.0007818816179037967,0.0006163081129425931
1118,nico-hulkenberg,2024,17,haas,12.0,13.0,11.0,0,0.0016613764447322382,0.0016109754143122607,0.0011373914455144083
1118,pierre-gasly,2024,17,alpine,18.0,,12.0,0,0.0018973888782458895,0.0009254088314695461,0.0005420980844033811
1118,daniel-ricciardo,2024,17,racing-bulls,14.0,15.0,13.0,0,0.0011822743280253457,0.0009092287804583114,0.000603849948589766
1118,guanyu-zhou,2024,17,audi,17.0,18.0,14.0,0,0.00022778358959739379,0.00029751098221620444,0.00019172267644431502
1118,esteban-ocon,2024,17,alpine,20.0,19.0,15.0,0,0.0013917882278448534,0.0005980718205528176,0.0003368496778619633
1118,valtteri-bottas,2024,17,audi,16.0,17.0,16.0,0,0.00026688741461867804,0.0003756826260028828,0.0002477594909933724
1118,sergio-perez,2024,17,red-bull,4.0,4.0,17.0,0,0.03471556964343842,0.025349345048476527,0.026124311948327955
1118,carlos-sainz-jr,2024,17,ferrari,3.0,3.0,18.0,0,0.09087012891887453,0.0882886947772716,0.10087961468765991
1118,lance-stroll,2024,17,aston-martin,13.0,14.0,19.0,0,0.0028085334496051866,0.0013935874274117238,0.0009261558960989477
1118,yuki-tsunoda,2024,17,racing-bulls,11.0,12.0,,0,0.0012819513989938416,0.0014031867127262054,0.0010361574013381652
1119,lando-norris,2024,18,mclaren,1.0,1.0,1.0,1,0.2663854491137485,0.594214479321024,0.5237226935153425
1119,max-verstappen,2024,18,red-bull,2.0,2.0,2.0,0,0.19375977367185782,0.23628743633416566,0.31322789137902296
1119,oscar-piastri,2024,18,mclaren,5.0,5.0,3.0,0,0.1545379164993885,0.032708045382681204,0.028660023903756136
1119,george-russell,2024,18,mercedes,4.0,4.0,4.0,0,0.06421345418968417,0.02954743671404666,0.02949990439757694
1119,charles-leclerc,2024,18,ferrari,9.0,9.0,5.0,0,0.10866394393145028,0.013826091883081473,0.009463756271158516
1119,lewis-hamilton,2024,18,mercedes,3.0,3.0,6.0,0,0.10162273179621288,0.06869632576814699,0.07711398950790635
1119,carlos-sainz-jr,2024,18,ferrari,10.0,10.0,7.0,0,0.06352674545868835,0.007285672109741798,0.004822817379158076
1119,fernando-alonso,2024,18,aston-martin,7.0,7.0,8.0,0,0.007889329750057322,0.005738469336430862,0.004820028573737454
1119,nico-hulkenberg,2024,18,haas,6.0,6.0,9.0,0,0.0020726972608786473,0.0032309398757911084,0.003036360365086598
1119,sergio-perez,2024,18,red-bull,13.0,13.0,10.0,0,0.025153686434865208,0.0022837694888306016,0.00137837036734731
1119,franco-colapinto,2024,18,williams,12.0,12.0,11.0,0,0.0006595791357076348,0.0004923739315663279,0.00035069580199274325
1119,yuki-tsunoda,2024,18,racing-bulls,8.0,8.0,12.0,0,0.0010170280723699582,0.0012454954266402033,0.0010505891283270642
1119,esteban-ocon,2024,18,alpine,15.0,15.0,13.0,0,0.0014171958943599659,0.0005875803599899072,0.0003698365467407708
1119,lance-stroll,2024,18,aston-martin,17.0,17.0,14.0,0,0.002489901387634667,0.0005385839054790501,0.00031303459855391765
1119,guanyu-zhou,2024,18,audi,20.0,20.0,15.0,0,0.00027127270710207603,0.0001646994767403206,9.645517863648028e-05
1119,valtteri-bottas,2024,18,audi,19.0,19.0,16.0,0,0.0003032850520633213,0.00019661941795237264,0.00011749083127350404
1119,pierre-gasly,2024,18,alpine,18.0,18.0,17.0,0,0.0020196902575385744,0.0006150557623766765,0.0003535165539476395
1119,daniel-ricciardo,2024,18,racing-bulls,16.0,16.0,18.0,0,0.0010988552146695583,0.00047298313323298,0.0002918180895580197
1119,kevin-magnussen,2024,18,haas,14.0,14.0,19.0,0,0.0012018318176460546,0.000556465157925233,0.0003627096912071482
1119,alexander-albon,2024,18,williams,11.0,11.0,,0,0.0016956323540764885,0.0013114772141566752,0.0009480179196698936
1120,charles-leclerc,2024,19,ferrari,4.0,4.0,1.0,1,0.10072412239901798,0.04492661282314716,0.044550904317579104
1120,carlos-sainz-jr,2024,19,ferrari,3.0,3.0,2.0,0,0.058044331224105794,0.04209571010555592,0.048166698397958486
1120,max-verstappen,2024,19,red-bull,2.0,2.0,3.0,0,0.18732902908944543,0.23509674074110032,0.3134875385174323
1120,lando-norris,2024,19,mclaren,1.0,1.0,4.0,0,0.2849481231537351,0.6171678289905229,0.5451572903620219
1120,oscar-piastri,2024,19,mclaren,5.0,5.0,5.0,0,0.1628225411627889,0.03351190929866777,0.02944084262008793
1120,george-russell,2024,19,mercedes,20.0,6.0,6.0,0,0.06495065602956633,0.002702076089678503,0.001316753375541103
1120,sergio-perez,2024,19,red-bull,9.0,10.0,7.0,0,0.022887966349287497,0.003731517288968731,0.0026756419986574066
1120,nico-hulkenberg,2024,19,haas,11.0,12.0,8.0,0,0.0019717670888528306,0.0013136640735674336,0.0009472994271880988
1120,liam-lawson,2024,19,racing-bulls,19.0,15.0,9.0,0,0.001921787296880651,0.0006436878491464412,0.00036457974731993225
1120,franco-colapinto,2024,19,williams,15.0,17.0,10.0,0,0.001304905029095439,0.0007041487229443163,0.0004486833086549388
1120,kevin-magnussen,2024,19,haas,8.0,9.0,11.0,0,0.0009676871009796214,0.001115540529919634,0.0009449865057770228
1120,pierre-gasly,2024,19,alpine,6.0,7.0,12.0,0,0.0015868004216333495,0.002763096219159068,0.00263114252089262
1120,fernando-alonso,2024,19,aston-martin,7.0,8.0,13.0,0,0.007622141455401247,0.005715308270554449,0.004829151484866518
1120,yuki-tsunoda,2024,19,racing-bulls,10.0,11.0,14.0,0,0.0009251007461119131,0.0008718052850901338,0.0006709008150990671
1120,lance-stroll,2024,19,aston-martin,13.0,14.0,15.0,0,0.0022584580677127123,0.0007573293661058404,0.0005001934288635071
1120,alexander-albon,2024,19,williams,14.0,16.0,16.0,0,0.0012253874294326243,0.0007378440929076874,0.0004857068857447652
1120,valtteri-bottas,2024,19,audi,16.0,18.0,17.0,0,0.0002888545597946398,0.0002471927501465034,0.00016050890295166915
1120,esteban-ocon,2024,19,alpine,12.0,13.0,18.0,0,0.0012235369908496628,0.0007746399381410773,0.0005442310566413125
1120,guanyu-zhou,2024,19,audi,18.0,20.0,19.0,0,0.00026489052942773054,0.00019169462847215923,0.00011833276832586459
1120,lewis-hamilton,2024,19,mercedes,17.0,19.0,,0,0.09673191387588052,0.004931652936203851,0.0025586135583965885
1121,carlos-sainz-jr,2024,20,ferrari,1.0,1.0,1.0,1,0.07678334730150355,0.35000628171618553,0.2975313187018634
1121,lando-norris,2024,20,mclaren,3.0,3.0,2.0,0,0.2797791221968302,0.16347803860644064,0.1646831129358909
1121,charles-leclerc,2024,20,ferrari,4.0,4.0,3.0,0,0.13245315176964848,0.07171887835479059,0.06514165523167309
1121,lewis-hamilton,2024,20,mercedes,6.0,6.0,4.0,0,0.0528954913559059,0.02241477058058524,0.017484912420320416
1121,george-russell,2024,20,mercedes,5.0,5.0,5.0,0,0.048585220168086814,0.027282495864726468,0.02314515263148314
1121,max-verstappen,2024,20,red-bull,2.0,2.0,6.0,0,0.20181057712573972,0.33775307020225653,0.4153231672084509
1121,kevin-magnussen,2024,20,haas,7.0,7.0,7.0,0,0.0012053020288193906,0.002108517220193452,0.0017400727719041622
1121,oscar-piastri,2024,20,mclaren,17.0,17.0,8.0,0,0.160916678036779,0.007403179437744928,0.003475595706468796
1121,nico-hulkenberg,2024,20,haas,10.0,10.0,9.0,0,0.0025186469979104507,0.0023986853198014442,0.0016554011312329988
1121,pierre-gasly,2024,20,alpine,8.0,8.0,10.0,0,0.0015228871626786135,0.0024860776275400266,0.0019275195222970365
1121,lance-stroll,2024,20,aston-martin,14.0,14.0,11.0,0,0.0019447023449257871,0.0008738816949339112,0.0005189115771214185
1121,franco-colapinto,2024,20,williams,16.0,16.0,12.0,0,0.001754945354517527,0.0011225200997340055,0.0006371697088545762
1121,esteban-ocon,2024,20,alpine,20.0,19.0,13.0,0,0.001057166469871699,0.00045402339032197067,0.0002356241975984821
1121,valtteri-bottas,2024,20,audi,15.0,15.0,14.0,0,0.00026543348721507084,0.00036418424360601376,0.00022575220680654519
1121,guanyu-zhou,2024,20,audi,19.0,20.0,15.0,0,0.00023498882409996022,0.0002290923387491353,0.0001281303395759675
1121,liam-lawson,2024,20,racing-bulls,12.0,12.0,16.0,0,0.0024454873425435496,0.002086412046206151,0.0013326457321533067
1121,sergio-perez,2024,20,red-bull,18.0,18.0,17.0,0,0.025118290622532295,0.0019308356478539084,0.0009352608217437
1121,fernando-alonso,2024,20,aston-martin,13.0,13.0,,0,0.006453618618548021,0.002872617227616736,0.001709941339126562
1121,alexander-albon,2024,20,williams,9.0,9.0,,0,0.0012295054037911564,0.0019289387318570722,0.0014301216954158314
1121,yuki-tsunoda,2024,20,racing-bulls,11.0,11.0,,0,0.0010254373880527964,0.0010874996488562962,0.0007385341200188372
1122,max-verstappen,2024,21,red-bull,17.0,12.0,1.0,1,0.15777998248782116,0.011215349588060697,0.00623552263446306
1122,esteban-ocon,2024,21,alpine,4.0,4.0,2.0,0,0.0011884373372775345,0.004835355488269026,0.006014551081352991
1122,pierre-gasly,2024,21,alpine,13.0,15.0,3.0,0,0.001784860207120749,0.001193662015365107,0.0008662228382559139
1122,george-russell,2024,21,mercedes,2.0,2.0,4.0,0,0.056227171306467205,0.10506538461963419,0.15643353611453067
1122,charles-leclerc,2024,21,ferrari,6.0,6.0,5.0,0,0.16109262675996958,0.03881239595099785,0.03414341181136639
1122,lando-norris,2024,21,mclaren,1.0,1.0,6.0,0,0.28330139108005287,0.7878125340037165,0.7530452306060741
1122,yuki-tsunoda,2024,21,racing-bulls,3.0,3.0,7.0,0,0.000744835279881768,0.005767811448204022,0.00829124097843591
1122,oscar-piastri,2024,21,mclaren,8.0,8.0,8.0,0,0.14780457970773125,0.019500696929988452,0.015051532167812997
1122,liam-lawson,2024,21,racing-bulls,5.0,5.0,9.0,0,0.0019716668620640143,0.006444018917896453,0.00718547252713019
1122,lewis-hamilton,2024,21,mercedes,14.0,16.0,10.0,0,0.062181837390273886,0.00624353117855096,0.003875188562685619
1122,sergio-perez,2024,21,red-bull,12.0,13.0,11.0,0,0.017486220153164724,0.0026114822741267044,0.0017958845958340195
1122,oliver-bearman,2024,21,haas,15.0,17.0,12.0,0,0.0017985273259248872,0.0007802079810986149,0.0005283150895438448
1122,valtteri-bottas,2024,21,audi,11.0,11.0,13.0,0,0.0003045101050572901,0.0005670173024425424,0.000470299206146775
1122,fernando-alonso,2024,21,aston-martin,9.0,9.0,14.0,0,0.004441465333477944,0.0035613978794912147,0.002958767853366661
1122,guanyu-zhou,2024,21,audi,19.0,20.0,15.0,0,0.00026585791102312677,0.00022139420378974384,0.00014422478440438209
1122,carlos-sainz-jr,2024,21,ferrari,20.0,14.0,,0,0.09960459567510418,0.004151843645584236,0.002155314569208041
1122,franco-colapinto,2024,21,williams,16.0,18.0,,0,0.002021435077587867,0.0012159165727836634,0.0008052845793882846
1123,george-russell,2024,22,mercedes,1.0,1.0,1.0,1,0.06708195429409833,0.4785123085065851,0.4558439266569051
1123,lewis-hamilton,2024,22,mercedes,10.0,10.0,2.0,0,0.06429762624129876,0.014656881988531434,0.010043182652550326
1123,carlos-sainz-jr,2024,22,ferrari,2.0,2.0,3.0,0,0.06441347398047675,0.14154571493234255,0.19892125713382744
1123,charles-leclerc,2024,22,ferrari,4.0,4.0,4.0,0,0.13745978595515004,0.09915343967503829,0.10015753864647786
1123,max-verstappen,2024,22,red-bull,5.0,5.0,5.0,0,0.20272544877839238,0.11713452976487637,0.10635401844473122
1123,lando-norris,2024,22,mclaren,6.0,6.0,6.0,0,0.2769980004129489,0.07654214658279063,0.06291858737564825
1123,oscar-piastri,2024,22,mclaren,8.0,8.0,7.0,0,0.14208451500567473,0.027290821381988507,0.020059486965645936
1123,nico-hulkenberg,2024,22,haas,9.0,9.0,8.0,0,0.0036506523559514917,0.0043752658485752376,0.003476287151370879
1123,yuki-tsunoda,2024,22,racing-bulls,7.0,7.0,9.0,0,0.0012552395122222908,0.003082270920041474,0.0028319416586404054
1123,sergio-perez,2024,22,red-bull,15.0,16.0,10.0,0,0.01981899485577115,0.0027917618210646423,0.0016441760566171003
1123,fernando-alonso,2024,22,aston-martin,16.0,17.0,11.0,0,0.004185924108110824,0.0020925447555356085,0.0012800907904076573
1123,kevin-magnussen,2024,22,haas,12.0,12.0,12.0,0,0.0018767554620484162,0.0015631130674601844,0.0011104567923246244
1123,guanyu-zhou,2024,22,audi,13.0,13.0,13.0,0,0.0003152425177677963,0.000607349357509532,0.0004434253857921806
1123,franco-colapinto,2024,22,williams,20.0,14.0,14.0,0,0.0016542112791824903,0.0011253989760234289,0.0006458143630933017
1123,lance-stroll,2024,22,aston-martin,18.0,20.0,15.0,0,0.0016149903728775725,0.0007447317564630541,0.00044283848097785594
1123,liam-lawson,2024,22,racing-bulls,14.0,15.0,16.0,0,0.0026062792898084598,0.002106554793363722,0.0013921405882237224
1123,esteban-ocon,2024,22,alpine,11.0,11.0,17.0,0,0.002780214279319083,0.0023817706021388592,0.0017392620158872267
1123,valtteri-bottas,2024,22,audi,19.0,19.0,18.0,0,0.00037572736601152644,0.0004029424073708589,0.00024704670969556686
1123,alexander-albon,2024,22,williams,17.0,18.0,,0,0.0007993403242693267,0.0007461854426383386,0.0004692413464445187
1123,pierre-gasly,2024,22,alpine,3.0,3.0,,0,0.0040056236086196285,0.023144267419662082,0.029979280784738827
1124,max-verstappen,2024,23,red-bull,2.0,1.0,1.0,1,0.1886333533300301,0.3090755904652559,0.38760120886342625
1124,charles-leclerc,2024,23,ferrari,5.0,5.0,2.0,0,0.15228350793866113,0.051544367541633634,0.04288188025805313
1124,oscar-piastri,2024,23,mclaren,4.0,4.0,3.0,0,0.1253926013311093,0.05037018327141203,0.046356030499084565
1124,george-russell,2024,23,mercedes,1.0,2.0,4.0,0,0.09040844959675183,0.38966255009305295,0.3357324430334197
1124,pierre-gasly,2024,23,alpine,11.0,11.0,5.0,0,0.002479071060249599,0.0017632922396558543,0.00118429611065858
1124,carlos-sainz-jr,2024,23,ferrari,7.0,7.0,6.0,0,0.07536447968788076,0.01654156428699594,0.012050174683850258
1124,fernando-alonso,2024,23,aston-martin,8.0,8.0,7.0,0,0.004047511798139769,0.004070309052825655,0.0031082532244790777
1124,guanyu-zhou,2024,23,audi,12.0,12.0,8.0,0,0.0003395664045856035,0.0005057489811831184,0.00034897364788047684
1124,kevin-magnussen,2024,23,haas,10.0,10.0,9.0,0,0.002084220450784138,0.001496189048676489,0.0010498962870537586
1124,lando-norris,2024,23,mclaren,3.0,3.0,10.0,0,0.24159440306003224,0.13978362045263762,0.14391144893271818
1124,valtteri-bottas,2024,23,audi,13.0,13.0,11.0,0,0.00036398898005522966,0.0004775518325845677,0.00031733586703306706
1124,lewis-hamilton,2024,23,mercedes,6.0,6.0,12.0,0,0.08514128357876669,0.02524177827642614,0.019678412779468395
1124,yuki-tsunoda,2024,23,racing-bulls,14.0,14.0,13.0,0,0.0014134798317574756,0.0008314986473713196,0.0005098210745253476
1124,liam-lawson,2024,23,racing-bulls,17.0,17.0,14.0,0,0.0020121623498761945,0.0008542404013898222,0.00047577008771805616
1124,alexander-albon,2024,23,williams,16.0,16.0,15.0,0,0.0006253525723382414,0.00048595776573849754,0.0002891321362027326
1124,nico-hulkenberg,2024,23,haas,18.0,18.0,,0,0.004246972041923351,0.001177230045551674,0.000623220987839424
1124,sergio-perez,2024,23,red-bull,9.0,9.0,,0,0.01861707178135959,0.004048595274701593,0.002745190087505114
1124,lance-stroll,2024,23,aston-martin,15.0,15.0,,0,0.0015086262352640232,0.0006535825541783764,0.00038618121100380246
1124,franco-colapinto,2024,23,williams,19.0,19.0,,0,0.0015527371215921595,0.0008514505332911544,0.0004582074226842135
1124,esteban-ocon,2024,23,alpine,20.0,20.0,,0,0.0018911608488426344,0.0005646992354376849,0.00029212280539573385
1125,lando-norris,2024,24,mclaren,1.0,1.0,1.0,1,0.2143882751390242,0.6265536651027619,0.5754369349983716
1125,carlos-sainz-jr,2024,24,ferrari,3.0,3.0,2.0,0,0.08684312697178406,0.059585644519196464,0.0692039647970626
1125,charles-leclerc,2024,24,ferrari,19.0,14.0,3.0,0,0.1836777275946185,0.007370849368102767,0.0036708011082720476
1125,lewis-hamilton,2024,24,mercedes,16.0,18.0,4.0,0,0.07477748697275066,0.0050099393870428775,0.002767928023359099
1125,george-russell,2024,24,mercedes,6.0,7.0,5.0,0,0.09259570508129368,0.026371196722048056,0.02249296401920798
1125,max-verstappen,2024,24,red-bull,4.0,5.0,6.0,0,0.1791254950268161,0.10676398876373554,0.10785944252740798
1125,pierre-gasly,2024,24,alpine,5.0,6.0,7.0,0,0.0030299352522916894,0.006395518866649018,0.006666220913561482
1125,nico-hulkenberg,2024,24,haas,7.0,4.0,8.0,0,0.0033507968680218016,0.0038722905070069486,0.003455219534101592
1125,fernando-alonso,2024,24,aston-martin,8.0,8.0,9.0,0,0.004435119733759754,0.004242616632460439,0.003543214699146312
1125,oscar-piastri,2024,24,mclaren,2.0,2.0,10.0,0,0.13257491700799992,0.14402953926714954,0.19799448259408925
1125,alexander-albon,2024,24,williams,18.0,16.0,11.0,0,0.0005969759599243105,0.0003854497529184025,0.00023889559476386477
1125,yuki-tsunoda,2024,24,racing-bulls,11.0,11.0,12.0,0,0.0015182391722577539,0.001181989839819275,0.000882884337622703
1125,guanyu-zhou,2024,24,audi,15.0,17.0,13.0,0,0.0005536150728791586,0.00044833959777229305,0.0003017604090280265
1125,lance-stroll,2024,24,aston-martin,13.0,13.0,14.0,0,0.0013142222316013896,0.0006866497157107827,0.0004759046566613469
1125,jack-doohan,2024,24,alpine,17.0,20.0,15.0,0,0.002179543852112433,0.0007610222138202053,0.00046215986400151765
1125,kevin-magnussen,2024,24,haas,14.0,15.0,16.0,0,0.002136646401193191,0.0009150554351151254,0.0006053510118677085
1125,liam-lawson,2024,24,racing-bulls,12.0,12.0,17.0,0,0.001998717289614563,0.0013287797388029526,0.0009478449088875308
1125,valtteri-bottas,2024,24,audi,9.0,9.0,,0,0.0005578003781388324,0.000969887477591472,0.0008206441164524841
1125,franco-colapinto,2024,24,williams,20.0,19.0,,0,0.0009512803478095366,0.0005005952081057695,0.0002924289824809196
1125,sergio-perez,2024,24,red-bull,10.0,10.0,,0,0.01339437364610851,0.002626981884190221,0.001880952903654003
1126,lando-norris,2025,1,mclaren,1.0,1.0,1.0,1,0.20858927767153446,0.6125168366928636,0.5596058844254402
1126,max-verstappen,2025,1,red-bull,3.0,3.0,2.0,0,0.12764517140263448,0.1354496741042573,0.15816028343959956
1126,george-russell,2025,1,mercedes,4.0,4.0,3.0,0,0.09378245303408646,0.04862866362401237,0.049565777674797404
1126,kimi-antonelli,2025,1,mercedes,16.0,16.0,4.0,0,0.08356093650173906,0.005709904317886215,0.00308649325331011
1126,alexander-albon,2025,1,williams,6.0,6.0,5.0,0,0.0005858025587762645,0.002071721753844511,0.0020926760349761677
1126,lance-stroll,2025,1,aston-martin,13.0,13.0,6.0,0,0.001243118083343833,0.0007063126822630885,0.0004821688185213078
1126,nico-hulkenberg,2025,1,audi,17.0,17.0,7.0,0,0.0006148766873327259,0.0004548633273605368,0.0002841977653250926
1126,charles-leclerc,2025,1,ferrari,7.0,7.0,8.0,0,0.19922893807316722,0.03417933061088591,0.026318708939905948
1126,oscar-piastri,2025,1,mclaren,2.0,2.0,9.0,0,0.10799366015121092,0.12577335263596293,0.17459644810248218
1126,lewis-hamilton,2025,1,ferrari,8.0,8.0,10.0,0,0.12856795128174986,0.019323494810160154,0.014139118905423253
1126,pierre-gasly,2025,1,alpine,9.0,9.0,11.0,0,0.003337768642297404,0.002901484918160952,0.002293515720043281
1126,yuki-tsunoda,2025,1,racing-bulls,5.0,5.0,12.0,0,0.001370494013265332,0.0037921959248862352,0.004031258130495811
1126,esteban-ocon,2025,1,haas,19.0,19.0,13.0,0,0.0020217473142440877,0.0005986905336174233,0.00033916437711207744
1126,oliver-bearman,2025,1,haas,21.0,,14.0,0,0.0018905092496725327,0.00048783660187309207,0.0002643610087842645
1126,liam-lawson,2025,1,red-bull,20.0,18.0,,0,0.032487067188113755,0.0025732946266395457,0.0012979030662553686
1126,gabriel-bortoleto,2025,1,audi,15.0,15.0,,0,0.0004677756838891299,0.0004332728364120937,0.00028858599593077557
1126,fernando-alonso,2025,1,aston-martin,12.0,12.0,,0,0.004521333988269134,0.002389805216545629,0.0016418189801329442
1126,carlos-sainz-jr,2025,1,williams,10.0,10.0,,0,0.0003089314366875975,0.0005653958111511553,0.00045849606032977803
1126,jack-doohan,2025,1,alpine,14.0,14.0,,0,0.00039340961905546623,0.0002443324491886403,0.00016579597836237887
1126,isack-hadjar,2025,1,racing-bulls,11.0,11.0,,0,0.0013887774189302446,0.0011995365220285998,0.0008873433227720517
1127,oscar-piastri,2025,2,mclaren,1.0,1.0,1.0,1,0.15335837764145302,0.4589225241097063,0.40012630076652883
1127,lando-norris,2025,2,mclaren,3.0,3.0,2.0,0,0.33922205175242764,0.1787959827154857,0.1899891015575634
1127,george-russell,2025,2,mercedes,2.0,2.0,3.0,0,0.1675257125969705,0.20498882819032832,0.26805271981599627
1127,max-verstappen,2025,2,red-bull,4.0,4.0,4.0,0,0.1768511628986939,0.12272394734243962,0.11833071124368993
1127,esteban-ocon,2025,2,haas,11.0,11.0,5.0,0,0.002942867149252547,0.001839907958197616,0.0012592205903850468
1127,kimi-antonelli,2025,2,mercedes,8.0,8.0,6.0,0,0.11958045241164124,0.01992301376143607,0.013888679162506657
1127,alexander-albon,2025,2,williams,10.0,10.0,7.0,0,0.0012096183492269921,0.0016738117793780628,0.001243175794072489
1127,oliver-bearman,2025,2,haas,17.0,17.0,8.0,0,0.002787904713186565,0.0009248403894747806,0.0005188701009264504
1127,lance-stroll,2025,2,aston-martin,14.0,14.0,9.0,0,0.0021296375696486344,0.0009967540331122739,0.0006156569549302557
1127,carlos-sainz-jr,2025,2,williams,15.0,15.0,10.0,0,0.0004761854995553066,0.0004158252324276029,0.00026203882094719485
1127,isack-hadjar,2025,2,racing-bulls,7.0,7.0,11.0,0,0.000250621717730966,0.0005616571610126463,0.0005054477243670117
1127,liam-lawson,2025,2,red-bull,20.0,20.0,12.0,0,0.024769610405014176,0.002141164545026937,0.0010322140055199467
1127,jack-doohan,2025,2,alpine,18.0,18.0,13.0,0,0.000392465759183523,0.00017559508964338022,0.00010080861898767195
1127,gabriel-bortoleto,2025,2,audi,19.0,19.0,14.0,0,3.73094915941621e-05,3.3481316771744544e-05,2.0097882812498496e-05
1127,nico-hulkenberg,2025,2,audi,12.0,12.0,15.0,0,0.0011607344810808207,0.0012357176276613238,0.0008448743301136338
1127,yuki-tsunoda,2025,2,racing-bulls,9.0,9.0,16.0,0,0.0019099289859105533,0.002190792727128111,0.0016744649881791731
1127,fernando-alonso,2025,2,aston-martin,13.0,13.0,,0,0.00539535857742936,0.0024561560207695373,0.001535617642473464
1128,max-verstappen,2025,3,red-bull,1.0,1.0,1.0,1,0.11423965456069574,0.5806295340353327,0.5265686486467552
1128,lando-norris,2025,3,mclaren,2.0,2.0,2.0,0,0.2707802989842221,0.21832381926965547,0.283774651901011
1128,oscar-piastri,2025,3,mclaren,3.0,3.0,3.0,0,0.1303164942764709,0.0643727288293767,0.07065574608189115
1128,charles-leclerc,2025,3,ferrari,4.0,4.0,4.0,0,0.16039051911608943,0.05976437371873117,0.05751782266752123
1128,george-russell,2025,3,mercedes,5.0,5.0,5.0,0,0.12017267477017594,0.03444017876864927,0.03014322117731258
1128,kimi-antonelli,2025,3,mercedes,6.0,6.0,6.0,0,0.06288383265228124,0.015153779315279104,0.012384827632227152
1128,lewis-hamilton,2025,3,ferrari,8.0,8.0,7.0,0,0.10146191676964485,0.014558209541595566,0.010299988473879522
1128,isack-hadjar,2025,3,racing-bulls,7.0,7.0,8.0,0,0.0007822354360987814,0.00134358446504593,0.0011929762176032253
1128,alexander-albon,2025,3,williams,9.0,9.0,9.0,0,0.0011429645110232912,0.0014544873174275462,0.0011450831558580687
1128,oliver-bearman,2025,3,haas,10.0,10.0,10.0,0,0.0022081362301864926,0.0013064139804664023,0.0009487998577218589
1128,fernando-alonso,2025,3,aston-martin,12.0,13.0,11.0,0,0.0026313987632934264,0.0013924811755296116,0.0009317472904918192
1128,yuki-tsunoda,2025,3,red-bull,14.0,15.0,12.0,0,0.024141544553056997,0.0031532007730847886,0.0018149058611924495
1128,pierre-gasly,2025,3,alpine,11.0,11.0,13.0,0,0.002655514458591575,0.0016872468380961655,0.0011769268106507137
1128,carlos-sainz-jr,2025,3,williams,15.0,12.0,14.0,0,0.0004376162522187694,0.0003021145014827636,0.00019239210068304848
1128,jack-doohan,2025,3,alpine,19.0,19.0,15.0,0,0.00023132994930347874,9.409042249925074e-05,5.4078715469739043e-05
1128,nico-hulkenberg,2025,3,audi,16.0,16.0,16.0,0,0.0006864374412690968,0.000465378451397703,0.0002860003289357907
1128,liam-lawson,2025,3,racing-bulls,13.0,14.0,17.0,0,0.000585007531971398,0.0004210777770641641,0.00028325211932783234
1128,esteban-ocon,2025,3,haas,18.0,18.0,18.0,0,0.002788474239686881,0.0006701564941554592,0.00036947920657820775
1128,gabriel-bortoleto,2025,3,audi,17.0,17.0,19.0,0,0.00012258780458025258,9.796896703342108e-05,6.0978717085467765e-05
1128,lance-stroll,2025,3,aston-martin,20.0,20.0,20.0,0,0.0013413616991393947,0.0003691753580968377,0.0001984730378039886
1129,oscar-piastri,2025,4,mclaren,1.0,1.0,1.0,1,0.13780675859844913,0.4812975139600561,0.42823977335892427
1129,george-russell,2025,4,mercedes,3.0,2.0,2.0,0,0.11267431041777488,0.10161854667454448,0.11367986211757075
1129,lando-norris,2025,4,mclaren,6.0,6.0,3.0,0,0.2823205831615941,0.06322224324975374,0.049948702860762834
1129,charles-leclerc,2025,4,ferrari,2.0,3.0,4.0,0,0.15070778271227972,0.2317435980544511,0.3099924039208558
1129,lewis-hamilton,2025,4,ferrari,9.0,9.0,5.0,0,0.09169183798408373,0.01652214833374081,0.011203582952367131
1129,max-verstappen,2025,4,red-bull,7.0,7.0,6.0,0,0.1224970003880344,0.04965636020920909,0.03813194535909701
1129,pierre-gasly,2025,4,alpine,4.0,5.0,7.0,0,0.0023360974794422486,0.010061268071151852,0.011315409517838404
1129,esteban-ocon,2025,4,haas,14.0,14.0,8.0,0,0.002117011804877631,0.0011794224618856797,0.0007424925052748941
1129,yuki-tsunoda,2025,4,red-bull,10.0,10.0,9.0,0,0.022343178544109076,0.006879261151280624,0.004667589327991468
1129,oliver-bearman,2025,4,haas,20.0,20.0,10.0,0,0.0029070651374294596,0.0009135973555771496,0.00048457193398940664
1129,kimi-antonelli,2025,4,mercedes,5.0,4.0,11.0,0,0.064829592923827,0.029871421783221837,0.026772406952153202
1129,alexander-albon,2025,4,williams,15.0,15.0,12.0,0,0.0013177105441065625,0.0010681891232673596,0.0006675983626590439
1129,isack-hadjar,2025,4,racing-bulls,12.0,12.0,13.0,0,0.0017385486122005567,0.0017139835033036105,0.0011755948192096555
1129,jack-doohan,2025,4,alpine,11.0,11.0,14.0,0,0.00035277023165685697,0.00045184763960884864,0.0003338019055335247
1129,fernando-alonso,2025,4,aston-martin,13.0,13.0,15.0,0,0.0022503206091591646,0.0016816663951934759,0.0011006889520133313
1129,liam-lawson,2025,4,racing-bulls,17.0,17.0,16.0,0,0.0005165177905656775,0.00036440743917166607,0.00021915574836895837
1129,lance-stroll,2025,4,aston-martin,19.0,19.0,17.0,0,0.0009877504033895157,0.0004763021572696005,0.00026699660134051203
1129,gabriel-bortoleto,2025,4,audi,18.0,18.0,18.0,0,0.0001281167658849843,0.00014357858435666714,8.789235973377428e-05
1129,carlos-sainz-jr,2025,4,williams,8.0,8.0,,0,0.00047704589113528015,0.0011346438529563037,0.0009695304443159949
1130,oscar-piastri,2025,5,mclaren,2.0,2.0,1.0,1,0.15826474592355957,0.14448170752713965,0.19520409558977206
1130,max-verstappen,2025,5,red-bull,1.0,1.0,2.0,0,0.11474416368913654,0.6387491524896344,0.5954000393322229
1130,charles-leclerc,2025,5,ferrari,4.0,4.0,3.0,0,0.15110173573748376,0.06383905503366889,0.06329671815750595
1130,lando-norris,2025,5,mclaren,10.0,10.0,4.0,0,0.29997657112123133,0.02323817719403829,0.014762951272860732
1130,george-russell,2025,5,mercedes,3.0,3.0,5.0,0,0.11012256226625593,0.07922634023246647,0.09050659089266973
1130,kimi-antonelli,2025,5,mercedes,5.0,5.0,6.0,0,0.03727990675513144,0.014816557151599925,0.013731124364941533
1130,lewis-hamilton,2025,5,ferrari,7.0,7.0,7.0,0,0.09209332409208014,0.01834246826902892,0.014228141793794854
1130,carlos-sainz-jr,2025,5,williams,6.0,6.0,8.0,0,0.00037177746308143187,0.0011447783044444076,0.0011471645204375774
1130,alexander-albon,2025,5,williams,11.0,11.0,9.0,0,0.001160156174986605,0.001236131829021182,0.0009127895783948107
1130,isack-hadjar,2025,5,racing-bulls,14.0,14.0,10.0,0,0.0016194089085448656,0.0010269008470121682,0.000670934376352925
1130,fernando-alonso,2025,5,aston-martin,13.0,13.0,11.0,0,0.0017435894158658342,0.0011307969142173046,0.0007611920115953703
1130,liam-lawson,2025,5,racing-bulls,12.0,12.0,12.0,0,0.0004579011958557699,0.00043900958600593185,0.0003171839942898291
1130,oliver-bearman,2025,5,haas,15.0,15.0,13.0,0,0.002973243061056003,0.0010465603644814535,0.0006446220562294719
1130,esteban-ocon,2025,5,haas,19.0,19.0,14.0,0,0.002469983555275696,0.0006306022362685112,0.0003499634548341308
1130,nico-hulkenberg,2025,5,audi,18.0,18.0,15.0,0,0.00044945550130205046,0.00034717969038133644,0.00021088048843631685
1130,lance-stroll,2025,5,aston-martin,16.0,16.0,16.0,0,0.000762090745419017,0.00041113059951194264,0.0002565215002863425
1130,jack-doohan,2025,5,alpine,17.0,17.0,17.0,0,0.00036861751038800726,0.00018316995588831556,0.00011269866273789516
1130,gabriel-bortoleto,2025,5,audi,20.0,20.0,18.0,0,0.00010125961332945974,8.341225510856182e-05,4.999620852952407e-05
1130,yuki-tsunoda,2025,5,red-bull,8.0,8.0,,0,0.021235267035683653,0.007068529082799136,0.005424786466619801
1130,pierre-gasly,2025,5,alpine,9.0,9.0,,0,0.002704240234332926,0.002558340437283233,0.0020116052774882373
1131,oscar-piastri,2025,6,mclaren,4.0,4.0,1.0,1,0.17612628912860467,0.053521856765567775,0.050934325720809276
1131,lando-norris,2025,6,mclaren,2.0,2.0,2.0,0,0.30438943227600596,0.2370762585217644,0.3062571545992147
1131,george-russell,2025,6,mercedes,5.0,5.0,3.0,0,0.1076209316096712,0.03532498674655251,0.031030905220637745
1131,max-verstappen,2025,6,red-bull,1.0,1.0,4.0,0,0.10108654413612447,0.5962412021704336,0.5430631535016596
1131,alexander-albon,2025,6,williams,7.0,7.0,5.0,0,0.0015546651160936271,0.002650882647077517,0.0023164732621144303
1131,kimi-antonelli,2025,6,mercedes,3.0,3.0,6.0,0,0.04182891175422335,0.03351056076821679,0.038062629840993734
1131,charles-leclerc,2025,6,ferrari,8.0,8.0,7.0,0,0.15273852112040084,0.02231485467054917,0.015632015129039348
1131,lewis-hamilton,2025,6,ferrari,12.0,12.0,8.0,0,0.08792015432825412,0.0076646785054082876,0.004514980782600873
1131,carlos-sainz-jr,2025,6,williams,6.0,6.0,9.0,0,0.0005356950758743066,0.001341369039141092,0.0012901723685349083
1131,yuki-tsunoda,2025,6,red-bull,10.0,10.0,10.0,0,0.013873518759496687,0.0036800930929266457,0.002508378716386617
1131,isack-hadjar,2025,6,racing-bulls,11.0,11.0,11.0,0,0.0018216612380217653,0.0014807101195677447,0.0010456031369257093
1131,esteban-ocon,2025,6,haas,9.0,9.0,12.0,0,0.0021512710518265393,0.0016933817012237773,0.0012932959912615534
1131,pierre-gasly,2025,6,alpine,20.0,18.0,13.0,0,0.001706718684961338,0.0005833699343762649,0.00031353544807096226
1131,nico-hulkenberg,2025,6,audi,16.0,16.0,14.0,0,0.0004254359947524507,0.0003863629405456612,0.0002411904370833555
1131,fernando-alonso,2025,6,aston-martin,17.0,17.0,15.0,0,0.0017413341050750667,0.0007373949722658184,0.00042653116000022906
1131,lance-stroll,2025,6,aston-martin,18.0,19.0,16.0,0,0.0007153378236837831,0.00031744723078222634,0.00018264989218790966
1131,liam-lawson,2025,6,racing-bulls,15.0,15.0,,0,0.0005410658909279571,0.0003329486550764545,0.00020979956776725225
1131,gabriel-bortoleto,2025,6,audi,13.0,13.0,,0,0.0001074675218560637,0.00016234157057110323,0.00011516156059925397
1131,oliver-bearman,2025,6,haas,19.0,20.0,,0,0.0026985643162766833,0.0006828203101683949,0.0003679799909245905
1131,jack-doohan,2025,6,alpine,14.0,14.0,,0,0.00041648006786901157,0.00029647963778472097,0.00019406367318799918
1132,max-verstappen,2025,7,red-bull,2.0,2.0,1.0,1,0.10191870185916369,0.24943683527556826,0.3352157117452074
1132,lando-norris,2025,7,mclaren,4.0,4.0,2.0,0,0.32344245387891674,0.10170221826313762,0.09405558799714651
1132,oscar-piastri,2025,7,mclaren,1.0,1.0,3.0,0,0.19605900159214287,0.5122580201937987,0.4405909889326865
1132,lewis-hamilton,2025,7,ferrari,12.0,12.0,4.0,0,0.07250794779761616,0.008070265071416678,0.004721948246291377
1132,alexander-albon,2025,7,williams,7.0,7.0,5.0,0,0.0022496722131014825,0.003754264909169836,0.0031966094336396992
1132,charles-leclerc,2025,7,ferrari,11.0,11.0,6.0,0,0.12529007911824397,0.014625887498946184,0.008792700570752807
1132,george-russell,2025,7,mercedes,3.0,3.0,7.0,0,0.11092041542336316,0.08925002046271638,0.09774299813895074
1132,carlos-sainz-jr,2025,7,williams,6.0,6.0,8.0,0,0.0007515537399849627,0.0018502193674188021,0.0017352706101536246
1132,isack-hadjar,2025,7,racing-bulls,9.0,9.0,9.0,0,0.0020220068899468686,0.0027129487501205765,0.0020724412363590495
1132,yuki-tsunoda,2025,7,red-bull,20.0,,10.0,0,0.013593706491933831,0.0015025079708158792,0.0007350472904571612
1132,fernando-alonso,2025,7,aston-martin,5.0,5.0,11.0,0,0.00144105557883818,0.004713727022980551,0.004751227539009004
1132,nico-hulkenberg,2025,7,audi,17.0,17.0,12.0,0,0.0003856502503627055,0.0003977448900394692,0.00023921069756609455
1132,pierre-gasly,2025,7,alpine,10.0,10.0,13.0,0,0.0013903163293347242,0.0017305348168513558,0.0012716980332663648
1132,liam-lawson,2025,7,racing-bulls,15.0,16.0,14.0,0,0.0003882868788278797,0.00031287828428247874,0.0001965013683993629
1132,lance-stroll,2025,7,aston-martin,8.0,8.0,15.0,0,0.0006045177626202932,0.0011240437174057072,0.0009318040122533325
1132,franco-colapinto,2025,7,alpine,16.0,15.0,16.0,0,0.0010566746567369318,0.0006849590111537676,0.0004082133394604364
1132,oliver-bearman,2025,7,haas,19.0,19.0,17.0,0,0.0014486001277154218,0.0005230834019729069,0.00028329195097615917
1132,gabriel-bortoleto,2025,7,audi,14.0,14.0,18.0,0,8.205414224045902e-05,0.00014153186690030197,9.651813864805021e-05
1132,kimi-antonelli,2025,7,mercedes,13.0,13.0,,0,0.04274203705797358,0.004557295363412585,0.0026021718956153296
1132,esteban-ocon,2025,7,haas,18.0,18.0,,0,0.001705268210936064,0.0006510138618919109,0.0003600588231608907
1133,lando-norris,2025,8,mclaren,1.0,1.0,1.0,1,0.34462917458164233,0.6516964499771735,0.5888764922311645
1133,charles-leclerc,2025,8,ferrari,2.0,2.0,2.0,0,0.12462857448723667,0.14294081113047505,0.2003340153627515
1133,oscar-piastri,2025,8,mclaren,3.0,3.0,3.0,0,0.2095458924117422,0.08442319994104983,0.09584466206612637
1133,max-verstappen,2025,8,red-bull,4.0,5.0,4.0,0,0.12165094676227915,0.0794417544715085,0.08222801797990936
1133,lewis-hamilton,2025,8,ferrari,7.0,4.0,5.0,0,0.07696157219134753,0.014949277816303888,0.011916895582043029
1133,isack-hadjar,2025,8,racing-bulls,5.0,6.0,6.0,0,0.0024261360960401122,0.00578220074536384,0.006129323621515393
1133,esteban-ocon,2025,8,haas,8.0,8.0,7.0,0,0.0011095262909202842,0.0013701082453011215,0.0011889368849286998
1133,liam-lawson,2025,8,racing-bulls,9.0,9.0,8.0,0,0.00043691270682459047,0.0005636046546668151,0.0004748354016139257
1133,alexander-albon,2025,8,williams,10.0,10.0,9.0,0,0.0033612398207881937,0.0021990529392786223,0.001670114489750421
1133,carlos-sainz-jr,2025,8,williams,11.0,11.0,10.0,0,0.0011122893381490682,0.0007442341928059662,0.0005552862535016567
1133,george-russell,2025,8,mercedes,14.0,14.0,11.0,0,0.07567955445380026,0.006348531586551613,0.003703523920471799
1133,oliver-bearman,2025,8,haas,20.0,17.0,12.0,0,0.0011379553851730763,0.0003626581755486768,0.00020644170815005663
1133,franco-colapinto,2025,8,alpine,18.0,20.0,13.0,0,0.0009050215485038653,0.0004101554756679335,0.00024769933331040194
1133,gabriel-bortoleto,2025,8,audi,16.0,16.0,14.0,0,8.460602936377374e-05,9.374741855723714e-05,6.396522509931728e-05
1133,lance-stroll,2025,8,aston-martin,19.0,19.0,15.0,0,0.0006184240710329103,0.0002539052302340515,0.00015055339028930225
1133,nico-hulkenberg,2025,8,audi,13.0,13.0,16.0,0,0.0004293767645420908,0.0005086005680026804,0.0003674303868679483
1133,yuki-tsunoda,2025,8,red-bull,12.0,12.0,17.0,0,0.014881999899661965,0.0026224285147859305,0.001721652894594442
1133,kimi-antonelli,2025,8,mercedes,15.0,15.0,18.0,0,0.017512817565311225,0.0016464420531583873,0.0009631559499641757
1133,fernando-alonso,2025,8,aston-martin,6.0,7.0,,0,0.0015343765055932709,0.0030138939313804755,0.002970742160298243
1133,pierre-gasly,2025,8,alpine,17.0,18.0,,0,0.001353603090047366,0.000628942932186029,0.0003862551576494011
1134,oscar-piastri,2025,9,mclaren,1.0,1.0,1.0,1,0.22027364562656043,0.48847581201796936,0.4178146765640583
1134,lando-norris,2025,9,mclaren,2.0,2.0,2.0,0,0.3686961523238593,0.27278353071600236,0.3448535730075275
1134,charles-leclerc,2025,9,ferrari,7.0,7.0,3.0,0,0.1382621804539481,0.02677106862489413,0.019708399956888785
1134,george-russell,2025,9,mercedes,4.0,4.0,4.0,0,0.04773900068507498,0.036175252536138236,0.03575762347586248
1134,nico-hulkenberg,2025,9,audi,15.0,16.0,5.0,0,0.00042551569032549784,0.0004528617401932501,0.0002870867022277719
1134,lewis-hamilton,2025,9,ferrari,5.0,5.0,6.0,0,0.08222301491290772,0.028224888928736383,0.024551530313503135
1134,isack-hadjar,2025,9,racing-bulls,9.0,9.0,7.0,0,0.0032837391743814957,0.003115977063932892,0.002336926818030898
1134,pierre-gasly,2025,9,alpine,8.0,8.0,8.0,0,0.0009922060032703623,0.0017615631623215712,0.001447481200984166
1134,fernando-alonso,2025,9,aston-martin,10.0,10.0,9.0,0,0.0010561683657629526,0.0012760498769809245,0.0009435244059904989
1134,max-verstappen,2025,9,red-bull,3.0,3.0,10.0,0,0.10667218764821026,0.12932152724891094,0.14392423664166037
1134,liam-lawson,2025,9,racing-bulls,13.0,13.0,11.0,0,0.0006511726397531032,0.00045608359974144556,0.00030010390598794593
1134,gabriel-bortoleto,2025,9,audi,12.0,12.0,12.0,0,0.00011356797384099884,0.00020403361780398844,0.00014784041098406348
1134,yuki-tsunoda,2025,9,red-bull,19.0,20.0,13.0,0,0.011104952793164834,0.0012364948841573843,0.0006215434527686262
1134,carlos-sainz-jr,2025,9,williams,17.0,18.0,14.0,0,0.0013053585792296533,0.00047924126108138014,0.00027292182645490643
1134,franco-colapinto,2025,9,alpine,18.0,19.0,15.0,0,0.000898229924341374,0.0004896433102972565,0.0002778383778027382
1134,esteban-ocon,2025,9,haas,16.0,17.0,16.0,0,0.0014202402364545442,0.0006396077890125565,0.0003753491972062808
1134,oliver-bearman,2025,9,haas,14.0,15.0,17.0,0,0.0012229868183279385,0.0006855396372011257,0.0004292698995925699
1134,kimi-antonelli,2025,9,mercedes,6.0,6.0,,0,0.009835089124005365,0.00517409430161254,0.004406016476579225
1134,alexander-albon,2025,9,williams,11.0,11.0,,0,0.003824591026581018,0.00227672968301235,0.0015440573658898238
1135,george-russell,2025,10,mercedes,1.0,1.0,1.0,1,0.039117539173585,0.39020788300600295,0.34385357603559275
1135,max-verstappen,2025,10,red-bull,2.0,2.0,2.0,0,0.07836577477591349,0.29091298587841513,0.37896511944546885
1135,kimi-antonelli,2025,10,mercedes,4.0,4.0,3.0,0,0.004984514162848191,0.00872706084244634,0.008783268861817456
1135,oscar-piastri,2025,10,mclaren,3.0,3.0,4.0,0,0.2434422290741388,0.15126083500600943,0.154018949231952
1135,charles-leclerc,2025,10,ferrari,8.0,8.0,5.0,0,0.14090235360580847,0.03288599520814916,0.021887564714998222
1135,lewis-hamilton,2025,10,ferrari,5.0,5.0,6.0,0,0.08058257960754542,0.04083193385043577,0.03417377121014362
1135,fernando-alonso,2025,10,aston-martin,6.0,6.0,7.0,0,0.0013562949150036615,0.004543276624498396,0.004050398112910798
1135,nico-hulkenberg,2025,10,audi,11.0,13.0,8.0,0,0.0006627483907936532,0.0013485408538757879,0.0009342540110274295
1135,esteban-ocon,2025,10,haas,14.0,15.0,9.0,0,0.0010623763475330161,0.0009931713917914727,0.0006021152933194795
1135,carlos-sainz-jr,2025,10,williams,16.0,17.0,10.0,0,0.0009774182017401889,0.0006855211984517815,0.0003903260541044785
1135,oliver-bearman,2025,10,haas,13.0,14.0,11.0,0,0.0009029806523556489,0.0009644355710603882,0.0006072677985624017
1135,yuki-tsunoda,2025,10,red-bull,18.0,11.0,12.0,0,0.00849254288771389,0.0017147005692503266,0.0008576464322432212
1135,franco-colapinto,2025,10,alpine,10.0,12.0,13.0,0,0.0008004612578020152,0.001500686782631165,0.0010745421695032864
1135,gabriel-bortoleto,2025,10,audi,15.0,16.0,14.0,0,0.00015085175292553734,0.0002416699315842108,0.00015034090107213393
1135,pierre-gasly,2025,10,alpine,20.0,20.0,15.0,0,0.0011646446487284822,0.0007436688063961656,0.00038384781016452486
1135,isack-hadjar,2025,10,racing-bulls,12.0,9.0,16.0,0,0.003972225273550234,0.0033314289839669504,0.002091940244494926
1135,lance-stroll,2025,10,aston-martin,17.0,18.0,17.0,0,0.0006425346508276709,0.0005175669142795054,0.000291016917638444
1135,lando-norris,2025,10,mclaren,7.0,7.0,18.0,0,0.3892468941327076,0.0647237652588872,0.044160243584615254
1135,liam-lawson,2025,10,racing-bulls,19.0,19.0,,0,0.0007702916393259096,0.0004178573532295219,0.00022081656985124405
1135,alexander-albon,2025,10,williams,9.0,10.0,,0,0.002402744849153146,0.0034470159686382975,0.002502994600519527
1136,lando-norris,2025,11,mclaren,1.0,1.0,1.0,1,0.26907230464814225,0.586552091604346,0.5231762300903752
1136,oscar-piastri,2025,11,mclaren,3.0,3.0,2.0,0,0.22896985739063716,0.10120293582703553,0.11251808479525431
1136,charles-leclerc,2025,11,ferrari,2.0,2.0,3.0,0,0.17691704983905546,0.18635063056807655,0.25304843434979873
1136,lewis-hamilton,2025,11,ferrari,4.0,4.0,4.0,0,0.10175425249884587,0.041854976979672574,0.041875754123578975
1136,george-russell,2025,11,mercedes,5.0,5.0,5.0,0,0.07131855510641905,0.032381556797802934,0.02984942596662237
1136,liam-lawson,2025,11,racing-bulls,6.0,6.0,6.0,0,0.0006774530752688641,0.0013907125885773755,0.0013633030793506543
1136,fernando-alonso,2025,11,aston-martin,11.0,11.0,7.0,0,0.0020994043501804545,0.0015705137225972086,0.0011365476980859644
1136,gabriel-bortoleto,2025,11,audi,8.0,8.0,8.0,0,0.00023879478121107458,0.0004991020201615158,0.0004434967039301737
1136,nico-hulkenberg,2025,11,audi,20.0,20.0,9.0,0,0.0011354622499715307,0.0004885689741657672,0.00027468044878725797
1136,esteban-ocon,2025,11,haas,17.0,17.0,10.0,0,0.0017022423185373515,0.0006275569108507505,0.0003724835608779659
1136,oliver-bearman,2025,11,haas,15.0,15.0,11.0,0,0.0013844841017848558,0.0006328119173401663,0.0003997781336011937
1136,isack-hadjar,2025,11,racing-bulls,13.0,13.0,12.0,0,0.003681170074588503,0.0018836820489804246,0.0012438085183470939
1136,pierre-gasly,2025,11,alpine,10.0,10.0,13.0,0,0.0014472300561809222,0.0014915030439135676,0.0011422632416459755
1136,lance-stroll,2025,11,aston-martin,16.0,16.0,14.0,0,0.0008398600710971082,0.00041390487134700793,0.0002576625347115246
1136,franco-colapinto,2025,11,alpine,14.0,14.0,15.0,0,0.0010741338493569239,0.000704384172803541,0.0004654355107116689
1136,yuki-tsunoda,2025,11,red-bull,18.0,18.0,16.0,0,0.011197726879530334,0.0012621593755435345,0.0006795678489654324
1136,alexander-albon,2025,11,williams,12.0,12.0,,0,0.0022962742154484343,0.001380610395754358,0.0009555341684187318
1136,max-verstappen,2025,11,red-bull,7.0,7.0,,0,0.11380247194650563,0.0366776355003041,0.028857604875375337
1136,kimi-antonelli,2025,11,mercedes,9.0,9.0,,0,0.010391272547238206,0.002634662680727052,0.0019399043515615144
1137,lando-norris,2025,12,mclaren,3.0,3.0,1.0,1,0.30670698145275244,0.14411314350384147,0.15054074673901863
1137,oscar-piastri,2025,12,mclaren,2.0,2.0,2.0,0,0.25738098842393864,0.22561275044821671,0.2851139292399336
1137,nico-hulkenberg,2025,12,audi,19.0,19.0,3.0,0,0.0015200126329824942,0.0007008826641448253,0.00037822650672893605
1137,lewis-hamilton,2025,12,ferrari,5.0,5.0,4.0,0,0.109330245767831,0.03616064051863166,0.030856377662498526
1137,max-verstappen,2025,12,red-bull,1.0,1.0,5.0,0,0.05281135851117363,0.4836911447002276,0.43947308136111257
1137,pierre-gasly,2025,12,alpine,8.0,10.0,6.0,0,0.0013663904656041638,0.002329774853379098,0.001876547111526652
1137,lance-stroll,2025,12,aston-martin,17.0,18.0,7.0,0,0.0009023366114017957,0.00044699471186589233,0.0002555910775269451
1137,alexander-albon,2025,12,williams,13.0,14.0,8.0,0,0.0013884005369624876,0.001095819494090281,0.0007046924079841104
1137,fernando-alonso,2025,12,aston-martin,7.0,9.0,9.0,0,0.0025107878396214128,0.003956561152709705,0.003320094391220014
1137,george-russell,2025,12,mercedes,4.0,4.0,10.0,0,0.05589530264626103,0.04799513198181444,0.046897410333882845
1137,oliver-bearman,2025,12,haas,18.0,8.0,11.0,0,0.0015220528558627952,0.0005886532779196958,0.0003229433635396059
1137,carlos-sainz-jr,2025,12,williams,9.0,11.0,12.0,0,0.0007330449928390546,0.0010930867574252283,0.0008449475909359654
1137,esteban-ocon,2025,12,haas,14.0,15.0,13.0,0,0.0018894279476365568,0.0010252242949795114,0.0006280914844906941
1137,charles-leclerc,2025,12,ferrari,6.0,6.0,14.0,0,0.18926235453937937,0.04412805031800968,0.03418427315795437
1137,yuki-tsunoda,2025,12,red-bull,11.0,12.0,15.0,0,0.006271373203437583,0.002292928553518939,0.0014973472441860624
1137,kimi-antonelli,2025,12,mercedes,10.0,7.0,,0,0.005650865400474737,0.0017618699625742654,0.0011926954505827522
1137,isack-hadjar,2025,12,racing-bulls,12.0,13.0,,0,0.0034986935200103536,0.002195796142273657,0.0014235763286104507
1137,gabriel-bortoleto,2025,12,audi,16.0,17.0,,0,0.0003863517226611199,0.0002808423667937408,0.00016938592339162594
1137,liam-lawson,2025,12,racing-bulls,15.0,16.0,,0,0.0009730309291693855,0.0005307042975836687,0.0003200426248755345
1138,oscar-piastri,2025,13,mclaren,2.0,2.0,1.0,1,0.2961457485165325,0.19480993976748223,0.2599577641145996
1138,lando-norris,2025,13,mclaren,1.0,1.0,2.0,0,0.3576112957583383,0.6356418115308189,0.56445292646836
1138,charles-leclerc,2025,13,ferrari,3.0,3.0,3.0,0,0.13124694851298754,0.07848790562826283,0.08972762713834215
1138,max-verstappen,2025,13,red-bull,4.0,4.0,4.0,0,0.052568571874256446,0.050885429163326515,0.05340548898091141
1138,george-russell,2025,13,mercedes,6.0,6.0,5.0,0,0.038129301332395095,0.017883165820071083,0.015607973143113664
1138,alexander-albon,2025,13,williams,5.0,5.0,6.0,0,0.0017828637414626703,0.0041470081917290465,0.004353453406590394
1138,lewis-hamilton,2025,13,ferrari,18.0,16.0,7.0,0,0.09581802165074987,0.004277398086135846,0.002162610752751423
1138,liam-lawson,2025,13,racing-bulls,9.0,9.0,8.0,0,0.0006318323952232926,0.0007382678171146607,0.0006067238086630668
1138,gabriel-bortoleto,2025,13,audi,10.0,10.0,9.0,0,0.0003139529034147682,0.0003617435895440188,0.00028830448251695084
1138,pierre-gasly,2025,13,alpine,13.0,13.0,10.0,0,0.002231558355449021,0.0011811096565895944,0.0007940941771959311
1138,oliver-bearman,2025,13,haas,12.0,12.0,11.0,0,0.0016674926322690934,0.0009243529639360507,0.000646770342854273
1138,nico-hulkenberg,2025,13,audi,14.0,14.0,12.0,0,0.002032006084085977,0.0010827464527235929,0.0007074982007343885
1138,yuki-tsunoda,2025,13,red-bull,7.0,7.0,13.0,0,0.005586798729905781,0.003297765107292492,0.002821494481024421
1138,lance-stroll,2025,13,aston-martin,16.0,20.0,14.0,0,0.0012783320234210783,0.00047817768145823087,0.00029491373271437393
1138,esteban-ocon,2025,13,haas,11.0,11.0,15.0,0,0.001896998782991121,0.0011729905871149132,0.000851628836823262
1138,kimi-antonelli,2025,13,mercedes,19.0,18.0,16.0,0,0.003330448383361246,0.00040901734875078077,0.00022262436630069284
1138,fernando-alonso,2025,13,aston-martin,20.0,19.0,17.0,0,0.0032485908552407805,0.0007622390669954536,0.00041507393009151017
1138,carlos-sainz-jr,2025,13,williams,17.0,15.0,18.0,0,0.0008901660704947351,0.0003776206587909097,0.00022964574380295329
1138,franco-colapinto,2025,13,alpine,15.0,17.0,19.0,0,0.0015575006642239953,0.0007038974002935577,0.0004469050048399453
1138,isack-hadjar,2025,13,racing-bulls,8.0,8.0,20.0,0,0.00203157073319672,0.002377413481569313,0.0020064788877696064
1139,lando-norris,2025,14,mclaren,3.0,3.0,1.0,1,0.36352111705299867,0.1589948683773537,0.16668424352767772
1139,oscar-piastri,2025,14,mclaren,2.0,2.0,2.0,0,0.30992219204457344,0.25229054697807823,0.3198562726186886
1139,george-russell,2025,14,mercedes,4.0,4.0,3.0,0,0.03384736619275255,0.039455916292677806,0.03966780064707295
1139,charles-leclerc,2025,14,ferrari,1.0,1.0,4.0,0,0.12778096349304374,0.49698998980714487,0.4358613993903663
1139,fernando-alonso,2025,14,aston-martin,5.0,5.0,5.0,0,0.0023751923756736596,0.0061906748139125625,0.006126707782018575
1139,gabriel-bortoleto,2025,14,audi,7.0,7.0,6.0,0,0.00042955059973256125,0.0009688854602418192,0.0008580747037975086
1139,lance-stroll,2025,14,aston-martin,6.0,6.0,7.0,0,0.0010375664994880726,0.0023352475952919532,0.0021672768839912965
1139,liam-lawson,2025,14,racing-bulls,9.0,9.0,8.0,0,0.000708350574868332,0.0010630826792256871,0.000829989273163772
1139,max-verstappen,2025,14,red-bull,8.0,8.0,9.0,0,0.0525336815442441,0.02317051386259965,0.016829468044467454
1139,kimi-antonelli,2025,14,mercedes,15.0,15.0,10.0,0,0.0025543887842225444,0.0006209215739235451,0.0003614500045218031
1139,isack-hadjar,2025,14,racing-bulls,10.0,10.0,11.0,0,0.0013303612995373168,0.001557753518960841,0.00114164343594839
1139,lewis-hamilton,2025,14,ferrari,12.0,12.0,12.0,0,0.0874127660138478,0.009223012275113523,0.0053599534718815215
1139,nico-hulkenberg,2025,14,audi,18.0,19.0,13.0,0,0.0021460595298916337,0.0009490471709039167,0.0005243408618211661
1139,carlos-sainz-jr,2025,14,williams,13.0,13.0,14.0,0,0.0008053413010848407,0.0006476637774605912,0.00042488599075987015
1139,alexander-albon,2025,14,williams,19.0,20.0,15.0,0,0.00199310068377159,0.0008015835742563613,0.00043238681103524915
1139,esteban-ocon,2025,14,haas,17.0,18.0,16.0,0,0.0016426391242022728,0.0007128134917999712,0.00040497176176871393
1139,yuki-tsunoda,2025,14,red-bull,20.0,16.0,17.0,0,0.005175422146869241,0.0008320237785638966,0.00041892774991906156
1139,franco-colapinto,2025,14,alpine,14.0,14.0,18.0,0,0.0010916735963547963,0.0007647759014401792,0.00048170798894305055
1139,pierre-gasly,2025,14,alpine,16.0,17.0,19.0,0,0.0020427995859938776,0.0010717069810775677,0.0006255585553156922
1139,oliver-bearman,2025,14,haas,11.0,11.0,,0,0.0016494675568489,0.0013589720899733213,0.0009429404968414254
1140,oscar-piastri,2025,15,mclaren,1.0,1.0,1.0,1,0.32760537117870075,0.5955437352574394,0.5200291936143293
1140,max-verstappen,2025,15,red-bull,3.0,3.0,2.0,0,0.041131122473239676,0.07189318352451195,0.08533255161188205
1140,isack-hadjar,2025,15,racing-bulls,4.0,4.0,3.0,0,0.001507942728281366,0.005163927817128318,0.005921845243030655
1140,george-russell,2025,15,mercedes,5.0,5.0,4.0,0,0.038714006383416696,0.025450378639201802,0.02374085746439185
1140,alexander-albon,2025,15,williams,15.0,15.0,5.0,0,0.0017258227358161306,0.0008637204432445228,0.0005387084736742107
1140,oliver-bearman,2025,15,haas,20.0,19.0,6.0,0,0.001024162471330084,0.0003540623796803377,0.00019573613411586746
1140,lance-stroll,2025,15,aston-martin,19.0,,7.0,0,0.001508255778237026,0.00042857285661228496,0.00023869951196340885
1140,fernando-alonso,2025,15,aston-martin,10.0,10.0,8.0,0,0.0034593398193720356,0.0022404894403479578,0.0016434522922570546
1140,yuki-tsunoda,2025,15,red-bull,12.0,12.0,9.0,0,0.0038442813743562515,0.0012344934851527592,0.0008194723833030367
1140,esteban-ocon,2025,15,haas,18.0,18.0,10.0,0,0.0011734231095621972,0.00046442149299878016,0.0002686185689620781
1140,franco-colapinto,2025,15,alpine,16.0,16.0,11.0,0,0.0007947504817282738,0.0004459736136485488,0.00027586400464802194
1140,liam-lawson,2025,15,racing-bulls,8.0,8.0,12.0,0,0.0009368138984868446,0.0012386468979019777,0.0010446678010201534
1140,carlos-sainz-jr,2025,15,williams,9.0,9.0,13.0,0,0.0007424463830873067,0.0008934390905384376,0.0007188055860462638
1140,nico-hulkenberg,2025,15,audi,17.0,17.0,14.0,0,0.0023737094487056745,0.0008717988526690242,0.0005082242944416895
1140,gabriel-bortoleto,2025,15,audi,13.0,13.0,15.0,0,0.0006750035236658462,0.00044311803848980644,0.0003009937437300156
1140,kimi-antonelli,2025,15,mercedes,11.0,11.0,16.0,0,0.002891865077074425,0.0008714652347862512,0.0006015363716171681
1140,pierre-gasly,2025,15,alpine,14.0,14.0,17.0,0,0.0013939304700017858,0.0008766999867263291,0.0005690283178392473
1140,lando-norris,2025,15,mclaren,2.0,2.0,18.0,0,0.3892423316054269,0.2483044779611622,0.32305858643626234
1140,charles-leclerc,2025,15,ferrari,6.0,6.0,,0,0.11246423861079317,0.028073690655599993,0.023074279076837338
1140,lewis-hamilton,2025,15,ferrari,7.0,7.0,,0,0.06679118244871755,0.014343704332159365,0.011118879069648235
1141,max-verstappen,2025,16,red-bull,1.0,1.0,1.0,1,0.07859405532129383,0.5311041826600393,0.47906919797832714
1141,lando-norris,2025,16,mclaren,2.0,2.0,2.0,0,0.3278560956034168,0.22508823345807552,0.2837752469096228
1141,oscar-piastri,2025,16,mclaren,3.0,3.0,3.0,0,0.3924158640771664,0.14431998722966574,0.15038299635577762
1141,charles-leclerc,2025,16,ferrari,4.0,4.0,4.0,0,0.06520678644402148,0.04022289719539163,0.039163816150574356
1141,george-russell,2025,16,mercedes,5.0,6.0,5.0,0,0.05690632927678229,0.033445696085344576,0.029737569774668626
1141,lewis-hamilton,2025,16,ferrari,10.0,5.0,6.0,0,0.039657029714206794,0.0068186885894516965,0.0044091606467300225
1141,alexander-albon,2025,16,williams,14.0,14.0,7.0,0,0.0035373640810071553,0.0014839362946638195,0.0009000477157460884
1141,gabriel-bortoleto,2025,16,audi,7.0,8.0,8.0,0,0.0009587142083854404,0.0014123387454688494,0.0012163485476506732
1141,kimi-antonelli,2025,16,mercedes,6.0,7.0,9.0,0,0.0036256729570119483,0.0024437304363918617,0.002132110631380382
1141,isack-hadjar,2025,16,racing-bulls,19.0,16.0,10.0,0,0.003686275350402578,0.0009130519376154496,0.0004797169751143356
1141,carlos-sainz-jr,2025,16,williams,13.0,13.0,11.0,0,0.0013458628260717587,0.0007261494502813044,0.0004661787144425804
1141,oliver-bearman,2025,16,haas,11.0,11.0,12.0,0,0.002267092706266097,0.0013914752557674568,0.0009515420455868228
1141,yuki-tsunoda,2025,16,red-bull,9.0,10.0,13.0,0,0.007124829297258878,0.0026884549965714853,0.001923513990478812
1141,liam-lawson,2025,16,racing-bulls,18.0,20.0,14.0,0,0.0017471930516983923,0.0005231724575543249,0.0002867893743470176
1141,esteban-ocon,2025,16,haas,15.0,15.0,15.0,0,0.0022919905688421668,0.0008891053561011401,0.0005271118697468432
1141,pierre-gasly,2025,16,alpine,20.0,19.0,16.0,0,0.0018836678963958995,0.0006173910479709004,0.0003245785319463601
1141,franco-colapinto,2025,16,alpine,17.0,18.0,17.0,0,0.0013183712496920735,0.0005787318188676772,0.000330611898318139
1141,lance-stroll,2025,16,aston-martin,16.0,17.0,18.0,0,0.0030282867753804532,0.0008381802326752968,0.00047610964131395025
1141,fernando-alonso,2025,16,aston-martin,8.0,9.0,,0,0.006548518594699605,0.004494596752101945,0.0034473522482273205
1142,max-verstappen,2025,17,red-bull,1.0,1.0,1.0,1,0.08628535482097334,0.7876034906617361,0.8020200918028291
1142,george-russell,2025,17,mercedes,5.0,5.0,2.0,0,0.057085537250394086,0.04651699191196274,0.046810154707060424
1142,carlos-sainz-jr,2025,17,williams,2.0,2.0,3.0,0,0.0015012849511334024,0.01674674895078884,0.02864592411765457
1142,kimi-antonelli,2025,17,mercedes,4.0,4.0,4.0,0,0.003932335190728432,0.006604077179882515,0.007842299147878803
1142,liam-lawson,2025,17,racing-bulls,3.0,3.0,5.0,0,0.001558159197766915,0.009518066735559182,0.013502200571169253
1142,yuki-tsunoda,2025,17,red-bull,6.0,6.0,6.0,0,0.006800062150950116,0.006432335575699913,0.006280052886999201
1142,lando-norris,2025,17,mclaren,7.0,7.0,7.0,0,0.3278135716849688,0.04956009627480827,0.03977890069394911
1142,lewis-hamilton,2025,17,ferrari,12.0,12.0,8.0,0,0.0410454655783758,0.007339366322991346,0.004933711639148924
1142,charles-leclerc,2025,17,ferrari,10.0,10.0,9.0,0,0.06878754211474071,0.014913642926975054,0.01076955303046975
1142,isack-hadjar,2025,17,racing-bulls,8.0,8.0,10.0,0,0.003572717045038239,0.004548663785652177,0.004032041289711881
1142,gabriel-bortoleto,2025,17,audi,13.0,13.0,11.0,0,0.0011771695893994468,0.0008759219477622197,0.0006379644347347896
1142,oliver-bearman,2025,17,haas,15.0,15.0,12.0,0,0.0020377061134977796,0.0011831829690987859,0.0007976872317225734
1142,alexander-albon,2025,17,williams,19.0,19.0,13.0,0,0.004107719650644383,0.0014299908865604057,0.0008490296182925758
1142,esteban-ocon,2025,17,haas,20.0,,14.0,0,0.00188255654912818,0.0007236813875851308,0.00042828389925109715
1142,fernando-alonso,2025,17,aston-martin,11.0,11.0,15.0,0,0.0035165242541320228,0.002796813373344401,0.002142257784092482
1142,nico-hulkenberg,2025,17,audi,17.0,17.0,16.0,0,0.0038805734827325046,0.0016309223116524481,0.0010210021303781911
1142,lance-stroll,2025,17,aston-martin,14.0,14.0,17.0,0,0.0017587793886430802,0.0010856911282844633,0.000756624378892908
1142,pierre-gasly,2025,17,alpine,18.0,18.0,18.0,0,0.0014048365109589416,0.0008591653074903972,0.000542056900783797
1142,franco-colapinto,2025,17,alpine,16.0,16.0,19.0,0,0.0009691210845808932,0.0007447276899544193,0.0005003435196706902
1142,oscar-piastri,2025,17,mclaren,9.0,9.0,,0,0.3808829833912129,0.03888642267221126,0.027709820215309967
1143,george-russell,2025,18,mercedes,1.0,1.0,1.0,1,0.10877855860432589,0.493299729029811,0.43075506201415453
1143,max-verstappen,2025,18,red-bull,2.0,2.0,2.0,0,0.1645337344928206,0.2801284287153687,0.3636211065958917
1143,lando-norris,2025,18,mclaren,5.0,5.0,3.0,0,0.2811309260221313,0.05634363590214084,0.04631921768861459
1143,oscar-piastri,2025,18,mclaren,3.0,3.0,4.0,0,0.2445112244015784,0.10622002291258469,0.11078618080739354
1143,kimi-antonelli,2025,18,mercedes,4.0,4.0,5.0,0,0.008535990423525182,0.0072973925998514304,0.007361365723867055
1143,charles-leclerc,2025,18,ferrari,7.0,7.0,6.0,0,0.08609212838215313,0.020079714041928633,0.014768639188923339
1143,fernando-alonso,2025,18,aston-martin,10.0,10.0,7.0,0,0.003997063779359493,0.002462118833334628,0.0017096946186836426
1143,lewis-hamilton,2025,18,ferrari,6.0,6.0,8.0,0,0.05364659646919754,0.01683826963419198,0.01344252785673162
1143,oliver-bearman,2025,18,haas,9.0,9.0,9.0,0,0.0029193830100155533,0.0021882778918280925,0.0016064822285604427
1143,carlos-sainz-jr,2025,18,williams,18.0,,10.0,0,0.003107176249300128,0.0007117384373483546,0.0003775300556334126
1143,isack-hadjar,2025,18,racing-bulls,8.0,8.0,11.0,0,0.005980902610449512,0.004073570692078982,0.00308741816042071
1143,yuki-tsunoda,2025,18,red-bull,13.0,13.0,12.0,0,0.01318404942286218,0.002062186157317478,0.0012020724233283227
1143,lance-stroll,2025,18,aston-martin,15.0,15.0,13.0,0,0.001982798873331299,0.000744948917546697,0.00043651499516445886
1143,alexander-albon,2025,18,williams,20.0,,14.0,0,0.006627792393051709,0.0011624851019916317,0.0005770883858896447
1143,liam-lawson,2025,18,racing-bulls,12.0,12.0,15.0,0,0.003245379977171361,0.0013304930089641119,0.0008491374121960872
1143,franco-colapinto,2025,18,alpine,16.0,16.0,16.0,0,0.0010295016303794905,0.0005457733402132674,0.0003188360112411555
1143,gabriel-bortoleto,2025,18,audi,14.0,14.0,17.0,0,0.0018452281988790566,0.0007495615597070901,0.00045362679132909535
1143,esteban-ocon,2025,18,haas,17.0,17.0,18.0,0,0.0025632842196306417,0.0007669406047537343,0.000421652997879795
1143,pierre-gasly,2025,18,alpine,19.0,18.0,19.0,0,0.0015085136235147263,0.000586762507757743,0.00031391753094099113
1143,nico-hulkenberg,2025,18,audi,11.0,11.0,20.0,0,0.0047797672163228805,0.002407950111280786,0.001591928513155896
1144,max-verstappen,2025,19,red-bull,1.0,1.0,1.0,1,0.16763937636834356,0.6460060648632451,0.5927740668944579
1144,lando-norris,2025,19,mclaren,2.0,2.0,2.0,0,0.2760822697513672,0.17611928339647104,0.23353155459661784
1144,charles-leclerc,2025,19,ferrari,3.0,3.0,3.0,0,0.07984618906249012,0.05504528778468143,0.0633892155104097
1144,lewis-hamilton,2025,19,ferrari,5.0,5.0,4.0,0,0.048864625416015814,0.01705481262079445,0.015712015806548386
1144,oscar-piastri,2025,19,mclaren,6.0,6.0,5.0,0,0.2368501093477211,0.030598464313632345,0.024579860986701823
1144,george-russell,2025,19,mercedes,4.0,4.0,6.0,0,0.13276721725701182,0.05771369029155763,0.057610326316431835
1144,yuki-tsunoda,2025,19,red-bull,13.0,13.0,7.0,0,0.01236865530628778,0.0015954273297031998,0.0009854435115145064
1144,nico-hulkenberg,2025,19,audi,11.0,11.0,8.0,0,0.002919464590156464,0.0014987645796389177,0.0010657458221045536
1144,oliver-bearman,2025,19,haas,8.0,8.0,9.0,0,0.002952005001121068,0.0022435255251210713,0.0018416884637458256
1144,fernando-alonso,2025,19,aston-martin,10.0,10.0,10.0,0,0.004519496951710438,0.002173082094467384,0.0015905200536254686
1144,liam-lawson,2025,19,racing-bulls,12.0,12.0,11.0,0,0.002686731044189746,0.0009743830425347125,0.0006620023722406666
1144,lance-stroll,2025,19,aston-martin,19.0,18.0,12.0,0,0.0020522714945190824,0.0004303462292718358,0.0002389337692109638
1144,kimi-antonelli,2025,19,mercedes,7.0,7.0,13.0,0,0.011088676766249295,0.0030456375064008266,0.002492483678842042
1144,alexander-albon,2025,19,williams,18.0,19.0,14.0,0,0.005684908202221678,0.001003356766756982,0.0005556940469786465
1144,esteban-ocon,2025,19,haas,17.0,17.0,15.0,0,0.0020595155426365807,0.0005433015043314487,0.0003181231576624435
1144,isack-hadjar,2025,19,racing-bulls,20.0,,16.0,0,0.005370531215293963,0.0008282428605583649,0.00043778993377792413
1144,franco-colapinto,2025,19,alpine,15.0,15.0,17.0,0,0.0008330626744332589,0.0004465909290290507,0.00028657647341686574
1144,gabriel-bortoleto,2025,19,audi,16.0,16.0,18.0,0,0.0013168306724855089,0.00043755055306372344,0.00026688574027649626
1144,pierre-gasly,2025,19,alpine,14.0,14.0,19.0,0,0.0011052825029214176,0.0006291883499482305,0.0004139859668134102
1144,carlos-sainz-jr,2025,19,williams,9.0,9.0,,0,0.002992780832824125,0.0016129994587922932,0.0012470868986227419
1145,lando-norris,2025,20,mclaren,1.0,1.0,1.0,1,0.27441756903886494,0.6181596988896569,0.5666693614255613
1145,charles-leclerc,2025,20,ferrari,2.0,2.0,2.0,0,0.09036497217447818,0.13383343975413597,0.19112532200529886
1145,max-verstappen,2025,20,red-bull,5.0,5.0,3.0,0,0.19462197565426706,0.08127457311591266,0.07530330300916856
1145,oliver-bearman,2025,20,haas,9.0,10.0,4.0,0,0.0030837414297523492,0.0024931950890373917,0.002003127579973121
1145,oscar-piastri,2025,20,mclaren,7.0,8.0,5.0,0,0.22319879763909342,0.02943032356168507,0.022808502261635926
1145,kimi-antonelli,2025,20,mercedes,6.0,6.0,6.0,0,0.008918870051373796,0.004296638058245453,0.003931401675628707
1145,george-russell,2025,20,mercedes,4.0,4.0,7.0,0,0.10941417552962698,0.06622728160758957,0.0688198441799353
1145,lewis-hamilton,2025,20,ferrari,3.0,3.0,8.0,0,0.05544448733164926,0.04853983474735824,0.05820226358720684
1145,esteban-ocon,2025,20,haas,11.0,12.0,9.0,0,0.0018817850525551722,0.001217266003767834,0.0009022941489980745
1145,gabriel-bortoleto,2025,20,audi,16.0,16.0,10.0,0,0.0010502568950748936,0.00046510466183495916,0.0002950867891783673
1145,yuki-tsunoda,2025,20,red-bull,10.0,11.0,11.0,0,0.014358719254066095,0.0031691108781071076,0.0022706615453092207
1145,alexander-albon,2025,20,williams,17.0,17.0,12.0,0,0.003934727771696662,0.0011565812742308976,0.000688939545956234
1145,isack-hadjar,2025,20,racing-bulls,8.0,9.0,13.0,0,0.004030942402337099,0.003343347103304538,0.0028077528811409334
1145,lance-stroll,2025,20,aston-martin,19.0,19.0,14.0,0,0.002046601890092937,0.0005397572619191769,0.0003098269869538121
1145,pierre-gasly,2025,20,alpine,18.0,18.0,15.0,0,0.0008108151887854743,0.0004596698264468059,0.000281452087703304
1145,franco-colapinto,2025,20,alpine,20.0,20.0,16.0,0,0.0006521325768613957,0.00032684709326396676,0.000191649203593997
1145,carlos-sainz-jr,2025,20,williams,12.0,7.0,17.0,0,0.0018531579657761021,0.0010170765482127237,0.0007237146184224087
1145,fernando-alonso,2025,20,aston-martin,14.0,14.0,,0,0.004523665182022462,0.0016649713734738574,0.0010793206908244757
1145,nico-hulkenberg,2025,20,audi,13.0,13.0,,0,0.002936125316721561,0.0015176459309548733,0.001033913979982441
1145,liam-lawson,2025,20,racing-bulls,15.0,15.0,,0,0.0024564816549042276,0.0008676372208619539,0.0005522617975280978
1146,lando-norris,2025,21,mclaren,1.0,1.0,1.0,1,0.28720779643771177,0.7260097654424126,0.6991474953924524
1146,kimi-antonelli,2025,21,mercedes,2.0,2.0,2.0,0,0.010113813990303398,0.027456318826136413,0.04364663854706256
1146,max-verstappen,2025,21,red-bull,19.0,16.0,3.0,0,0.19090713611265486,0.012767509855778434,0.006742034948980352
1146,george-russell,2025,21,mercedes,6.0,6.0,4.0,0,0.10305474236107875,0.03934423415612599,0.03574452460399162
1146,oscar-piastri,2025,21,mclaren,4.0,4.0,5.0,0,0.217616498507532,0.07424462772149101,0.07829972632672609
1146,oliver-bearman,2025,21,haas,8.0,8.0,6.0,0,0.0044391531052755725,0.00414223586128078,0.003651159243121214
1146,liam-lawson,2025,21,racing-bulls,7.0,7.0,7.0,0,0.0015700226019585845,0.0023342587299045045,0.0022504326147795546
1146,isack-hadjar,2025,21,racing-bulls,5.0,5.0,8.0,0,0.003153604157236397,0.006947522095482291,0.0076904743717161935
1146,nico-hulkenberg,2025,21,audi,10.0,10.0,9.0,0,0.0020975043500361702,0.002040552004776263,0.001666365435448868
1146,pierre-gasly,2025,21,alpine,9.0,9.0,10.0,0,0.0007424301703260447,0.0013823366212650742,0.0012277572598394701
1146,alexander-albon,2025,21,williams,12.0,12.0,11.0,0,0.0033693407910946474,0.002046677787319405,0.0015134437049451712
1146,esteban-ocon,2025,21,haas,20.0,17.0,12.0,0,0.002455851061884633,0.0006477346864597498,0.0003800191351305274
1146,carlos-sainz-jr,2025,21,williams,15.0,15.0,13.0,0,0.0014858723644095306,0.0007328613386258498,0.0004986408388158207
1146,fernando-alonso,2025,21,aston-martin,11.0,11.0,14.0,0,0.002819849933445805,0.0020484301062621622,0.001584411315791043
1146,franco-colapinto,2025,21,alpine,16.0,18.0,15.0,0,0.0005865485087386315,0.0004841570827491301,0.00033195791191705957
1146,lance-stroll,2025,21,aston-martin,14.0,14.0,16.0,0,0.0015233787211851835,0.0008492075018113599,0.0005965371490607766
1146,yuki-tsunoda,2025,21,red-bull,17.0,19.0,17.0,0,0.013540607418274408,0.0015757094857084082,0.0009320336788801543
1146,lewis-hamilton,2025,21,ferrari,13.0,13.0,,0,0.054466021385537626,0.0061730289098881645,0.003968941421249245
1146,charles-leclerc,2025,21,ferrari,3.0,3.0,,0,0.09775868119829721,0.08828142586051542,0.10981633645613302
1146,gabriel-bortoleto,2025,21,audi,18.0,,,0,0.0010911468230188131,0.0004914059260069625,0.00031106964395896355
1147,max-verstappen,2025,22,red-bull,2.0,2.0,1.0,1,0.42012402526812204,0.7379648521375782,0.8047684468343942
1147,george-russell,2025,22,mercedes,4.0,4.0,2.0,0,0.3006807934161141,0.16605159266809436,0.1319382748525425
1147,kimi-antonelli,2025,22,mercedes,17.0,17.0,3.0,0,0.035876490073177954,0.0032111582962055254,0.0013797853553905956
1147,charles-leclerc,2025,22,ferrari,9.0,9.0,4.0,0,0.09579359299539586,0.023470584682980283,0.013291310259226042
1147,carlos-sainz-jr,2025,22,williams,3.0,3.0,5.0,0,0.003684958674351523,0.017123836689375584,0.01782969659744985
1147,isack-hadjar,2025,22,racing-bulls,8.0,8.0,6.0,0,0.009840713968433215,0.008417451467484422,0.0054388593008108934
1147,nico-hulkenberg,2025,22,audi,11.0,11.0,7.0,0,0.005030887079085254,0.0039323464329492665,0.0022504398900546
1147,lewis-hamilton,2025,22,ferrari,19.0,20.0,8.0,0,0.054811223861449924,0.004846263609466713,0.0019726843747756265
1147,esteban-ocon,2025,22,haas,13.0,13.0,9.0,0,0.0066880623136912985,0.0027524257226812826,0.001432454878440783
1147,oliver-bearman,2025,22,haas,14.0,14.0,10.0,0,0.013570152484305065,0.004511000929054238,0.0022315684504433243
1147,fernando-alonso,2025,22,aston-martin,7.0,7.0,11.0,0,0.005929433805598192,0.008000135804294208,0.005595809503177229
1147,yuki-tsunoda,2025,22,red-bull,20.0,19.0,12.0,0,0.02550369528349302,0.0022720096798484663,0.0009188288213180627
1147,pierre-gasly,2025,22,alpine,10.0,10.0,13.0,0,0.0021625645495958845,0.002837228316099275,0.0017448162553263709
1147,liam-lawson,2025,22,racing-bulls,6.0,6.0,14.0,0,0.005275686570227358,0.007559794599017683,0.005657478972522995
1147,franco-colapinto,2025,22,alpine,15.0,15.0,15.0,0,0.0015179118195398093,0.0011540866458932192,0.0005940259516269896
1147,alexander-albon,2025,22,williams,16.0,16.0,,0,0.008375292775507718,0.002923574927050313,0.0013836156310124393
1147,gabriel-bortoleto,2025,22,audi,18.0,18.0,,0,0.001968526609135455,0.0008548823945501644,0.0003988869535314791
1147,lance-stroll,2025,22,aston-martin,12.0,12.0,,0,0.003165988452776281,0.002116774997376695,0.0011730171179560745
1148,max-verstappen,2025,23,red-bull,3.0,3.0,1.0,1,0.18958313029432217,0.1701968543374765,0.1865795854716364
1148,oscar-piastri,2025,23,mclaren,1.0,1.0,2.0,0,0.218723600835153,0.48268721405864123,0.4151282783832493
1148,carlos-sainz-jr,2025,23,williams,7.0,7.0,3.0,0,0.001742630148727096,0.0022048785125412017,0.0018834833882307906
1148,lando-norris,2025,23,mclaren,2.0,2.0,4.0,0,0.30883216391063867,0.23315708972349375,0.2975649376606614
1148,kimi-antonelli,2025,23,mercedes,5.0,5.0,5.0,0,0.02056073126525579,0.009350257514731708,0.00847090399481218
1148,george-russell,2025,23,mercedes,4.0,4.0,6.0,0,0.15576233387313923,0.0730322886483147,0.06989229460066942
1148,fernando-alonso,2025,23,aston-martin,8.0,8.0,7.0,0,0.0021405702132673552,0.0024846857496774763,0.0019956920833406884
1148,charles-leclerc,2025,23,ferrari,10.0,10.0,8.0,0,0.04452853839066385,0.008516608396838444,0.005558595932333006
1148,liam-lawson,2025,23,racing-bulls,12.0,12.0,9.0,0,0.0021165900518763416,0.001026541014899554,0.0006784018159321061
1148,yuki-tsunoda,2025,23,red-bull,15.0,16.0,10.0,0,0.010273041446153411,0.0013213988483901198,0.0007406530411996739
1148,alexander-albon,2025,23,williams,14.0,15.0,11.0,0,0.002789946055560536,0.001185470143053316,0.0007283417250028194
1148,lewis-hamilton,2025,23,ferrari,17.0,18.0,12.0,0,0.023936008356610267,0.0022945040401754855,0.0011908374674711203
1148,gabriel-bortoleto,2025,23,audi,19.0,14.0,13.0,0,0.0006456192914518543,0.0002602070405519012,0.0001446680093991444
1148,franco-colapinto,2025,23,alpine,20.0,20.0,14.0,0,0.0005884440088402584,0.0002856218115246746,0.00015669942120944858
1148,esteban-ocon,2025,23,haas,16.0,17.0,15.0,0,0.0030498835756886888,0.0008499755089450358,0.0004867375476759884
1148,pierre-gasly,2025,23,alpine,9.0,9.0,16.0,0,0.0008715759338253122,0.0012955991648743424,0.0010164096362907883
1148,lance-stroll,2025,23,aston-martin,18.0,19.0,17.0,0,0.0009844254225638768,0.0003876720435706181,0.00021848128091860185
1148,isack-hadjar,2025,23,racing-bulls,6.0,6.0,18.0,0,0.004869736623187038,0.005803432318592532,0.005171144421085618
1148,oliver-bearman,2025,23,haas,13.0,13.0,,0,0.005783925835425201,0.001992153552986631,0.001236223638611977
1148,nico-hulkenberg,2025,23,audi,11.0,11.0,,0,0.002217104467650099,0.0016675475707208273,0.0011576304802696127
1149,max-verstappen,2025,24,red-bull,1.0,1.0,1.0,1,0.20770712615095194,0.6712931118166979,0.6138448508209897
1149,oscar-piastri,2025,24,mclaren,3.0,3.0,2.0,0,0.2265137784001321,0.07298167235047662,0.08090516739119205
1149,lando-norris,2025,24,mclaren,2.0,2.0,3.0,0,0.30240111738214703,0.16974479936237913,0.2251710468805379
1149,charles-leclerc,2025,24,ferrari,5.0,5.0,4.0,0,0.037958097848574346,0.016314218635119733,0.01529981567466659
1149,george-russell,2025,24,mercedes,4.0,4.0,5.0,0,0.14870198831550707,0.05214273065792347,0.05190154297417927
1149,fernando-alonso,2025,24,aston-martin,6.0,6.0,6.0,0,0.002399731115116973,0.0030785446311389817,0.002923228593582819
1149,esteban-ocon,2025,24,haas,8.0,8.0,7.0,0,0.0021044470821849812,0.0014853150505377707,0.0012318087768477754
1149,lewis-hamilton,2025,24,ferrari,16.0,16.0,8.0,0,0.019393514969672752,0.0016566311298441983,0.0009249353778137256
1149,nico-hulkenberg,2025,24,audi,18.0,18.0,9.0,0,0.001546980843932667,0.000480980686300258,0.0002798059140291016
1149,lance-stroll,2025,24,aston-martin,15.0,15.0,10.0,0,0.0009362000357493429,0.00035740946995717663,0.0002277559921929407
1149,gabriel-bortoleto,2025,24,audi,7.0,7.0,11.0,0,0.0005990539404891226,0.0008619572017629045,0.0007913871454616711
1149,oliver-bearman,2025,24,haas,11.0,11.0,12.0,0,0.003329396981482485,0.0013734342545211372,0.0009734002342910468
1149,carlos-sainz-jr,2025,24,williams,12.0,12.0,13.0,0,0.002535665405629069,0.0009257288218494944,0.0006337373880102007
1149,yuki-tsunoda,2025,24,red-bull,10.0,10.0,14.0,0,0.010759518478948531,0.001805316693459012,0.0012640829139111784
1149,kimi-antonelli,2025,24,mercedes,14.0,14.0,15.0,0,0.02269793621541436,0.001656217658893632,0.0009690573005190698
1149,alexander-albon,2025,24,williams,17.0,17.0,16.0,0,0.0033832901123870317,0.0007084059936940743,0.0004104426934731845
1149,isack-hadjar,2025,24,racing-bulls,9.0,9.0,17.0,0,0.0035690679496227923,0.0019138435515346159,0.0014838590679660058
1149,liam-lawson,2025,24,racing-bulls,13.0,13.0,18.0,0,0.002094004861431411,0.0007063675946144463,0.00046837525862195115
1149,pierre-gasly,2025,24,alpine,19.0,19.0,19.0,0,0.0007943775625380408,0.0003013200510670793,0.00017471942961652537
1149,franco-colapinto,2025,24,alpine,20.0,20.0,20.0,0,0.0005747063480879263,0.00021199438822826758,0.00012098017209725493
