race_id,year,driver_id,driver_id_back,qpos,group,gap_ms,grid,grid_back,position_number,position_number_back,front_ahead,flipped,slot_ahead_won,near_tie
751,2006,michael-schumacher,felipe-massa,1.0,3,47.0,1.0,2.0,2.0,9.0,1,0,1,1
751,2006,felipe-massa,jenson-button,2.0,3,71.0,2.0,3.0,9.0,4.0,0,0,0,1
751,2006,jenson-button,fernando-alonso,3.0,3,153.0,3.0,4.0,4.0,1.0,0,0,0,0
751,2006,fernando-alonso,juan-pablo-montoya,4.0,3,462.0,4.0,5.0,1.0,5.0,1,0,1,0
751,2006,juan-pablo-montoya,rubens-barrichello,5.0,3,415.0,5.0,6.0,5.0,15.0,1,0,1,0
751,2006,rubens-barrichello,mark-webber,6.0,3,427.0,6.0,7.0,15.0,6.0,0,0,0,0
751,2006,mark-webber,christian-klien,7.0,3,106.0,7.0,8.0,6.0,8.0,1,0,1,0
751,2006,nico-rosberg,david-coulthard,12.0,2,230.0,12.0,13.0,7.0,10.0,1,0,1,0
751,2006,david-coulthard,jarno-trulli,13.0,2,216.0,13.0,14.0,10.0,16.0,1,0,1,0
751,2006,jarno-trulli,vitantonio-liuzzi,14.0,2,350.0,14.0,15.0,16.0,11.0,0,0,0,0
751,2006,vitantonio-liuzzi,scott-speed,15.0,2,1190.0,15.0,16.0,11.0,13.0,1,0,1,0
751,2006,tiago-monteiro,takuma-sato,19.0,1,1511.0,23.0,20.0,17.0,18.0,1,1,0,0
752,2006,giancarlo-fisichella,jenson-button,1.0,3,146.0,1.0,2.0,1.0,3.0,1,0,1,0
752,2006,rubens-barrichello,jarno-trulli,12.0,2,19.0,20.0,9.0,10.0,9.0,0,1,1,1
752,2006,jarno-trulli,jacques-villeneuve,13.0,2,50.0,9.0,10.0,9.0,7.0,0,0,0,1
752,2006,vitantonio-liuzzi,christijan-albers,18.0,1,845.0,13.0,15.0,11.0,12.0,1,0,1,0
752,2006,christijan-albers,tiago-monteiro,19.0,1,393.0,15.0,16.0,12.0,13.0,1,0,1,0
752,2006,tiago-monteiro,takuma-sato,20.0,1,1192.0,16.0,17.0,13.0,14.0,1,0,1,0
753,2006,jenson-button,giancarlo-fisichella,1.0,3,406.0,1.0,23.0,10.0,5.0,0,0,0,0
753,2006,giancarlo-fisichella,fernando-alonso,2.0,3,143.0,23.0,3.0,5.0,1.0,0,1,1,0
753,2006,fernando-alonso,kimi-raikkonen,3.0,3,44.0,3.0,4.0,1.0,2.0,1,0,1,1
753,2006,nick-heidfeld,jacques-villeneuve,8.0,3,1660.0,8.0,19.0,4.0,6.0,1,0,1,0
753,2006,rubens-barrichello,christijan-albers,17.0,1,283.0,16.0,17.0,7.0,11.0,1,0,1,0
753,2006,christijan-albers,scott-speed,18.0,1,200.0,17.0,18.0,11.0,9.0,0,0,0,0
753,2006,takuma-sato,yuji-ide,21.0,1,3885.0,21.0,22.0,12.0,13.0,1,0,1,0
754,2006,michael-schumacher,jenson-button,1.0,3,193.0,1.0,2.0,1.0,7.0,1,0,1,0
754,2006,jenson-button,rubens-barrichello,2.0,3,254.0,2.0,3.0,7.0,10.0,1,0,1,0
754,2006,rubens-barrichello,felipe-massa,3.0,3,460.0,3.0,4.0,10.0,4.0,0,0,0,0
754,2006,felipe-massa,fernando-alonso,4.0,3,7.0,4.0,5.0,4.0,2.0,0,0,0,1
754,2006,fernando-alonso,ralf-schumacher,5.0,3,63.0,5.0,6.0,2.0,9.0,1,0,1,1
754,2006,ralf-schumacher,juan-pablo-montoya,6.0,3,249.0,6.0,7.0,9.0,3.0,0,0,0,0
754,2006,juan-pablo-montoya,kimi-raikkonen,7.0,3,137.0,7.0,8.0,3.0,5.0,1,0,1,0
754,2006,giancarlo-fisichella,jacques-villeneuve,11.0,2,116.0,11.0,12.0,8.0,12.0,1,0,1,0
754,2006,jacques-villeneuve,nico-rosberg,12.0,2,79.0,12.0,13.0,12.0,11.0,0,0,0,1
754,2006,nick-heidfeld,vitantonio-liuzzi,15.0,2,391.0,15.0,16.0,13.0,14.0,1,0,1,0
754,2006,scott-speed,tiago-monteiro,18.0,1,1383.0,18.0,19.0,15.0,16.0,1,0,1,0
755,2006,fernando-alonso,michael-schumacher,1.0,3,209.0,1.0,2.0,2.0,1.0,0,0,0,0
755,2006,michael-schumacher,felipe-massa,2.0,3,379.0,2.0,3.0,1.0,3.0,1,0,1,0
755,2006,felipe-massa,rubens-barrichello,3.0,3,347.0,3.0,4.0,3.0,5.0,1,0,1,0
755,2006,rubens-barrichello,kimi-raikkonen,4.0,3,179.0,4.0,5.0,5.0,4.0,0,0,0,0
755,2006,nico-rosberg,giancarlo-fisichella,12.0,2,3.0,22.0,11.0,7.0,6.0,0,1,1,1
755,2006,christijan-albers,scott-speed,18.0,1,56.0,16.0,17.0,13.0,11.0,0,0,0,1
755,2006,scott-speed,tiago-monteiro,19.0,1,666.0,17.0,18.0,11.0,12.0,1,0,1,0
756,2006,fernando-alonso,giancarlo-fisichella,1.0,3,61.0,1.0,2.0,1.0,3.0,1,0,1,1
756,2006,giancarlo-fisichella,michael-schumacher,2.0,3,261.0,2.0,3.0,3.0,2.0,0,0,0,0
756,2006,michael-schumacher,felipe-massa,3.0,3,472.0,3.0,4.0,2.0,4.0,1,0,1,0
756,2006,felipe-massa,rubens-barrichello,4.0,3,443.0,4.0,5.0,4.0,7.0,1,0,1,0
756,2006,jarno-trulli,jenson-button,7.0,3,32.0,7.0,8.0,10.0,6.0,0,0,0,1
756,2006,jenson-button,kimi-raikkonen,8.0,3,7.0,8.0,9.0,6.0,5.0,0,0,0,1
756,2006,kimi-raikkonen,nick-heidfeld,9.0,3,1129.0,9.0,10.0,5.0,8.0,1,0,1,0
756,2006,nico-rosberg,jacques-villeneuve,13.0,2,43.0,13.0,22.0,11.0,12.0,1,0,1,1
756,2006,jacques-villeneuve,christian-klien,14.0,2,81.0,22.0,14.0,12.0,13.0,1,1,0,1
756,2006,christian-klien,vitantonio-liuzzi,15.0,2,733.0,14.0,15.0,13.0,15.0,1,0,1,0
757,2006,juan-pablo-montoya,rubens-barrichello,4.0,3,1140.0,4.0,5.0,2.0,4.0,1,0,1,0
757,2006,rubens-barrichello,jarno-trulli,5.0,3,53.0,5.0,6.0,4.0,17.0,1,0,1,1
757,2006,jarno-trulli,david-coulthard,6.0,3,569.0,6.0,7.0,17.0,3.0,0,0,0,0
757,2006,vitantonio-liuzzi,jenson-button,12.0,2,13.0,12.0,13.0,10.0,11.0,1,0,1,1
757,2006,jenson-button,jacques-villeneuve,13.0,2,70.0,13.0,14.0,11.0,14.0,1,0,1,1
757,2006,jacques-villeneuve,nick-heidfeld,14.0,2,85.0,14.0,15.0,14.0,7.0,0,0,0,1
757,2006,christijan-albers,tiago-monteiro,16.0,1,395.0,16.0,17.0,12.0,15.0,1,0,1,0
757,2006,tiago-monteiro,scott-speed,17.0,1,243.0,17.0,18.0,15.0,13.0,0,0,0,0
758,2006,fernando-alonso,kimi-raikkonen,1.0,3,144.0,1.0,2.0,1.0,3.0,1,0,1,0
758,2006,kimi-raikkonen,michael-schumacher,2.0,3,177.0,2.0,3.0,3.0,2.0,0,0,0,0
758,2006,michael-schumacher,felipe-massa,3.0,3,190.0,3.0,4.0,2.0,5.0,1,0,1,0
758,2006,felipe-massa,giancarlo-fisichella,4.0,3,155.0,4.0,5.0,5.0,4.0,0,0,0,0
758,2006,giancarlo-fisichella,rubens-barrichello,5.0,3,24.0,5.0,6.0,4.0,10.0,1,0,1,1
758,2006,juan-pablo-montoya,nick-heidfeld,8.0,3,222.0,8.0,9.0,6.0,7.0,1,0,1,0
758,2006,nick-heidfeld,jacques-villeneuve,9.0,3,270.0,9.0,10.0,7.0,8.0,1,0,1,0
758,2006,david-coulthard,nico-rosberg,11.0,2,125.0,11.0,12.0,12.0,9.0,0,0,0,0
758,2006,nico-rosberg,vitantonio-liuzzi,12.0,2,132.0,12.0,13.0,9.0,13.0,1,0,1,0
758,2006,vitantonio-liuzzi,christian-klien,13.0,2,291.0,13.0,14.0,13.0,14.0,1,0,1,0
758,2006,takuma-sato,franck-montagny,20.0,1,158.0,21.0,20.0,17.0,18.0,1,1,0,0
759,2006,fernando-alonso,giancarlo-fisichella,1.0,3,236.0,1.0,2.0,1.0,4.0,1,0,1,0
759,2006,giancarlo-fisichella,kimi-raikkonen,2.0,3,208.0,2.0,3.0,4.0,3.0,0,0,0,0
759,2006,kimi-raikkonen,jarno-trulli,3.0,3,582.0,3.0,4.0,3.0,6.0,1,0,1,0
759,2006,jarno-trulli,michael-schumacher,4.0,3,18.0,4.0,5.0,6.0,2.0,0,0,0,1
759,2006,christian-klien,nick-heidfeld,12.0,2,52.0,12.0,13.0,11.0,7.0,0,0,0,1
759,2006,vitantonio-liuzzi,david-coulthard,15.0,2,185.0,15.0,22.0,13.0,8.0,0,0,0,0
759,2006,mark-webber,scott-speed,17.0,1,31.0,16.0,17.0,12.0,10.0,0,0,0,1
759,2006,scott-speed,tiago-monteiro,18.0,1,105.0,17.0,18.0,10.0,14.0,1,0,1,0
760,2006,michael-schumacher,felipe-massa,1.0,3,603.0,1.0,2.0,1.0,2.0,1,0,1,0
760,2006,felipe-massa,giancarlo-fisichella,2.0,3,485.0,2.0,3.0,2.0,3.0,1,0,1,0
760,2006,giancarlo-fisichella,rubens-barrichello,3.0,3,189.0,3.0,4.0,3.0,6.0,1,0,1,0
760,2006,rubens-barrichello,fernando-alonso,4.0,3,340.0,4.0,5.0,6.0,5.0,0,0,0,0
760,2006,nico-rosberg,jarno-trulli,19.0,1,281.0,21.0,22.0,9.0,4.0,0,0,0,0
760,2006,jarno-trulli,vitantonio-liuzzi,20.0,1,254.0,22.0,20.0,4.0,8.0,1,1,0,0
761,2006,michael-schumacher,felipe-massa,1.0,3,17.0,1.0,2.0,1.0,3.0,1,0,1,1
761,2006,felipe-massa,fernando-alonso,2.0,3,275.0,2.0,3.0,3.0,2.0,0,0,0,0
761,2006,ralf-schumacher,kimi-raikkonen,5.0,3,190.0,5.0,6.0,4.0,5.0,1,0,1,0
761,2006,kimi-raikkonen,giancarlo-fisichella,6.0,3,64.0,6.0,7.0,5.0,6.0,1,0,1,1
761,2006,giancarlo-fisichella,pedro-de-la-rosa,7.0,3,287.0,7.0,8.0,6.0,7.0,1,0,1,0
761,2006,pedro-de-la-rosa,nico-rosberg,8.0,3,1640.0,8.0,19.0,7.0,14.0,1,0,1,0
761,2006,nico-rosberg,david-coulthard,9.0,3,391.0,19.0,9.0,14.0,9.0,0,1,1,0
761,2006,nick-heidfeld,christian-klien,12.0,2,139.0,11.0,12.0,8.0,12.0,1,0,1,0
761,2006,scott-speed,christijan-albers,15.0,2,42.0,14.0,15.0,10.0,15.0,1,0,1,1
761,2006,vitantonio-liuzzi,jacques-villeneuve,17.0,1,140.0,22.0,16.0,13.0,11.0,0,1,1,0
762,2006,kimi-raikkonen,michael-schumacher,1.0,3,135.0,1.0,2.0,3.0,1.0,0,0,0,0
762,2006,michael-schumacher,felipe-massa,2.0,3,364.0,2.0,3.0,1.0,2.0,1,0,1,0
762,2006,felipe-massa,jenson-button,3.0,3,293.0,3.0,4.0,2.0,4.0,1,0,1,0
762,2006,jenson-button,giancarlo-fisichella,4.0,3,32.0,4.0,5.0,4.0,6.0,1,0,1,1
762,2006,fernando-alonso,ralf-schumacher,7.0,3,641.0,7.0,8.0,5.0,9.0,1,0,1,0
762,2006,christian-klien,jarno-trulli,12.0,2,9.0,12.0,20.0,8.0,7.0,0,0,0,1
763,2006,felipe-massa,rubens-barrichello,2.0,3,199.0,2.0,3.0,7.0,4.0,0,0,0,0
763,2006,rubens-barrichello,jenson-button,3.0,3,7.0,3.0,14.0,4.0,1.0,0,0,0,1
763,2006,jenson-button,pedro-de-la-rosa,4.0,3,25.0,14.0,4.0,1.0,2.0,1,1,0,1
763,2006,nick-heidfeld,michael-schumacher,11.0,2,252.0,10.0,11.0,3.0,8.0,1,0,1,0
763,2006,michael-schumacher,david-coulthard,12.0,2,15.0,11.0,12.0,8.0,5.0,0,0,0,1
763,2006,scott-speed,takuma-sato,19.0,1,650.0,20.0,19.0,11.0,13.0,1,1,0,0
763,2006,takuma-sato,christijan-albers,20.0,1,179.0,19.0,22.0,13.0,10.0,0,0,0,0
764,2006,felipe-massa,michael-schumacher,1.0,3,377.0,1.0,2.0,1.0,3.0,1,0,1,0
764,2006,michael-schumacher,fernando-alonso,2.0,3,37.0,2.0,3.0,3.0,2.0,0,0,0,1
764,2006,fernando-alonso,giancarlo-fisichella,3.0,3,243.0,3.0,4.0,2.0,6.0,1,0,1,0
764,2006,giancarlo-fisichella,ralf-schumacher,4.0,3,5.0,4.0,15.0,6.0,7.0,1,0,1,1
764,2006,ralf-schumacher,nick-heidfeld,5.0,3,216.0,15.0,5.0,7.0,14.0,1,1,0,0
764,2006,nick-heidfeld,jenson-button,6.0,3,5.0,5.0,6.0,14.0,4.0,0,0,0,1
764,2006,robert-kubica,mark-webber,9.0,3,1269.0,8.0,9.0,12.0,10.0,0,0,0,0
764,2006,christian-klien,pedro-de-la-rosa,11.0,2,45.0,10.0,11.0,11.0,5.0,0,0,0,1
764,2006,pedro-de-la-rosa,jarno-trulli,12.0,2,76.0,11.0,12.0,5.0,9.0,1,0,1,1
764,2006,jarno-trulli,rubens-barrichello,13.0,2,284.0,12.0,13.0,9.0,8.0,0,0,0,0
764,2006,david-coulthard,scott-speed,17.0,1,22.0,16.0,17.0,15.0,13.0,0,0,0,1
765,2006,kimi-raikkonen,michael-schumacher,1.0,3,2.0,1.0,2.0,2.0,1.0,0,0,0,1
765,2006,michael-schumacher,nick-heidfeld,2.0,3,167.0,2.0,3.0,1.0,8.0,1,0,1,0
765,2006,nick-heidfeld,felipe-massa,3.0,3,51.0,3.0,4.0,8.0,9.0,1,0,1,1
765,2006,felipe-massa,jenson-button,4.0,3,307.0,4.0,5.0,9.0,5.0,0,0,0,0
765,2006,jenson-button,robert-kubica,5.0,3,247.0,5.0,6.0,5.0,3.0,0,0,0,0
765,2006,rubens-barrichello,giancarlo-fisichella,8.0,3,388.0,8.0,9.0,6.0,4.0,0,0,0,0
765,2006,ralf-schumacher,david-coulthard,13.0,2,309.0,13.0,14.0,15.0,12.0,0,0,0,0
765,2006,david-coulthard,scott-speed,14.0,2,576.0,14.0,15.0,12.0,13.0,1,0,1,0
765,2006,christian-klien,vitantonio-liuzzi,16.0,1,145.0,16.0,17.0,11.0,14.0,1,0,1,0
765,2006,vitantonio-liuzzi,christijan-albers,17.0,1,73.0,17.0,18.0,14.0,17.0,1,0,1,1
765,2006,christijan-albers,mark-webber,18.0,1,225.0,18.0,19.0,17.0,10.0,0,0,0,0
766,2006,fernando-alonso,giancarlo-fisichella,1.0,3,632.0,1.0,2.0,2.0,3.0,1,0,1,0
766,2006,giancarlo-fisichella,rubens-barrichello,2.0,3,511.0,2.0,3.0,3.0,6.0,1,0,1,0
766,2006,rubens-barrichello,jenson-button,3.0,3,0.0,3.0,4.0,6.0,4.0,0,0,0,1
766,2006,michael-schumacher,pedro-de-la-rosa,6.0,3,102.0,6.0,7.0,1.0,5.0,1,0,1,0
766,2006,pedro-de-la-rosa,nick-heidfeld,7.0,3,176.0,7.0,8.0,5.0,7.0,1,0,1,0
766,2006,nick-heidfeld,robert-kubica,8.0,3,579.0,8.0,9.0,7.0,13.0,1,0,1,0
766,2006,robert-kubica,robert-doornbos,9.0,3,1389.0,9.0,10.0,13.0,12.0,0,0,0,0
766,2006,scott-speed,david-coulthard,11.0,2,117.0,11.0,12.0,14.0,9.0,0,0,0,0
766,2006,vitantonio-liuzzi,mark-webber,14.0,2,241.0,13.0,14.0,10.0,8.0,0,0,0,0
766,2006,mark-webber,nico-rosberg,15.0,2,1006.0,14.0,15.0,8.0,11.0,1,0,1,0
767,2006,ralf-schumacher,jarno-trulli,3.0,3,50.0,3.0,4.0,7.0,6.0,0,0,0,1
767,2006,jarno-trulli,fernando-alonso,4.0,3,332.0,4.0,5.0,6.0,1.0,0,0,0,0
767,2006,fernando-alonso,giancarlo-fisichella,5.0,3,228.0,5.0,6.0,1.0,3.0,1,0,1,0
767,2006,giancarlo-fisichella,jenson-button,6.0,3,393.0,6.0,7.0,3.0,4.0,1,0,1,0
767,2006,jenson-button,rubens-barrichello,7.0,3,486.0,7.0,8.0,4.0,12.0,1,0,1,0
767,2006,rubens-barrichello,nick-heidfeld,8.0,3,35.0,8.0,9.0,12.0,8.0,0,0,0,1
767,2006,nick-heidfeld,nico-rosberg,9.0,3,343.0,9.0,10.0,8.0,10.0,1,0,1,0
767,2006,kimi-raikkonen,robert-kubica,11.0,2,267.0,11.0,12.0,5.0,9.0,1,0,1,0
767,2006,robert-kubica,pedro-de-la-rosa,12.0,2,160.0,12.0,13.0,9.0,11.0,1,0,1,0
767,2006,robert-doornbos,scott-speed,18.0,1,465.0,18.0,19.0,13.0,18.0,1,0,1,0
767,2006,scott-speed,takuma-sato,19.0,1,799.0,19.0,20.0,18.0,15.0,0,0,0,0
767,2006,takuma-sato,tiago-monteiro,20.0,1,43.0,20.0,21.0,15.0,16.0,1,0,1,1
768,2006,felipe-massa,kimi-raikkonen,1.0,3,619.0,1.0,2.0,1.0,5.0,1,0,1,0
768,2006,fernando-alonso,rubens-barrichello,4.0,3,52.0,4.0,5.0,2.0,7.0,1,0,1,1
768,2006,rubens-barrichello,giancarlo-fisichella,5.0,3,10.0,5.0,6.0,7.0,6.0,0,0,0,1
768,2006,nick-heidfeld,robert-kubica,8.0,3,249.0,8.0,9.0,17.0,9.0,0,0,0,0
768,2006,jenson-button,robert-doornbos,14.0,2,849.0,14.0,22.0,3.0,12.0,1,0,1,0
768,2006,robert-doornbos,vitantonio-liuzzi,15.0,2,270.0,22.0,15.0,12.0,13.0,1,1,0,0
768,2006,scott-speed,christijan-albers,17.0,1,282.0,16.0,17.0,11.0,14.0,1,0,1,0
768,2006,takuma-sato,sakon-yamamoto,20.0,1,88.0,19.0,20.0,10.0,16.0,1,0,1,1
769,2007,kimi-raikkonen,fernando-alonso,1.0,3,421.0,1.0,2.0,1.0,2.0,1,0,1,0
769,2007,fernando-alonso,nick-heidfeld,2.0,3,63.0,2.0,3.0,2.0,4.0,1,0,1,1
769,2007,nick-heidfeld,lewis-hamilton,3.0,3,199.0,3.0,4.0,4.0,3.0,0,0,0,0
769,2007,giancarlo-fisichella,mark-webber,6.0,3,300.0,6.0,7.0,5.0,13.0,1,0,1,0
769,2007,mark-webber,jarno-trulli,7.0,3,470.0,7.0,8.0,13.0,9.0,0,0,0,0
769,2007,jarno-trulli,ralf-schumacher,8.0,3,288.0,8.0,9.0,9.0,8.0,0,0,0,0
769,2007,ralf-schumacher,takuma-sato,9.0,3,179.0,9.0,10.0,8.0,12.0,1,0,1,0
769,2007,anthony-davidson,nico-rosberg,11.0,2,5.0,11.0,12.0,16.0,7.0,0,0,0,1
769,2007,nico-rosberg,heikki-kovalainen,12.0,2,50.0,12.0,13.0,7.0,10.0,1,0,1,1
769,2007,heikki-kovalainen,jenson-button,13.0,2,300.0,13.0,14.0,10.0,15.0,1,0,1,0
769,2007,felipe-massa,rubens-barrichello,16.0,1,967.0,22.0,16.0,6.0,11.0,1,1,0,0
769,2007,vitantonio-liuzzi,adrian-sutil,20.0,1,72.0,19.0,20.0,14.0,17.0,1,0,1,1
770,2007,felipe-massa,fernando-alonso,1.0,3,267.0,1.0,2.0,5.0,1.0,0,0,0,0
770,2007,fernando-alonso,kimi-raikkonen,2.0,3,169.0,2.0,3.0,1.0,3.0,1,0,1,0
770,2007,kimi-raikkonen,lewis-hamilton,3.0,3,566.0,3.0,4.0,3.0,2.0,0,0,0,0
770,2007,lewis-hamilton,nick-heidfeld,4.0,3,498.0,4.0,5.0,2.0,4.0,1,0,1,0
770,2007,robert-kubica,jarno-trulli,7.0,3,6.0,7.0,8.0,18.0,7.0,0,0,0,1
770,2007,jarno-trulli,ralf-schumacher,8.0,3,176.0,8.0,9.0,7.0,15.0,1,0,1,0
770,2007,ralf-schumacher,mark-webber,9.0,3,267.0,9.0,10.0,15.0,10.0,0,0,0,0
770,2007,heikki-kovalainen,giancarlo-fisichella,11.0,2,76.0,11.0,12.0,8.0,6.0,0,0,0,1
770,2007,takuma-sato,jenson-button,14.0,2,143.0,14.0,15.0,13.0,12.0,0,0,0,0
770,2007,jenson-button,vitantonio-liuzzi,15.0,2,57.0,15.0,16.0,12.0,17.0,1,0,1,1
770,2007,scott-speed,anthony-davidson,17.0,1,238.0,17.0,18.0,14.0,16.0,1,0,1,0
770,2007,anthony-davidson,rubens-barrichello,18.0,1,11.0,18.0,22.0,16.0,11.0,0,0,0,1
770,2007,rubens-barrichello,alexander-wurz,19.0,1,499.0,22.0,19.0,11.0,9.0,0,1,1,0
771,2007,felipe-massa,lewis-hamilton,1.0,3,283.0,1.0,2.0,1.0,2.0,1,0,1,0
771,2007,lewis-hamilton,kimi-raikkonen,2.0,3,196.0,2.0,3.0,2.0,3.0,1,0,1,0
771,2007,kimi-raikkonen,fernando-alonso,3.0,3,61.0,3.0,4.0,3.0,5.0,1,0,1,1
771,2007,fernando-alonso,nick-heidfeld,4.0,3,212.0,4.0,5.0,5.0,4.0,0,0,0,0
771,2007,nick-heidfeld,robert-kubica,5.0,3,306.0,5.0,6.0,4.0,6.0,1,0,1,0
771,2007,robert-kubica,giancarlo-fisichella,6.0,3,346.0,6.0,7.0,6.0,8.0,1,0,1,0
771,2007,jarno-trulli,nico-rosberg,9.0,3,245.0,9.0,10.0,7.0,10.0,1,0,1,0
771,2007,alexander-wurz,heikki-kovalainen,11.0,2,20.0,11.0,12.0,11.0,9.0,0,0,0,1
771,2007,heikki-kovalainen,anthony-davidson,12.0,2,147.0,12.0,13.0,9.0,16.0,1,0,1,0
771,2007,anthony-davidson,ralf-schumacher,13.0,2,212.0,13.0,14.0,16.0,12.0,0,0,0,0
771,2007,ralf-schumacher,rubens-barrichello,14.0,2,330.0,14.0,15.0,12.0,13.0,1,0,1,0
772,2007,felipe-massa,fernando-alonso,1.0,3,30.0,1.0,2.0,1.0,3.0,1,0,1,1
772,2007,lewis-hamilton,robert-kubica,4.0,3,468.0,4.0,5.0,2.0,4.0,1,0,1,0
772,2007,heikki-kovalainen,david-coulthard,8.0,3,181.0,8.0,9.0,7.0,5.0,0,0,0,0
772,2007,david-coulthard,giancarlo-fisichella,9.0,3,132.0,9.0,10.0,5.0,9.0,1,0,1,0
772,2007,nico-rosberg,rubens-barrichello,11.0,2,129.0,11.0,12.0,6.0,10.0,1,0,1,0
772,2007,rubens-barrichello,takuma-sato,12.0,2,18.0,12.0,13.0,10.0,8.0,0,0,0,1
772,2007,takuma-sato,jenson-button,13.0,2,5.0,13.0,14.0,8.0,12.0,1,0,1,1
772,2007,adrian-sutil,christijan-albers,20.0,1,179.0,20.0,21.0,13.0,14.0,1,0,1,0
773,2007,fernando-alonso,lewis-hamilton,1.0,3,179.0,1.0,2.0,1.0,2.0,1,0,1,0
773,2007,lewis-hamilton,felipe-massa,2.0,3,62.0,2.0,3.0,2.0,3.0,1,0,1,1
773,2007,felipe-massa,giancarlo-fisichella,3.0,3,318.0,3.0,4.0,3.0,4.0,1,0,1,0
773,2007,giancarlo-fisichella,nico-rosberg,4.0,3,154.0,4.0,5.0,4.0,12.0,1,0,1,0
773,2007,nick-heidfeld,robert-kubica,7.0,3,123.0,7.0,8.0,6.0,5.0,0,0,0,0
773,2007,robert-kubica,rubens-barrichello,8.0,3,543.0,8.0,9.0,5.0,10.0,1,0,1,0
773,2007,rubens-barrichello,jenson-button,9.0,3,441.0,9.0,10.0,10.0,11.0,1,0,1,0
773,2007,david-coulthard,alexander-wurz,11.0,2,343.0,13.0,11.0,14.0,7.0,0,1,1,0
773,2007,jarno-trulli,heikki-kovalainen,14.0,2,137.0,14.0,15.0,15.0,13.0,0,0,0,0
773,2007,kimi-raikkonen,anthony-davidson,16.0,1,1999.0,16.0,17.0,8.0,18.0,1,0,1,0
773,2007,anthony-davidson,scott-speed,17.0,1,140.0,17.0,18.0,18.0,9.0,0,0,0,0
773,2007,ralf-schumacher,takuma-sato,20.0,1,15.0,20.0,21.0,16.0,17.0,1,0,1,1
774,2007,lewis-hamilton,fernando-alonso,1.0,3,456.0,1.0,2.0,1.0,7.0,1,0,1,0
774,2007,fernando-alonso,nick-heidfeld,2.0,3,103.0,2.0,3.0,7.0,2.0,0,0,0,0
774,2007,nick-heidfeld,kimi-raikkonen,3.0,3,145.0,3.0,4.0,2.0,5.0,1,0,1,0
774,2007,mark-webber,nico-rosberg,6.0,3,6.0,6.0,7.0,9.0,10.0,1,0,1,1
774,2007,anthony-davidson,ralf-schumacher,17.0,1,92.0,17.0,18.0,11.0,8.0,0,0,0,1
774,2007,ralf-schumacher,heikki-kovalainen,18.0,1,172.0,18.0,22.0,8.0,4.0,0,0,0,0
774,2007,heikki-kovalainen,alexander-wurz,19.0,1,283.0,22.0,19.0,4.0,3.0,0,1,1,0
775,2007,lewis-hamilton,fernando-alonso,1.0,3,169.0,1.0,2.0,1.0,2.0,1,0,1,0
775,2007,fernando-alonso,felipe-massa,2.0,3,203.0,2.0,3.0,2.0,3.0,1,0,1,0
775,2007,felipe-massa,kimi-raikkonen,3.0,3,136.0,3.0,4.0,3.0,4.0,1,0,1,0
775,2007,heikki-kovalainen,sebastian-vettel,6.0,3,205.0,6.0,7.0,5.0,8.0,1,0,1,0
775,2007,sebastian-vettel,jarno-trulli,7.0,3,276.0,7.0,8.0,8.0,6.0,0,0,0,0
775,2007,jarno-trulli,mark-webber,8.0,3,82.0,8.0,9.0,6.0,7.0,1,0,1,1
775,2007,mark-webber,giancarlo-fisichella,9.0,3,82.0,9.0,10.0,7.0,9.0,1,0,1,1
775,2007,jenson-button,nico-rosberg,13.0,2,62.0,13.0,14.0,12.0,16.0,1,0,1,1
775,2007,vitantonio-liuzzi,scott-speed,19.0,1,228.0,19.0,20.0,17.0,13.0,0,0,0,0
775,2007,scott-speed,adrian-sutil,20.0,1,410.0,20.0,21.0,13.0,14.0,1,0,1,0
775,2007,adrian-sutil,christijan-albers,21.0,1,475.0,21.0,22.0,14.0,15.0,1,0,1,0
776,2007,felipe-massa,lewis-hamilton,1.0,3,70.0,1.0,2.0,2.0,3.0,1,0,1,1
776,2007,lewis-hamilton,kimi-raikkonen,2.0,3,153.0,2.0,3.0,3.0,1.0,0,0,0,0
776,2007,kimi-raikkonen,robert-kubica,3.0,3,236.0,3.0,4.0,1.0,4.0,1,0,1,0
776,2007,robert-kubica,giancarlo-fisichella,4.0,3,181.0,4.0,5.0,4.0,6.0,1,0,1,0
776,2007,giancarlo-fisichella,heikki-kovalainen,5.0,3,152.0,5.0,6.0,6.0,15.0,1,0,1,0
776,2007,heikki-kovalainen,nick-heidfeld,6.0,3,74.0,6.0,7.0,15.0,5.0,0,0,0,1
776,2007,fernando-alonso,ralf-schumacher,10.0,2,450.0,10.0,11.0,7.0,10.0,1,0,1,0
776,2007,ralf-schumacher,jenson-button,11.0,2,50.0,11.0,12.0,10.0,8.0,0,0,0,1
776,2007,jenson-button,rubens-barrichello,12.0,2,177.0,12.0,13.0,8.0,11.0,1,0,1,0
776,2007,rubens-barrichello,mark-webber,13.0,2,45.0,13.0,14.0,11.0,12.0,1,0,1,1
776,2007,alexander-wurz,takuma-sato,18.0,1,3.0,18.0,22.0,14.0,16.0,1,0,1,1
777,2007,lewis-hamilton,kimi-raikkonen,1.0,3,102.0,1.0,2.0,3.0,1.0,0,0,0,0
777,2007,kimi-raikkonen,fernando-alonso,2.0,3,48.0,2.0,3.0,1.0,2.0,1,0,1,1
777,2007,fernando-alonso,felipe-massa,3.0,3,118.0,3.0,22.0,2.0,5.0,1,0,1,0
777,2007,felipe-massa,robert-kubica,4.0,3,136.0,22.0,5.0,5.0,4.0,0,1,1,0
777,2007,heikki-kovalainen,giancarlo-fisichella,7.0,3,54.0,7.0,8.0,7.0,8.0,1,0,1,1
777,2007,giancarlo-fisichella,nick-heidfeld,8.0,3,119.0,8.0,9.0,8.0,6.0,0,0,0,0
777,2007,david-coulthard,alexander-wurz,12.0,2,21.0,12.0,13.0,11.0,13.0,1,0,1,1
777,2007,alexander-wurz,rubens-barrichello,13.0,2,14.0,13.0,14.0,13.0,9.0,0,0,0,1
777,2007,nico-rosberg,jenson-button,17.0,1,116.0,17.0,18.0,12.0,10.0,0,0,0,0
777,2007,takuma-sato,christijan-albers,21.0,1,544.0,23.0,21.0,14.0,15.0,1,1,0,0
778,2007,fernando-alonso,felipe-massa,2.0,3,37.0,2.0,3.0,1.0,2.0,1,0,1,1
778,2007,felipe-massa,nick-heidfeld,3.0,3,62.0,3.0,4.0,2.0,6.0,1,0,1,1
778,2007,nick-heidfeld,robert-kubica,4.0,3,283.0,4.0,5.0,6.0,7.0,1,0,1,0
778,2007,robert-kubica,mark-webber,5.0,3,353.0,5.0,6.0,7.0,3.0,0,0,0,0
778,2007,mark-webber,heikki-kovalainen,6.0,3,2.0,6.0,7.0,3.0,8.0,1,0,1,1
778,2007,heikki-kovalainen,jarno-trulli,7.0,3,23.0,7.0,8.0,8.0,13.0,1,0,1,1
778,2007,alexander-wurz,giancarlo-fisichella,12.0,2,14.0,12.0,13.0,4.0,10.0,1,0,1,1
778,2007,giancarlo-fisichella,rubens-barrichello,13.0,2,211.0,13.0,14.0,10.0,11.0,1,0,1,0
778,2007,rubens-barrichello,anthony-davidson,14.0,2,230.0,14.0,15.0,11.0,12.0,1,0,1,0
779,2007,fernando-alonso,lewis-hamilton,1.0,3,107.0,6.0,1.0,4.0,1.0,0,1,1,0
779,2007,lewis-hamilton,nick-heidfeld,2.0,3,478.0,1.0,2.0,1.0,3.0,1,0,1,0
779,2007,nick-heidfeld,kimi-raikkonen,3.0,3,151.0,2.0,3.0,3.0,2.0,0,0,0,0
779,2007,kimi-raikkonen,nico-rosberg,4.0,3,222.0,3.0,4.0,2.0,7.0,1,0,1,0
779,2007,nico-rosberg,ralf-schumacher,5.0,3,82.0,4.0,5.0,7.0,6.0,0,0,0,1
779,2007,ralf-schumacher,robert-kubica,6.0,3,162.0,5.0,7.0,6.0,5.0,0,0,0,0
779,2007,robert-kubica,giancarlo-fisichella,7.0,3,203.0,7.0,13.0,5.0,12.0,1,0,1,0
779,2007,giancarlo-fisichella,jarno-trulli,8.0,3,127.0,13.0,8.0,12.0,10.0,0,1,1,0
779,2007,jarno-trulli,mark-webber,9.0,3,50.0,8.0,9.0,10.0,9.0,0,0,0,1
779,2007,david-coulthard,heikki-kovalainen,11.0,2,61.0,10.0,11.0,11.0,8.0,0,0,0,1
779,2007,heikki-kovalainen,alexander-wurz,12.0,2,86.0,11.0,12.0,8.0,14.0,1,0,1,1
779,2007,alexander-wurz,felipe-massa,13.0,2,156.0,12.0,14.0,14.0,13.0,0,0,0,0
779,2007,rubens-barrichello,takuma-sato,18.0,1,266.0,18.0,19.0,18.0,15.0,0,0,0,0
779,2007,takuma-sato,sebastian-vettel,19.0,1,34.0,19.0,20.0,15.0,16.0,1,0,1,1
779,2007,sebastian-vettel,adrian-sutil,20.0,1,560.0,20.0,21.0,16.0,17.0,1,0,1,0
780,2007,felipe-massa,lewis-hamilton,1.0,3,44.0,1.0,2.0,1.0,5.0,1,0,1,1
780,2007,lewis-hamilton,kimi-raikkonen,2.0,3,173.0,2.0,3.0,5.0,2.0,0,0,0,0
780,2007,kimi-raikkonen,fernando-alonso,3.0,3,28.0,3.0,4.0,2.0,3.0,1,0,1,1
780,2007,fernando-alonso,robert-kubica,4.0,3,148.0,4.0,5.0,3.0,8.0,1,0,1,0
780,2007,robert-kubica,nick-heidfeld,5.0,3,315.0,5.0,6.0,8.0,4.0,0,0,0,0
780,2007,nick-heidfeld,heikki-kovalainen,6.0,3,454.0,6.0,7.0,4.0,6.0,1,0,1,0
780,2007,heikki-kovalainen,nico-rosberg,7.0,3,10.0,7.0,8.0,6.0,7.0,1,0,1,1
780,2007,nico-rosberg,jarno-trulli,8.0,3,239.0,8.0,9.0,7.0,16.0,1,0,1,0
780,2007,jarno-trulli,giancarlo-fisichella,9.0,3,582.0,9.0,10.0,16.0,9.0,0,0,0,0
780,2007,david-coulthard,rubens-barrichello,13.0,2,88.0,13.0,22.0,10.0,17.0,1,0,1,1
780,2007,rubens-barrichello,jenson-button,14.0,2,32.0,22.0,21.0,17.0,13.0,0,1,1,1
780,2007,jenson-button,alexander-wurz,15.0,2,170.0,21.0,14.0,13.0,11.0,0,1,1,0
780,2007,vitantonio-liuzzi,ralf-schumacher,17.0,1,11.0,15.0,16.0,15.0,12.0,0,0,0,1
780,2007,ralf-schumacher,takuma-sato,18.0,1,144.0,16.0,17.0,12.0,18.0,1,0,1,0
780,2007,takuma-sato,sebastian-vettel,19.0,1,455.0,17.0,18.0,18.0,19.0,1,0,1,0
780,2007,sebastian-vettel,adrian-sutil,20.0,1,453.0,18.0,19.0,19.0,21.0,1,0,1,0
780,2007,adrian-sutil,sakon-yamamoto,21.0,1,1618.0,19.0,20.0,21.0,20.0,0,0,0,0
781,2007,fernando-alonso,lewis-hamilton,1.0,3,37.0,1.0,2.0,1.0,2.0,1,0,1,1
781,2007,nick-heidfeld,kimi-raikkonen,4.0,3,9.0,4.0,5.0,4.0,3.0,0,0,0,1
781,2007,kimi-raikkonen,robert-kubica,5.0,3,263.0,5.0,6.0,3.0,5.0,1,0,1,0
781,2007,robert-kubica,heikki-kovalainen,6.0,3,656.0,6.0,7.0,5.0,7.0,1,0,1,0
781,2007,heikki-kovalainen,nico-rosberg,7.0,3,280.0,7.0,8.0,7.0,6.0,0,0,0,0
781,2007,nico-rosberg,jarno-trulli,8.0,3,173.0,8.0,9.0,6.0,11.0,1,0,1,0
781,2007,jarno-trulli,jenson-button,9.0,3,610.0,9.0,10.0,11.0,8.0,0,0,0,0
781,2007,mark-webber,rubens-barrichello,11.0,2,10.0,11.0,12.0,9.0,10.0,1,0,1,1
781,2007,rubens-barrichello,alexander-wurz,12.0,2,33.0,12.0,13.0,10.0,13.0,1,0,1,1
781,2007,alexander-wurz,anthony-davidson,13.0,2,65.0,13.0,14.0,13.0,14.0,1,0,1,1
781,2007,anthony-davidson,giancarlo-fisichella,14.0,2,51.0,14.0,15.0,14.0,12.0,0,0,0,1
781,2007,giancarlo-fisichella,sebastian-vettel,15.0,2,26.0,15.0,16.0,12.0,18.0,1,0,1,1
781,2007,takuma-sato,ralf-schumacher,17.0,1,38.0,17.0,18.0,16.0,15.0,0,0,0,1
781,2007,ralf-schumacher,vitantonio-liuzzi,18.0,1,99.0,18.0,19.0,15.0,17.0,1,0,1,1
781,2007,adrian-sutil,sakon-yamamoto,21.0,1,385.0,21.0,22.0,19.0,20.0,1,0,1,0
782,2007,kimi-raikkonen,felipe-massa,1.0,3,17.0,1.0,2.0,1.0,2.0,1,0,1,1
782,2007,felipe-massa,fernando-alonso,2.0,3,80.0,2.0,3.0,2.0,3.0,1,0,1,1
782,2007,fernando-alonso,lewis-hamilton,3.0,3,315.0,3.0,4.0,3.0,4.0,1,0,1,0
782,2007,lewis-hamilton,robert-kubica,4.0,3,590.0,4.0,14.0,4.0,9.0,1,0,1,0
782,2007,robert-kubica,nico-rosberg,5.0,3,338.0,14.0,5.0,9.0,6.0,0,1,1,0
782,2007,nico-rosberg,nick-heidfeld,6.0,3,75.0,5.0,6.0,6.0,5.0,0,0,0,1
782,2007,nick-heidfeld,mark-webber,7.0,3,115.0,6.0,7.0,5.0,7.0,1,0,1,0
782,2007,mark-webber,jarno-trulli,8.0,3,274.0,7.0,8.0,7.0,11.0,1,0,1,0
782,2007,jarno-trulli,heikki-kovalainen,9.0,3,707.0,8.0,9.0,11.0,8.0,0,0,0,0
782,2007,rubens-barrichello,takuma-sato,18.0,1,26.0,17.0,18.0,13.0,15.0,1,0,1,1
782,2007,takuma-sato,adrian-sutil,19.0,1,64.0,18.0,19.0,15.0,14.0,0,0,0,1
782,2007,adrian-sutil,anthony-davidson,20.0,1,155.0,19.0,20.0,14.0,16.0,1,0,1,0
782,2007,anthony-davidson,sakon-yamamoto,21.0,1,1378.0,20.0,21.0,16.0,17.0,1,0,1,0
783,2007,kimi-raikkonen,felipe-massa,3.0,3,249.0,3.0,4.0,3.0,6.0,1,0,1,0
783,2007,felipe-massa,nick-heidfeld,4.0,3,740.0,4.0,5.0,6.0,14.0,1,0,1,0
783,2007,giancarlo-fisichella,heikki-kovalainen,11.0,2,199.0,10.0,11.0,5.0,2.0,0,0,0,0
783,2007,heikki-kovalainen,david-coulthard,12.0,2,15.0,11.0,12.0,2.0,4.0,1,0,1,1
783,2007,david-coulthard,jarno-trulli,13.0,2,6.0,12.0,13.0,4.0,13.0,1,0,1,1
783,2007,jarno-trulli,vitantonio-liuzzi,14.0,2,695.0,13.0,23.0,13.0,9.0,0,0,0,0
783,2007,adrian-sutil,takuma-sato,20.0,1,164.0,20.0,21.0,8.0,15.0,1,0,1,0
783,2007,takuma-sato,sakon-yamamoto,21.0,1,876.0,21.0,22.0,15.0,12.0,0,0,0,0
784,2007,kimi-raikkonen,felipe-massa,2.0,3,177.0,2.0,3.0,1.0,3.0,1,0,1,0
784,2007,felipe-massa,fernando-alonso,3.0,3,355.0,3.0,4.0,3.0,2.0,0,0,0,0
784,2007,fernando-alonso,david-coulthard,4.0,3,1043.0,4.0,5.0,2.0,8.0,1,0,1,0
784,2007,mark-webber,nick-heidfeld,7.0,3,302.0,7.0,8.0,10.0,7.0,0,0,0,0
784,2007,vitantonio-liuzzi,sebastian-vettel,11.0,2,29.0,11.0,17.0,6.0,4.0,0,0,0,1
784,2007,sebastian-vettel,jarno-trulli,12.0,2,68.0,17.0,12.0,4.0,13.0,1,1,0,1
784,2007,jarno-trulli,heikki-kovalainen,13.0,2,32.0,12.0,13.0,13.0,9.0,0,0,0,1
784,2007,rubens-barrichello,giancarlo-fisichella,17.0,1,39.0,16.0,18.0,15.0,11.0,0,0,0,1
784,2007,giancarlo-fisichella,alexander-wurz,18.0,1,166.0,18.0,19.0,11.0,12.0,1,0,1,0
784,2007,alexander-wurz,takuma-sato,19.0,1,762.0,19.0,20.0,12.0,14.0,1,0,1,0
785,2007,felipe-massa,lewis-hamilton,1.0,3,151.0,1.0,2.0,2.0,7.0,1,0,1,0
785,2007,lewis-hamilton,kimi-raikkonen,2.0,3,240.0,2.0,3.0,7.0,1.0,0,0,0,0
785,2007,kimi-raikkonen,fernando-alonso,3.0,3,34.0,3.0,4.0,1.0,3.0,1,0,1,1
785,2007,nick-heidfeld,robert-kubica,6.0,3,48.0,6.0,7.0,6.0,5.0,0,0,0,1
785,2007,robert-kubica,jarno-trulli,7.0,3,66.0,7.0,8.0,5.0,8.0,1,0,1,1
785,2007,jarno-trulli,david-coulthard,8.0,3,77.0,8.0,9.0,8.0,9.0,1,0,1,1
785,2007,david-coulthard,nico-rosberg,9.0,3,205.0,9.0,10.0,9.0,4.0,0,0,0,0
785,2007,vitantonio-liuzzi,ralf-schumacher,14.0,2,64.0,14.0,15.0,13.0,11.0,0,0,0,1
785,2007,takuma-sato,kazuki-nakajima,18.0,1,319.0,18.0,19.0,12.0,10.0,0,0,0,0
785,2007,kazuki-nakajima,anthony-davidson,19.0,1,179.0,19.0,20.0,10.0,14.0,1,0,1,0
787,2008,kimi-raikkonen,heikki-kovalainen,2.0,3,383.0,2.0,8.0,1.0,3.0,1,0,1,0
787,2008,heikki-kovalainen,lewis-hamilton,3.0,3,96.0,8.0,9.0,3.0,5.0,1,0,1,1
787,2008,lewis-hamilton,jarno-trulli,4.0,3,2.0,9.0,3.0,5.0,4.0,0,1,1,1
787,2008,jarno-trulli,robert-kubica,5.0,3,16.0,3.0,4.0,4.0,2.0,0,0,0,1
787,2008,robert-kubica,nick-heidfeld,6.0,3,26.0,4.0,5.0,2.0,6.0,1,0,1,1
787,2008,nick-heidfeld,mark-webber,7.0,3,256.0,5.0,6.0,6.0,7.0,1,0,1,0
787,2008,mark-webber,fernando-alonso,8.0,3,1441.0,6.0,7.0,7.0,8.0,1,0,1,0
787,2008,jenson-button,david-coulthard,11.0,2,200.0,11.0,12.0,10.0,9.0,0,0,0,0
787,2008,david-coulthard,nelson-piquet-jr,12.0,2,154.0,12.0,13.0,9.0,11.0,1,0,1,0
787,2008,nelson-piquet-jr,rubens-barrichello,13.0,2,60.0,13.0,14.0,11.0,13.0,1,0,1,1
787,2008,giancarlo-fisichella,kazuki-nakajima,17.0,1,148.0,17.0,22.0,12.0,17.0,1,0,1,0
788,2008,robert-kubica,felipe-massa,1.0,3,27.0,1.0,2.0,3.0,1.0,0,0,0,1
788,2008,felipe-massa,lewis-hamilton,2.0,3,169.0,2.0,3.0,1.0,13.0,1,0,1,0
788,2008,lewis-hamilton,kimi-raikkonen,3.0,3,126.0,3.0,4.0,13.0,2.0,0,0,0,0
788,2008,kimi-raikkonen,heikki-kovalainen,4.0,3,70.0,4.0,5.0,2.0,5.0,1,0,1,1
788,2008,heikki-kovalainen,nick-heidfeld,5.0,3,249.0,5.0,6.0,5.0,4.0,0,0,0,0
788,2008,nick-heidfeld,jarno-trulli,6.0,3,257.0,6.0,7.0,4.0,6.0,1,0,1,0
788,2008,jarno-trulli,nico-rosberg,7.0,3,21.0,7.0,8.0,6.0,8.0,1,0,1,1
788,2008,mark-webber,rubens-barrichello,11.0,2,137.0,11.0,12.0,7.0,11.0,1,0,1,0
788,2008,rubens-barrichello,timo-glock,12.0,2,20.0,12.0,13.0,11.0,9.0,0,0,0,1
788,2008,sebastien-bourdais,kazuki-nakajima,15.0,2,28.0,15.0,16.0,15.0,14.0,0,0,0,1
788,2008,david-coulthard,giancarlo-fisichella,17.0,1,68.0,17.0,18.0,18.0,12.0,0,0,0,1
788,2008,adrian-sutil,anthony-davidson,20.0,1,295.0,20.0,21.0,19.0,16.0,0,0,0,0
788,2008,anthony-davidson,takuma-sato,21.0,1,1585.0,21.0,22.0,16.0,17.0,1,0,1,0
789,2008,felipe-massa,robert-kubica,3.0,3,7.0,3.0,4.0,2.0,4.0,1,0,1,1
789,2008,robert-kubica,lewis-hamilton,4.0,3,31.0,4.0,5.0,4.0,3.0,0,0,0,1
789,2008,mark-webber,jarno-trulli,7.0,3,100.0,7.0,8.0,5.0,8.0,1,0,1,0
789,2008,jarno-trulli,nick-heidfeld,8.0,3,13.0,8.0,9.0,8.0,9.0,1,0,1,1
789,2008,kazuki-nakajima,jenson-button,12.0,2,94.0,12.0,13.0,7.0,6.0,0,0,0,1
789,2008,jenson-button,timo-glock,13.0,2,19.0,13.0,14.0,6.0,11.0,1,0,1,1
790,2008,felipe-massa,heikki-kovalainen,1.0,3,191.0,1.0,2.0,1.0,12.0,1,0,1,0
790,2008,heikki-kovalainen,lewis-hamilton,2.0,3,115.0,2.0,3.0,12.0,2.0,0,0,0,0
790,2008,lewis-hamilton,kimi-raikkonen,3.0,3,13.0,3.0,4.0,2.0,3.0,1,0,1,1
790,2008,kimi-raikkonen,robert-kubica,4.0,3,454.0,4.0,5.0,3.0,4.0,1,0,1,0
790,2008,robert-kubica,mark-webber,5.0,3,27.0,5.0,6.0,4.0,7.0,1,0,1,1
790,2008,mark-webber,fernando-alonso,6.0,3,5.0,6.0,7.0,7.0,6.0,0,0,0,1
790,2008,fernando-alonso,jarno-trulli,7.0,3,414.0,7.0,8.0,6.0,10.0,1,0,1,0
790,2008,jarno-trulli,nick-heidfeld,8.0,3,46.0,8.0,9.0,10.0,5.0,0,0,0,1
790,2008,nick-heidfeld,david-coulthard,9.0,3,1077.0,9.0,10.0,5.0,9.0,1,0,1,0
790,2008,nico-rosberg,rubens-barrichello,11.0,2,207.0,11.0,12.0,8.0,14.0,1,0,1,0
790,2008,rubens-barrichello,jenson-button,12.0,2,79.0,12.0,13.0,14.0,11.0,0,0,0,1
790,2008,jenson-button,sebastian-vettel,13.0,2,114.0,13.0,14.0,11.0,17.0,1,0,1,0
790,2008,sebastian-vettel,timo-glock,14.0,2,394.0,14.0,15.0,17.0,13.0,0,0,0,0
791,2008,felipe-massa,kimi-raikkonen,1.0,3,28.0,1.0,2.0,3.0,9.0,1,0,1,1
791,2008,kimi-raikkonen,lewis-hamilton,2.0,3,24.0,2.0,3.0,9.0,1.0,0,0,0,1
791,2008,lewis-hamilton,heikki-kovalainen,3.0,3,326.0,3.0,4.0,1.0,8.0,1,0,1,0
791,2008,heikki-kovalainen,robert-kubica,4.0,3,6.0,4.0,5.0,8.0,2.0,0,0,0,1
791,2008,fernando-alonso,jarno-trulli,7.0,3,351.0,7.0,8.0,10.0,13.0,1,0,1,0
791,2008,jarno-trulli,mark-webber,8.0,3,140.0,8.0,9.0,13.0,4.0,0,0,0,0
791,2008,timo-glock,jenson-button,11.0,2,194.0,10.0,11.0,12.0,11.0,0,0,0,0
791,2008,jenson-button,nick-heidfeld,12.0,2,354.0,11.0,12.0,11.0,14.0,1,0,1,0
791,2008,nick-heidfeld,kazuki-nakajima,13.0,2,24.0,12.0,13.0,14.0,7.0,0,0,0,1
791,2008,kazuki-nakajima,rubens-barrichello,14.0,2,58.0,13.0,14.0,7.0,6.0,0,0,0,1
792,2008,nico-rosberg,felipe-massa,5.0,3,204.0,5.0,6.0,10.0,5.0,0,0,0,0
792,2008,felipe-massa,heikki-kovalainen,6.0,3,41.0,6.0,7.0,5.0,9.0,1,0,1,1
792,2008,heikki-kovalainen,nick-heidfeld,7.0,3,544.0,7.0,8.0,9.0,2.0,0,0,0,0
792,2008,nick-heidfeld,rubens-barrichello,8.0,3,1215.0,8.0,9.0,2.0,7.0,1,0,1,0
792,2008,mark-webber,timo-glock,10.0,2,508.0,10.0,11.0,12.0,4.0,0,0,0,0
792,2008,david-coulthard,jarno-trulli,13.0,2,89.0,13.0,14.0,3.0,6.0,1,0,1,1
793,2008,kimi-raikkonen,felipe-massa,1.0,3,41.0,1.0,2.0,2.0,1.0,0,0,0,1
793,2008,felipe-massa,lewis-hamilton,2.0,3,203.0,2.0,13.0,1.0,10.0,1,0,1,0
793,2008,lewis-hamilton,fernando-alonso,3.0,3,147.0,13.0,3.0,10.0,8.0,0,1,1,0
793,2008,fernando-alonso,jarno-trulli,4.0,3,80.0,3.0,4.0,8.0,3.0,0,0,0,1
793,2008,jarno-trulli,heikki-kovalainen,5.0,3,24.0,4.0,10.0,3.0,4.0,1,0,1,1
793,2008,heikki-kovalainen,robert-kubica,6.0,3,93.0,10.0,5.0,4.0,5.0,1,1,0,1
793,2008,robert-kubica,mark-webber,7.0,3,196.0,5.0,6.0,5.0,6.0,1,0,1,0
793,2008,mark-webber,david-coulthard,8.0,3,193.0,6.0,7.0,6.0,9.0,1,0,1,0
793,2008,david-coulthard,timo-glock,9.0,3,170.0,7.0,8.0,9.0,11.0,1,0,1,0
793,2008,nelson-piquet-jr,nick-heidfeld,11.0,2,16.0,9.0,11.0,7.0,13.0,1,0,1,1
793,2008,nick-heidfeld,sebastian-vettel,12.0,2,30.0,11.0,12.0,13.0,12.0,0,0,0,1
793,2008,sebastian-vettel,sebastien-bourdais,13.0,2,229.0,12.0,14.0,12.0,17.0,1,0,1,0
793,2008,sebastien-bourdais,nico-rosberg,14.0,2,190.0,14.0,19.0,17.0,16.0,0,0,0,0
793,2008,rubens-barrichello,giancarlo-fisichella,18.0,1,641.0,20.0,17.0,14.0,18.0,1,1,0,0
793,2008,giancarlo-fisichella,adrian-sutil,19.0,1,82.0,17.0,18.0,18.0,19.0,1,0,1,1
794,2008,heikki-kovalainen,mark-webber,1.0,3,505.0,1.0,2.0,5.0,10.0,1,0,1,0
794,2008,mark-webber,kimi-raikkonen,2.0,3,152.0,2.0,3.0,10.0,4.0,0,0,0,0
794,2008,kimi-raikkonen,lewis-hamilton,3.0,3,129.0,3.0,4.0,4.0,1.0,0,0,0,0
794,2008,lewis-hamilton,nick-heidfeld,4.0,3,38.0,4.0,5.0,1.0,2.0,1,0,1,1
794,2008,nick-heidfeld,fernando-alonso,5.0,3,156.0,5.0,6.0,2.0,6.0,1,0,1,0
794,2008,timo-glock,sebastien-bourdais,12.0,2,257.0,12.0,13.0,12.0,11.0,0,0,0,0
794,2008,sebastien-bourdais,jarno-trulli,13.0,2,70.0,13.0,14.0,11.0,7.0,0,0,0,1
794,2008,jarno-trulli,kazuki-nakajima,14.0,2,511.0,14.0,15.0,7.0,8.0,1,0,1,0
795,2008,lewis-hamilton,felipe-massa,1.0,3,193.0,1.0,2.0,1.0,3.0,1,0,1,0
795,2008,felipe-massa,heikki-kovalainen,2.0,3,284.0,2.0,3.0,3.0,5.0,1,0,1,0
795,2008,heikki-kovalainen,jarno-trulli,3.0,3,48.0,3.0,4.0,5.0,9.0,1,0,1,1
795,2008,jarno-trulli,fernando-alonso,4.0,3,194.0,4.0,5.0,9.0,11.0,1,0,1,0
795,2008,fernando-alonso,kimi-raikkonen,5.0,3,4.0,5.0,6.0,11.0,6.0,0,0,0,1
795,2008,kimi-raikkonen,robert-kubica,6.0,3,132.0,6.0,7.0,6.0,7.0,1,0,1,0
795,2008,sebastian-vettel,david-coulthard,9.0,3,259.0,9.0,10.0,8.0,13.0,1,0,1,0
795,2008,nick-heidfeld,nico-rosberg,12.0,2,52.0,12.0,13.0,4.0,10.0,1,0,1,1
795,2008,nico-rosberg,jenson-button,13.0,2,68.0,13.0,14.0,10.0,17.0,1,0,1,1
795,2008,jenson-button,sebastien-bourdais,14.0,2,157.0,14.0,15.0,17.0,12.0,0,0,0,0
795,2008,kazuki-nakajima,nelson-piquet-jr,16.0,1,106.0,16.0,17.0,14.0,2.0,0,0,0,0
795,2008,adrian-sutil,giancarlo-fisichella,19.0,1,306.0,19.0,20.0,15.0,16.0,1,0,1,0
796,2008,lewis-hamilton,heikki-kovalainen,1.0,3,241.0,1.0,2.0,5.0,1.0,0,0,0,0
796,2008,heikki-kovalainen,felipe-massa,2.0,3,51.0,2.0,3.0,1.0,17.0,1,0,1,1
796,2008,felipe-massa,robert-kubica,3.0,3,90.0,3.0,4.0,17.0,8.0,0,0,0,1
796,2008,robert-kubica,timo-glock,4.0,3,45.0,4.0,5.0,8.0,2.0,0,0,0,1
796,2008,timo-glock,kimi-raikkonen,5.0,3,190.0,5.0,6.0,2.0,3.0,1,0,1,0
796,2008,kimi-raikkonen,fernando-alonso,6.0,3,182.0,6.0,7.0,3.0,4.0,1,0,1,0
796,2008,fernando-alonso,mark-webber,7.0,3,34.0,7.0,8.0,4.0,9.0,1,0,1,1
796,2008,mark-webber,jarno-trulli,8.0,3,35.0,8.0,9.0,9.0,7.0,0,0,0,1
796,2008,jarno-trulli,nelson-piquet-jr,9.0,3,604.0,9.0,10.0,7.0,6.0,0,0,0,0
796,2008,jenson-button,david-coulthard,12.0,2,170.0,12.0,13.0,12.0,11.0,0,0,0,0
796,2008,david-coulthard,sebastien-bourdais,13.0,2,461.0,13.0,19.0,11.0,18.0,1,0,1,0
796,2008,nico-rosberg,nick-heidfeld,15.0,1,297.0,14.0,15.0,14.0,10.0,0,0,0,0
796,2008,nick-heidfeld,kazuki-nakajima,16.0,1,40.0,15.0,16.0,10.0,13.0,1,0,1,1
796,2008,kazuki-nakajima,rubens-barrichello,17.0,1,247.0,16.0,17.0,13.0,16.0,1,0,1,0
796,2008,rubens-barrichello,giancarlo-fisichella,18.0,1,338.0,17.0,18.0,16.0,15.0,0,0,0,0
797,2008,felipe-massa,lewis-hamilton,1.0,3,210.0,1.0,2.0,1.0,2.0,1,0,1,0
797,2008,lewis-hamilton,robert-kubica,2.0,3,193.0,2.0,3.0,2.0,3.0,1,0,1,0
797,2008,heikki-kovalainen,sebastian-vettel,5.0,3,205.0,5.0,6.0,4.0,6.0,1,0,1,0
797,2008,sebastian-vettel,jarno-trulli,6.0,3,167.0,6.0,7.0,6.0,5.0,0,0,0,0
797,2008,jarno-trulli,nick-heidfeld,7.0,3,322.0,7.0,8.0,5.0,9.0,1,0,1,0
797,2008,nick-heidfeld,nico-rosberg,8.0,3,90.0,8.0,9.0,9.0,8.0,0,0,0,1
797,2008,nico-rosberg,sebastien-bourdais,9.0,3,29.0,9.0,10.0,8.0,10.0,1,0,1,1
797,2008,timo-glock,mark-webber,13.0,2,16.0,13.0,14.0,7.0,12.0,1,0,1,1
797,2008,mark-webber,nelson-piquet-jr,14.0,2,229.0,14.0,15.0,12.0,11.0,0,0,0,0
797,2008,jenson-button,david-coulthard,16.0,1,355.0,16.0,17.0,13.0,17.0,1,0,1,0
797,2008,david-coulthard,giancarlo-fisichella,17.0,1,33.0,17.0,18.0,17.0,14.0,0,0,0,1
797,2008,giancarlo-fisichella,rubens-barrichello,18.0,1,543.0,18.0,19.0,14.0,16.0,1,0,1,0
798,2008,lewis-hamilton,felipe-massa,1.0,3,340.0,1.0,2.0,3.0,1.0,0,0,0,0
798,2008,felipe-massa,heikki-kovalainen,2.0,3,137.0,2.0,3.0,1.0,10.0,1,0,1,0
798,2008,heikki-kovalainen,kimi-raikkonen,3.0,3,177.0,3.0,4.0,10.0,18.0,1,0,1,0
798,2008,kimi-raikkonen,nick-heidfeld,4.0,3,323.0,4.0,5.0,18.0,2.0,0,0,0,0
798,2008,nick-heidfeld,fernando-alonso,5.0,3,189.0,5.0,6.0,2.0,4.0,1,0,1,0
798,2008,fernando-alonso,mark-webber,6.0,3,232.0,6.0,7.0,4.0,8.0,1,0,1,0
798,2008,mark-webber,robert-kubica,7.0,3,27.0,7.0,8.0,8.0,6.0,0,0,0,1
798,2008,robert-kubica,sebastien-bourdais,8.0,3,188.0,8.0,9.0,6.0,7.0,1,0,1,0
798,2008,sebastien-bourdais,sebastian-vettel,9.0,3,1368.0,9.0,10.0,7.0,5.0,0,0,0,0
798,2008,timo-glock,david-coulthard,13.0,2,23.0,13.0,14.0,9.0,11.0,1,0,1,1
798,2008,david-coulthard,nico-rosberg,14.0,2,411.0,14.0,15.0,11.0,12.0,1,0,1,0
798,2008,jenson-button,adrian-sutil,17.0,1,15.0,17.0,18.0,15.0,13.0,0,0,0,1
798,2008,adrian-sutil,kazuki-nakajima,18.0,1,42.0,18.0,19.0,13.0,14.0,1,0,1,1
798,2008,kazuki-nakajima,giancarlo-fisichella,19.0,1,179.0,19.0,20.0,14.0,17.0,1,0,1,0
799,2008,sebastian-vettel,heikki-kovalainen,1.0,3,76.0,1.0,2.0,1.0,2.0,1,0,1,1
799,2008,heikki-kovalainen,mark-webber,2.0,3,486.0,2.0,3.0,2.0,8.0,1,0,1,0
799,2008,mark-webber,sebastien-bourdais,3.0,3,328.0,3.0,21.0,8.0,18.0,1,0,1,0
799,2008,sebastien-bourdais,nico-rosberg,4.0,3,322.0,21.0,5.0,18.0,14.0,0,1,1,0
799,2008,nico-rosberg,felipe-massa,5.0,3,127.0,5.0,6.0,14.0,6.0,0,0,0,0
799,2008,felipe-massa,jarno-trulli,6.0,3,258.0,6.0,7.0,6.0,13.0,1,0,1,0
799,2008,jarno-trulli,fernando-alonso,7.0,3,599.0,7.0,8.0,13.0,4.0,0,0,0,0
799,2008,fernando-alonso,timo-glock,8.0,3,36.0,8.0,9.0,4.0,11.0,1,0,1,1
799,2008,timo-glock,nick-heidfeld,9.0,3,119.0,9.0,10.0,11.0,5.0,0,0,0,0
799,2008,david-coulthard,kimi-raikkonen,13.0,2,238.0,13.0,14.0,16.0,9.0,0,0,0,0
799,2008,kimi-raikkonen,lewis-hamilton,14.0,2,1743.0,14.0,15.0,9.0,7.0,0,0,0,0
799,2008,rubens-barrichello,nelson-piquet-jr,16.0,1,120.0,16.0,17.0,17.0,10.0,0,0,0,0
799,2008,nelson-piquet-jr,kazuki-nakajima,17.0,1,23.0,17.0,22.0,10.0,12.0,1,0,1,1
799,2008,kazuki-nakajima,jenson-button,18.0,1,353.0,22.0,23.0,12.0,15.0,1,0,1,0
799,2008,jenson-button,adrian-sutil,19.0,1,411.0,23.0,20.0,15.0,19.0,1,1,0,0
800,2008,felipe-massa,lewis-hamilton,1.0,3,664.0,1.0,2.0,13.0,3.0,0,0,0,0
800,2008,lewis-hamilton,kimi-raikkonen,2.0,3,152.0,2.0,3.0,3.0,15.0,1,0,1,0
800,2008,kimi-raikkonen,robert-kubica,3.0,3,162.0,3.0,4.0,15.0,11.0,0,0,0,0
800,2008,robert-kubica,heikki-kovalainen,4.0,3,94.0,4.0,5.0,11.0,10.0,0,0,0,1
800,2008,heikki-kovalainen,nick-heidfeld,5.0,3,91.0,5.0,9.0,10.0,6.0,0,0,0,1
800,2008,nick-heidfeld,sebastian-vettel,6.0,3,280.0,9.0,6.0,6.0,5.0,0,1,1,0
800,2008,sebastian-vettel,timo-glock,7.0,3,84.0,6.0,7.0,5.0,4.0,0,0,0,1
800,2008,timo-glock,nico-rosberg,8.0,3,283.0,7.0,8.0,4.0,2.0,0,0,0,0
800,2008,nico-rosberg,kazuki-nakajima,9.0,3,936.0,8.0,10.0,2.0,8.0,1,0,1,0
801,2008,lewis-hamilton,kimi-raikkonen,1.0,3,240.0,1.0,2.0,12.0,3.0,0,0,0,0
801,2008,fernando-alonso,felipe-massa,4.0,3,22.0,4.0,5.0,1.0,7.0,1,0,1,1
801,2008,felipe-massa,robert-kubica,5.0,3,105.0,5.0,6.0,7.0,2.0,0,0,0,0
801,2008,robert-kubica,jarno-trulli,6.0,3,47.0,6.0,7.0,2.0,5.0,1,0,1,1
801,2008,sebastian-vettel,sebastien-bourdais,9.0,3,529.0,9.0,10.0,6.0,10.0,1,0,1,0
801,2008,nelson-piquet-jr,mark-webber,12.0,2,80.0,12.0,13.0,4.0,8.0,1,0,1,1
801,2008,mark-webber,kazuki-nakajima,13.0,2,240.0,13.0,14.0,8.0,15.0,1,0,1,0
801,2008,kazuki-nakajima,nico-rosberg,14.0,2,78.0,14.0,15.0,15.0,11.0,0,0,0,1
801,2008,nick-heidfeld,rubens-barrichello,16.0,1,47.0,16.0,17.0,9.0,13.0,1,0,1,1
801,2008,rubens-barrichello,jenson-button,17.0,1,218.0,17.0,18.0,13.0,14.0,1,0,1,0
802,2008,lewis-hamilton,kimi-raikkonen,1.0,3,342.0,1.0,2.0,1.0,3.0,1,0,1,0
802,2008,kimi-raikkonen,felipe-massa,2.0,3,244.0,2.0,3.0,3.0,2.0,0,0,0,0
802,2008,felipe-massa,fernando-alonso,3.0,3,38.0,3.0,4.0,2.0,4.0,1,0,1,1
802,2008,mark-webber,nick-heidfeld,6.0,3,118.0,16.0,9.0,14.0,5.0,0,1,1,0
802,2008,nick-heidfeld,sebastian-vettel,7.0,3,484.0,9.0,6.0,5.0,9.0,1,1,0,0
802,2008,nelson-piquet-jr,robert-kubica,11.0,2,92.0,10.0,11.0,8.0,6.0,0,0,0,1
802,2008,robert-kubica,timo-glock,12.0,2,123.0,11.0,12.0,6.0,7.0,1,0,1,0
802,2008,timo-glock,rubens-barrichello,13.0,2,142.0,12.0,13.0,7.0,11.0,1,0,1,0
802,2008,rubens-barrichello,nico-rosberg,14.0,2,131.0,13.0,14.0,11.0,15.0,1,0,1,0
802,2008,david-coulthard,kazuki-nakajima,16.0,1,132.0,15.0,17.0,10.0,12.0,1,0,1,0
802,2008,kazuki-nakajima,jenson-button,17.0,1,190.0,17.0,18.0,12.0,16.0,1,0,1,0
803,2008,felipe-massa,jarno-trulli,1.0,3,369.0,1.0,2.0,1.0,8.0,1,0,1,0
803,2008,jarno-trulli,kimi-raikkonen,2.0,3,88.0,2.0,3.0,8.0,3.0,0,0,0,1
803,2008,kimi-raikkonen,lewis-hamilton,3.0,3,5.0,3.0,4.0,3.0,5.0,1,0,1,1
803,2008,lewis-hamilton,heikki-kovalainen,4.0,3,87.0,4.0,5.0,5.0,7.0,1,0,1,1
803,2008,heikki-kovalainen,fernando-alonso,5.0,3,50.0,5.0,6.0,7.0,2.0,0,0,0,1
803,2008,fernando-alonso,sebastian-vettel,6.0,3,115.0,6.0,7.0,2.0,4.0,1,0,1,0
803,2008,sebastian-vettel,nick-heidfeld,7.0,3,215.0,7.0,8.0,4.0,10.0,1,0,1,0
803,2008,nick-heidfeld,sebastien-bourdais,8.0,3,808.0,8.0,9.0,10.0,14.0,1,0,1,0
803,2008,sebastien-bourdais,timo-glock,9.0,3,125.0,9.0,10.0,14.0,6.0,0,0,0,0
803,2008,mark-webber,robert-kubica,12.0,2,11.0,12.0,21.0,9.0,11.0,1,0,1,1
803,2008,kazuki-nakajima,jenson-button,16.0,1,10.0,16.0,17.0,17.0,13.0,0,0,0,1
803,2008,jenson-button,nico-rosberg,17.0,1,192.0,17.0,18.0,13.0,12.0,0,0,0,0
803,2008,nico-rosberg,giancarlo-fisichella,18.0,1,424.0,18.0,19.0,12.0,18.0,1,0,1,0
803,2008,giancarlo-fisichella,adrian-sutil,19.0,1,82.0,19.0,20.0,18.0,16.0,0,0,0,1
804,2009,jenson-button,rubens-barrichello,1.0,3,303.0,1.0,2.0,1.0,2.0,1,0,1,0
804,2009,rubens-barrichello,sebastian-vettel,2.0,3,325.0,2.0,3.0,2.0,13.0,1,0,1,0
804,2009,sebastian-vettel,robert-kubica,3.0,3,84.0,3.0,4.0,13.0,14.0,1,0,1,1
804,2009,robert-kubica,nico-rosberg,4.0,3,59.0,4.0,5.0,14.0,6.0,0,0,0,1
804,2009,kimi-raikkonen,mark-webber,7.0,3,83.0,7.0,8.0,15.0,12.0,0,0,0,1
804,2009,nick-heidfeld,fernando-alonso,9.0,2,101.0,9.0,10.0,10.0,5.0,0,0,0,0
804,2009,giancarlo-fisichella,adrian-sutil,16.0,1,65.0,15.0,16.0,11.0,9.0,0,0,0,1
804,2009,adrian-sutil,sebastien-bourdais,17.0,1,222.0,16.0,17.0,9.0,8.0,0,0,0,0
805,2009,jenson-button,jarno-trulli,1.0,3,92.0,1.0,2.0,1.0,4.0,1,0,1,1
805,2009,jarno-trulli,sebastian-vettel,2.0,3,245.0,2.0,13.0,4.0,15.0,1,0,1,0
805,2009,sebastian-vettel,rubens-barrichello,3.0,3,133.0,13.0,8.0,15.0,5.0,0,1,1,0
805,2009,rubens-barrichello,timo-glock,4.0,3,39.0,8.0,3.0,5.0,3.0,0,1,1,1
805,2009,timo-glock,nico-rosberg,5.0,3,60.0,3.0,4.0,3.0,8.0,1,0,1,1
805,2009,nico-rosberg,mark-webber,6.0,3,47.0,4.0,5.0,8.0,6.0,0,0,0,1
805,2009,kimi-raikkonen,fernando-alonso,9.0,3,1489.0,7.0,9.0,14.0,11.0,0,0,0,0
805,2009,nick-heidfeld,kazuki-nakajima,11.0,2,19.0,10.0,11.0,2.0,12.0,1,0,1,1
805,2009,kazuki-nakajima,lewis-hamilton,12.0,2,117.0,11.0,12.0,12.0,7.0,0,0,0,0
805,2009,felipe-massa,nelson-piquet-jr,16.0,1,66.0,16.0,17.0,9.0,13.0,1,0,1,1
805,2009,nelson-piquet-jr,giancarlo-fisichella,17.0,1,200.0,17.0,18.0,13.0,18.0,1,0,1,0
805,2009,giancarlo-fisichella,adrian-sutil,18.0,1,43.0,18.0,19.0,18.0,17.0,0,0,0,1
805,2009,adrian-sutil,sebastien-buemi,19.0,1,156.0,19.0,20.0,17.0,16.0,0,0,0,0
806,2009,sebastian-vettel,fernando-alonso,1.0,3,197.0,1.0,2.0,1.0,9.0,1,0,1,0
806,2009,fernando-alonso,mark-webber,2.0,3,85.0,2.0,3.0,9.0,2.0,0,0,0,1
806,2009,mark-webber,rubens-barrichello,3.0,3,27.0,3.0,4.0,2.0,4.0,1,0,1,1
806,2009,rubens-barrichello,jenson-button,4.0,3,39.0,4.0,5.0,4.0,3.0,0,0,0,1
806,2009,nico-rosberg,kimi-raikkonen,7.0,3,692.0,7.0,8.0,15.0,10.0,0,0,0,0
806,2009,kimi-raikkonen,lewis-hamilton,8.0,3,506.0,8.0,9.0,10.0,6.0,0,0,0,0
806,2009,lewis-hamilton,sebastien-buemi,9.0,3,726.0,9.0,10.0,6.0,8.0,1,0,1,0
806,2009,nick-heidfeld,heikki-kovalainen,11.0,2,57.0,11.0,12.0,12.0,5.0,0,0,0,1
806,2009,sebastien-bourdais,nelson-piquet-jr,16.0,1,2.0,15.0,16.0,11.0,16.0,1,0,1,1
806,2009,nelson-piquet-jr,robert-kubica,17.0,1,58.0,16.0,17.0,16.0,13.0,0,0,0,1
806,2009,robert-kubica,adrian-sutil,18.0,1,703.0,17.0,18.0,13.0,17.0,1,0,1,0
806,2009,adrian-sutil,giancarlo-fisichella,19.0,1,3.0,18.0,20.0,17.0,14.0,0,0,0,1
807,2009,jarno-trulli,timo-glock,1.0,3,281.0,1.0,2.0,3.0,7.0,1,0,1,0
807,2009,timo-glock,sebastian-vettel,2.0,3,303.0,2.0,3.0,7.0,2.0,0,0,0,0
807,2009,sebastian-vettel,jenson-button,3.0,3,29.0,3.0,4.0,2.0,1.0,0,0,0,1
807,2009,jenson-button,lewis-hamilton,4.0,3,152.0,4.0,5.0,1.0,4.0,1,0,1,0
807,2009,lewis-hamilton,rubens-barrichello,5.0,3,43.0,5.0,6.0,4.0,5.0,1,0,1,1
807,2009,rubens-barrichello,fernando-alonso,6.0,3,339.0,6.0,7.0,5.0,8.0,1,0,1,0
807,2009,fernando-alonso,felipe-massa,7.0,3,240.0,7.0,8.0,8.0,14.0,1,0,1,0
807,2009,felipe-massa,nico-rosberg,8.0,3,316.0,8.0,9.0,14.0,9.0,0,0,0,0
807,2009,nico-rosberg,kimi-raikkonen,9.0,3,246.0,9.0,10.0,9.0,6.0,0,0,0,0
807,2009,robert-kubica,nick-heidfeld,13.0,2,75.0,13.0,14.0,18.0,19.0,1,0,1,1
807,2009,nick-heidfeld,nelson-piquet-jr,14.0,2,379.0,14.0,15.0,19.0,10.0,0,0,0,0
807,2009,adrian-sutil,sebastien-buemi,16.0,1,31.0,19.0,16.0,16.0,17.0,1,1,0,1
807,2009,sebastien-buemi,giancarlo-fisichella,17.0,1,157.0,16.0,17.0,17.0,15.0,0,0,0,0
807,2009,giancarlo-fisichella,mark-webber,18.0,1,128.0,17.0,18.0,15.0,11.0,0,0,0,0
807,2009,mark-webber,sebastien-bourdais,19.0,1,121.0,18.0,20.0,11.0,13.0,1,0,1,0
808,2009,jenson-button,sebastian-vettel,1.0,3,133.0,1.0,2.0,1.0,4.0,1,0,1,0
808,2009,sebastian-vettel,rubens-barrichello,2.0,3,102.0,2.0,3.0,4.0,2.0,0,0,0,0
808,2009,rubens-barrichello,felipe-massa,3.0,3,172.0,3.0,4.0,2.0,6.0,1,0,1,0
808,2009,felipe-massa,mark-webber,4.0,3,115.0,4.0,5.0,6.0,3.0,0,0,0,0
808,2009,mark-webber,timo-glock,5.0,3,198.0,5.0,6.0,3.0,10.0,1,0,1,0
808,2009,fernando-alonso,nico-rosberg,8.0,3,1166.0,8.0,9.0,5.0,8.0,1,0,1,0
808,2009,nico-rosberg,robert-kubica,9.0,3,127.0,9.0,10.0,8.0,11.0,1,0,1,0
808,2009,kazuki-nakajima,nelson-piquet-jr,11.0,2,73.0,11.0,12.0,13.0,12.0,0,0,0,1
808,2009,nelson-piquet-jr,nick-heidfeld,12.0,2,72.0,12.0,13.0,12.0,7.0,0,0,0,1
808,2009,nick-heidfeld,lewis-hamilton,13.0,2,129.0,13.0,14.0,7.0,9.0,1,0,1,0
809,2009,jenson-button,kimi-raikkonen,1.0,3,25.0,1.0,2.0,1.0,3.0,1,0,1,1
809,2009,kimi-raikkonen,rubens-barrichello,2.0,3,150.0,2.0,3.0,3.0,2.0,0,0,0,0
809,2009,felipe-massa,nico-rosberg,5.0,3,18.0,5.0,6.0,4.0,6.0,1,0,1,1
809,2009,mark-webber,fernando-alonso,8.0,3,356.0,8.0,9.0,5.0,7.0,1,0,1,0
809,2009,fernando-alonso,kazuki-nakajima,9.0,3,1335.0,9.0,10.0,7.0,15.0,1,0,1,0
809,2009,giancarlo-fisichella,sebastien-bourdais,13.0,2,135.0,13.0,14.0,9.0,8.0,0,0,0,0
809,2009,sebastien-bourdais,adrian-sutil,14.0,2,264.0,14.0,15.0,8.0,14.0,1,0,1,0
809,2009,lewis-hamilton,nick-heidfeld,16.0,1,0.0,19.0,16.0,12.0,11.0,0,1,1,1
809,2009,jarno-trulli,timo-glock,19.0,1,240.0,18.0,20.0,13.0,10.0,0,0,0,0
810,2009,sebastian-vettel,jenson-button,1.0,3,105.0,1.0,2.0,3.0,1.0,0,0,0,0
810,2009,mark-webber,jarno-trulli,4.0,3,53.0,4.0,5.0,2.0,4.0,1,0,1,1
810,2009,jarno-trulli,kimi-raikkonen,5.0,3,149.0,5.0,6.0,4.0,9.0,1,0,1,0
810,2009,kimi-raikkonen,felipe-massa,6.0,3,43.0,6.0,7.0,9.0,6.0,0,0,0,1
810,2009,felipe-massa,fernando-alonso,7.0,3,217.0,7.0,8.0,6.0,10.0,1,0,1,0
810,2009,fernando-alonso,nico-rosberg,8.0,3,116.0,8.0,9.0,10.0,5.0,0,0,0,0
810,2009,nico-rosberg,robert-kubica,9.0,3,166.0,9.0,10.0,5.0,7.0,1,0,1,0
810,2009,nick-heidfeld,kazuki-nakajima,11.0,2,108.0,11.0,12.0,11.0,12.0,1,0,1,0
810,2009,kazuki-nakajima,timo-glock,12.0,2,166.0,12.0,13.0,12.0,8.0,0,0,0,0
810,2009,timo-glock,heikki-kovalainen,13.0,2,412.0,13.0,14.0,8.0,14.0,1,0,1,0
810,2009,heikki-kovalainen,adrian-sutil,14.0,2,184.0,14.0,15.0,14.0,17.0,1,0,1,0
810,2009,lewis-hamilton,nelson-piquet-jr,16.0,1,264.0,16.0,17.0,13.0,16.0,1,0,1,0
810,2009,nelson-piquet-jr,sebastien-buemi,17.0,1,126.0,17.0,18.0,16.0,15.0,0,0,0,0
811,2009,sebastian-vettel,rubens-barrichello,1.0,3,347.0,1.0,2.0,1.0,3.0,1,0,1,0
811,2009,rubens-barrichello,mark-webber,2.0,3,12.0,2.0,3.0,3.0,2.0,0,0,0,1
811,2009,mark-webber,jarno-trulli,3.0,3,223.0,3.0,4.0,2.0,7.0,1,0,1,0
811,2009,jarno-trulli,kazuki-nakajima,4.0,3,125.0,4.0,5.0,7.0,11.0,1,0,1,0
811,2009,kazuki-nakajima,jenson-button,5.0,3,73.0,5.0,6.0,11.0,6.0,0,0,0,1
811,2009,jenson-button,nico-rosberg,6.0,3,72.0,6.0,7.0,6.0,5.0,0,0,0,1
811,2009,nico-rosberg,timo-glock,7.0,3,129.0,7.0,8.0,5.0,9.0,1,0,1,0
811,2009,timo-glock,kimi-raikkonen,8.0,3,225.0,8.0,9.0,9.0,8.0,0,0,0,0
811,2009,kimi-raikkonen,fernando-alonso,9.0,3,26.0,9.0,10.0,8.0,14.0,1,0,1,1
811,2009,felipe-massa,robert-kubica,11.0,2,381.0,11.0,12.0,4.0,13.0,1,0,1,0
811,2009,nelson-piquet-jr,nick-heidfeld,14.0,2,56.0,14.0,15.0,12.0,15.0,1,0,1,1
811,2009,adrian-sutil,lewis-hamilton,18.0,1,8.0,20.0,18.0,17.0,16.0,0,1,1,1
811,2009,lewis-hamilton,sebastien-buemi,19.0,1,319.0,18.0,19.0,16.0,18.0,1,0,1,0
812,2009,mark-webber,rubens-barrichello,1.0,3,127.0,1.0,2.0,1.0,6.0,1,0,1,0
812,2009,rubens-barrichello,jenson-button,2.0,3,116.0,2.0,3.0,6.0,5.0,0,0,0,0
812,2009,jenson-button,sebastian-vettel,3.0,3,7.0,3.0,4.0,5.0,2.0,0,0,0,1
812,2009,sebastian-vettel,lewis-hamilton,4.0,3,136.0,4.0,5.0,2.0,18.0,1,0,1,0
812,2009,lewis-hamilton,heikki-kovalainen,5.0,3,1243.0,5.0,6.0,18.0,8.0,0,0,0,0
812,2009,heikki-kovalainen,adrian-sutil,6.0,3,457.0,6.0,7.0,8.0,15.0,1,0,1,0
812,2009,adrian-sutil,felipe-massa,7.0,3,258.0,7.0,8.0,15.0,3.0,0,0,0,0
812,2009,nick-heidfeld,fernando-alonso,11.0,2,8.0,11.0,12.0,10.0,7.0,0,0,0,1
812,2009,fernando-alonso,kazuki-nakajima,12.0,2,182.0,12.0,13.0,7.0,12.0,1,0,1,0
812,2009,kazuki-nakajima,jarno-trulli,13.0,2,271.0,13.0,14.0,12.0,17.0,1,0,1,0
812,2009,jarno-trulli,nico-rosberg,14.0,2,88.0,14.0,15.0,17.0,4.0,0,0,0,1
812,2009,robert-kubica,sebastien-buemi,16.0,1,61.0,16.0,17.0,14.0,16.0,1,0,1,1
812,2009,sebastien-buemi,giancarlo-fisichella,17.0,1,151.0,17.0,18.0,16.0,11.0,0,0,0,0
812,2009,giancarlo-fisichella,timo-glock,18.0,1,21.0,18.0,20.0,11.0,9.0,0,0,0,1
813,2009,mark-webber,lewis-hamilton,3.0,3,98.0,3.0,4.0,3.0,1.0,0,0,0,1
813,2009,lewis-hamilton,nico-rosberg,4.0,3,51.0,4.0,5.0,1.0,4.0,1,0,1,1
813,2009,nico-rosberg,heikki-kovalainen,5.0,3,205.0,5.0,6.0,4.0,5.0,1,0,1,0
813,2009,heikki-kovalainen,kimi-raikkonen,6.0,3,373.0,6.0,7.0,5.0,2.0,0,0,0,0
813,2009,kimi-raikkonen,jenson-button,7.0,3,43.0,7.0,8.0,2.0,7.0,1,0,1,1
813,2009,jenson-button,kazuki-nakajima,8.0,3,324.0,8.0,9.0,7.0,9.0,1,0,1,0
813,2009,sebastien-buemi,jarno-trulli,11.0,2,80.0,10.0,11.0,16.0,8.0,0,0,0,1
813,2009,jarno-trulli,rubens-barrichello,12.0,2,140.0,11.0,12.0,8.0,10.0,1,0,1,0
813,2009,rubens-barrichello,timo-glock,13.0,2,20.0,12.0,13.0,10.0,6.0,0,0,0,1
813,2009,timo-glock,nelson-piquet-jr,14.0,2,147.0,13.0,14.0,6.0,12.0,1,0,1,0
813,2009,nick-heidfeld,giancarlo-fisichella,16.0,1,69.0,15.0,16.0,11.0,14.0,1,0,1,1
813,2009,robert-kubica,jaime-alguersuari,19.0,1,458.0,18.0,19.0,13.0,15.0,1,0,1,0
814,2009,lewis-hamilton,heikki-kovalainen,1.0,3,34.0,1.0,2.0,2.0,4.0,1,0,1,1
814,2009,heikki-kovalainen,rubens-barrichello,2.0,3,31.0,2.0,3.0,4.0,1.0,0,0,0,1
814,2009,jenson-button,kimi-raikkonen,5.0,3,323.0,5.0,6.0,7.0,3.0,0,0,0,0
814,2009,kimi-raikkonen,nico-rosberg,6.0,3,41.0,6.0,7.0,3.0,5.0,1,0,1,1
814,2009,nico-rosberg,fernando-alonso,7.0,3,51.0,7.0,8.0,5.0,6.0,1,0,1,1
814,2009,fernando-alonso,mark-webber,8.0,3,3.0,8.0,9.0,6.0,9.0,1,0,1,1
814,2009,mark-webber,robert-kubica,9.0,3,273.0,9.0,10.0,9.0,8.0,0,0,0,0
814,2009,nick-heidfeld,adrian-sutil,11.0,2,20.0,11.0,12.0,11.0,10.0,0,0,0,1
814,2009,adrian-sutil,timo-glock,12.0,2,145.0,12.0,13.0,10.0,14.0,1,0,1,0
814,2009,timo-glock,romain-grosjean,13.0,2,49.0,13.0,14.0,14.0,15.0,1,0,1,1
814,2009,giancarlo-fisichella,kazuki-nakajima,16.0,1,264.0,16.0,17.0,12.0,18.0,1,0,1,0
814,2009,kazuki-nakajima,jarno-trulli,17.0,1,12.0,17.0,18.0,18.0,13.0,0,0,0,1
814,2009,jarno-trulli,jaime-alguersuari,18.0,1,118.0,18.0,19.0,13.0,16.0,1,0,1,0
814,2009,jaime-alguersuari,luca-badoer,19.0,1,1488.0,19.0,20.0,16.0,17.0,1,0,1,0
815,2009,nick-heidfeld,rubens-barrichello,3.0,3,13.0,3.0,4.0,5.0,7.0,1,0,1,1
815,2009,rubens-barrichello,robert-kubica,4.0,3,73.0,4.0,5.0,7.0,4.0,0,0,0,1
815,2009,robert-kubica,kimi-raikkonen,5.0,3,47.0,5.0,6.0,4.0,1.0,0,0,0,1
815,2009,kimi-raikkonen,timo-glock,6.0,3,44.0,6.0,7.0,1.0,10.0,1,0,1,1
815,2009,timo-glock,sebastian-vettel,7.0,3,84.0,7.0,8.0,10.0,3.0,0,0,0,1
815,2009,sebastian-vettel,mark-webber,8.0,3,27.0,8.0,9.0,3.0,9.0,1,0,1,1
815,2009,mark-webber,nico-rosberg,9.0,3,574.0,9.0,10.0,9.0,8.0,0,0,0,0
816,2009,lewis-hamilton,adrian-sutil,1.0,3,195.0,1.0,2.0,12.0,4.0,0,0,0,0
816,2009,adrian-sutil,kimi-raikkonen,2.0,3,262.0,2.0,3.0,4.0,3.0,0,0,0,0
816,2009,kimi-raikkonen,heikki-kovalainen,3.0,3,322.0,3.0,4.0,3.0,6.0,1,0,1,0
816,2009,heikki-kovalainen,rubens-barrichello,4.0,3,170.0,4.0,5.0,6.0,1.0,0,0,0,0
816,2009,rubens-barrichello,jenson-button,5.0,3,15.0,5.0,6.0,1.0,2.0,1,0,1,1
816,2009,fernando-alonso,sebastian-vettel,8.0,3,108.0,8.0,9.0,5.0,8.0,1,0,1,0
816,2009,jarno-trulli,romain-grosjean,11.0,2,117.0,11.0,12.0,14.0,15.0,1,0,1,0
816,2009,giancarlo-fisichella,nick-heidfeld,14.0,2,374.0,14.0,15.0,9.0,7.0,0,0,0,0
816,2009,timo-glock,kazuki-nakajima,16.0,1,38.0,16.0,17.0,11.0,10.0,0,0,0,1
816,2009,kazuki-nakajima,nico-rosberg,17.0,1,47.0,17.0,18.0,10.0,16.0,1,0,1,1
816,2009,nico-rosberg,sebastien-buemi,18.0,1,99.0,18.0,19.0,16.0,13.0,0,0,0,1
817,2009,lewis-hamilton,sebastian-vettel,1.0,3,313.0,1.0,2.0,1.0,4.0,1,0,1,0
817,2009,sebastian-vettel,nico-rosberg,2.0,3,144.0,2.0,3.0,4.0,11.0,1,0,1,0
817,2009,rubens-barrichello,fernando-alonso,5.0,3,226.0,9.0,5.0,6.0,3.0,0,1,1,0
817,2009,fernando-alonso,timo-glock,6.0,3,126.0,5.0,6.0,3.0,2.0,0,0,0,0
817,2009,robert-kubica,heikki-kovalainen,9.0,3,264.0,7.0,8.0,8.0,7.0,0,0,0,0
817,2009,kazuki-nakajima,jenson-button,11.0,2,128.0,10.0,11.0,9.0,5.0,0,0,0,0
817,2009,jenson-button,kimi-raikkonen,12.0,2,36.0,11.0,12.0,5.0,10.0,1,0,1,1
818,2009,sebastian-vettel,jarno-trulli,1.0,3,60.0,1.0,2.0,1.0,2.0,1,0,1,1
818,2009,jarno-trulli,lewis-hamilton,2.0,3,175.0,2.0,3.0,2.0,3.0,1,0,1,0
818,2009,lewis-hamilton,adrian-sutil,3.0,3,71.0,3.0,8.0,3.0,13.0,1,0,1,1
818,2009,adrian-sutil,rubens-barrichello,4.0,3,194.0,8.0,6.0,13.0,7.0,0,1,1,0
818,2009,rubens-barrichello,nick-heidfeld,5.0,3,285.0,6.0,4.0,7.0,6.0,0,1,1,0
818,2009,nick-heidfeld,jenson-button,6.0,3,17.0,4.0,10.0,6.0,8.0,1,0,1,1
818,2009,jenson-button,kimi-raikkonen,7.0,3,18.0,10.0,5.0,8.0,4.0,0,1,1,1
818,2009,nico-rosberg,fernando-alonso,11.0,2,156.0,7.0,16.0,5.0,10.0,1,0,1,0
818,2009,fernando-alonso,robert-kubica,12.0,2,703.0,16.0,9.0,10.0,9.0,0,1,1,0
818,2009,giancarlo-fisichella,kazuki-nakajima,16.0,1,14.0,14.0,15.0,12.0,15.0,1,0,1,1
818,2009,kazuki-nakajima,romain-grosjean,17.0,1,355.0,15.0,17.0,15.0,16.0,1,0,1,0
818,2009,romain-grosjean,vitantonio-liuzzi,18.0,1,14.0,17.0,18.0,16.0,14.0,0,0,0,1
819,2009,rubens-barrichello,mark-webber,1.0,3,92.0,1.0,2.0,8.0,1.0,0,0,0,1
819,2009,kimi-raikkonen,sebastien-buemi,5.0,3,82.0,5.0,6.0,6.0,7.0,1,0,1,1
819,2009,kamui-kobayashi,jaime-alguersuari,11.0,2,271.0,11.0,12.0,9.0,14.0,1,0,1,0
819,2009,jaime-alguersuari,romain-grosjean,12.0,2,246.0,12.0,13.0,14.0,13.0,0,0,0,0
819,2009,romain-grosjean,jenson-button,13.0,2,27.0,13.0,14.0,13.0,5.0,0,0,0,1
819,2009,vitantonio-liuzzi,sebastian-vettel,15.0,1,364.0,20.0,15.0,11.0,4.0,0,1,1,0
819,2009,sebastian-vettel,heikki-kovalainen,16.0,1,43.0,15.0,16.0,4.0,12.0,1,0,1,1
819,2009,heikki-kovalainen,lewis-hamilton,17.0,1,140.0,16.0,17.0,12.0,3.0,0,0,0,0
820,2009,sebastian-vettel,mark-webber,2.0,3,111.0,2.0,3.0,1.0,2.0,1,0,1,0
820,2009,mark-webber,rubens-barrichello,3.0,3,60.0,3.0,4.0,2.0,4.0,1,0,1,1
820,2009,rubens-barrichello,jenson-button,4.0,3,106.0,4.0,5.0,4.0,3.0,0,0,0,0
820,2009,jenson-button,jarno-trulli,5.0,3,5.0,5.0,6.0,3.0,7.0,1,0,1,1
820,2009,jarno-trulli,robert-kubica,6.0,3,95.0,6.0,7.0,7.0,10.0,1,0,1,1
820,2009,robert-kubica,nick-heidfeld,7.0,3,351.0,7.0,8.0,10.0,5.0,0,0,0,0
820,2009,nick-heidfeld,nico-rosberg,8.0,3,240.0,8.0,9.0,5.0,9.0,1,0,1,0
820,2009,nico-rosberg,sebastien-buemi,9.0,3,130.0,9.0,10.0,9.0,8.0,0,0,0,0
820,2009,kimi-raikkonen,kamui-kobayashi,11.0,2,51.0,11.0,12.0,12.0,6.0,0,0,0,1
820,2009,kamui-kobayashi,heikki-kovalainen,12.0,2,206.0,12.0,18.0,6.0,11.0,1,0,1,0
820,2009,heikki-kovalainen,kazuki-nakajima,13.0,2,165.0,18.0,13.0,11.0,13.0,1,1,0,0
820,2009,fernando-alonso,vitantonio-liuzzi,16.0,1,34.0,15.0,16.0,14.0,15.0,1,0,1,1
820,2009,vitantonio-liuzzi,adrian-sutil,17.0,1,162.0,16.0,17.0,15.0,17.0,1,0,1,0
820,2009,adrian-sutil,romain-grosjean,18.0,1,87.0,17.0,19.0,17.0,18.0,1,0,1,1
820,2009,romain-grosjean,giancarlo-fisichella,19.0,1,234.0,19.0,20.0,18.0,16.0,0,0,0,0
821,2010,sebastian-vettel,felipe-massa,1.0,3,141.0,1.0,2.0,4.0,2.0,0,0,0,0
821,2010,felipe-massa,fernando-alonso,2.0,3,366.0,2.0,3.0,2.0,1.0,0,0,0,0
821,2010,fernando-alonso,lewis-hamilton,3.0,3,609.0,3.0,4.0,1.0,3.0,1,0,1,0
821,2010,lewis-hamilton,nico-rosberg,4.0,3,24.0,4.0,5.0,3.0,5.0,1,0,1,1
821,2010,nico-rosberg,mark-webber,5.0,3,43.0,5.0,6.0,5.0,8.0,1,0,1,1
821,2010,mark-webber,michael-schumacher,6.0,3,240.0,6.0,7.0,8.0,6.0,0,0,0,0
821,2010,michael-schumacher,jenson-button,7.0,3,148.0,7.0,8.0,6.0,7.0,1,0,1,0
821,2010,jenson-button,robert-kubica,8.0,3,213.0,8.0,9.0,7.0,11.0,1,0,1,0
821,2010,robert-kubica,adrian-sutil,9.0,3,424.0,9.0,10.0,11.0,12.0,1,0,1,0
821,2010,rubens-barrichello,vitantonio-liuzzi,11.0,2,323.0,11.0,12.0,10.0,9.0,0,0,0,0
821,2010,vitantonio-liuzzi,nico-hulkenberg,12.0,2,204.0,12.0,13.0,9.0,14.0,1,0,1,0
821,2010,jarno-trulli,heikki-kovalainen,20.0,1,461.0,20.0,21.0,17.0,15.0,0,0,0,0
822,2010,mark-webber,fernando-alonso,2.0,3,76.0,2.0,3.0,9.0,4.0,0,0,0,1
822,2010,fernando-alonso,jenson-button,3.0,3,564.0,3.0,4.0,4.0,1.0,0,0,0,0
822,2010,jenson-button,felipe-massa,4.0,3,162.0,4.0,5.0,1.0,3.0,1,0,1,0
822,2010,felipe-massa,nico-rosberg,5.0,3,47.0,5.0,6.0,3.0,5.0,1,0,1,1
822,2010,nico-rosberg,michael-schumacher,6.0,3,43.0,6.0,7.0,5.0,10.0,1,0,1,1
822,2010,michael-schumacher,rubens-barrichello,7.0,3,290.0,7.0,8.0,10.0,8.0,0,0,0,0
822,2010,rubens-barrichello,robert-kubica,8.0,3,155.0,8.0,9.0,8.0,2.0,0,0,0,0
822,2010,vitantonio-liuzzi,pedro-de-la-rosa,13.0,2,4.0,13.0,14.0,7.0,12.0,1,0,1,1
823,2010,mark-webber,nico-rosberg,1.0,3,1346.0,1.0,2.0,2.0,3.0,1,0,1,0
823,2010,nico-rosberg,sebastian-vettel,2.0,3,116.0,2.0,3.0,3.0,1.0,0,0,0,0
823,2010,sebastian-vettel,adrian-sutil,3.0,3,125.0,3.0,4.0,1.0,5.0,1,0,1,0
823,2010,adrian-sutil,nico-hulkenberg,4.0,3,87.0,4.0,5.0,5.0,10.0,1,0,1,1
823,2010,nico-hulkenberg,robert-kubica,5.0,3,50.0,5.0,6.0,10.0,4.0,0,0,0,1
823,2010,robert-kubica,rubens-barrichello,6.0,3,460.0,6.0,7.0,4.0,12.0,1,0,1,0
823,2010,sebastien-buemi,jaime-alguersuari,13.0,2,257.0,13.0,14.0,11.0,9.0,0,0,0,0
823,2010,jenson-button,jarno-trulli,17.0,1,673.0,17.0,18.0,8.0,17.0,1,0,1,0
823,2010,jarno-trulli,fernando-alonso,18.0,1,160.0,18.0,19.0,17.0,13.0,0,0,0,0
823,2010,fernando-alonso,lewis-hamilton,19.0,1,6.0,19.0,20.0,13.0,6.0,0,0,0,1
823,2010,lewis-hamilton,felipe-massa,20.0,1,233.0,20.0,21.0,6.0,7.0,1,0,1,0
823,2010,felipe-massa,karun-chandhok,21.0,1,3016.0,21.0,22.0,7.0,15.0,1,0,1,0
823,2010,karun-chandhok,bruno-senna,22.0,1,970.0,22.0,23.0,15.0,16.0,1,0,1,0
823,2010,bruno-senna,lucas-di-grassi,23.0,1,2708.0,23.0,24.0,16.0,14.0,0,0,0,0
824,2010,sebastian-vettel,mark-webber,1.0,3,248.0,1.0,2.0,6.0,8.0,1,0,1,0
824,2010,mark-webber,fernando-alonso,2.0,3,107.0,2.0,3.0,8.0,4.0,0,0,0,0
824,2010,fernando-alonso,nico-rosberg,3.0,3,10.0,3.0,4.0,4.0,3.0,0,0,0,1
824,2010,nico-rosberg,jenson-button,4.0,3,56.0,4.0,5.0,3.0,1.0,0,0,0,1
824,2010,jenson-button,lewis-hamilton,5.0,3,55.0,5.0,6.0,1.0,2.0,1,0,1,1
824,2010,lewis-hamilton,felipe-massa,6.0,3,146.0,6.0,7.0,2.0,9.0,1,0,1,0
824,2010,felipe-massa,robert-kubica,7.0,3,184.0,7.0,8.0,9.0,5.0,0,0,0,0
824,2010,robert-kubica,michael-schumacher,8.0,3,282.0,8.0,9.0,5.0,10.0,1,0,1,0
824,2010,michael-schumacher,adrian-sutil,9.0,3,317.0,9.0,10.0,10.0,11.0,1,0,1,0
824,2010,rubens-barrichello,jaime-alguersuari,11.0,2,299.0,11.0,12.0,12.0,13.0,1,0,1,0
824,2010,bruno-senna,karun-chandhok,23.0,1,109.0,23.0,24.0,16.0,17.0,1,0,1,0
825,2010,mark-webber,sebastian-vettel,1.0,3,106.0,1.0,2.0,1.0,3.0,1,0,1,0
825,2010,sebastian-vettel,lewis-hamilton,2.0,3,728.0,2.0,3.0,3.0,14.0,1,0,1,0
825,2010,lewis-hamilton,fernando-alonso,3.0,3,108.0,3.0,4.0,14.0,2.0,0,0,0,0
825,2010,fernando-alonso,jenson-button,4.0,3,54.0,4.0,5.0,2.0,5.0,1,0,1,1
825,2010,jenson-button,michael-schumacher,5.0,3,303.0,5.0,6.0,5.0,4.0,0,0,0,0
825,2010,michael-schumacher,robert-kubica,6.0,3,59.0,6.0,7.0,4.0,8.0,1,0,1,1
825,2010,robert-kubica,nico-rosberg,7.0,3,55.0,7.0,8.0,8.0,13.0,1,0,1,1
825,2010,nico-rosberg,felipe-massa,8.0,3,177.0,8.0,9.0,13.0,6.0,0,0,0,0
825,2010,felipe-massa,kamui-kobayashi,9.0,3,399.0,9.0,10.0,6.0,12.0,1,0,1,0
825,2010,nico-hulkenberg,vitaly-petrov,13.0,2,8.0,13.0,19.0,16.0,11.0,0,0,0,1
825,2010,jaime-alguersuari,vitantonio-liuzzi,16.0,2,647.0,15.0,16.0,10.0,15.0,1,0,1,0
825,2010,rubens-barrichello,jarno-trulli,18.0,1,1549.0,17.0,18.0,9.0,17.0,1,0,1,0
825,2010,timo-glock,lucas-di-grassi,21.0,1,81.0,22.0,23.0,18.0,19.0,1,0,1,1
826,2010,mark-webber,robert-kubica,1.0,3,294.0,1.0,2.0,1.0,3.0,1,0,1,0
826,2010,robert-kubica,sebastian-vettel,2.0,3,107.0,2.0,3.0,3.0,2.0,0,0,0,0
826,2010,sebastian-vettel,felipe-massa,3.0,3,56.0,3.0,4.0,2.0,4.0,1,0,1,1
826,2010,felipe-massa,lewis-hamilton,4.0,3,149.0,4.0,5.0,4.0,5.0,1,0,1,0
826,2010,lewis-hamilton,nico-rosberg,5.0,3,112.0,5.0,6.0,5.0,7.0,1,0,1,0
826,2010,nico-rosberg,michael-schumacher,6.0,3,46.0,6.0,7.0,7.0,12.0,1,0,1,1
826,2010,adrian-sutil,sebastien-buemi,12.0,2,95.0,12.0,13.0,8.0,10.0,1,0,1,1
826,2010,sebastien-buemi,vitaly-petrov,13.0,2,163.0,13.0,14.0,10.0,13.0,1,0,1,0
827,2010,mark-webber,lewis-hamilton,1.0,3,138.0,1.0,2.0,3.0,1.0,0,0,0,0
827,2010,jenson-button,michael-schumacher,4.0,3,76.0,4.0,5.0,2.0,4.0,1,0,1,1
827,2010,michael-schumacher,nico-rosberg,5.0,3,95.0,5.0,6.0,4.0,5.0,1,0,1,1
827,2010,nico-rosberg,robert-kubica,6.0,3,87.0,6.0,7.0,5.0,6.0,1,0,1,1
827,2010,robert-kubica,felipe-massa,7.0,3,43.0,7.0,8.0,6.0,7.0,1,0,1,1
827,2010,felipe-massa,vitaly-petrov,8.0,3,348.0,8.0,9.0,7.0,15.0,1,0,1,0
827,2010,vitaly-petrov,kamui-kobayashi,9.0,3,692.0,9.0,10.0,15.0,10.0,0,0,0,0
827,2010,adrian-sutil,fernando-alonso,11.0,2,87.0,11.0,12.0,9.0,8.0,0,0,0,1
827,2010,fernando-alonso,pedro-de-la-rosa,12.0,2,267.0,12.0,13.0,8.0,11.0,1,0,1,0
827,2010,pedro-de-la-rosa,sebastien-buemi,13.0,2,394.0,13.0,14.0,11.0,16.0,1,0,1,0
827,2010,sebastien-buemi,rubens-barrichello,14.0,2,119.0,14.0,15.0,16.0,14.0,0,0,0,0
827,2010,rubens-barrichello,jaime-alguersuari,15.0,2,148.0,15.0,16.0,14.0,12.0,0,0,0,0
827,2010,jaime-alguersuari,nico-hulkenberg,16.0,2,301.0,16.0,17.0,12.0,17.0,1,0,1,0
827,2010,lucas-di-grassi,karun-chandhok,23.0,1,71.0,25.0,24.0,19.0,20.0,1,1,0,1
828,2010,lewis-hamilton,mark-webber,1.0,3,268.0,1.0,7.0,1.0,5.0,1,0,1,0
828,2010,mark-webber,sebastian-vettel,2.0,3,47.0,7.0,2.0,5.0,4.0,0,1,1,1
828,2010,sebastian-vettel,fernando-alonso,3.0,3,15.0,2.0,3.0,4.0,3.0,0,0,0,1
828,2010,fernando-alonso,jenson-button,4.0,3,85.0,3.0,4.0,3.0,2.0,0,0,0,1
828,2010,jenson-button,vitantonio-liuzzi,5.0,3,128.0,4.0,5.0,2.0,9.0,1,0,1,0
828,2010,vitantonio-liuzzi,felipe-massa,6.0,3,40.0,5.0,6.0,9.0,15.0,1,0,1,1
828,2010,felipe-massa,robert-kubica,7.0,3,27.0,6.0,8.0,15.0,7.0,0,0,0,1
828,2010,robert-kubica,adrian-sutil,8.0,3,166.0,8.0,9.0,7.0,10.0,1,0,1,0
828,2010,adrian-sutil,nico-rosberg,9.0,3,190.0,9.0,10.0,10.0,6.0,0,0,0,0
828,2010,rubens-barrichello,nico-hulkenberg,11.0,2,4.0,11.0,12.0,14.0,13.0,0,0,0,1
828,2010,nico-hulkenberg,michael-schumacher,12.0,2,54.0,12.0,13.0,13.0,11.0,0,0,0,1
828,2010,michael-schumacher,vitaly-petrov,13.0,2,352.0,13.0,14.0,11.0,17.0,1,0,1,0
828,2010,vitaly-petrov,sebastien-buemi,14.0,2,84.0,14.0,15.0,17.0,8.0,0,0,0,1
828,2010,sebastien-buemi,jaime-alguersuari,15.0,2,101.0,15.0,16.0,8.0,12.0,1,0,1,0
828,2010,lucas-di-grassi,karun-chandhok,23.0,1,8082.0,23.0,24.0,19.0,18.0,0,0,0,0
829,2010,lewis-hamilton,fernando-alonso,3.0,3,106.0,3.0,4.0,2.0,8.0,1,0,1,0
829,2010,fernando-alonso,felipe-massa,4.0,3,52.0,4.0,5.0,8.0,11.0,1,0,1,1
829,2010,felipe-massa,robert-kubica,5.0,3,10.0,5.0,6.0,11.0,5.0,0,0,0,1
829,2010,robert-kubica,jenson-button,6.0,3,73.0,6.0,7.0,5.0,3.0,0,0,0,1
829,2010,rubens-barrichello,vitaly-petrov,9.0,3,95.0,9.0,10.0,4.0,14.0,1,0,1,1
829,2010,sebastien-buemi,nico-rosberg,11.0,2,41.0,11.0,12.0,9.0,10.0,1,0,1,1
829,2010,nico-rosberg,adrian-sutil,12.0,2,224.0,12.0,13.0,10.0,6.0,0,0,0,0
829,2010,adrian-sutil,vitantonio-liuzzi,13.0,2,33.0,13.0,14.0,6.0,16.0,1,0,1,1
829,2010,vitantonio-liuzzi,michael-schumacher,14.0,2,350.0,14.0,15.0,16.0,15.0,0,0,0,0
829,2010,michael-schumacher,pedro-de-la-rosa,15.0,2,30.0,15.0,16.0,15.0,12.0,0,0,0,1
829,2010,pedro-de-la-rosa,jaime-alguersuari,16.0,2,194.0,16.0,17.0,12.0,13.0,1,0,1,0
829,2010,kamui-kobayashi,jarno-trulli,18.0,1,1315.0,18.0,19.0,7.0,21.0,1,0,1,0
829,2010,lucas-di-grassi,timo-glock,21.0,1,54.0,21.0,22.0,17.0,19.0,1,0,1,1
829,2010,timo-glock,karun-chandhok,22.0,1,460.0,22.0,23.0,19.0,18.0,0,0,0,0
829,2010,karun-chandhok,bruno-senna,23.0,1,251.0,23.0,24.0,18.0,20.0,1,0,1,0
830,2010,sebastian-vettel,mark-webber,1.0,3,143.0,1.0,2.0,7.0,1.0,0,0,0,0
830,2010,mark-webber,fernando-alonso,2.0,3,668.0,2.0,3.0,1.0,14.0,1,0,1,0
830,2010,fernando-alonso,lewis-hamilton,3.0,3,130.0,3.0,4.0,14.0,2.0,0,0,0,0
830,2010,lewis-hamilton,nico-rosberg,4.0,3,69.0,4.0,5.0,2.0,3.0,1,0,1,1
830,2010,felipe-massa,rubens-barrichello,7.0,3,3.0,7.0,8.0,15.0,5.0,0,0,0,1
830,2010,adrian-sutil,kamui-kobayashi,11.0,2,22.0,11.0,12.0,8.0,6.0,0,0,0,1
830,2010,kamui-kobayashi,nico-hulkenberg,12.0,2,214.0,12.0,13.0,6.0,10.0,1,0,1,0
830,2010,nico-hulkenberg,jenson-button,13.0,2,64.0,13.0,14.0,10.0,4.0,0,0,0,1
830,2010,jenson-button,vitantonio-liuzzi,14.0,2,9.0,14.0,20.0,4.0,11.0,1,0,1,1
830,2010,vitantonio-liuzzi,vitaly-petrov,15.0,2,88.0,20.0,15.0,11.0,13.0,1,1,0,1
830,2010,vitaly-petrov,sebastien-buemi,16.0,2,216.0,15.0,16.0,13.0,12.0,0,0,0,0
830,2010,heikki-kovalainen,timo-glock,19.0,1,370.0,18.0,19.0,17.0,18.0,1,0,1,0
830,2010,timo-glock,jarno-trulli,20.0,1,89.0,19.0,21.0,18.0,16.0,0,0,0,1
830,2010,karun-chandhok,sakon-yamamoto,23.0,1,392.0,23.0,24.0,19.0,20.0,1,0,1,0
831,2010,sebastian-vettel,fernando-alonso,1.0,3,2.0,1.0,2.0,3.0,1.0,0,0,0,1
831,2010,fernando-alonso,felipe-massa,2.0,3,497.0,2.0,3.0,1.0,2.0,1,0,1,0
831,2010,felipe-massa,mark-webber,3.0,3,57.0,3.0,4.0,2.0,6.0,1,0,1,1
831,2010,mark-webber,jenson-button,4.0,3,80.0,4.0,5.0,6.0,5.0,0,0,0,1
831,2010,jenson-button,lewis-hamilton,5.0,3,139.0,5.0,6.0,5.0,4.0,0,0,0,0
831,2010,lewis-hamilton,robert-kubica,6.0,3,513.0,6.0,7.0,4.0,7.0,1,0,1,0
831,2010,robert-kubica,rubens-barrichello,7.0,3,30.0,7.0,8.0,7.0,12.0,1,0,1,1
831,2010,rubens-barrichello,nico-rosberg,8.0,3,70.0,8.0,9.0,12.0,8.0,0,0,0,1
831,2010,nico-rosberg,nico-hulkenberg,9.0,3,160.0,9.0,10.0,8.0,13.0,1,0,1,0
831,2010,michael-schumacher,kamui-kobayashi,11.0,2,58.0,11.0,12.0,9.0,11.0,1,0,1,1
831,2010,kamui-kobayashi,vitaly-petrov,12.0,2,223.0,12.0,13.0,11.0,10.0,0,0,0,0
831,2010,vitaly-petrov,adrian-sutil,13.0,2,160.0,13.0,19.0,10.0,17.0,1,0,1,0
831,2010,adrian-sutil,pedro-de-la-rosa,14.0,2,83.0,19.0,14.0,17.0,14.0,0,1,1,1
831,2010,pedro-de-la-rosa,jaime-alguersuari,15.0,2,38.0,14.0,15.0,14.0,15.0,1,0,1,1
831,2010,timo-glock,bruno-senna,20.0,1,249.0,23.0,20.0,18.0,19.0,1,1,0,0
831,2010,bruno-senna,vitantonio-liuzzi,21.0,1,360.0,20.0,21.0,19.0,16.0,0,0,0,0
832,2010,sebastian-vettel,mark-webber,1.0,3,411.0,1.0,2.0,3.0,1.0,0,0,0,0
832,2010,mark-webber,fernando-alonso,2.0,3,803.0,2.0,3.0,1.0,2.0,1,0,1,0
832,2010,fernando-alonso,felipe-massa,3.0,3,344.0,3.0,4.0,2.0,4.0,1,0,1,0
832,2010,pedro-de-la-rosa,nico-hulkenberg,9.0,3,299.0,9.0,10.0,7.0,6.0,0,0,0,0
832,2010,jenson-button,rubens-barrichello,11.0,2,39.0,11.0,12.0,8.0,10.0,1,0,1,1
832,2010,michael-schumacher,sebastien-buemi,14.0,2,267.0,14.0,15.0,11.0,12.0,1,0,1,0
832,2010,sebastien-buemi,vitantonio-liuzzi,15.0,2,30.0,15.0,16.0,12.0,13.0,1,0,1,1
832,2010,kamui-kobayashi,timo-glock,18.0,1,1828.0,23.0,18.0,9.0,16.0,1,1,0,0
832,2010,timo-glock,heikki-kovalainen,19.0,1,70.0,18.0,19.0,16.0,14.0,0,0,0,1
832,2010,heikki-kovalainen,jarno-trulli,20.0,1,79.0,19.0,20.0,14.0,15.0,1,0,1,1
832,2010,jarno-trulli,lucas-di-grassi,21.0,1,919.0,20.0,21.0,15.0,18.0,1,0,1,0
832,2010,lucas-di-grassi,bruno-senna,22.0,1,1273.0,21.0,22.0,18.0,17.0,0,0,0,0
832,2010,bruno-senna,sakon-yamamoto,23.0,1,62.0,22.0,24.0,17.0,19.0,1,0,1,1
833,2010,mark-webber,lewis-hamilton,1.0,3,85.0,1.0,2.0,2.0,1.0,0,0,0,1
833,2010,lewis-hamilton,robert-kubica,2.0,3,237.0,2.0,3.0,1.0,3.0,1,0,1,0
833,2010,robert-kubica,sebastian-vettel,3.0,3,27.0,3.0,4.0,3.0,15.0,1,0,1,1
833,2010,adrian-sutil,nico-hulkenberg,8.0,3,394.0,8.0,9.0,5.0,14.0,1,0,1,0
833,2010,michael-schumacher,nico-rosberg,11.0,2,11.0,21.0,14.0,7.0,6.0,0,1,1,1
833,2010,nico-rosberg,jaime-alguersuari,12.0,2,382.0,14.0,11.0,6.0,13.0,1,1,0,0
833,2010,jaime-alguersuari,vitantonio-liuzzi,13.0,2,413.0,11.0,12.0,13.0,10.0,0,0,0,0
833,2010,vitantonio-liuzzi,sebastien-buemi,14.0,2,529.0,12.0,16.0,10.0,12.0,1,0,1,0
833,2010,sebastien-buemi,heikki-kovalainen,15.0,2,1771.0,16.0,13.0,12.0,16.0,1,1,0,0
833,2010,heikki-kovalainen,timo-glock,16.0,2,1069.0,13.0,20.0,16.0,18.0,1,0,1,0
833,2010,jarno-trulli,kamui-kobayashi,18.0,1,793.0,15.0,17.0,19.0,8.0,0,0,0,0
833,2010,sakon-yamamoto,pedro-de-la-rosa,21.0,1,1353.0,19.0,24.0,20.0,11.0,0,0,0,0
833,2010,pedro-de-la-rosa,lucas-di-grassi,22.0,1,13460.0,24.0,22.0,11.0,17.0,1,1,0,0
834,2010,fernando-alonso,jenson-button,1.0,3,122.0,1.0,2.0,1.0,2.0,1,0,1,0
834,2010,jenson-button,felipe-massa,2.0,3,209.0,2.0,3.0,2.0,3.0,1,0,1,0
834,2010,felipe-massa,mark-webber,3.0,3,140.0,3.0,4.0,3.0,6.0,1,0,1,0
834,2010,sebastian-vettel,nico-rosberg,6.0,3,352.0,6.0,7.0,4.0,5.0,1,0,1,0
834,2010,nico-rosberg,nico-hulkenberg,7.0,3,10.0,7.0,8.0,5.0,7.0,1,0,1,1
834,2010,nico-hulkenberg,robert-kubica,8.0,3,2.0,8.0,9.0,7.0,8.0,1,0,1,1
834,2010,robert-kubica,rubens-barrichello,9.0,3,289.0,9.0,10.0,8.0,10.0,1,0,1,0
834,2010,adrian-sutil,michael-schumacher,11.0,2,189.0,11.0,12.0,16.0,9.0,0,0,0,0
834,2010,sebastien-buemi,vitaly-petrov,14.0,2,138.0,14.0,20.0,11.0,13.0,1,0,1,0
834,2010,vitaly-petrov,jaime-alguersuari,15.0,2,100.0,20.0,15.0,13.0,15.0,1,1,0,0
834,2010,jaime-alguersuari,pedro-de-la-rosa,16.0,2,125.0,15.0,16.0,15.0,14.0,0,0,0,0
834,2010,heikki-kovalainen,vitantonio-liuzzi,19.0,1,32.0,18.0,19.0,18.0,12.0,0,0,0,1
834,2010,vitantonio-liuzzi,timo-glock,20.0,1,160.0,19.0,24.0,12.0,17.0,1,0,1,0
834,2010,timo-glock,lucas-di-grassi,21.0,1,40.0,24.0,21.0,17.0,20.0,1,1,0,1
835,2010,fernando-alonso,sebastian-vettel,1.0,3,67.0,1.0,2.0,1.0,2.0,1,0,1,1
835,2010,jenson-button,mark-webber,4.0,3,33.0,4.0,5.0,4.0,3.0,0,0,0,1
835,2010,mark-webber,rubens-barrichello,5.0,3,259.0,5.0,6.0,3.0,6.0,1,0,1,0
835,2010,rubens-barrichello,nico-rosberg,6.0,3,207.0,6.0,7.0,6.0,5.0,0,0,0,0
835,2010,nico-rosberg,robert-kubica,7.0,3,150.0,7.0,8.0,5.0,7.0,1,0,1,0
835,2010,robert-kubica,michael-schumacher,8.0,3,109.0,8.0,9.0,7.0,13.0,1,0,1,0
835,2010,jaime-alguersuari,nico-hulkenberg,11.0,2,8.0,25.0,17.0,12.0,10.0,0,1,1,1
835,2010,nico-hulkenberg,vitaly-petrov,12.0,2,491.0,17.0,12.0,10.0,11.0,1,1,0,0
835,2010,vitaly-petrov,sebastien-buemi,13.0,2,337.0,12.0,13.0,11.0,14.0,1,0,1,0
835,2010,heikki-kovalainen,lucas-di-grassi,19.0,1,192.0,19.0,20.0,16.0,15.0,0,0,0,0
836,2010,sebastian-vettel,mark-webber,1.0,3,68.0,1.0,2.0,1.0,2.0,1,0,1,1
836,2010,mark-webber,lewis-hamilton,2.0,3,316.0,2.0,8.0,2.0,5.0,1,0,1,0
836,2010,fernando-alonso,jenson-button,5.0,3,26.0,4.0,5.0,3.0,4.0,1,0,1,1
836,2010,jenson-button,nico-rosberg,6.0,3,116.0,5.0,6.0,4.0,17.0,1,0,1,0
836,2010,nico-rosberg,rubens-barrichello,7.0,3,41.0,6.0,7.0,17.0,9.0,0,0,0,1
836,2010,sebastien-buemi,jarno-trulli,18.0,1,1778.0,18.0,19.0,10.0,13.0,1,0,1,0
836,2010,jarno-trulli,heikki-kovalainen,19.0,1,118.0,19.0,20.0,13.0,12.0,0,0,0,0
836,2010,timo-glock,bruno-senna,22.0,1,938.0,22.0,23.0,14.0,15.0,1,0,1,0
836,2010,bruno-senna,sakon-yamamoto,23.0,1,95.0,23.0,24.0,15.0,16.0,1,0,1,1
837,2010,fernando-alonso,lewis-hamilton,3.0,3,296.0,3.0,4.0,1.0,2.0,1,0,1,0
837,2010,felipe-massa,jenson-button,6.0,3,160.0,6.0,7.0,3.0,12.0,1,0,1,0
837,2010,jenson-button,robert-kubica,7.0,3,93.0,7.0,8.0,12.0,5.0,0,0,0,1
837,2010,robert-kubica,michael-schumacher,8.0,3,126.0,8.0,9.0,5.0,4.0,0,0,0,0
837,2010,michael-schumacher,rubens-barrichello,9.0,3,48.0,9.0,10.0,4.0,7.0,1,0,1,1
837,2010,nico-hulkenberg,kamui-kobayashi,11.0,2,23.0,11.0,12.0,10.0,8.0,0,0,0,1
837,2010,kamui-kobayashi,nick-heidfeld,12.0,2,72.0,12.0,13.0,8.0,9.0,1,0,1,1
837,2010,sakon-yamamoto,bruno-senna,23.0,1,839.0,23.0,24.0,15.0,14.0,0,0,0,0
838,2010,nico-hulkenberg,sebastian-vettel,1.0,3,1049.0,1.0,2.0,8.0,1.0,0,0,0,0
838,2010,sebastian-vettel,mark-webber,2.0,3,118.0,2.0,3.0,1.0,2.0,1,0,1,0
838,2010,mark-webber,lewis-hamilton,3.0,3,110.0,3.0,4.0,2.0,4.0,1,0,1,0
838,2010,lewis-hamilton,fernando-alonso,4.0,3,242.0,4.0,5.0,4.0,3.0,0,0,0,0
838,2010,fernando-alonso,rubens-barrichello,5.0,3,214.0,5.0,6.0,3.0,14.0,1,0,1,0
838,2010,rubens-barrichello,robert-kubica,6.0,3,349.0,6.0,7.0,14.0,9.0,0,0,0,0
838,2010,robert-kubica,michael-schumacher,7.0,3,373.0,7.0,8.0,9.0,7.0,0,0,0,0
838,2010,michael-schumacher,felipe-massa,8.0,3,176.0,8.0,9.0,7.0,15.0,1,0,1,0
838,2010,felipe-massa,vitaly-petrov,9.0,3,555.0,9.0,10.0,15.0,16.0,1,0,1,0
838,2010,jenson-button,kamui-kobayashi,11.0,2,97.0,11.0,12.0,5.0,10.0,1,0,1,1
838,2010,kamui-kobayashi,nico-rosberg,12.0,2,101.0,12.0,13.0,10.0,6.0,0,0,0,0
838,2010,nico-rosberg,jaime-alguersuari,13.0,2,95.0,13.0,14.0,6.0,11.0,1,0,1,1
838,2010,jaime-alguersuari,sebastien-buemi,14.0,2,266.0,14.0,19.0,11.0,13.0,1,0,1,0
838,2010,sebastien-buemi,nick-heidfeld,15.0,2,52.0,19.0,15.0,13.0,17.0,1,1,0,1
838,2010,adrian-sutil,timo-glock,18.0,1,1300.0,22.0,17.0,12.0,20.0,1,1,0,0
838,2010,timo-glock,jarno-trulli,19.0,1,120.0,17.0,18.0,20.0,19.0,0,0,0,0
838,2010,jarno-trulli,heikki-kovalainen,20.0,1,128.0,18.0,20.0,19.0,18.0,0,0,0,0
838,2010,christian-klien,bruno-senna,23.0,1,713.0,23.0,24.0,22.0,21.0,0,0,0,0
839,2010,sebastian-vettel,lewis-hamilton,1.0,3,31.0,1.0,2.0,1.0,2.0,1,0,1,1
839,2010,lewis-hamilton,fernando-alonso,2.0,3,367.0,2.0,3.0,2.0,7.0,1,0,1,0
839,2010,fernando-alonso,jenson-button,3.0,3,31.0,3.0,4.0,7.0,3.0,0,0,0,1
839,2010,jenson-button,mark-webber,4.0,3,102.0,4.0,5.0,3.0,8.0,1,0,1,0
839,2010,mark-webber,felipe-massa,5.0,3,277.0,5.0,6.0,8.0,10.0,1,0,1,0
839,2010,felipe-massa,rubens-barrichello,6.0,3,1.0,6.0,7.0,10.0,12.0,1,0,1,1
839,2010,nico-rosberg,vitaly-petrov,9.0,3,312.0,9.0,10.0,4.0,6.0,1,0,1,0
839,2010,robert-kubica,kamui-kobayashi,11.0,2,3.0,11.0,12.0,5.0,14.0,1,0,1,1
839,2010,kamui-kobayashi,adrian-sutil,12.0,2,131.0,12.0,13.0,14.0,13.0,0,0,0,0
839,2010,adrian-sutil,nick-heidfeld,13.0,2,199.0,13.0,14.0,13.0,11.0,0,0,0,0
839,2010,nick-heidfeld,nico-hulkenberg,14.0,2,305.0,14.0,15.0,11.0,16.0,1,0,1,0
839,2010,sebastien-buemi,jarno-trulli,18.0,1,1692.0,18.0,19.0,15.0,21.0,1,0,1,0
839,2010,jarno-trulli,heikki-kovalainen,19.0,1,196.0,19.0,20.0,21.0,17.0,0,0,0,0
839,2010,lucas-di-grassi,bruno-senna,22.0,1,575.0,22.0,23.0,18.0,19.0,1,0,1,0
839,2010,bruno-senna,christian-klien,23.0,1,211.0,23.0,24.0,19.0,20.0,1,0,1,0
840,2011,sebastian-vettel,lewis-hamilton,1.0,3,778.0,1.0,2.0,1.0,2.0,1,0,1,0
840,2011,lewis-hamilton,mark-webber,2.0,3,88.0,2.0,3.0,2.0,5.0,1,0,1,1
840,2011,mark-webber,jenson-button,3.0,3,384.0,3.0,4.0,5.0,6.0,1,0,1,0
840,2011,jenson-button,fernando-alonso,4.0,3,195.0,4.0,5.0,6.0,4.0,0,0,0,0
840,2011,fernando-alonso,vitaly-petrov,5.0,3,273.0,5.0,6.0,4.0,3.0,0,0,0,0
841,2011,sebastian-vettel,lewis-hamilton,1.0,3,104.0,1.0,2.0,1.0,8.0,1,0,1,0
841,2011,lewis-hamilton,mark-webber,2.0,3,205.0,2.0,3.0,8.0,4.0,0,0,0,0
841,2011,mark-webber,jenson-button,3.0,3,21.0,3.0,4.0,4.0,2.0,0,0,0,1
841,2011,jenson-button,fernando-alonso,4.0,3,602.0,4.0,5.0,2.0,6.0,1,0,1,0
841,2011,fernando-alonso,nick-heidfeld,5.0,3,322.0,5.0,6.0,6.0,3.0,0,0,0,0
841,2011,nick-heidfeld,felipe-massa,6.0,3,127.0,6.0,7.0,3.0,5.0,1,0,1,0
841,2011,felipe-massa,vitaly-petrov,7.0,3,73.0,7.0,8.0,5.0,17.0,1,0,1,1
841,2011,vitaly-petrov,nico-rosberg,8.0,3,485.0,8.0,9.0,17.0,12.0,0,0,0,0
841,2011,nico-rosberg,kamui-kobayashi,9.0,3,11.0,9.0,10.0,12.0,7.0,0,0,0,1
841,2011,michael-schumacher,sebastien-buemi,11.0,2,125.0,11.0,12.0,9.0,13.0,1,0,1,0
841,2011,sebastien-buemi,jaime-alguersuari,12.0,2,187.0,12.0,13.0,13.0,14.0,1,0,1,0
841,2011,jaime-alguersuari,paul-di-resta,13.0,2,23.0,13.0,14.0,14.0,10.0,0,0,0,1
842,2011,sebastian-vettel,jenson-button,1.0,3,715.0,1.0,2.0,2.0,4.0,1,0,1,0
842,2011,jenson-button,lewis-hamilton,2.0,3,42.0,2.0,3.0,4.0,1.0,0,0,0,1
842,2011,lewis-hamilton,nico-rosberg,3.0,3,207.0,3.0,4.0,1.0,5.0,1,0,1,0
842,2011,nico-rosberg,fernando-alonso,4.0,3,449.0,4.0,5.0,5.0,7.0,1,0,1,0
842,2011,fernando-alonso,felipe-massa,5.0,3,26.0,5.0,6.0,7.0,6.0,0,0,0,1
842,2011,paul-di-resta,sebastien-buemi,8.0,3,13.0,8.0,9.0,11.0,14.0,1,0,1,1
842,2011,vitaly-petrov,adrian-sutil,10.0,2,725.0,10.0,11.0,9.0,15.0,1,0,1,0
842,2011,adrian-sutil,sergio-perez,11.0,2,179.0,11.0,12.0,15.0,17.0,1,0,1,0
842,2011,sergio-perez,kamui-kobayashi,12.0,2,183.0,12.0,13.0,17.0,10.0,0,0,0,0
842,2011,kamui-kobayashi,michael-schumacher,13.0,2,221.0,13.0,14.0,10.0,8.0,0,0,0,0
842,2011,michael-schumacher,rubens-barrichello,14.0,2,8.0,14.0,15.0,8.0,13.0,1,0,1,1
842,2011,rubens-barrichello,nick-heidfeld,15.0,2,146.0,15.0,16.0,13.0,12.0,0,0,0,0
842,2011,nick-heidfeld,pastor-maldonado,16.0,2,345.0,16.0,17.0,12.0,18.0,1,0,1,0
842,2011,mark-webber,heikki-kovalainen,18.0,1,1426.0,18.0,19.0,3.0,16.0,1,0,1,0
842,2011,heikki-kovalainen,jarno-trulli,19.0,1,424.0,19.0,20.0,16.0,19.0,1,0,1,0
842,2011,jarno-trulli,jerome-dambrosio,20.0,1,801.0,20.0,21.0,19.0,20.0,1,0,1,0
842,2011,jerome-dambrosio,timo-glock,21.0,1,589.0,21.0,22.0,20.0,21.0,1,0,1,0
842,2011,timo-glock,vitantonio-liuzzi,22.0,1,504.0,22.0,23.0,21.0,22.0,1,0,1,0
842,2011,vitantonio-liuzzi,narain-karthikeyan,23.0,1,233.0,23.0,24.0,22.0,23.0,1,0,1,0
843,2011,sebastian-vettel,mark-webber,1.0,3,405.0,1.0,2.0,1.0,2.0,1,0,1,0
843,2011,mark-webber,nico-rosberg,2.0,3,120.0,2.0,3.0,2.0,5.0,1,0,1,0
843,2011,nico-rosberg,lewis-hamilton,3.0,3,21.0,3.0,4.0,5.0,4.0,0,0,0,1
843,2011,lewis-hamilton,fernando-alonso,4.0,3,256.0,4.0,5.0,4.0,3.0,0,0,0,0
843,2011,fernando-alonso,jenson-button,5.0,3,131.0,5.0,6.0,3.0,6.0,1,0,1,0
843,2011,jenson-button,vitaly-petrov,6.0,3,314.0,6.0,7.0,6.0,8.0,1,0,1,0
843,2011,vitaly-petrov,michael-schumacher,7.0,3,350.0,7.0,8.0,8.0,12.0,1,0,1,0
843,2011,michael-schumacher,nick-heidfeld,8.0,3,13.0,8.0,9.0,12.0,7.0,0,0,0,1
843,2011,felipe-massa,rubens-barrichello,10.0,2,369.0,10.0,11.0,11.0,15.0,1,0,1,0
843,2011,rubens-barrichello,adrian-sutil,11.0,2,263.0,11.0,12.0,15.0,13.0,0,0,0,0
843,2011,pastor-maldonado,sergio-perez,14.0,2,8.0,14.0,15.0,17.0,14.0,0,0,0,1
843,2011,sergio-perez,sebastien-buemi,15.0,2,11.0,15.0,16.0,14.0,9.0,0,0,0,1
843,2011,sebastien-buemi,jaime-alguersuari,16.0,2,317.0,16.0,17.0,9.0,16.0,1,0,1,0
843,2011,heikki-kovalainen,jarno-trulli,18.0,1,893.0,18.0,19.0,19.0,18.0,0,0,0,0
843,2011,jarno-trulli,jerome-dambrosio,19.0,1,772.0,19.0,23.0,18.0,20.0,1,0,1,0
843,2011,jerome-dambrosio,vitantonio-liuzzi,20.0,1,247.0,23.0,20.0,20.0,22.0,1,1,0,0
844,2011,mark-webber,sebastian-vettel,1.0,3,200.0,1.0,2.0,4.0,1.0,0,0,0,0
844,2011,sebastian-vettel,lewis-hamilton,2.0,3,780.0,2.0,3.0,1.0,2.0,1,0,1,0
844,2011,lewis-hamilton,fernando-alonso,3.0,3,3.0,3.0,4.0,2.0,5.0,1,0,1,1
844,2011,fernando-alonso,jenson-button,4.0,3,32.0,4.0,5.0,5.0,3.0,0,0,0,1
844,2011,jenson-button,vitaly-petrov,5.0,3,475.0,5.0,6.0,3.0,11.0,1,0,1,0
844,2011,vitaly-petrov,nico-rosberg,6.0,3,128.0,6.0,7.0,11.0,7.0,0,0,0,0
844,2011,michael-schumacher,sebastien-buemi,10.0,2,560.0,10.0,11.0,6.0,14.0,1,0,1,0
844,2011,sebastien-buemi,sergio-perez,11.0,2,136.0,11.0,12.0,14.0,9.0,0,0,0,0
844,2011,sergio-perez,jaime-alguersuari,12.0,2,327.0,12.0,13.0,9.0,16.0,1,0,1,0
844,2011,jaime-alguersuari,kamui-kobayashi,13.0,2,8.0,13.0,14.0,16.0,10.0,0,0,0,1
844,2011,paul-di-resta,adrian-sutil,16.0,2,445.0,16.0,17.0,12.0,13.0,1,0,1,0
844,2011,jarno-trulli,rubens-barrichello,18.0,1,389.0,18.0,19.0,18.0,17.0,0,0,0,0
844,2011,rubens-barrichello,timo-glock,19.0,1,405.0,19.0,20.0,17.0,19.0,1,0,1,0
844,2011,narain-karthikeyan,jerome-dambrosio,22.0,1,648.0,22.0,23.0,21.0,20.0,0,0,0,0
845,2011,sebastian-vettel,jenson-button,1.0,3,441.0,1.0,2.0,1.0,3.0,1,0,1,0
845,2011,jenson-button,mark-webber,2.0,3,22.0,2.0,3.0,3.0,4.0,1,0,1,1
845,2011,mark-webber,fernando-alonso,3.0,3,464.0,3.0,4.0,4.0,2.0,0,0,0,0
845,2011,nico-rosberg,pastor-maldonado,7.0,3,762.0,7.0,8.0,11.0,18.0,1,0,1,0
845,2011,rubens-barrichello,kamui-kobayashi,12.0,2,147.0,11.0,12.0,9.0,5.0,0,0,0,0
845,2011,kamui-kobayashi,paul-di-resta,13.0,2,145.0,12.0,13.0,5.0,12.0,1,0,1,0
845,2011,paul-di-resta,adrian-sutil,14.0,2,3.0,13.0,14.0,12.0,7.0,0,0,0,1
845,2011,adrian-sutil,nick-heidfeld,15.0,2,93.0,14.0,15.0,7.0,8.0,1,0,1,1
845,2011,nick-heidfeld,sebastien-buemi,16.0,2,86.0,15.0,16.0,8.0,10.0,1,0,1,1
845,2011,heikki-kovalainen,jarno-trulli,18.0,1,38.0,17.0,18.0,14.0,13.0,0,0,0,1
846,2011,felipe-massa,mark-webber,3.0,3,212.0,3.0,4.0,6.0,3.0,0,0,0,0
846,2011,nico-rosberg,jenson-button,6.0,3,24.0,6.0,7.0,11.0,1.0,0,0,0,1
846,2011,jenson-button,michael-schumacher,7.0,3,26.0,7.0,8.0,1.0,4.0,1,0,1,1
846,2011,sebastien-buemi,rubens-barrichello,15.0,2,27.0,15.0,16.0,10.0,9.0,0,0,0,1
846,2011,rubens-barrichello,pedro-de-la-rosa,16.0,2,226.0,16.0,17.0,9.0,12.0,1,0,1,0
846,2011,jaime-alguersuari,jarno-trulli,18.0,1,451.0,24.0,18.0,8.0,16.0,1,1,0,0
846,2011,vitantonio-liuzzi,timo-glock,21.0,1,113.0,20.0,21.0,13.0,15.0,1,0,1,0
846,2011,timo-glock,narain-karthikeyan,22.0,1,37.0,21.0,22.0,15.0,17.0,1,0,1,1
847,2011,sebastian-vettel,mark-webber,1.0,3,188.0,1.0,2.0,1.0,3.0,1,0,1,0
847,2011,mark-webber,lewis-hamilton,2.0,3,217.0,2.0,3.0,3.0,4.0,1,0,1,0
847,2011,lewis-hamilton,fernando-alonso,3.0,3,74.0,3.0,4.0,4.0,2.0,0,0,0,1
847,2011,fernando-alonso,felipe-massa,4.0,3,81.0,4.0,5.0,2.0,5.0,1,0,1,1
847,2011,felipe-massa,jenson-button,5.0,3,110.0,5.0,6.0,5.0,6.0,1,0,1,0
847,2011,jenson-button,nico-rosberg,6.0,3,586.0,6.0,7.0,6.0,7.0,1,0,1,0
847,2011,nico-rosberg,michael-schumacher,7.0,3,9.0,7.0,8.0,7.0,17.0,1,0,1,1
847,2011,nick-heidfeld,adrian-sutil,9.0,2,253.0,9.0,10.0,10.0,9.0,0,0,0,0
847,2011,adrian-sutil,vitaly-petrov,10.0,2,34.0,10.0,11.0,9.0,15.0,1,0,1,1
847,2011,vitaly-petrov,paul-di-resta,11.0,2,354.0,11.0,12.0,15.0,14.0,0,0,0,0
847,2011,paul-di-resta,rubens-barrichello,12.0,2,67.0,12.0,13.0,14.0,12.0,0,0,0,1
847,2011,rubens-barrichello,kamui-kobayashi,13.0,2,36.0,13.0,14.0,12.0,16.0,1,0,1,1
847,2011,kamui-kobayashi,pastor-maldonado,14.0,2,120.0,14.0,15.0,16.0,18.0,1,0,1,0
847,2011,pastor-maldonado,sergio-perez,15.0,2,12.0,15.0,16.0,18.0,11.0,0,0,0,1
847,2011,sergio-perez,sebastien-buemi,16.0,2,54.0,16.0,17.0,11.0,13.0,1,0,1,1
847,2011,jaime-alguersuari,heikki-kovalainen,18.0,1,1432.0,18.0,19.0,8.0,19.0,1,0,1,0
847,2011,heikki-kovalainen,jarno-trulli,19.0,1,570.0,19.0,20.0,19.0,20.0,1,0,1,0
847,2011,jarno-trulli,timo-glock,20.0,1,319.0,20.0,21.0,20.0,21.0,1,0,1,0
847,2011,timo-glock,vitantonio-liuzzi,21.0,1,1031.0,21.0,22.0,21.0,23.0,1,0,1,0
847,2011,vitantonio-liuzzi,jerome-dambrosio,22.0,1,151.0,22.0,23.0,23.0,22.0,0,0,0,0
847,2011,jerome-dambrosio,narain-karthikeyan,23.0,1,628.0,23.0,24.0,22.0,24.0,1,0,1,0
848,2011,mark-webber,sebastian-vettel,1.0,3,32.0,1.0,2.0,3.0,2.0,0,0,0,1
848,2011,sebastian-vettel,fernando-alonso,2.0,3,85.0,2.0,3.0,2.0,1.0,0,0,0,1
848,2011,fernando-alonso,felipe-massa,3.0,3,608.0,3.0,4.0,1.0,5.0,1,0,1,0
848,2011,paul-di-resta,pastor-maldonado,6.0,3,4.0,6.0,7.0,15.0,14.0,0,0,0,1
848,2011,nico-rosberg,lewis-hamilton,9.0,3,167.0,9.0,10.0,6.0,4.0,0,0,0,0
848,2011,adrian-sutil,sergio-perez,11.0,2,7.0,11.0,12.0,11.0,7.0,0,0,0,1
848,2011,sergio-perez,michael-schumacher,12.0,2,32.0,12.0,13.0,7.0,9.0,1,0,1,1
848,2011,michael-schumacher,vitaly-petrov,13.0,2,78.0,13.0,14.0,9.0,12.0,1,0,1,1
848,2011,vitaly-petrov,rubens-barrichello,14.0,2,385.0,14.0,15.0,12.0,13.0,1,0,1,0
848,2011,rubens-barrichello,nick-heidfeld,15.0,2,686.0,15.0,16.0,13.0,8.0,0,0,0,0
848,2011,jerome-dambrosio,vitantonio-liuzzi,22.0,1,330.0,22.0,23.0,17.0,18.0,1,0,1,0
848,2011,vitantonio-liuzzi,daniel-ricciardo,23.0,1,575.0,23.0,24.0,18.0,19.0,1,0,1,0
849,2011,mark-webber,lewis-hamilton,1.0,3,55.0,1.0,2.0,3.0,1.0,0,0,0,1
849,2011,lewis-hamilton,sebastian-vettel,2.0,3,82.0,2.0,3.0,1.0,4.0,1,0,1,1
849,2011,sebastian-vettel,fernando-alonso,3.0,3,226.0,3.0,4.0,4.0,2.0,0,0,0,0
849,2011,fernando-alonso,felipe-massa,4.0,3,468.0,4.0,5.0,2.0,5.0,1,0,1,0
849,2011,felipe-massa,nico-rosberg,5.0,3,353.0,5.0,6.0,5.0,7.0,1,0,1,0
849,2011,adrian-sutil,vitaly-petrov,8.0,3,177.0,8.0,9.0,6.0,10.0,1,0,1,0
849,2011,vitaly-petrov,michael-schumacher,9.0,3,295.0,9.0,10.0,10.0,8.0,0,0,0,0
849,2011,paul-di-resta,pastor-maldonado,12.0,2,75.0,12.0,13.0,13.0,14.0,1,0,1,1
849,2011,sergio-perez,jaime-alguersuari,15.0,2,522.0,15.0,16.0,11.0,12.0,1,0,1,0
849,2011,kamui-kobayashi,heikki-kovalainen,17.0,1,1813.0,17.0,18.0,9.0,16.0,1,0,1,0
849,2011,heikki-kovalainen,timo-glock,18.0,1,801.0,18.0,19.0,16.0,17.0,1,0,1,0
849,2011,timo-glock,karun-chandhok,19.0,1,22.0,19.0,20.0,17.0,20.0,1,0,1,1
849,2011,karun-chandhok,jerome-dambrosio,20.0,1,219.0,20.0,21.0,20.0,18.0,0,0,0,0
850,2011,sebastian-vettel,lewis-hamilton,1.0,3,163.0,1.0,2.0,2.0,4.0,1,0,1,0
850,2011,lewis-hamilton,jenson-button,2.0,3,46.0,2.0,3.0,4.0,1.0,0,0,0,1
850,2011,jenson-button,felipe-massa,3.0,3,326.0,3.0,4.0,1.0,6.0,1,0,1,0
850,2011,felipe-massa,fernando-alonso,4.0,3,15.0,4.0,5.0,6.0,3.0,0,0,0,1
850,2011,fernando-alonso,mark-webber,5.0,3,109.0,5.0,6.0,3.0,5.0,1,0,1,0
850,2011,mark-webber,nico-rosberg,6.0,3,624.0,6.0,7.0,5.0,9.0,1,0,1,0
850,2011,nico-rosberg,adrian-sutil,7.0,3,347.0,7.0,8.0,9.0,14.0,1,0,1,0
850,2011,sergio-perez,paul-di-resta,10.0,2,99.0,10.0,11.0,15.0,7.0,0,0,0,1
850,2011,paul-di-resta,vitaly-petrov,11.0,2,28.0,11.0,12.0,7.0,12.0,1,0,1,1
850,2011,vitaly-petrov,kamui-kobayashi,12.0,2,151.0,12.0,13.0,12.0,11.0,0,0,0,0
850,2011,rubens-barrichello,jaime-alguersuari,15.0,2,295.0,15.0,16.0,13.0,10.0,0,0,0,0
850,2011,pastor-maldonado,sebastien-buemi,17.0,1,223.0,17.0,23.0,16.0,8.0,0,0,0,0
850,2011,timo-glock,vitantonio-liuzzi,21.0,1,29.0,20.0,21.0,17.0,20.0,1,0,1,1
850,2011,vitantonio-liuzzi,daniel-ricciardo,22.0,1,156.0,21.0,22.0,20.0,18.0,0,0,0,0
850,2011,daniel-ricciardo,jerome-dambrosio,23.0,1,31.0,22.0,24.0,18.0,19.0,1,0,1,1
851,2011,mark-webber,felipe-massa,3.0,3,880.0,3.0,4.0,2.0,8.0,1,0,1,0
851,2011,felipe-massa,nico-rosberg,4.0,3,296.0,4.0,5.0,8.0,6.0,0,0,0,0
851,2011,bruno-senna,fernando-alonso,7.0,3,130.0,7.0,8.0,13.0,4.0,0,0,0,0
851,2011,kamui-kobayashi,jenson-button,12.0,2,393.0,12.0,13.0,12.0,3.0,0,0,0,0
851,2011,jenson-button,rubens-barrichello,13.0,2,2199.0,13.0,14.0,3.0,16.0,1,0,1,0
851,2011,rubens-barrichello,adrian-sutil,14.0,2,428.0,14.0,15.0,16.0,7.0,0,0,0,0
851,2011,adrian-sutil,pastor-maldonado,15.0,2,329.0,15.0,21.0,7.0,10.0,1,0,1,0
851,2011,pastor-maldonado,heikki-kovalainen,16.0,2,248.0,21.0,16.0,10.0,15.0,1,1,0,0
851,2011,paul-di-resta,jarno-trulli,18.0,1,1015.0,17.0,18.0,11.0,14.0,1,0,1,0
851,2011,jarno-trulli,timo-glock,19.0,1,793.0,18.0,19.0,14.0,18.0,1,0,1,0
852,2011,sebastian-vettel,lewis-hamilton,1.0,3,450.0,1.0,2.0,1.0,4.0,1,0,1,0
852,2011,lewis-hamilton,jenson-button,2.0,3,52.0,2.0,3.0,4.0,2.0,0,0,0,1
852,2011,jenson-button,fernando-alonso,3.0,3,64.0,3.0,4.0,2.0,3.0,1,0,1,1
852,2011,bruno-senna,paul-di-resta,10.0,2,6.0,10.0,11.0,9.0,8.0,0,0,0,1
852,2011,rubens-barrichello,pastor-maldonado,13.0,2,78.0,13.0,14.0,12.0,11.0,0,0,0,1
852,2011,jaime-alguersuari,jarno-trulli,18.0,1,1313.0,18.0,19.0,7.0,14.0,1,0,1,0
852,2011,jarno-trulli,heikki-kovalainen,19.0,1,537.0,19.0,20.0,14.0,13.0,0,0,0,0
852,2011,heikki-kovalainen,timo-glock,20.0,1,407.0,20.0,21.0,13.0,15.0,1,0,1,0
853,2011,sebastian-vettel,mark-webber,1.0,3,351.0,1.0,2.0,1.0,3.0,1,0,1,0
853,2011,mark-webber,jenson-button,2.0,3,72.0,2.0,3.0,3.0,2.0,0,0,0,1
853,2011,jenson-button,lewis-hamilton,3.0,3,5.0,3.0,4.0,2.0,5.0,1,0,1,1
853,2011,lewis-hamilton,fernando-alonso,4.0,3,65.0,4.0,5.0,5.0,4.0,0,0,0,1
853,2011,fernando-alonso,felipe-massa,5.0,3,926.0,5.0,6.0,4.0,9.0,1,0,1,0
853,2011,felipe-massa,nico-rosberg,6.0,3,213.0,6.0,7.0,9.0,7.0,0,0,0,0
853,2011,adrian-sutil,paul-di-resta,9.0,2,393.0,9.0,10.0,8.0,6.0,0,0,0,0
853,2011,paul-di-resta,sergio-perez,10.0,2,130.0,10.0,11.0,6.0,10.0,1,0,1,0
853,2011,sergio-perez,rubens-barrichello,11.0,2,466.0,11.0,12.0,10.0,13.0,1,0,1,0
853,2011,rubens-barrichello,pastor-maldonado,12.0,2,188.0,12.0,13.0,13.0,11.0,0,0,0,0
853,2011,pastor-maldonado,sebastien-buemi,13.0,2,364.0,13.0,14.0,11.0,12.0,1,0,1,0
853,2011,sebastien-buemi,bruno-senna,14.0,2,28.0,14.0,15.0,12.0,15.0,1,0,1,1
853,2011,bruno-senna,jaime-alguersuari,15.0,2,1200.0,15.0,16.0,15.0,21.0,1,0,1,0
853,2011,kamui-kobayashi,vitaly-petrov,17.0,1,1781.0,17.0,18.0,14.0,17.0,1,0,1,0
853,2011,vitaly-petrov,heikki-kovalainen,18.0,1,1113.0,18.0,19.0,17.0,16.0,0,0,0,0
853,2011,jerome-dambrosio,daniel-ricciardo,22.0,1,41.0,22.0,23.0,18.0,19.0,1,0,1,1
853,2011,daniel-ricciardo,vitantonio-liuzzi,23.0,1,406.0,23.0,24.0,19.0,20.0,1,0,1,0
854,2011,sebastian-vettel,jenson-button,1.0,3,9.0,1.0,2.0,3.0,1.0,0,0,0,1
854,2011,jenson-button,lewis-hamilton,2.0,3,142.0,2.0,3.0,1.0,5.0,1,0,1,0
854,2011,lewis-hamilton,felipe-massa,3.0,3,187.0,3.0,4.0,5.0,7.0,1,0,1,0
854,2011,felipe-massa,fernando-alonso,4.0,3,82.0,4.0,5.0,7.0,2.0,0,0,0,1
854,2011,fernando-alonso,mark-webber,5.0,3,270.0,5.0,6.0,2.0,4.0,1,0,1,0
854,2011,michael-schumacher,bruno-senna,7.0,2,181.0,8.0,9.0,6.0,16.0,1,0,1,0
854,2011,vitaly-petrov,kamui-kobayashi,9.0,2,135.0,10.0,7.0,9.0,13.0,1,1,0,0
854,2011,kamui-kobayashi,adrian-sutil,10.0,2,83.0,7.0,11.0,13.0,11.0,0,0,0,1
854,2011,adrian-sutil,paul-di-resta,11.0,2,283.0,11.0,12.0,11.0,12.0,1,0,1,0
854,2011,paul-di-resta,rubens-barrichello,12.0,2,333.0,12.0,13.0,12.0,17.0,1,0,1,0
854,2011,rubens-barrichello,pastor-maldonado,13.0,2,145.0,13.0,14.0,17.0,14.0,0,0,0,0
854,2011,sergio-perez,heikki-kovalainen,17.0,1,750.0,17.0,18.0,8.0,18.0,1,0,1,0
854,2011,heikki-kovalainen,jarno-trulli,18.0,1,60.0,18.0,19.0,18.0,19.0,1,0,1,1
854,2011,jarno-trulli,jerome-dambrosio,19.0,1,925.0,19.0,20.0,19.0,21.0,1,0,1,0
854,2011,jerome-dambrosio,timo-glock,20.0,1,68.0,20.0,21.0,21.0,20.0,0,0,0,1
854,2011,timo-glock,daniel-ricciardo,21.0,1,1339.0,21.0,22.0,20.0,22.0,1,0,1,0
855,2011,lewis-hamilton,sebastian-vettel,1.0,3,222.0,1.0,2.0,2.0,1.0,0,0,0,0
855,2011,sebastian-vettel,jenson-button,2.0,3,84.0,2.0,3.0,1.0,4.0,1,0,1,1
855,2011,jenson-button,mark-webber,3.0,3,342.0,3.0,4.0,4.0,3.0,0,0,0,0
855,2011,mark-webber,felipe-massa,4.0,3,363.0,4.0,5.0,3.0,6.0,1,0,1,0
855,2011,felipe-massa,fernando-alonso,5.0,3,149.0,5.0,6.0,6.0,5.0,0,0,0,0
855,2011,fernando-alonso,nico-rosberg,6.0,3,774.0,6.0,7.0,5.0,8.0,1,0,1,0
855,2011,adrian-sutil,jaime-alguersuari,10.0,2,96.0,10.0,11.0,11.0,7.0,0,0,0,1
855,2011,sebastien-buemi,kamui-kobayashi,13.0,2,267.0,13.0,14.0,9.0,15.0,1,0,1,0
855,2011,kamui-kobayashi,bruno-senna,14.0,2,16.0,14.0,15.0,15.0,13.0,0,0,0,1
855,2011,rubens-barrichello,heikki-kovalainen,18.0,1,984.0,18.0,19.0,12.0,14.0,1,0,1,0
855,2011,heikki-kovalainen,jarno-trulli,19.0,1,579.0,19.0,20.0,14.0,17.0,1,0,1,0
855,2011,jarno-trulli,timo-glock,20.0,1,990.0,20.0,21.0,17.0,18.0,1,0,1,0
855,2011,timo-glock,jerome-dambrosio,21.0,1,1392.0,21.0,22.0,18.0,20.0,1,0,1,0
855,2011,jerome-dambrosio,vitantonio-liuzzi,22.0,1,275.0,22.0,23.0,20.0,21.0,1,0,1,0
856,2011,sebastian-vettel,lewis-hamilton,1.0,3,296.0,1.0,5.0,1.0,7.0,1,0,1,0
856,2011,lewis-hamilton,mark-webber,2.0,3,34.0,5.0,2.0,7.0,4.0,0,1,1,1
856,2011,mark-webber,fernando-alonso,3.0,3,11.0,2.0,3.0,4.0,3.0,0,0,0,1
856,2011,fernando-alonso,jenson-button,4.0,3,431.0,3.0,4.0,3.0,2.0,0,0,0,0
856,2011,jaime-alguersuari,vitaly-petrov,10.0,2,0.0,10.0,16.0,8.0,11.0,1,0,1,1
856,2011,vitaly-petrov,michael-schumacher,11.0,2,18.0,16.0,11.0,11.0,5.0,0,1,1,1
856,2011,michael-schumacher,paul-di-resta,12.0,2,166.0,11.0,12.0,5.0,13.0,1,0,1,0
856,2011,bruno-senna,rubens-barrichello,15.0,2,596.0,14.0,15.0,12.0,15.0,1,0,1,0
856,2011,rubens-barrichello,sergio-perez,16.0,2,315.0,15.0,20.0,15.0,10.0,0,0,0,0
856,2011,heikki-kovalainen,jarno-trulli,19.0,1,187.0,18.0,19.0,14.0,19.0,1,0,1,0
856,2011,jarno-trulli,daniel-ricciardo,20.0,1,1464.0,19.0,23.0,19.0,18.0,0,0,0,0
856,2011,daniel-ricciardo,narain-karthikeyan,21.0,1,22.0,23.0,24.0,18.0,17.0,0,0,0,1
856,2011,narain-karthikeyan,jerome-dambrosio,22.0,1,628.0,24.0,21.0,17.0,16.0,0,1,1,0
857,2011,lewis-hamilton,jenson-button,2.0,3,9.0,2.0,3.0,1.0,3.0,1,0,1,1
857,2011,jenson-button,mark-webber,3.0,3,227.0,3.0,4.0,3.0,4.0,1,0,1,0
857,2011,mark-webber,fernando-alonso,4.0,3,200.0,4.0,5.0,4.0,2.0,0,0,0,0
857,2011,fernando-alonso,felipe-massa,5.0,3,637.0,5.0,6.0,2.0,5.0,1,0,1,0
857,2011,felipe-massa,nico-rosberg,6.0,3,78.0,6.0,7.0,5.0,6.0,1,0,1,1
857,2011,nico-rosberg,michael-schumacher,7.0,3,889.0,7.0,8.0,6.0,7.0,1,0,1,0
857,2011,michael-schumacher,adrian-sutil,8.0,3,106.0,8.0,9.0,7.0,8.0,1,0,1,0
857,2011,paul-di-resta,sergio-perez,10.0,2,460.0,10.0,11.0,9.0,11.0,1,0,1,0
857,2011,sergio-perez,vitaly-petrov,11.0,2,45.0,11.0,12.0,11.0,13.0,1,0,1,1
857,2011,bruno-senna,jaime-alguersuari,14.0,2,83.0,14.0,15.0,16.0,15.0,0,0,0,1
857,2011,jaime-alguersuari,kamui-kobayashi,15.0,2,78.0,15.0,16.0,15.0,10.0,0,0,0,1
857,2011,kamui-kobayashi,pastor-maldonado,16.0,2,520.0,16.0,23.0,10.0,14.0,1,0,1,0
857,2011,heikki-kovalainen,jarno-trulli,18.0,1,905.0,17.0,18.0,17.0,18.0,1,0,1,0
857,2011,jarno-trulli,timo-glock,19.0,1,631.0,18.0,19.0,18.0,19.0,1,0,1,0
858,2011,sebastian-vettel,mark-webber,1.0,3,181.0,1.0,2.0,2.0,1.0,0,0,0,0
858,2011,mark-webber,jenson-button,2.0,3,184.0,2.0,3.0,1.0,3.0,1,0,1,0
858,2011,fernando-alonso,nico-rosberg,5.0,3,459.0,5.0,6.0,4.0,7.0,1,0,1,0
858,2011,nico-rosberg,felipe-massa,6.0,3,18.0,6.0,7.0,7.0,5.0,0,0,0,1
858,2011,felipe-massa,adrian-sutil,7.0,3,230.0,7.0,8.0,5.0,6.0,1,0,1,0
858,2011,adrian-sutil,bruno-senna,8.0,3,463.0,8.0,9.0,6.0,17.0,1,0,1,0
858,2011,michael-schumacher,paul-di-resta,10.0,2,13.0,10.0,11.0,15.0,8.0,0,0,0,1
858,2011,paul-di-resta,rubens-barrichello,11.0,2,217.0,11.0,12.0,8.0,14.0,1,0,1,0
858,2011,rubens-barrichello,jaime-alguersuari,12.0,2,3.0,12.0,13.0,14.0,11.0,0,0,0,1
858,2011,jaime-alguersuari,sebastien-buemi,13.0,2,115.0,13.0,14.0,11.0,12.0,1,0,1,0
858,2011,sebastien-buemi,vitaly-petrov,14.0,2,134.0,14.0,15.0,12.0,10.0,0,0,0,0
858,2011,vitaly-petrov,kamui-kobayashi,15.0,2,76.0,15.0,16.0,10.0,9.0,0,0,0,1
858,2011,kamui-kobayashi,sergio-perez,16.0,2,53.0,16.0,17.0,9.0,13.0,1,0,1,1
858,2011,heikki-kovalainen,jarno-trulli,19.0,1,290.0,19.0,20.0,16.0,18.0,1,0,1,0
858,2011,daniel-ricciardo,jerome-dambrosio,22.0,1,129.0,22.0,23.0,20.0,19.0,0,0,0,0
859,2012,lewis-hamilton,jenson-button,1.0,3,152.0,1.0,2.0,3.0,1.0,0,0,0,0
859,2012,mark-webber,sebastian-vettel,5.0,3,17.0,5.0,6.0,4.0,2.0,0,0,0,1
859,2012,sebastian-vettel,nico-rosberg,6.0,3,18.0,6.0,7.0,2.0,12.0,1,0,1,1
859,2012,nico-rosberg,pastor-maldonado,7.0,3,222.0,7.0,8.0,12.0,13.0,1,0,1,0
859,2012,daniel-ricciardo,jean-eric-vergne,10.0,2,110.0,10.0,11.0,9.0,11.0,1,0,1,0
859,2012,jean-eric-vergne,fernando-alonso,11.0,2,65.0,11.0,12.0,11.0,5.0,0,0,0,1
859,2012,fernando-alonso,kamui-kobayashi,12.0,2,96.0,12.0,13.0,5.0,6.0,1,0,1,1
859,2012,kamui-kobayashi,bruno-senna,13.0,2,73.0,13.0,14.0,6.0,16.0,1,0,1,1
859,2012,bruno-senna,paul-di-resta,14.0,2,423.0,14.0,15.0,16.0,10.0,0,0,0,0
859,2012,sergio-perez,kimi-raikkonen,17.0,1,1162.0,22.0,17.0,8.0,7.0,0,1,1,0
859,2012,timo-glock,charles-pic,21.0,1,747.0,20.0,21.0,14.0,15.0,1,0,1,0
860,2012,lewis-hamilton,jenson-button,1.0,3,149.0,1.0,2.0,3.0,14.0,1,0,1,0
860,2012,jenson-button,michael-schumacher,2.0,3,23.0,2.0,3.0,14.0,10.0,0,0,0,1
860,2012,michael-schumacher,mark-webber,3.0,3,70.0,3.0,4.0,10.0,4.0,0,0,0,1
860,2012,mark-webber,kimi-raikkonen,4.0,3,0.0,4.0,10.0,4.0,5.0,1,0,1,1
860,2012,kimi-raikkonen,sebastian-vettel,5.0,3,173.0,10.0,5.0,5.0,11.0,1,1,0,0
860,2012,nico-rosberg,fernando-alonso,8.0,3,902.0,7.0,8.0,13.0,1.0,0,0,0,0
860,2012,fernando-alonso,sergio-perez,9.0,3,132.0,8.0,9.0,1.0,2.0,1,0,1,0
860,2012,pastor-maldonado,felipe-massa,11.0,2,142.0,11.0,12.0,19.0,15.0,0,0,0,0
860,2012,felipe-massa,bruno-senna,12.0,2,110.0,12.0,13.0,15.0,6.0,0,0,0,0
860,2012,bruno-senna,paul-di-resta,13.0,2,36.0,13.0,14.0,6.0,7.0,1,0,1,1
860,2012,paul-di-resta,daniel-ricciardo,14.0,2,6.0,14.0,15.0,7.0,12.0,1,0,1,1
860,2012,daniel-ricciardo,nico-hulkenberg,15.0,2,7.0,15.0,16.0,12.0,9.0,0,0,0,1
860,2012,jean-eric-vergne,heikki-kovalainen,18.0,1,229.0,18.0,24.0,8.0,18.0,1,0,1,0
860,2012,heikki-kovalainen,vitaly-petrov,19.0,1,261.0,24.0,19.0,18.0,16.0,0,1,1,0
860,2012,vitaly-petrov,timo-glock,20.0,1,1336.0,19.0,20.0,16.0,17.0,1,0,1,0
860,2012,timo-glock,charles-pic,21.0,1,347.0,20.0,21.0,17.0,20.0,1,0,1,0
860,2012,charles-pic,pedro-de-la-rosa,22.0,1,1664.0,21.0,22.0,20.0,21.0,1,0,1,0
860,2012,pedro-de-la-rosa,narain-karthikeyan,23.0,1,741.0,22.0,23.0,21.0,22.0,1,0,1,0
861,2012,nico-rosberg,lewis-hamilton,1.0,3,505.0,1.0,7.0,1.0,3.0,1,0,1,0
861,2012,kamui-kobayashi,kimi-raikkonen,4.0,3,114.0,3.0,4.0,10.0,14.0,1,0,1,0
861,2012,kimi-raikkonen,jenson-button,5.0,3,293.0,4.0,5.0,14.0,2.0,0,0,0,0
861,2012,jenson-button,mark-webber,6.0,3,99.0,5.0,6.0,2.0,4.0,1,0,1,1
861,2012,mark-webber,sergio-perez,7.0,3,234.0,6.0,8.0,4.0,11.0,1,0,1,0
861,2012,sergio-perez,fernando-alonso,8.0,3,98.0,8.0,9.0,11.0,9.0,0,0,0,1
861,2012,romain-grosjean,sebastian-vettel,10.0,2,128.0,10.0,11.0,6.0,5.0,0,0,0,0
861,2012,sebastian-vettel,felipe-massa,11.0,2,224.0,11.0,12.0,5.0,13.0,1,0,1,0
861,2012,felipe-massa,pastor-maldonado,12.0,2,28.0,12.0,13.0,13.0,8.0,0,0,0,1
861,2012,pastor-maldonado,bruno-senna,13.0,2,6.0,13.0,14.0,8.0,7.0,0,0,0,1
861,2012,bruno-senna,paul-di-resta,14.0,2,28.0,14.0,15.0,7.0,12.0,1,0,1,1
861,2012,paul-di-resta,nico-hulkenberg,15.0,2,428.0,15.0,16.0,12.0,15.0,1,0,1,0
861,2012,nico-hulkenberg,daniel-ricciardo,16.0,2,211.0,16.0,17.0,15.0,17.0,1,0,1,0
861,2012,jean-eric-vergne,heikki-kovalainen,18.0,1,749.0,24.0,18.0,16.0,23.0,1,1,0,0
861,2012,heikki-kovalainen,vitaly-petrov,19.0,1,214.0,18.0,19.0,23.0,18.0,0,0,0,0
861,2012,vitaly-petrov,timo-glock,20.0,1,605.0,19.0,20.0,18.0,19.0,1,0,1,0
861,2012,timo-glock,charles-pic,21.0,1,435.0,20.0,21.0,19.0,20.0,1,0,1,0
861,2012,charles-pic,pedro-de-la-rosa,22.0,1,694.0,21.0,22.0,20.0,21.0,1,0,1,0
861,2012,pedro-de-la-rosa,narain-karthikeyan,23.0,1,589.0,22.0,23.0,21.0,22.0,1,0,1,0
862,2012,sebastian-vettel,lewis-hamilton,1.0,3,98.0,1.0,2.0,1.0,8.0,1,0,1,1
862,2012,lewis-hamilton,mark-webber,2.0,3,117.0,2.0,3.0,8.0,4.0,0,0,0,0
862,2012,mark-webber,jenson-button,3.0,3,74.0,3.0,4.0,4.0,18.0,1,0,1,1
862,2012,jenson-button,nico-rosberg,4.0,3,110.0,4.0,5.0,18.0,5.0,0,0,0,0
862,2012,nico-rosberg,daniel-ricciardo,5.0,3,91.0,5.0,6.0,5.0,15.0,1,0,1,1
862,2012,daniel-ricciardo,romain-grosjean,6.0,3,96.0,6.0,7.0,15.0,3.0,0,0,0,1
862,2012,romain-grosjean,sergio-perez,7.0,3,386.0,7.0,8.0,3.0,11.0,1,0,1,0
862,2012,fernando-alonso,paul-di-resta,9.0,2,107.0,9.0,10.0,7.0,6.0,0,0,0,0
862,2012,paul-di-resta,kimi-raikkonen,10.0,2,279.0,10.0,11.0,6.0,2.0,0,0,0,0
862,2012,kimi-raikkonen,kamui-kobayashi,11.0,2,17.0,11.0,12.0,2.0,13.0,1,0,1,1
862,2012,kamui-kobayashi,nico-hulkenberg,12.0,2,1.0,12.0,13.0,13.0,12.0,0,0,0,1
862,2012,nico-hulkenberg,felipe-massa,13.0,2,105.0,13.0,14.0,12.0,9.0,0,0,0,0
862,2012,felipe-massa,bruno-senna,14.0,2,105.0,14.0,15.0,9.0,22.0,1,0,1,0
862,2012,bruno-senna,heikki-kovalainen,15.0,2,2115.0,15.0,16.0,22.0,17.0,0,0,0,0
862,2012,michael-schumacher,jean-eric-vergne,18.0,1,149.0,22.0,17.0,10.0,14.0,1,1,0,0
862,2012,jean-eric-vergne,vitaly-petrov,19.0,1,809.0,17.0,18.0,14.0,16.0,1,0,1,0
862,2012,pedro-de-la-rosa,timo-glock,22.0,1,22.0,20.0,23.0,20.0,19.0,0,0,0,1
862,2012,timo-glock,narain-karthikeyan,23.0,1,409.0,23.0,24.0,19.0,21.0,1,0,1,0
863,2012,pastor-maldonado,fernando-alonso,1.0,3,17.0,1.0,2.0,1.0,2.0,1,0,1,1
863,2012,fernando-alonso,romain-grosjean,2.0,3,122.0,2.0,3.0,2.0,4.0,1,0,1,0
863,2012,romain-grosjean,kimi-raikkonen,3.0,3,63.0,3.0,4.0,4.0,3.0,0,0,0,1
863,2012,kamui-kobayashi,jenson-button,9.0,2,47.0,9.0,10.0,5.0,9.0,1,0,1,1
863,2012,jenson-button,mark-webber,10.0,2,33.0,10.0,11.0,9.0,11.0,1,0,1,1
863,2012,mark-webber,paul-di-resta,11.0,2,148.0,11.0,12.0,11.0,14.0,1,0,1,0
863,2012,paul-di-resta,nico-hulkenberg,12.0,2,52.0,12.0,13.0,14.0,10.0,0,0,0,1
863,2012,nico-hulkenberg,jean-eric-vergne,13.0,2,88.0,13.0,14.0,10.0,12.0,1,0,1,1
863,2012,jean-eric-vergne,daniel-ricciardo,14.0,2,177.0,14.0,15.0,12.0,13.0,1,0,1,0
863,2012,daniel-ricciardo,felipe-massa,15.0,2,2.0,15.0,16.0,13.0,15.0,1,0,1,1
863,2012,vitaly-petrov,heikki-kovalainen,18.0,1,230.0,18.0,19.0,17.0,16.0,0,0,0,0
863,2012,timo-glock,pedro-de-la-rosa,21.0,1,523.0,21.0,22.0,18.0,19.0,1,0,1,0
864,2012,mark-webber,nico-rosberg,2.0,3,67.0,1.0,2.0,1.0,2.0,1,0,1,1
864,2012,nico-rosberg,lewis-hamilton,3.0,3,135.0,2.0,3.0,2.0,5.0,1,0,1,0
864,2012,fernando-alonso,felipe-massa,6.0,3,101.0,5.0,7.0,3.0,6.0,1,0,1,0
864,2012,felipe-massa,kimi-raikkonen,7.0,3,150.0,7.0,8.0,6.0,9.0,1,0,1,0
864,2012,sebastian-vettel,nico-hulkenberg,10.0,2,187.0,9.0,10.0,4.0,8.0,1,0,1,0
864,2012,jenson-button,bruno-senna,13.0,2,173.0,12.0,13.0,16.0,10.0,0,0,0,0
864,2012,bruno-senna,paul-di-resta,14.0,2,9.0,13.0,14.0,10.0,7.0,0,0,0,1
865,2012,sebastian-vettel,lewis-hamilton,1.0,3,303.0,1.0,2.0,4.0,1.0,0,0,0,0
865,2012,lewis-hamilton,fernando-alonso,2.0,3,64.0,2.0,3.0,1.0,5.0,1,0,1,1
865,2012,fernando-alonso,mark-webber,3.0,3,195.0,3.0,4.0,5.0,7.0,1,0,1,0
865,2012,mark-webber,nico-rosberg,4.0,3,65.0,4.0,5.0,7.0,6.0,0,0,0,1
865,2012,nico-rosberg,felipe-massa,5.0,3,54.0,5.0,6.0,6.0,10.0,1,0,1,1
865,2012,felipe-massa,romain-grosjean,6.0,3,180.0,6.0,7.0,10.0,2.0,0,0,0,0
865,2012,romain-grosjean,paul-di-resta,7.0,3,60.0,7.0,8.0,2.0,11.0,1,0,1,1
865,2012,kamui-kobayashi,kimi-raikkonen,11.0,2,46.0,11.0,12.0,9.0,8.0,0,0,0,1
865,2012,kimi-raikkonen,nico-hulkenberg,12.0,2,14.0,12.0,13.0,8.0,12.0,1,0,1,1
865,2012,nico-hulkenberg,daniel-ricciardo,13.0,2,330.0,13.0,14.0,12.0,14.0,1,0,1,0
865,2012,daniel-ricciardo,sergio-perez,14.0,2,78.0,14.0,15.0,14.0,3.0,0,0,0,1
865,2012,sergio-perez,bruno-senna,15.0,2,14.0,15.0,16.0,3.0,17.0,1,0,1,1
865,2012,bruno-senna,pastor-maldonado,16.0,2,61.0,16.0,22.0,17.0,13.0,0,0,0,1
865,2012,heikki-kovalainen,vitaly-petrov,18.0,1,219.0,17.0,18.0,18.0,19.0,1,0,1,0
865,2012,vitaly-petrov,jean-eric-vergne,19.0,1,120.0,18.0,19.0,19.0,15.0,0,0,0,0
866,2012,lewis-hamilton,pastor-maldonado,2.0,3,65.0,2.0,3.0,19.0,12.0,0,0,0,1
866,2012,kimi-raikkonen,nico-rosberg,5.0,3,110.0,5.0,6.0,2.0,6.0,1,0,1,0
866,2012,nico-hulkenberg,jenson-button,8.0,3,49.0,8.0,9.0,5.0,8.0,1,0,1,1
866,2012,jenson-button,paul-di-resta,9.0,3,191.0,9.0,10.0,8.0,7.0,0,0,0,0
866,2012,fernando-alonso,michael-schumacher,11.0,2,63.0,11.0,12.0,1.0,3.0,1,0,1,1
866,2012,michael-schumacher,felipe-massa,12.0,2,10.0,12.0,13.0,3.0,16.0,1,0,1,1
866,2012,felipe-massa,bruno-senna,13.0,2,427.0,13.0,14.0,16.0,10.0,0,0,0,0
866,2012,bruno-senna,sergio-perez,14.0,2,151.0,14.0,15.0,10.0,9.0,0,0,0,0
866,2012,sergio-perez,heikki-kovalainen,15.0,2,937.0,15.0,16.0,9.0,14.0,1,0,1,0
866,2012,heikki-kovalainen,daniel-ricciardo,16.0,2,63.0,16.0,17.0,14.0,11.0,0,0,0,1
866,2012,mark-webber,vitaly-petrov,19.0,1,62.0,19.0,20.0,4.0,13.0,1,0,1,1
866,2012,vitaly-petrov,pedro-de-la-rosa,20.0,1,1714.0,20.0,21.0,13.0,17.0,1,0,1,0
866,2012,pedro-de-la-rosa,narain-karthikeyan,21.0,1,356.0,21.0,22.0,17.0,18.0,1,0,1,0
866,2012,narain-karthikeyan,charles-pic,22.0,1,148.0,22.0,23.0,18.0,15.0,0,0,0,0
867,2012,fernando-alonso,mark-webber,1.0,3,47.0,1.0,2.0,2.0,1.0,0,0,0,1
867,2012,mark-webber,michael-schumacher,2.0,3,227.0,2.0,3.0,1.0,7.0,1,0,1,0
867,2012,michael-schumacher,sebastian-vettel,3.0,3,179.0,3.0,4.0,7.0,3.0,0,0,0,0
867,2012,sebastian-vettel,felipe-massa,4.0,3,866.0,4.0,5.0,3.0,4.0,1,0,1,0
867,2012,felipe-massa,kimi-raikkonen,5.0,3,225.0,5.0,6.0,4.0,5.0,1,0,1,0
867,2012,kimi-raikkonen,pastor-maldonado,6.0,3,249.0,6.0,7.0,5.0,16.0,1,0,1,0
867,2012,pastor-maldonado,lewis-hamilton,7.0,3,4.0,7.0,8.0,16.0,8.0,0,0,0,1
867,2012,lewis-hamilton,nico-hulkenberg,8.0,3,839.0,8.0,14.0,8.0,12.0,1,0,1,0
867,2012,kamui-kobayashi,nico-rosberg,12.0,2,37.0,17.0,11.0,11.0,15.0,1,1,0,1
867,2012,nico-rosberg,daniel-ricciardo,13.0,2,24.0,11.0,12.0,15.0,13.0,0,0,0,1
867,2012,daniel-ricciardo,bruno-senna,14.0,2,294.0,12.0,13.0,13.0,9.0,0,0,0,0
867,2012,bruno-senna,jean-eric-vergne,15.0,2,293.0,13.0,23.0,9.0,14.0,1,0,1,0
867,2012,heikki-kovalainen,timo-glock,20.0,1,2141.0,19.0,20.0,17.0,18.0,1,0,1,0
867,2012,timo-glock,pedro-de-la-rosa,21.0,1,1124.0,20.0,21.0,18.0,20.0,1,0,1,0
867,2012,pedro-de-la-rosa,narain-karthikeyan,22.0,1,298.0,21.0,22.0,20.0,21.0,1,0,1,0
868,2012,fernando-alonso,sebastian-vettel,1.0,3,405.0,1.0,2.0,1.0,5.0,1,0,1,0
868,2012,sebastian-vettel,mark-webber,2.0,3,470.0,2.0,8.0,5.0,8.0,1,0,1,0
868,2012,mark-webber,michael-schumacher,3.0,3,963.0,8.0,3.0,8.0,7.0,0,1,1,0
868,2012,michael-schumacher,nico-hulkenberg,4.0,3,1042.0,3.0,4.0,7.0,9.0,1,0,1,0
868,2012,nico-hulkenberg,pastor-maldonado,5.0,3,449.0,4.0,5.0,9.0,15.0,1,0,1,0
868,2012,pastor-maldonado,jenson-button,6.0,3,163.0,5.0,6.0,15.0,2.0,0,0,0,0
868,2012,paul-di-resta,kimi-raikkonen,9.0,3,922.0,9.0,10.0,11.0,3.0,0,0,0,0
868,2012,daniel-ricciardo,sergio-perez,11.0,2,144.0,11.0,17.0,13.0,6.0,0,0,0,0
868,2012,sergio-perez,kamui-kobayashi,12.0,2,52.0,17.0,12.0,6.0,4.0,0,1,1,1
868,2012,kamui-kobayashi,felipe-massa,13.0,2,227.0,12.0,13.0,4.0,12.0,1,0,1,0
868,2012,felipe-massa,romain-grosjean,14.0,2,362.0,13.0,19.0,12.0,18.0,1,0,1,0
868,2012,romain-grosjean,bruno-senna,15.0,2,178.0,19.0,14.0,18.0,17.0,0,1,1,0
868,2012,bruno-senna,nico-rosberg,16.0,2,799.0,14.0,21.0,17.0,10.0,0,0,0,0
868,2012,jean-eric-vergne,heikki-kovalainen,18.0,1,879.0,15.0,16.0,14.0,19.0,1,0,1,0
868,2012,heikki-kovalainen,vitaly-petrov,19.0,1,911.0,16.0,18.0,19.0,16.0,0,0,0,0
868,2012,vitaly-petrov,charles-pic,20.0,1,689.0,18.0,20.0,16.0,20.0,1,0,1,0
868,2012,charles-pic,timo-glock,21.0,1,71.0,20.0,22.0,20.0,22.0,1,0,1,1
868,2012,timo-glock,pedro-de-la-rosa,22.0,1,621.0,22.0,23.0,22.0,21.0,0,0,0,0
868,2012,pedro-de-la-rosa,narain-karthikeyan,23.0,1,318.0,23.0,24.0,21.0,23.0,1,0,1,0
869,2012,lewis-hamilton,romain-grosjean,1.0,3,413.0,1.0,2.0,1.0,3.0,1,0,1,0
869,2012,romain-grosjean,sebastian-vettel,2.0,3,50.0,2.0,3.0,3.0,4.0,1,0,1,1
869,2012,sebastian-vettel,jenson-button,3.0,3,167.0,3.0,4.0,4.0,6.0,1,0,1,0
869,2012,jenson-button,kimi-raikkonen,4.0,3,147.0,4.0,5.0,6.0,2.0,0,0,0,0
869,2012,kimi-raikkonen,fernando-alonso,5.0,3,114.0,5.0,6.0,2.0,5.0,1,0,1,0
869,2012,fernando-alonso,felipe-massa,6.0,3,56.0,6.0,7.0,5.0,9.0,1,0,1,1
869,2012,felipe-massa,pastor-maldonado,7.0,3,39.0,7.0,8.0,9.0,13.0,1,0,1,1
869,2012,pastor-maldonado,bruno-senna,8.0,3,404.0,8.0,9.0,13.0,7.0,0,0,0,0
869,2012,bruno-senna,nico-hulkenberg,9.0,3,504.0,9.0,10.0,7.0,11.0,1,0,1,0
869,2012,mark-webber,paul-di-resta,11.0,2,98.0,11.0,12.0,8.0,12.0,1,0,1,1
869,2012,paul-di-resta,nico-rosberg,12.0,2,82.0,12.0,13.0,12.0,10.0,0,0,0,1
869,2012,nico-rosberg,sergio-perez,13.0,2,0.0,13.0,14.0,10.0,14.0,1,0,1,1
869,2012,sergio-perez,kamui-kobayashi,14.0,2,405.0,14.0,15.0,14.0,18.0,1,0,1,0
869,2012,kamui-kobayashi,jean-eric-vergne,15.0,2,80.0,15.0,16.0,18.0,16.0,0,0,0,1
869,2012,daniel-ricciardo,heikki-kovalainen,18.0,1,326.0,18.0,19.0,15.0,17.0,1,0,1,0
869,2012,heikki-kovalainen,vitaly-petrov,19.0,1,591.0,19.0,20.0,17.0,19.0,1,0,1,0
869,2012,vitaly-petrov,charles-pic,20.0,1,1077.0,20.0,21.0,19.0,20.0,1,0,1,0
869,2012,charles-pic,timo-glock,21.0,1,232.0,21.0,22.0,20.0,21.0,1,0,1,0
869,2012,timo-glock,pedro-de-la-rosa,22.0,1,440.0,22.0,23.0,21.0,22.0,1,0,1,0
870,2012,jenson-button,kamui-kobayashi,1.0,3,298.0,1.0,2.0,1.0,13.0,1,0,1,0
870,2012,sebastian-vettel,nico-hulkenberg,11.0,2,63.0,10.0,11.0,2.0,4.0,1,0,1,1
870,2012,nico-hulkenberg,michael-schumacher,12.0,2,226.0,11.0,13.0,4.0,7.0,1,0,1,0
870,2012,michael-schumacher,felipe-massa,13.0,2,66.0,13.0,14.0,7.0,5.0,0,0,0,1
870,2012,felipe-massa,jean-eric-vergne,14.0,2,207.0,14.0,15.0,5.0,8.0,1,0,1,0
870,2012,jean-eric-vergne,daniel-ricciardo,15.0,2,189.0,15.0,16.0,8.0,9.0,1,0,1,0
870,2012,daniel-ricciardo,bruno-senna,16.0,2,545.0,16.0,17.0,9.0,12.0,1,0,1,0
870,2012,nico-rosberg,heikki-kovalainen,18.0,1,1558.0,23.0,18.0,11.0,17.0,1,1,0,0
870,2012,heikki-kovalainen,vitaly-petrov,19.0,1,228.0,18.0,19.0,17.0,14.0,0,0,0,0
870,2012,vitaly-petrov,timo-glock,20.0,1,369.0,19.0,20.0,14.0,15.0,1,0,1,0
870,2012,timo-glock,pedro-de-la-rosa,21.0,1,694.0,20.0,21.0,15.0,18.0,1,0,1,0
870,2012,pedro-de-la-rosa,charles-pic,22.0,1,463.0,21.0,22.0,18.0,16.0,0,0,0,0
871,2012,felipe-massa,paul-di-resta,3.0,3,57.0,3.0,9.0,4.0,8.0,1,0,1,1
871,2012,paul-di-resta,michael-schumacher,4.0,3,236.0,9.0,4.0,8.0,6.0,0,1,1,0
871,2012,michael-schumacher,sebastian-vettel,5.0,3,262.0,4.0,5.0,6.0,22.0,1,0,1,0
871,2012,sebastian-vettel,nico-rosberg,6.0,3,31.0,5.0,6.0,22.0,7.0,0,0,0,1
871,2012,nico-rosberg,kimi-raikkonen,7.0,3,22.0,6.0,7.0,7.0,5.0,0,0,0,1
871,2012,kimi-raikkonen,kamui-kobayashi,8.0,3,254.0,7.0,8.0,5.0,9.0,1,0,1,0
871,2012,kamui-kobayashi,fernando-alonso,9.0,3,569.0,8.0,10.0,9.0,3.0,0,0,0,0
871,2012,mark-webber,pastor-maldonado,11.0,2,11.0,11.0,22.0,20.0,11.0,0,0,0,1
871,2012,pastor-maldonado,sergio-perez,12.0,2,81.0,22.0,12.0,11.0,2.0,0,1,1,1
871,2012,sergio-perez,bruno-senna,13.0,2,141.0,12.0,13.0,2.0,10.0,1,0,1,0
871,2012,bruno-senna,daniel-ricciardo,14.0,2,270.0,13.0,14.0,10.0,12.0,1,0,1,0
871,2012,daniel-ricciardo,jerome-dambrosio,15.0,2,96.0,14.0,15.0,12.0,13.0,1,0,1,1
871,2012,heikki-kovalainen,vitaly-petrov,18.0,1,505.0,17.0,18.0,14.0,15.0,1,0,1,0
871,2012,vitaly-petrov,timo-glock,19.0,1,152.0,18.0,19.0,15.0,17.0,1,0,1,0
871,2012,timo-glock,charles-pic,20.0,1,34.0,19.0,20.0,17.0,16.0,0,0,0,1
871,2012,charles-pic,narain-karthikeyan,21.0,1,368.0,20.0,21.0,16.0,19.0,1,0,1,0
871,2012,narain-karthikeyan,pedro-de-la-rosa,22.0,1,188.0,21.0,23.0,19.0,18.0,0,0,0,0
872,2012,sebastian-vettel,jenson-button,3.0,3,34.0,3.0,4.0,1.0,2.0,1,0,1,1
872,2012,jenson-button,fernando-alonso,4.0,3,277.0,4.0,5.0,2.0,3.0,1,0,1,0
872,2012,fernando-alonso,paul-di-resta,5.0,3,25.0,5.0,6.0,3.0,4.0,1,0,1,1
872,2012,paul-di-resta,mark-webber,6.0,3,234.0,6.0,7.0,4.0,11.0,1,0,1,0
872,2012,mark-webber,romain-grosjean,7.0,3,313.0,7.0,8.0,11.0,7.0,0,0,0,0
872,2012,nico-rosberg,nico-hulkenberg,10.0,2,32.0,10.0,11.0,5.0,14.0,1,0,1,1
872,2012,nico-hulkenberg,kimi-raikkonen,11.0,2,286.0,11.0,12.0,14.0,6.0,0,0,0,0
872,2012,kimi-raikkonen,felipe-massa,12.0,2,83.0,12.0,13.0,6.0,8.0,1,0,1,1
872,2012,felipe-massa,sergio-perez,13.0,2,161.0,13.0,14.0,8.0,10.0,1,0,1,0
872,2012,sergio-perez,daniel-ricciardo,14.0,2,269.0,14.0,15.0,10.0,9.0,0,0,0,0
872,2012,bruno-senna,kamui-kobayashi,17.0,1,124.0,22.0,17.0,18.0,13.0,0,1,1,0
872,2012,kamui-kobayashi,vitaly-petrov,18.0,1,913.0,17.0,18.0,13.0,19.0,1,0,1,0
872,2012,vitaly-petrov,heikki-kovalainen,19.0,1,291.0,18.0,19.0,19.0,15.0,0,0,0,0
872,2012,heikki-kovalainen,timo-glock,20.0,1,233.0,19.0,20.0,15.0,12.0,0,0,0,0
872,2012,timo-glock,charles-pic,21.0,1,392.0,20.0,21.0,12.0,16.0,1,0,1,0
873,2012,sebastian-vettel,mark-webber,1.0,3,251.0,1.0,2.0,1.0,9.0,1,0,1,0
873,2012,mark-webber,jenson-button,2.0,3,200.0,2.0,8.0,9.0,4.0,0,0,0,0
873,2012,jenson-button,kamui-kobayashi,3.0,3,410.0,8.0,3.0,4.0,3.0,0,1,1,0
873,2012,kamui-kobayashi,romain-grosjean,4.0,3,198.0,3.0,4.0,3.0,19.0,1,0,1,0
873,2012,kimi-raikkonen,lewis-hamilton,8.0,3,119.0,7.0,9.0,6.0,5.0,0,0,0,0
873,2012,nico-hulkenberg,felipe-massa,10.0,2,21.0,15.0,10.0,7.0,2.0,0,1,1,1
873,2012,felipe-massa,paul-di-resta,11.0,2,34.0,10.0,11.0,2.0,12.0,1,0,1,1
873,2012,paul-di-resta,michael-schumacher,12.0,2,142.0,11.0,23.0,12.0,11.0,0,0,0,0
873,2012,michael-schumacher,pastor-maldonado,13.0,2,43.0,23.0,12.0,11.0,8.0,0,1,1,1
873,2012,daniel-ricciardo,jean-eric-vergne,16.0,2,414.0,14.0,19.0,10.0,13.0,1,0,1,0
873,2012,bruno-senna,heikki-kovalainen,18.0,1,1252.0,16.0,17.0,14.0,15.0,1,0,1,0
873,2012,heikki-kovalainen,timo-glock,19.0,1,556.0,17.0,18.0,15.0,16.0,1,0,1,0
873,2012,timo-glock,pedro-de-la-rosa,20.0,1,172.0,18.0,20.0,16.0,18.0,1,0,1,0
874,2012,mark-webber,sebastian-vettel,1.0,3,74.0,1.0,2.0,2.0,1.0,0,0,0,1
874,2012,sebastian-vettel,lewis-hamilton,2.0,3,153.0,2.0,3.0,1.0,10.0,1,0,1,0
874,2012,lewis-hamilton,fernando-alonso,3.0,3,65.0,3.0,4.0,10.0,3.0,0,0,0,1
874,2012,fernando-alonso,kimi-raikkonen,4.0,3,91.0,4.0,5.0,3.0,5.0,1,0,1,1
874,2012,kimi-raikkonen,felipe-massa,5.0,3,259.0,5.0,6.0,5.0,4.0,0,0,0,0
874,2012,felipe-massa,romain-grosjean,6.0,3,50.0,6.0,7.0,4.0,7.0,1,0,1,1
874,2012,romain-grosjean,nico-hulkenberg,7.0,3,332.0,7.0,8.0,7.0,6.0,0,0,0,0
874,2012,paul-di-resta,pastor-maldonado,14.0,2,82.0,14.0,15.0,12.0,14.0,1,0,1,1
874,2012,pastor-maldonado,daniel-ricciardo,15.0,2,359.0,15.0,21.0,14.0,9.0,0,0,0,0
874,2012,daniel-ricciardo,jean-eric-vergne,16.0,2,256.0,21.0,16.0,9.0,8.0,0,1,1,0
874,2012,bruno-senna,vitaly-petrov,18.0,1,764.0,17.0,18.0,15.0,16.0,1,0,1,0
874,2012,vitaly-petrov,heikki-kovalainen,19.0,1,126.0,18.0,19.0,16.0,17.0,1,0,1,0
874,2012,heikki-kovalainen,charles-pic,20.0,1,984.0,19.0,24.0,17.0,19.0,1,0,1,0
874,2012,charles-pic,timo-glock,21.0,1,54.0,24.0,20.0,19.0,18.0,0,1,1,1
875,2012,sebastian-vettel,mark-webber,1.0,3,44.0,1.0,2.0,1.0,3.0,1,0,1,1
875,2012,mark-webber,lewis-hamilton,2.0,3,217.0,2.0,3.0,3.0,4.0,1,0,1,0
875,2012,lewis-hamilton,jenson-button,3.0,3,115.0,3.0,4.0,4.0,5.0,1,0,1,0
875,2012,jenson-button,fernando-alonso,4.0,3,114.0,4.0,5.0,5.0,2.0,0,0,0,0
875,2012,fernando-alonso,felipe-massa,5.0,3,84.0,5.0,6.0,2.0,6.0,1,0,1,1
875,2012,felipe-massa,kimi-raikkonen,6.0,3,379.0,6.0,7.0,6.0,7.0,1,0,1,0
875,2012,nico-rosberg,romain-grosjean,10.0,2,160.0,10.0,11.0,11.0,9.0,0,0,0,0
875,2012,romain-grosjean,nico-hulkenberg,11.0,2,105.0,11.0,12.0,9.0,8.0,0,0,0,0
875,2012,nico-hulkenberg,bruno-senna,12.0,2,90.0,12.0,13.0,8.0,10.0,1,0,1,1
875,2012,bruno-senna,michael-schumacher,13.0,2,243.0,13.0,14.0,10.0,22.0,1,0,1,0
875,2012,michael-schumacher,daniel-ricciardo,14.0,2,203.0,14.0,15.0,22.0,13.0,0,0,0,0
875,2012,daniel-ricciardo,paul-di-resta,15.0,2,212.0,15.0,16.0,13.0,12.0,0,0,0,0
875,2012,paul-di-resta,kamui-kobayashi,16.0,2,230.0,16.0,17.0,12.0,14.0,1,0,1,0
875,2012,jean-eric-vergne,vitaly-petrov,18.0,1,1231.0,18.0,19.0,15.0,17.0,1,0,1,0
875,2012,vitaly-petrov,heikki-kovalainen,19.0,1,744.0,19.0,20.0,17.0,18.0,1,0,1,0
875,2012,heikki-kovalainen,timo-glock,20.0,1,113.0,20.0,21.0,18.0,20.0,1,0,1,0
875,2012,narain-karthikeyan,charles-pic,23.0,1,69.0,23.0,24.0,21.0,19.0,0,0,0,1
876,2012,pastor-maldonado,kimi-raikkonen,3.0,3,34.0,3.0,4.0,5.0,1.0,0,0,0,1
876,2012,kimi-raikkonen,jenson-button,4.0,3,30.0,4.0,5.0,1.0,4.0,1,0,1,1
876,2012,jenson-button,fernando-alonso,5.0,3,292.0,5.0,6.0,4.0,2.0,0,0,0,0
876,2012,sergio-perez,paul-di-resta,11.0,2,134.0,11.0,12.0,15.0,9.0,0,0,0,0
876,2012,paul-di-resta,michael-schumacher,12.0,2,71.0,12.0,13.0,9.0,11.0,1,0,1,1
876,2012,michael-schumacher,bruno-senna,13.0,2,41.0,13.0,14.0,11.0,8.0,0,0,0,1
876,2012,bruno-senna,kamui-kobayashi,14.0,2,276.0,14.0,15.0,8.0,6.0,0,0,0,0
876,2012,kamui-kobayashi,daniel-ricciardo,15.0,2,159.0,15.0,16.0,6.0,10.0,1,0,1,0
876,2012,jean-eric-vergne,heikki-kovalainen,17.0,1,898.0,17.0,18.0,12.0,13.0,1,0,1,0
876,2012,vitaly-petrov,timo-glock,20.0,1,275.0,20.0,21.0,16.0,14.0,0,0,0,0
876,2012,timo-glock,pedro-de-la-rosa,21.0,1,340.0,21.0,24.0,14.0,17.0,1,0,1,0
877,2012,sebastian-vettel,lewis-hamilton,1.0,3,109.0,1.0,2.0,2.0,1.0,0,0,0,0
877,2012,romain-grosjean,kimi-raikkonen,4.0,3,121.0,8.0,4.0,7.0,6.0,0,1,1,0
877,2012,kimi-raikkonen,michael-schumacher,5.0,3,86.0,4.0,5.0,6.0,16.0,1,0,1,1
877,2012,michael-schumacher,felipe-massa,6.0,3,143.0,5.0,11.0,16.0,4.0,0,0,0,0
877,2012,felipe-massa,nico-hulkenberg,7.0,3,204.0,11.0,6.0,4.0,8.0,1,1,0,0
877,2012,nico-hulkenberg,fernando-alonso,8.0,3,159.0,6.0,7.0,8.0,3.0,0,0,0,0
877,2012,fernando-alonso,pastor-maldonado,9.0,3,542.0,7.0,9.0,3.0,9.0,1,0,1,0
877,2012,bruno-senna,jenson-button,11.0,2,12.0,10.0,12.0,10.0,5.0,0,0,0,1
877,2012,jenson-button,paul-di-resta,12.0,2,49.0,12.0,13.0,5.0,15.0,1,0,1,1
877,2012,sergio-perez,kamui-kobayashi,15.0,2,231.0,15.0,16.0,11.0,14.0,1,0,1,0
877,2012,kamui-kobayashi,nico-rosberg,16.0,2,64.0,16.0,17.0,14.0,13.0,0,0,0,1
877,2012,daniel-ricciardo,timo-glock,18.0,1,942.0,18.0,19.0,12.0,19.0,1,0,1,0
877,2012,timo-glock,charles-pic,19.0,1,608.0,19.0,20.0,19.0,20.0,1,0,1,0
877,2012,charles-pic,vitaly-petrov,20.0,1,145.0,20.0,21.0,20.0,17.0,0,0,0,0
877,2012,vitaly-petrov,heikki-kovalainen,21.0,1,357.0,21.0,22.0,17.0,18.0,1,0,1,0
877,2012,heikki-kovalainen,pedro-de-la-rosa,22.0,1,845.0,22.0,23.0,18.0,21.0,1,0,1,0
877,2012,pedro-de-la-rosa,narain-karthikeyan,23.0,1,729.0,23.0,24.0,21.0,22.0,1,0,1,0
878,2012,jenson-button,mark-webber,2.0,3,68.0,2.0,3.0,1.0,4.0,1,0,1,1
878,2012,mark-webber,sebastian-vettel,3.0,3,179.0,3.0,4.0,4.0,6.0,1,0,1,0
878,2012,sebastian-vettel,felipe-massa,4.0,3,227.0,4.0,5.0,6.0,3.0,0,0,0,0
878,2012,nico-hulkenberg,fernando-alonso,7.0,3,47.0,6.0,7.0,5.0,2.0,0,0,0,1
878,2012,fernando-alonso,kimi-raikkonen,8.0,3,45.0,7.0,8.0,2.0,10.0,1,0,1,1
878,2012,kimi-raikkonen,nico-rosberg,9.0,3,191.0,8.0,9.0,10.0,15.0,1,0,1,0
878,2012,michael-schumacher,kamui-kobayashi,14.0,2,46.0,13.0,14.0,7.0,9.0,1,0,1,1
878,2012,kamui-kobayashi,daniel-ricciardo,15.0,2,194.0,14.0,15.0,9.0,13.0,1,0,1,0
878,2012,daniel-ricciardo,jean-eric-vergne,16.0,2,45.0,15.0,17.0,13.0,8.0,0,0,0,1
878,2012,vitaly-petrov,heikki-kovalainen,19.0,1,13.0,19.0,20.0,11.0,14.0,1,0,1,1
878,2012,heikki-kovalainen,timo-glock,20.0,1,422.0,20.0,21.0,14.0,16.0,1,0,1,0
878,2012,timo-glock,charles-pic,21.0,1,596.0,21.0,22.0,16.0,12.0,0,0,0,0
878,2012,charles-pic,narain-karthikeyan,22.0,1,1472.0,22.0,23.0,12.0,18.0,1,0,1,0
878,2012,narain-karthikeyan,pedro-de-la-rosa,23.0,1,123.0,23.0,24.0,18.0,17.0,0,0,0,0
879,2013,sebastian-vettel,mark-webber,1.0,3,420.0,1.0,2.0,3.0,6.0,1,0,1,0
879,2013,mark-webber,lewis-hamilton,2.0,3,260.0,2.0,3.0,6.0,5.0,0,0,0,0
879,2013,lewis-hamilton,felipe-massa,3.0,3,403.0,3.0,4.0,5.0,4.0,0,0,0,0
879,2013,felipe-massa,fernando-alonso,4.0,3,3.0,4.0,5.0,4.0,2.0,0,0,0,1
879,2013,kimi-raikkonen,romain-grosjean,7.0,3,275.0,7.0,8.0,1.0,10.0,1,0,1,0
879,2013,romain-grosjean,paul-di-resta,8.0,3,292.0,8.0,9.0,10.0,8.0,0,0,0,0
879,2013,paul-di-resta,jenson-button,9.0,3,1052.0,9.0,10.0,8.0,9.0,1,0,1,0
879,2013,adrian-sutil,jean-eric-vergne,12.0,2,644.0,12.0,13.0,7.0,12.0,1,0,1,0
879,2013,sergio-perez,valtteri-bottas,15.0,2,390.0,15.0,16.0,11.0,14.0,1,0,1,0
879,2013,esteban-gutierrez,jules-bianchi,18.0,1,371.0,18.0,19.0,13.0,15.0,1,0,1,0
879,2013,jules-bianchi,max-chilton,19.0,1,762.0,19.0,20.0,15.0,17.0,1,0,1,0
879,2013,max-chilton,giedo-van-der-garde,20.0,1,610.0,20.0,21.0,17.0,18.0,1,0,1,0
880,2013,sebastian-vettel,felipe-massa,1.0,3,913.0,1.0,2.0,1.0,5.0,1,0,1,0
880,2013,lewis-hamilton,mark-webber,4.0,3,545.0,4.0,5.0,3.0,2.0,0,0,0,0
880,2013,mark-webber,nico-rosberg,5.0,3,275.0,5.0,6.0,2.0,4.0,1,0,1,0
880,2013,nico-rosberg,kimi-raikkonen,6.0,3,451.0,6.0,10.0,4.0,7.0,1,0,1,0
880,2013,kimi-raikkonen,jenson-button,7.0,3,205.0,10.0,7.0,7.0,17.0,1,1,0,0
880,2013,romain-grosjean,nico-hulkenberg,11.0,2,489.0,11.0,12.0,6.0,8.0,1,0,1,0
880,2013,nico-hulkenberg,daniel-ricciardo,12.0,2,697.0,12.0,13.0,8.0,18.0,1,0,1,0
880,2013,daniel-ricciardo,esteban-gutierrez,13.0,2,399.0,13.0,14.0,18.0,12.0,0,0,0,0
880,2013,jean-eric-vergne,valtteri-bottas,17.0,1,50.0,17.0,18.0,10.0,11.0,1,0,1,1
880,2013,valtteri-bottas,jules-bianchi,18.0,1,227.0,18.0,19.0,11.0,13.0,1,0,1,0
880,2013,jules-bianchi,charles-pic,19.0,1,880.0,19.0,20.0,13.0,14.0,1,0,1,0
880,2013,charles-pic,max-chilton,20.0,1,358.0,20.0,21.0,14.0,16.0,1,0,1,0
880,2013,max-chilton,giedo-van-der-garde,21.0,1,260.0,21.0,22.0,16.0,15.0,0,0,0,0
881,2013,lewis-hamilton,kimi-raikkonen,1.0,3,277.0,1.0,2.0,3.0,2.0,0,0,0,0
881,2013,kimi-raikkonen,fernando-alonso,2.0,3,27.0,2.0,3.0,2.0,1.0,0,0,0,1
881,2013,felipe-massa,romain-grosjean,5.0,3,431.0,5.0,6.0,6.0,9.0,1,0,1,0
881,2013,romain-grosjean,daniel-ricciardo,6.0,3,634.0,6.0,7.0,9.0,7.0,0,0,0,0
881,2013,daniel-ricciardo,jenson-button,7.0,3,29675.0,7.0,8.0,7.0,5.0,0,0,0,0
881,2013,sebastian-vettel,nico-hulkenberg,9.0,2,918.0,9.0,10.0,4.0,10.0,1,0,1,0
881,2013,nico-hulkenberg,paul-di-resta,10.0,2,26.0,10.0,11.0,10.0,8.0,0,0,0,1
881,2013,paul-di-resta,sergio-perez,11.0,2,27.0,11.0,12.0,8.0,11.0,1,0,1,1
881,2013,pastor-maldonado,jean-eric-vergne,15.0,2,60.0,14.0,15.0,14.0,12.0,0,0,0,1
881,2013,jules-bianchi,max-chilton,19.0,1,757.0,18.0,19.0,15.0,17.0,1,0,1,0
881,2013,max-chilton,charles-pic,20.0,1,77.0,19.0,20.0,17.0,16.0,0,0,0,1
881,2013,charles-pic,giedo-van-der-garde,21.0,1,46.0,20.0,21.0,16.0,18.0,1,0,1,1
882,2013,nico-rosberg,sebastian-vettel,1.0,3,254.0,1.0,2.0,9.0,1.0,0,0,0,0
882,2013,sebastian-vettel,fernando-alonso,2.0,3,83.0,2.0,3.0,1.0,8.0,1,0,1,1
882,2013,fernando-alonso,lewis-hamilton,3.0,3,95.0,3.0,9.0,8.0,5.0,0,0,0,1
882,2013,lewis-hamilton,mark-webber,4.0,3,316.0,9.0,7.0,5.0,7.0,1,1,0,0
882,2013,mark-webber,felipe-massa,5.0,3,129.0,7.0,4.0,7.0,15.0,1,1,0,0
882,2013,felipe-massa,paul-di-resta,6.0,3,28.0,4.0,5.0,15.0,4.0,0,0,0,1
882,2013,paul-di-resta,adrian-sutil,7.0,3,11.0,5.0,6.0,4.0,13.0,1,0,1,1
882,2013,adrian-sutil,kimi-raikkonen,8.0,3,81.0,6.0,8.0,13.0,2.0,0,0,0,1
882,2013,jenson-button,romain-grosjean,10.0,2,60.0,10.0,11.0,10.0,3.0,0,0,0,1
882,2013,romain-grosjean,sergio-perez,11.0,2,152.0,11.0,12.0,3.0,6.0,1,0,1,0
882,2013,sergio-perez,daniel-ricciardo,12.0,2,60.0,12.0,13.0,6.0,16.0,1,0,1,1
882,2013,daniel-ricciardo,nico-hulkenberg,13.0,2,2.0,13.0,14.0,16.0,12.0,0,0,0,1
882,2013,nico-hulkenberg,valtteri-bottas,14.0,2,129.0,14.0,15.0,12.0,14.0,1,0,1,0
882,2013,pastor-maldonado,esteban-gutierrez,17.0,1,305.0,17.0,22.0,11.0,18.0,1,0,1,0
882,2013,esteban-gutierrez,charles-pic,18.0,1,553.0,22.0,18.0,18.0,17.0,0,1,1,0
882,2013,charles-pic,jules-bianchi,19.0,1,895.0,18.0,19.0,17.0,19.0,1,0,1,0
882,2013,jules-bianchi,giedo-van-der-garde,20.0,1,126.0,19.0,20.0,19.0,21.0,1,0,1,0
882,2013,giedo-van-der-garde,max-chilton,21.0,1,172.0,20.0,21.0,21.0,20.0,0,0,0,0
883,2013,nico-rosberg,lewis-hamilton,1.0,3,254.0,1.0,2.0,6.0,12.0,1,0,1,0
883,2013,lewis-hamilton,sebastian-vettel,2.0,3,82.0,2.0,3.0,12.0,4.0,0,0,0,1
883,2013,sebastian-vettel,kimi-raikkonen,3.0,3,123.0,3.0,4.0,4.0,2.0,0,0,0,0
883,2013,kimi-raikkonen,fernando-alonso,4.0,3,41.0,4.0,5.0,2.0,1.0,0,0,0,1
883,2013,fernando-alonso,felipe-massa,5.0,3,1.0,5.0,9.0,1.0,3.0,1,0,1,1
883,2013,mark-webber,sergio-perez,8.0,3,499.0,7.0,8.0,5.0,9.0,1,0,1,0
883,2013,sergio-perez,paul-di-resta,9.0,3,164.0,8.0,10.0,9.0,7.0,0,0,0,0
883,2013,adrian-sutil,jenson-button,13.0,2,9.0,13.0,14.0,13.0,8.0,0,0,0,1
883,2013,jenson-button,nico-hulkenberg,14.0,2,34.0,14.0,15.0,8.0,15.0,1,0,1,1
883,2013,nico-hulkenberg,esteban-gutierrez,15.0,2,404.0,15.0,19.0,15.0,11.0,0,0,0,0
883,2013,valtteri-bottas,pastor-maldonado,17.0,1,58.0,16.0,17.0,16.0,14.0,0,0,0,1
883,2013,jules-bianchi,max-chilton,20.0,1,283.0,20.0,21.0,18.0,19.0,1,0,1,0
883,2013,max-chilton,charles-pic,21.0,1,74.0,21.0,22.0,19.0,17.0,0,0,0,1
884,2013,nico-rosberg,lewis-hamilton,1.0,3,91.0,1.0,2.0,1.0,4.0,1,0,1,1
884,2013,lewis-hamilton,sebastian-vettel,2.0,3,13.0,2.0,3.0,4.0,2.0,0,0,0,1
884,2013,sebastian-vettel,mark-webber,3.0,3,201.0,3.0,4.0,2.0,3.0,1,0,1,0
884,2013,mark-webber,kimi-raikkonen,4.0,3,641.0,4.0,5.0,3.0,10.0,1,0,1,0
884,2013,kimi-raikkonen,fernando-alonso,5.0,3,2.0,5.0,6.0,10.0,7.0,0,0,0,1
884,2013,fernando-alonso,sergio-perez,6.0,3,314.0,6.0,7.0,7.0,16.0,1,0,1,0
884,2013,sergio-perez,adrian-sutil,7.0,3,245.0,7.0,8.0,16.0,5.0,0,0,0,0
884,2013,adrian-sutil,jenson-button,8.0,3,264.0,8.0,9.0,5.0,6.0,1,0,1,0
884,2013,jenson-button,jean-eric-vergne,9.0,3,56.0,9.0,10.0,6.0,8.0,1,0,1,1
884,2013,valtteri-bottas,giedo-van-der-garde,14.0,2,331.0,14.0,15.0,12.0,15.0,1,0,1,0
884,2013,esteban-gutierrez,max-chilton,19.0,1,386.0,19.0,22.0,13.0,14.0,1,0,1,0
885,2013,sebastian-vettel,lewis-hamilton,1.0,3,87.0,1.0,2.0,1.0,3.0,1,0,1,1
885,2013,lewis-hamilton,valtteri-bottas,2.0,3,385.0,2.0,3.0,3.0,14.0,1,0,1,0
885,2013,valtteri-bottas,nico-rosberg,3.0,3,111.0,3.0,4.0,14.0,5.0,0,0,0,0
885,2013,nico-rosberg,mark-webber,4.0,3,200.0,4.0,5.0,5.0,4.0,0,0,0,0
885,2013,mark-webber,fernando-alonso,5.0,3,296.0,5.0,6.0,4.0,2.0,0,0,0,0
885,2013,fernando-alonso,jean-eric-vergne,6.0,3,39.0,6.0,7.0,2.0,6.0,1,0,1,1
885,2013,jean-eric-vergne,adrian-sutil,7.0,3,805.0,7.0,8.0,6.0,10.0,1,0,1,0
885,2013,adrian-sutil,kimi-raikkonen,8.0,3,84.0,8.0,10.0,10.0,9.0,0,0,0,1
885,2013,kimi-raikkonen,daniel-ricciardo,9.0,3,514.0,10.0,11.0,9.0,15.0,1,0,1,0
885,2013,sergio-perez,pastor-maldonado,12.0,2,156.0,12.0,13.0,11.0,16.0,1,0,1,0
885,2013,pastor-maldonado,jenson-button,13.0,2,151.0,13.0,14.0,16.0,12.0,0,0,0,0
885,2013,jenson-button,esteban-gutierrez,14.0,2,247.0,14.0,15.0,12.0,20.0,1,0,1,0
885,2013,esteban-gutierrez,felipe-massa,15.0,2,39.0,15.0,16.0,20.0,8.0,0,0,0,1
885,2013,paul-di-resta,charles-pic,17.0,1,718.0,17.0,18.0,7.0,18.0,1,0,1,0
885,2013,charles-pic,romain-grosjean,18.0,1,90.0,18.0,22.0,18.0,13.0,0,0,0,1
885,2013,romain-grosjean,jules-bianchi,19.0,1,792.0,22.0,19.0,13.0,17.0,1,1,0,0
885,2013,jules-bianchi,max-chilton,20.0,1,554.0,19.0,20.0,17.0,19.0,1,0,1,0
886,2013,lewis-hamilton,nico-rosberg,1.0,3,452.0,1.0,2.0,4.0,1.0,0,0,0,0
886,2013,mark-webber,daniel-ricciardo,4.0,3,537.0,4.0,5.0,2.0,8.0,1,0,1,0
886,2013,daniel-ricciardo,adrian-sutil,5.0,3,151.0,5.0,6.0,8.0,7.0,0,0,0,0
886,2013,adrian-sutil,romain-grosjean,6.0,3,47.0,6.0,7.0,7.0,19.0,1,0,1,1
886,2013,romain-grosjean,kimi-raikkonen,7.0,3,7.0,7.0,8.0,19.0,5.0,0,0,0,1
886,2013,kimi-raikkonen,fernando-alonso,8.0,3,17.0,8.0,9.0,5.0,3.0,0,0,0,1
886,2013,jenson-button,felipe-massa,10.0,2,130.0,10.0,11.0,13.0,6.0,0,0,0,0
886,2013,sergio-perez,nico-hulkenberg,13.0,2,129.0,13.0,14.0,20.0,10.0,0,0,0,0
886,2013,nico-hulkenberg,pastor-maldonado,14.0,2,148.0,14.0,15.0,10.0,11.0,1,0,1,0
886,2013,valtteri-bottas,esteban-gutierrez,16.0,1,2.0,16.0,17.0,12.0,14.0,1,0,1,1
886,2013,esteban-gutierrez,charles-pic,17.0,1,1200.0,17.0,18.0,14.0,15.0,1,0,1,0
886,2013,charles-pic,jules-bianchi,18.0,1,242.0,18.0,19.0,15.0,16.0,1,0,1,0
886,2013,jules-bianchi,giedo-van-der-garde,19.0,1,1373.0,19.0,22.0,16.0,18.0,1,0,1,0
886,2013,giedo-van-der-garde,max-chilton,20.0,1,377.0,22.0,20.0,18.0,17.0,0,1,1,0
887,2013,lewis-hamilton,sebastian-vettel,1.0,3,103.0,1.0,2.0,5.0,1.0,0,0,0,0
887,2013,sebastian-vettel,mark-webber,2.0,3,107.0,2.0,3.0,1.0,7.0,1,0,1,0
887,2013,mark-webber,kimi-raikkonen,3.0,3,284.0,3.0,4.0,7.0,2.0,0,0,0,0
887,2013,kimi-raikkonen,romain-grosjean,4.0,3,67.0,4.0,5.0,2.0,3.0,1,0,1,1
887,2013,romain-grosjean,daniel-ricciardo,5.0,3,569.0,5.0,6.0,3.0,12.0,1,0,1,0
887,2013,nico-hulkenberg,nico-rosberg,10.0,2,95.0,10.0,11.0,10.0,9.0,0,0,0,1
887,2013,nico-rosberg,paul-di-resta,11.0,2,371.0,11.0,12.0,9.0,11.0,1,0,1,0
887,2013,paul-di-resta,sergio-perez,12.0,2,236.0,12.0,13.0,11.0,8.0,0,0,0,0
887,2013,sergio-perez,esteban-gutierrez,13.0,2,77.0,13.0,14.0,8.0,14.0,1,0,1,1
887,2013,esteban-gutierrez,adrian-sutil,14.0,2,0.0,14.0,15.0,14.0,13.0,0,0,0,1
887,2013,valtteri-bottas,pastor-maldonado,17.0,1,14.0,17.0,18.0,16.0,15.0,0,0,0,1
887,2013,pastor-maldonado,charles-pic,18.0,1,1230.0,18.0,22.0,15.0,17.0,1,0,1,0
887,2013,giedo-van-der-garde,max-chilton,21.0,1,364.0,20.0,21.0,18.0,19.0,1,0,1,0
888,2013,lewis-hamilton,sebastian-vettel,1.0,3,38.0,1.0,2.0,1.0,3.0,1,0,1,1
888,2013,sebastian-vettel,romain-grosjean,2.0,3,169.0,2.0,3.0,3.0,6.0,1,0,1,0
888,2013,romain-grosjean,nico-rosberg,3.0,3,125.0,3.0,4.0,6.0,19.0,1,0,1,0
888,2013,nico-rosberg,fernando-alonso,4.0,3,71.0,4.0,5.0,19.0,5.0,0,0,0,1
888,2013,fernando-alonso,kimi-raikkonen,5.0,3,60.0,5.0,6.0,5.0,2.0,0,0,0,1
888,2013,kimi-raikkonen,felipe-massa,6.0,3,78.0,6.0,7.0,2.0,8.0,1,0,1,1
888,2013,felipe-massa,daniel-ricciardo,7.0,3,712.0,7.0,8.0,8.0,13.0,1,0,1,0
888,2013,daniel-ricciardo,sergio-perez,8.0,3,1757.0,8.0,9.0,13.0,9.0,0,0,0,0
888,2013,nico-hulkenberg,jenson-button,12.0,2,197.0,12.0,13.0,11.0,7.0,0,0,0,0
888,2013,jenson-button,jean-eric-vergne,13.0,2,252.0,13.0,14.0,7.0,12.0,1,0,1,0
888,2013,jean-eric-vergne,pastor-maldonado,14.0,2,104.0,14.0,15.0,12.0,10.0,0,0,0,0
888,2013,paul-di-resta,charles-pic,18.0,1,964.0,18.0,19.0,18.0,15.0,0,0,0,0
888,2013,charles-pic,giedo-van-der-garde,19.0,1,326.0,19.0,20.0,15.0,14.0,0,0,0,0
888,2013,giedo-van-der-garde,jules-bianchi,20.0,1,454.0,20.0,21.0,14.0,16.0,1,0,1,0
888,2013,jules-bianchi,max-chilton,21.0,1,210.0,21.0,22.0,16.0,17.0,1,0,1,0
889,2013,lewis-hamilton,sebastian-vettel,1.0,3,188.0,1.0,2.0,3.0,1.0,0,0,0,0
889,2013,sebastian-vettel,mark-webber,2.0,3,125.0,2.0,3.0,1.0,5.0,1,0,1,0
889,2013,mark-webber,nico-rosberg,3.0,3,926.0,3.0,4.0,5.0,4.0,0,0,0,0
889,2013,jenson-button,romain-grosjean,6.0,3,6.0,6.0,7.0,6.0,8.0,1,0,1,1
889,2013,fernando-alonso,felipe-massa,9.0,3,577.0,9.0,10.0,2.0,7.0,1,0,1,0
889,2013,nico-hulkenberg,adrian-sutil,11.0,2,15.0,11.0,12.0,13.0,9.0,0,0,0,1
889,2013,adrian-sutil,sergio-perez,12.0,2,201.0,12.0,13.0,9.0,11.0,1,0,1,0
889,2013,sergio-perez,giedo-van-der-garde,13.0,2,2732.0,13.0,14.0,11.0,16.0,1,0,1,0
889,2013,giedo-van-der-garde,jules-bianchi,14.0,2,527.0,14.0,15.0,16.0,18.0,1,0,1,0
889,2013,jules-bianchi,max-chilton,15.0,2,199.0,15.0,16.0,18.0,19.0,1,0,1,0
889,2013,pastor-maldonado,jean-eric-vergne,17.0,1,228.0,17.0,18.0,17.0,12.0,0,0,0,0
889,2013,jean-eric-vergne,daniel-ricciardo,18.0,1,17.0,18.0,19.0,12.0,10.0,0,0,0,1
889,2013,daniel-ricciardo,valtteri-bottas,19.0,1,115.0,19.0,20.0,10.0,15.0,1,0,1,0
889,2013,valtteri-bottas,esteban-gutierrez,20.0,1,892.0,20.0,21.0,15.0,14.0,0,0,0,0
890,2013,sebastian-vettel,mark-webber,1.0,3,213.0,1.0,2.0,1.0,3.0,1,0,1,0
890,2013,mark-webber,nico-hulkenberg,2.0,3,97.0,2.0,3.0,3.0,5.0,1,0,1,1
890,2013,nico-hulkenberg,felipe-massa,3.0,3,67.0,3.0,4.0,5.0,4.0,0,0,0,1
890,2013,felipe-massa,fernando-alonso,4.0,3,10.0,4.0,5.0,4.0,2.0,0,0,0,1
890,2013,fernando-alonso,nico-rosberg,5.0,3,50.0,5.0,6.0,2.0,6.0,1,0,1,1
890,2013,nico-rosberg,daniel-ricciardo,6.0,3,17.0,6.0,7.0,6.0,7.0,1,0,1,1
890,2013,daniel-ricciardo,sergio-perez,7.0,3,293.0,7.0,8.0,7.0,12.0,1,0,1,0
890,2013,sergio-perez,jenson-button,8.0,3,13.0,8.0,9.0,12.0,10.0,0,0,0,1
890,2013,kimi-raikkonen,lewis-hamilton,11.0,2,193.0,11.0,12.0,11.0,9.0,0,0,0,0
890,2013,lewis-hamilton,romain-grosjean,12.0,2,45.0,12.0,13.0,9.0,8.0,0,0,0,1
890,2013,romain-grosjean,adrian-sutil,13.0,2,84.0,13.0,17.0,8.0,16.0,1,0,1,1
890,2013,adrian-sutil,pastor-maldonado,14.0,2,79.0,17.0,14.0,16.0,14.0,0,1,1,1
890,2013,esteban-gutierrez,valtteri-bottas,17.0,1,65.0,16.0,18.0,13.0,15.0,1,0,1,1
890,2013,valtteri-bottas,giedo-van-der-garde,18.0,1,1115.0,18.0,19.0,15.0,18.0,1,0,1,0
890,2013,giedo-van-der-garde,charles-pic,19.0,1,157.0,19.0,20.0,18.0,17.0,0,0,0,0
890,2013,charles-pic,jules-bianchi,20.0,1,522.0,20.0,21.0,17.0,19.0,1,0,1,0
890,2013,jules-bianchi,max-chilton,21.0,1,395.0,21.0,22.0,19.0,20.0,1,0,1,0
891,2013,sebastian-vettel,nico-rosberg,1.0,3,91.0,1.0,2.0,1.0,4.0,1,0,1,1
891,2013,mark-webber,lewis-hamilton,4.0,3,102.0,4.0,5.0,15.0,5.0,0,0,0,0
891,2013,lewis-hamilton,felipe-massa,5.0,3,636.0,5.0,6.0,5.0,6.0,1,0,1,0
891,2013,felipe-massa,fernando-alonso,6.0,3,48.0,6.0,7.0,6.0,2.0,0,0,0,1
891,2013,fernando-alonso,jenson-button,7.0,3,344.0,7.0,8.0,2.0,7.0,1,0,1,0
891,2013,esteban-gutierrez,nico-hulkenberg,10.0,2,310.0,10.0,11.0,12.0,9.0,0,0,0,0
891,2013,nico-hulkenberg,jean-eric-vergne,11.0,2,33.0,11.0,12.0,9.0,14.0,1,0,1,1
891,2013,jean-eric-vergne,kimi-raikkonen,12.0,2,70.0,12.0,13.0,14.0,3.0,0,0,0,1
891,2013,kimi-raikkonen,sergio-perez,13.0,2,94.0,13.0,14.0,3.0,8.0,1,0,1,1
891,2013,sergio-perez,adrian-sutil,14.0,2,433.0,14.0,15.0,8.0,10.0,1,0,1,0
891,2013,adrian-sutil,valtteri-bottas,15.0,2,203.0,15.0,16.0,10.0,13.0,1,0,1,0
891,2013,paul-di-resta,pastor-maldonado,17.0,1,498.0,17.0,18.0,20.0,11.0,0,0,0,0
891,2013,pastor-maldonado,charles-pic,18.0,1,1492.0,18.0,19.0,11.0,19.0,1,0,1,0
891,2013,charles-pic,giedo-van-der-garde,19.0,1,209.0,19.0,20.0,19.0,16.0,0,0,0,0
891,2013,giedo-van-der-garde,jules-bianchi,20.0,1,510.0,20.0,21.0,16.0,18.0,1,0,1,0
891,2013,jules-bianchi,max-chilton,21.0,1,100.0,21.0,22.0,18.0,17.0,0,0,0,0
892,2013,sebastian-vettel,lewis-hamilton,1.0,3,218.0,1.0,2.0,1.0,5.0,1,0,1,0
892,2013,romain-grosjean,nico-rosberg,4.0,3,148.0,3.0,4.0,3.0,7.0,1,0,1,0
892,2013,nico-rosberg,fernando-alonso,5.0,3,359.0,4.0,5.0,7.0,6.0,0,0,0,0
892,2013,fernando-alonso,felipe-massa,6.0,3,185.0,5.0,6.0,6.0,9.0,1,0,1,0
892,2013,felipe-massa,nico-hulkenberg,7.0,3,14.0,6.0,7.0,9.0,4.0,0,0,0,1
892,2013,nico-hulkenberg,esteban-gutierrez,8.0,3,168.0,7.0,8.0,4.0,11.0,1,0,1,0
892,2013,esteban-gutierrez,kimi-raikkonen,9.0,3,417.0,8.0,9.0,11.0,2.0,0,0,0,0
892,2013,sergio-perez,jenson-button,11.0,2,3.0,10.0,11.0,10.0,8.0,0,0,0,1
892,2013,jenson-button,daniel-ricciardo,12.0,2,52.0,11.0,12.0,8.0,19.0,1,0,1,1
892,2013,daniel-ricciardo,adrian-sutil,13.0,2,14.0,12.0,14.0,19.0,20.0,1,0,1,1
892,2013,valtteri-bottas,pastor-maldonado,17.0,1,517.0,17.0,18.0,12.0,13.0,1,0,1,0
892,2013,pastor-maldonado,charles-pic,18.0,1,877.0,18.0,19.0,13.0,14.0,1,0,1,0
892,2013,charles-pic,giedo-van-der-garde,19.0,1,7.0,19.0,20.0,14.0,15.0,1,0,1,1
892,2013,giedo-van-der-garde,jules-bianchi,20.0,1,298.0,20.0,22.0,15.0,16.0,1,0,1,0
892,2013,jules-bianchi,max-chilton,21.0,1,153.0,22.0,21.0,16.0,17.0,1,1,0,0
893,2013,mark-webber,sebastian-vettel,1.0,3,174.0,1.0,2.0,2.0,1.0,0,0,0,0
893,2013,romain-grosjean,felipe-massa,4.0,3,13.0,4.0,5.0,3.0,10.0,1,0,1,1
893,2013,felipe-massa,nico-rosberg,5.0,3,19.0,5.0,6.0,10.0,8.0,0,0,0,1
893,2013,nico-rosberg,nico-hulkenberg,6.0,3,247.0,6.0,7.0,8.0,6.0,0,0,0,0
893,2013,nico-hulkenberg,fernando-alonso,7.0,3,21.0,7.0,8.0,6.0,4.0,0,0,0,1
893,2013,fernando-alonso,kimi-raikkonen,8.0,3,19.0,8.0,9.0,4.0,5.0,1,0,1,1
893,2013,kimi-raikkonen,jenson-button,9.0,3,143.0,9.0,10.0,5.0,9.0,1,0,1,0
893,2013,sergio-perez,paul-di-resta,11.0,2,3.0,11.0,12.0,15.0,11.0,0,0,0,1
893,2013,paul-di-resta,valtteri-bottas,12.0,2,21.0,12.0,13.0,11.0,17.0,1,0,1,1
893,2013,valtteri-bottas,esteban-gutierrez,13.0,2,50.0,13.0,14.0,17.0,7.0,0,0,0,1
893,2013,esteban-gutierrez,pastor-maldonado,14.0,2,30.0,14.0,15.0,7.0,16.0,1,0,1,1
893,2013,pastor-maldonado,daniel-ricciardo,15.0,2,392.0,15.0,16.0,16.0,13.0,0,0,0,0
893,2013,adrian-sutil,jean-eric-vergne,17.0,1,467.0,22.0,17.0,14.0,12.0,0,1,1,0
893,2013,jean-eric-vergne,max-chilton,18.0,1,963.0,17.0,18.0,12.0,19.0,1,0,1,0
893,2013,max-chilton,charles-pic,19.0,1,236.0,18.0,20.0,19.0,18.0,0,0,0,0
894,2013,sebastian-vettel,nico-rosberg,1.0,3,752.0,1.0,2.0,1.0,2.0,1,0,1,0
894,2013,nico-rosberg,lewis-hamilton,2.0,3,70.0,2.0,3.0,2.0,6.0,1,0,1,1
894,2013,felipe-massa,kimi-raikkonen,5.0,3,47.0,5.0,6.0,4.0,7.0,1,0,1,1
894,2013,kimi-raikkonen,nico-hulkenberg,6.0,3,86.0,6.0,7.0,7.0,19.0,1,0,1,1
894,2013,nico-hulkenberg,fernando-alonso,7.0,3,492.0,7.0,8.0,19.0,11.0,0,0,0,0
894,2013,fernando-alonso,sergio-perez,8.0,3,327.0,8.0,9.0,11.0,5.0,0,0,0,0
894,2013,sergio-perez,jenson-button,9.0,3,334.0,9.0,10.0,5.0,14.0,1,0,1,0
894,2013,daniel-ricciardo,paul-di-resta,11.0,2,192.0,11.0,12.0,10.0,8.0,0,0,0,0
894,2013,paul-di-resta,adrian-sutil,12.0,2,29.0,12.0,13.0,8.0,9.0,1,0,1,1
894,2013,adrian-sutil,jean-eric-vergne,13.0,2,58.0,13.0,14.0,9.0,13.0,1,0,1,1
894,2013,jean-eric-vergne,valtteri-bottas,14.0,2,336.0,14.0,15.0,13.0,16.0,1,0,1,0
894,2013,valtteri-bottas,esteban-gutierrez,15.0,2,202.0,15.0,16.0,16.0,15.0,0,0,0,0
894,2013,romain-grosjean,pastor-maldonado,17.0,1,265.0,17.0,18.0,3.0,12.0,1,0,1,0
894,2013,pastor-maldonado,jules-bianchi,18.0,1,128.0,18.0,19.0,12.0,18.0,1,0,1,0
895,2013,mark-webber,sebastian-vettel,1.0,3,118.0,1.0,2.0,2.0,1.0,0,0,0,0
895,2013,sebastian-vettel,nico-rosberg,2.0,3,344.0,2.0,3.0,1.0,3.0,1,0,1,0
895,2013,nico-rosberg,lewis-hamilton,3.0,3,82.0,3.0,4.0,3.0,7.0,1,0,1,1
895,2013,lewis-hamilton,nico-hulkenberg,4.0,3,75.0,4.0,5.0,7.0,14.0,1,0,1,1
895,2013,nico-hulkenberg,romain-grosjean,5.0,3,421.0,5.0,6.0,14.0,4.0,0,0,0,0
895,2013,romain-grosjean,felipe-massa,6.0,3,18.0,6.0,7.0,4.0,8.0,1,0,1,1
895,2013,felipe-massa,sergio-perez,7.0,3,53.0,7.0,8.0,8.0,9.0,1,0,1,1
895,2013,sergio-perez,daniel-ricciardo,8.0,3,43.0,8.0,9.0,9.0,16.0,1,0,1,1
895,2013,fernando-alonso,paul-di-resta,10.0,2,40.0,10.0,11.0,5.0,6.0,1,0,1,1
895,2013,paul-di-resta,jenson-button,11.0,2,67.0,11.0,12.0,6.0,12.0,1,0,1,1
895,2013,jenson-button,jean-eric-vergne,12.0,2,79.0,12.0,13.0,12.0,17.0,1,0,1,1
895,2013,jean-eric-vergne,pastor-maldonado,13.0,2,116.0,13.0,14.0,17.0,11.0,0,0,0,0
895,2013,pastor-maldonado,valtteri-bottas,14.0,2,52.0,14.0,15.0,11.0,15.0,1,0,1,1
895,2013,esteban-gutierrez,adrian-sutil,16.0,1,52.0,16.0,17.0,13.0,10.0,0,0,0,1
895,2013,adrian-sutil,giedo-van-der-garde,17.0,1,1201.0,17.0,18.0,10.0,18.0,1,0,1,0
895,2013,giedo-van-der-garde,jules-bianchi,18.0,1,146.0,18.0,21.0,18.0,20.0,1,0,1,0
895,2013,jules-bianchi,charles-pic,19.0,1,130.0,21.0,19.0,20.0,19.0,0,1,1,0
895,2013,charles-pic,max-chilton,20.0,1,670.0,19.0,20.0,19.0,21.0,1,0,1,0
896,2013,sebastian-vettel,mark-webber,1.0,3,103.0,1.0,2.0,1.0,3.0,1,0,1,0
896,2013,mark-webber,romain-grosjean,2.0,3,714.0,2.0,3.0,3.0,2.0,0,0,0,0
896,2013,romain-grosjean,nico-hulkenberg,3.0,3,141.0,3.0,4.0,2.0,6.0,1,0,1,0
896,2013,nico-hulkenberg,lewis-hamilton,4.0,3,49.0,4.0,5.0,6.0,4.0,0,0,0,1
896,2013,lewis-hamilton,fernando-alonso,5.0,3,31.0,5.0,6.0,4.0,5.0,1,0,1,1
896,2013,fernando-alonso,sergio-perez,6.0,3,76.0,6.0,7.0,5.0,7.0,1,0,1,1
896,2013,sergio-perez,heikki-kovalainen,7.0,3,263.0,7.0,8.0,7.0,14.0,1,0,1,0
896,2013,heikki-kovalainen,valtteri-bottas,8.0,3,121.0,8.0,9.0,14.0,8.0,0,0,0,0
896,2013,valtteri-bottas,esteban-gutierrez,9.0,3,198.0,9.0,20.0,8.0,13.0,1,0,1,0
896,2013,daniel-ricciardo,paul-di-resta,11.0,2,8.0,10.0,11.0,11.0,15.0,1,0,1,1
896,2013,paul-di-resta,jenson-button,12.0,2,78.0,11.0,15.0,15.0,10.0,0,0,0,1
896,2013,jenson-button,nico-rosberg,13.0,2,147.0,15.0,12.0,10.0,9.0,0,1,1,0
896,2013,nico-rosberg,felipe-massa,14.0,2,228.0,12.0,13.0,9.0,12.0,1,0,1,0
896,2013,felipe-massa,jean-eric-vergne,15.0,2,104.0,13.0,14.0,12.0,16.0,1,0,1,0
896,2013,pastor-maldonado,giedo-van-der-garde,18.0,1,1140.0,17.0,18.0,17.0,19.0,1,0,1,0
896,2013,giedo-van-der-garde,jules-bianchi,19.0,1,37.0,18.0,19.0,19.0,18.0,0,0,0,1
896,2013,jules-bianchi,charles-pic,20.0,1,68.0,19.0,22.0,18.0,20.0,1,0,1,1
896,2013,charles-pic,max-chilton,21.0,1,805.0,22.0,21.0,20.0,21.0,1,1,0,0
897,2013,sebastian-vettel,nico-rosberg,1.0,3,623.0,1.0,2.0,1.0,5.0,1,0,1,0
897,2013,nico-rosberg,fernando-alonso,2.0,3,437.0,2.0,3.0,5.0,3.0,0,0,0,0
897,2013,fernando-alonso,mark-webber,3.0,3,33.0,3.0,4.0,3.0,2.0,0,0,0,1
897,2013,mark-webber,lewis-hamilton,4.0,3,105.0,4.0,5.0,2.0,9.0,1,0,1,0
897,2013,daniel-ricciardo,jean-eric-vergne,7.0,3,29.0,7.0,8.0,10.0,15.0,1,0,1,1
897,2013,jean-eric-vergne,felipe-massa,8.0,3,28.0,8.0,9.0,15.0,7.0,0,0,0,1
897,2013,felipe-massa,nico-hulkenberg,9.0,3,1473.0,9.0,10.0,7.0,8.0,1,0,1,0
897,2013,heikki-kovalainen,paul-di-resta,11.0,2,342.0,11.0,12.0,14.0,11.0,0,0,0,0
897,2013,sergio-perez,jenson-button,14.0,2,39.0,19.0,14.0,6.0,4.0,0,1,1,1
897,2013,jenson-button,adrian-sutil,15.0,2,278.0,14.0,15.0,4.0,13.0,1,0,1,0
897,2013,pastor-maldonado,esteban-gutierrez,17.0,1,78.0,16.0,17.0,16.0,12.0,0,0,0,1
897,2013,giedo-van-der-garde,jules-bianchi,20.0,1,46.0,20.0,21.0,18.0,17.0,0,0,0,1
897,2013,jules-bianchi,max-chilton,21.0,1,584.0,21.0,22.0,17.0,19.0,1,0,1,0
898,2014,nico-rosberg,kevin-magnussen,3.0,3,1150.0,3.0,4.0,1.0,2.0,1,0,1,0
898,2014,kevin-magnussen,fernando-alonso,4.0,3,74.0,4.0,5.0,2.0,4.0,1,0,1,1
898,2014,fernando-alonso,jean-eric-vergne,5.0,3,45.0,5.0,6.0,4.0,8.0,1,0,1,1
898,2014,jean-eric-vergne,nico-hulkenberg,6.0,3,166.0,6.0,7.0,8.0,6.0,0,0,0,0
898,2014,nico-hulkenberg,daniil-kvyat,7.0,3,1338.0,7.0,8.0,6.0,9.0,1,0,1,0
898,2014,jenson-button,kimi-raikkonen,11.0,2,57.0,10.0,11.0,3.0,7.0,1,0,1,1
899,2014,lewis-hamilton,sebastian-vettel,1.0,3,55.0,1.0,2.0,1.0,3.0,1,0,1,1
899,2014,sebastian-vettel,nico-rosberg,2.0,3,564.0,2.0,3.0,3.0,2.0,0,0,0,0
899,2014,nico-rosberg,fernando-alonso,3.0,3,125.0,3.0,4.0,2.0,4.0,1,0,1,0
899,2014,kimi-raikkonen,nico-hulkenberg,6.0,3,494.0,6.0,7.0,12.0,5.0,0,0,0,0
899,2014,nico-hulkenberg,kevin-magnussen,7.0,3,501.0,7.0,8.0,5.0,9.0,1,0,1,0
899,2014,valtteri-bottas,romain-grosjean,15.0,2,129.0,18.0,15.0,8.0,11.0,1,1,0,0
899,2014,kamui-kobayashi,max-chilton,20.0,1,793.0,20.0,21.0,13.0,15.0,1,0,1,0
899,2014,max-chilton,marcus-ericsson,21.0,1,19.0,21.0,22.0,15.0,14.0,0,0,0,1
900,2014,nico-rosberg,lewis-hamilton,1.0,3,279.0,1.0,2.0,2.0,1.0,0,0,0,0
900,2014,lewis-hamilton,daniel-ricciardo,2.0,3,587.0,2.0,13.0,1.0,4.0,1,0,1,0
900,2014,daniel-ricciardo,valtteri-bottas,3.0,3,196.0,13.0,3.0,4.0,8.0,1,1,0,0
900,2014,valtteri-bottas,sergio-perez,4.0,3,99.0,3.0,4.0,8.0,3.0,0,0,0,1
900,2014,sergio-perez,kimi-raikkonen,5.0,3,22.0,4.0,5.0,3.0,10.0,1,0,1,1
900,2014,kimi-raikkonen,jenson-button,6.0,3,19.0,5.0,6.0,10.0,17.0,1,0,1,1
900,2014,jenson-button,felipe-massa,7.0,3,124.0,6.0,7.0,17.0,7.0,0,0,0,0
900,2014,sebastian-vettel,nico-hulkenberg,11.0,2,131.0,10.0,11.0,6.0,5.0,0,0,0,0
900,2014,nico-hulkenberg,daniil-kvyat,12.0,2,29.0,11.0,12.0,5.0,11.0,1,0,1,1
900,2014,kamui-kobayashi,jules-bianchi,19.0,1,225.0,18.0,19.0,15.0,16.0,1,0,1,0
901,2014,lewis-hamilton,daniel-ricciardo,1.0,3,595.0,1.0,2.0,1.0,4.0,1,0,1,0
901,2014,daniel-ricciardo,sebastian-vettel,2.0,3,505.0,2.0,3.0,4.0,5.0,1,0,1,0
901,2014,sebastian-vettel,nico-rosberg,3.0,3,183.0,3.0,4.0,5.0,2.0,0,0,0,0
901,2014,nico-rosberg,fernando-alonso,4.0,3,494.0,4.0,5.0,2.0,3.0,1,0,1,0
901,2014,fernando-alonso,felipe-massa,5.0,3,510.0,5.0,6.0,3.0,15.0,1,0,1,0
901,2014,felipe-massa,valtteri-bottas,6.0,3,135.0,6.0,7.0,15.0,7.0,0,0,0,0
901,2014,valtteri-bottas,nico-hulkenberg,7.0,3,84.0,7.0,8.0,7.0,6.0,0,0,0,1
901,2014,nico-hulkenberg,jean-eric-vergne,8.0,3,407.0,8.0,9.0,6.0,12.0,1,0,1,0
901,2014,kimi-raikkonen,jenson-button,11.0,2,103.0,11.0,12.0,8.0,11.0,1,0,1,0
901,2014,jenson-button,daniil-kvyat,12.0,2,326.0,12.0,13.0,11.0,10.0,0,0,0,0
901,2014,kevin-magnussen,sergio-perez,15.0,2,589.0,15.0,16.0,13.0,9.0,0,0,0,0
901,2014,esteban-gutierrez,kamui-kobayashi,17.0,1,272.0,17.0,18.0,16.0,18.0,1,0,1,0
901,2014,kamui-kobayashi,jules-bianchi,18.0,1,66.0,18.0,19.0,18.0,17.0,0,0,0,1
901,2014,jules-bianchi,marcus-ericsson,19.0,1,1320.0,19.0,20.0,17.0,20.0,1,0,1,0
901,2014,marcus-ericsson,max-chilton,20.0,1,219.0,20.0,21.0,20.0,19.0,0,0,0,0
902,2014,lewis-hamilton,nico-rosberg,1.0,3,168.0,1.0,2.0,1.0,2.0,1,0,1,0
902,2014,nico-rosberg,daniel-ricciardo,2.0,3,885.0,2.0,3.0,2.0,3.0,1,0,1,0
902,2014,daniel-ricciardo,valtteri-bottas,3.0,3,347.0,3.0,4.0,3.0,5.0,1,0,1,0
902,2014,valtteri-bottas,romain-grosjean,4.0,3,328.0,4.0,5.0,5.0,8.0,1,0,1,0
902,2014,romain-grosjean,kimi-raikkonen,5.0,3,144.0,5.0,6.0,8.0,7.0,0,0,0,0
902,2014,kimi-raikkonen,fernando-alonso,6.0,3,36.0,6.0,7.0,7.0,6.0,0,0,0,1
902,2014,fernando-alonso,jenson-button,7.0,3,195.0,7.0,8.0,6.0,11.0,1,0,1,0
902,2014,jenson-button,felipe-massa,8.0,3,67.0,8.0,9.0,11.0,13.0,1,0,1,1
902,2014,sebastian-vettel,nico-hulkenberg,10.0,2,633.0,15.0,10.0,4.0,10.0,1,1,0,0
902,2014,nico-hulkenberg,sergio-perez,11.0,2,317.0,10.0,11.0,10.0,9.0,0,0,0,0
902,2014,sergio-perez,daniil-kvyat,12.0,2,37.0,11.0,12.0,9.0,14.0,1,0,1,1
902,2014,daniil-kvyat,esteban-gutierrez,13.0,2,241.0,12.0,13.0,14.0,16.0,1,0,1,0
902,2014,adrian-sutil,max-chilton,17.0,1,1023.0,16.0,17.0,17.0,19.0,1,0,1,0
902,2014,max-chilton,jules-bianchi,18.0,1,591.0,17.0,18.0,19.0,18.0,0,0,0,0
902,2014,jules-bianchi,marcus-ericsson,19.0,1,135.0,18.0,19.0,18.0,20.0,1,0,1,0
903,2014,nico-rosberg,lewis-hamilton,1.0,3,59.0,1.0,2.0,1.0,2.0,1,0,1,1
903,2014,lewis-hamilton,daniel-ricciardo,2.0,3,336.0,2.0,3.0,2.0,3.0,1,0,1,0
903,2014,fernando-alonso,kimi-raikkonen,5.0,3,703.0,5.0,6.0,4.0,12.0,1,0,1,0
903,2014,nico-hulkenberg,jenson-button,11.0,2,142.0,11.0,12.0,5.0,6.0,1,0,1,0
903,2014,jules-bianchi,max-chilton,19.0,1,596.0,21.0,19.0,9.0,14.0,1,1,0,0
903,2014,max-chilton,kamui-kobayashi,20.0,1,205.0,19.0,20.0,14.0,13.0,0,0,0,0
903,2014,kamui-kobayashi,marcus-ericsson,21.0,1,1599.0,20.0,22.0,13.0,11.0,0,0,0,0
904,2014,sebastian-vettel,valtteri-bottas,3.0,3,2.0,3.0,4.0,3.0,7.0,1,0,1,1
904,2014,valtteri-bottas,felipe-massa,4.0,3,28.0,4.0,5.0,7.0,12.0,1,0,1,1
904,2014,felipe-massa,daniel-ricciardo,5.0,3,11.0,5.0,6.0,12.0,1.0,0,0,0,1
904,2014,daniel-ricciardo,fernando-alonso,6.0,3,225.0,6.0,7.0,1.0,6.0,1,0,1,0
904,2014,fernando-alonso,jean-eric-vergne,7.0,3,348.0,7.0,8.0,6.0,8.0,1,0,1,0
904,2014,jean-eric-vergne,jenson-button,8.0,3,20.0,8.0,9.0,8.0,4.0,0,0,0,1
904,2014,jenson-button,kimi-raikkonen,9.0,3,32.0,9.0,10.0,4.0,10.0,1,0,1,1
904,2014,nico-hulkenberg,kevin-magnussen,11.0,2,10.0,11.0,12.0,5.0,9.0,1,0,1,1
904,2014,kevin-magnussen,sergio-perez,12.0,2,162.0,12.0,13.0,9.0,11.0,1,0,1,0
905,2014,felipe-massa,valtteri-bottas,1.0,3,87.0,1.0,2.0,4.0,3.0,0,0,0,1
905,2014,valtteri-bottas,nico-rosberg,2.0,3,98.0,2.0,3.0,3.0,1.0,0,0,0,1
905,2014,nico-rosberg,fernando-alonso,3.0,3,341.0,3.0,4.0,1.0,5.0,1,0,1,0
905,2014,fernando-alonso,daniel-ricciardo,4.0,3,181.0,4.0,5.0,5.0,8.0,1,0,1,0
905,2014,daniel-ricciardo,kevin-magnussen,5.0,3,49.0,5.0,6.0,8.0,7.0,0,0,0,1
905,2014,lewis-hamilton,nico-hulkenberg,9.0,2,532.0,9.0,10.0,2.0,9.0,1,0,1,0
905,2014,nico-hulkenberg,sergio-perez,10.0,2,130.0,10.0,15.0,9.0,6.0,0,0,0,0
905,2014,sergio-perez,jenson-button,11.0,2,26.0,15.0,11.0,6.0,11.0,1,1,0,1
905,2014,adrian-sutil,esteban-gutierrez,17.0,1,524.0,16.0,17.0,13.0,19.0,1,0,1,0
905,2014,esteban-gutierrez,jules-bianchi,18.0,1,63.0,17.0,18.0,19.0,15.0,0,0,0,1
905,2014,jules-bianchi,kamui-kobayashi,19.0,1,261.0,18.0,19.0,15.0,16.0,1,0,1,0
905,2014,kamui-kobayashi,max-chilton,20.0,1,102.0,19.0,21.0,16.0,17.0,1,0,1,0
905,2014,max-chilton,marcus-ericsson,21.0,1,898.0,21.0,20.0,17.0,18.0,1,1,0,0
906,2014,sebastian-vettel,jenson-button,2.0,3,814.0,2.0,3.0,5.0,4.0,0,0,0,0
906,2014,jenson-button,nico-hulkenberg,3.0,3,129.0,3.0,4.0,4.0,8.0,1,0,1,0
906,2014,nico-hulkenberg,kevin-magnussen,4.0,3,88.0,4.0,5.0,8.0,7.0,0,0,0,1
906,2014,kevin-magnussen,lewis-hamilton,5.0,3,815.0,5.0,6.0,7.0,1.0,0,0,0,0
906,2014,lewis-hamilton,sergio-perez,6.0,3,1225.0,6.0,7.0,1.0,11.0,1,0,1,0
906,2014,sergio-perez,daniel-ricciardo,7.0,3,149.0,7.0,8.0,11.0,3.0,0,0,0,0
906,2014,daniel-ricciardo,daniil-kvyat,8.0,3,101.0,8.0,9.0,3.0,9.0,1,0,1,0
906,2014,daniil-kvyat,jean-eric-vergne,9.0,3,148.0,9.0,10.0,9.0,10.0,1,0,1,0
906,2014,romain-grosjean,jules-bianchi,11.0,2,213.0,11.0,12.0,12.0,14.0,1,0,1,0
906,2014,jules-bianchi,max-chilton,12.0,2,1091.0,12.0,17.0,14.0,16.0,1,0,1,0
906,2014,adrian-sutil,valtteri-bottas,15.0,1,2715.0,13.0,14.0,13.0,2.0,0,0,0,0
907,2014,nico-rosberg,valtteri-bottas,1.0,3,219.0,1.0,2.0,1.0,2.0,1,0,1,0
907,2014,kevin-magnussen,daniel-ricciardo,4.0,3,59.0,4.0,5.0,9.0,6.0,0,0,0,1
907,2014,daniel-ricciardo,sebastian-vettel,5.0,3,304.0,5.0,6.0,6.0,4.0,0,0,0,0
907,2014,sebastian-vettel,fernando-alonso,6.0,3,72.0,6.0,7.0,4.0,5.0,1,0,1,1
907,2014,nico-hulkenberg,sergio-perez,9.0,3,21.0,9.0,10.0,7.0,10.0,1,0,1,1
907,2014,jenson-button,kimi-raikkonen,11.0,2,80.0,11.0,12.0,8.0,11.0,1,0,1,1
907,2014,kimi-raikkonen,jean-eric-vergne,12.0,2,12.0,12.0,13.0,11.0,13.0,1,0,1,1
907,2014,jean-eric-vergne,esteban-gutierrez,13.0,2,502.0,13.0,16.0,13.0,14.0,1,0,1,0
907,2014,jules-bianchi,pastor-maldonado,18.0,1,519.0,17.0,18.0,15.0,12.0,0,0,0,0
907,2014,pastor-maldonado,kamui-kobayashi,19.0,1,213.0,18.0,19.0,12.0,16.0,1,0,1,0
907,2014,kamui-kobayashi,max-chilton,20.0,1,81.0,19.0,21.0,16.0,17.0,1,0,1,1
908,2014,nico-rosberg,sebastian-vettel,1.0,3,486.0,1.0,2.0,4.0,7.0,1,0,1,0
908,2014,sebastian-vettel,valtteri-bottas,2.0,3,153.0,2.0,3.0,7.0,8.0,1,0,1,0
908,2014,valtteri-bottas,daniel-ricciardo,3.0,3,37.0,3.0,4.0,8.0,1.0,0,0,0,1
908,2014,daniel-ricciardo,fernando-alonso,4.0,3,518.0,4.0,5.0,1.0,2.0,1,0,1,0
908,2014,fernando-alonso,felipe-massa,5.0,3,314.0,5.0,6.0,2.0,5.0,1,0,1,0
908,2014,felipe-massa,jenson-button,6.0,3,71.0,6.0,7.0,5.0,10.0,1,0,1,1
908,2014,jenson-button,jean-eric-vergne,7.0,3,426.0,7.0,8.0,10.0,9.0,0,0,0,0
908,2014,kevin-magnussen,daniil-kvyat,10.0,2,121.0,21.0,10.0,12.0,14.0,1,1,0,0
908,2014,daniil-kvyat,adrian-sutil,11.0,2,430.0,10.0,11.0,14.0,11.0,0,0,0,0
909,2014,sebastian-vettel,fernando-alonso,3.0,3,69.0,3.0,4.0,5.0,7.0,1,0,1,1
909,2014,fernando-alonso,daniel-ricciardo,4.0,3,125.0,4.0,5.0,7.0,1.0,0,0,0,0
909,2014,daniel-ricciardo,valtteri-bottas,5.0,3,138.0,5.0,6.0,1.0,3.0,1,0,1,0
909,2014,valtteri-bottas,kevin-magnussen,6.0,3,630.0,6.0,7.0,3.0,12.0,1,0,1,0
909,2014,kevin-magnussen,kimi-raikkonen,7.0,3,101.0,7.0,8.0,12.0,4.0,0,0,0,0
909,2014,kimi-raikkonen,felipe-massa,8.0,3,398.0,8.0,9.0,4.0,13.0,1,0,1,0
909,2014,felipe-massa,jenson-button,9.0,3,598.0,9.0,10.0,13.0,6.0,0,0,0,0
909,2014,daniil-kvyat,jean-eric-vergne,11.0,2,428.0,11.0,12.0,9.0,11.0,1,0,1,0
909,2014,jean-eric-vergne,sergio-perez,12.0,2,279.0,12.0,13.0,11.0,8.0,0,0,0,0
909,2014,sergio-perez,adrian-sutil,13.0,2,154.0,13.0,14.0,8.0,14.0,1,0,1,0
909,2014,nico-hulkenberg,max-chilton,18.0,1,1299.0,18.0,19.0,10.0,16.0,1,0,1,0
909,2014,max-chilton,esteban-gutierrez,19.0,1,848.0,19.0,20.0,16.0,15.0,0,0,0,0
910,2014,lewis-hamilton,nico-rosberg,1.0,3,274.0,1.0,2.0,1.0,2.0,1,0,1,0
910,2014,nico-rosberg,valtteri-bottas,2.0,3,314.0,2.0,3.0,2.0,4.0,1,0,1,0
910,2014,valtteri-bottas,felipe-massa,3.0,3,168.0,3.0,4.0,4.0,3.0,0,0,0,0
910,2014,felipe-massa,kevin-magnussen,4.0,3,449.0,4.0,5.0,3.0,10.0,1,0,1,0
910,2014,kevin-magnussen,jenson-button,5.0,3,65.0,5.0,6.0,10.0,8.0,0,0,0,1
910,2014,sebastian-vettel,daniel-ricciardo,8.0,3,273.0,8.0,9.0,6.0,5.0,0,0,0,0
910,2014,daniel-ricciardo,sergio-perez,9.0,3,235.0,9.0,10.0,5.0,7.0,1,0,1,0
910,2014,daniil-kvyat,kimi-raikkonen,11.0,2,40.0,21.0,11.0,11.0,9.0,0,1,1,1
910,2014,kimi-raikkonen,jean-eric-vergne,12.0,2,47.0,11.0,12.0,9.0,13.0,1,0,1,1
910,2014,jean-eric-vergne,nico-hulkenberg,13.0,2,122.0,12.0,13.0,13.0,12.0,0,0,0,0
910,2014,nico-hulkenberg,adrian-sutil,14.0,2,309.0,13.0,14.0,12.0,15.0,1,0,1,0
910,2014,adrian-sutil,esteban-gutierrez,15.0,2,104.0,14.0,15.0,15.0,20.0,1,0,1,0
910,2014,pastor-maldonado,romain-grosjean,17.0,1,112.0,16.0,17.0,14.0,16.0,1,0,1,0
910,2014,romain-grosjean,kamui-kobayashi,18.0,1,39.0,17.0,18.0,16.0,17.0,1,0,1,1
910,2014,kamui-kobayashi,jules-bianchi,19.0,1,67.0,18.0,19.0,17.0,18.0,1,0,1,1
911,2014,daniel-ricciardo,sebastian-vettel,3.0,3,48.0,3.0,4.0,3.0,2.0,0,0,0,1
911,2014,sebastian-vettel,fernando-alonso,4.0,3,5.0,4.0,5.0,2.0,4.0,1,0,1,1
911,2014,fernando-alonso,felipe-massa,5.0,3,93.0,5.0,6.0,4.0,5.0,1,0,1,1
911,2014,felipe-massa,kimi-raikkonen,6.0,3,170.0,6.0,7.0,5.0,8.0,1,0,1,0
911,2014,kimi-raikkonen,valtteri-bottas,7.0,3,17.0,7.0,8.0,8.0,11.0,1,0,1,1
911,2014,valtteri-bottas,kevin-magnussen,8.0,3,63.0,8.0,9.0,11.0,10.0,0,0,0,1
911,2014,kevin-magnussen,daniil-kvyat,9.0,3,1112.0,9.0,10.0,10.0,14.0,1,0,1,0
911,2014,jean-eric-vergne,nico-hulkenberg,12.0,2,319.0,12.0,13.0,6.0,9.0,1,0,1,0
911,2014,sergio-perez,romain-grosjean,15.0,2,237.0,15.0,16.0,7.0,13.0,1,0,1,0
911,2014,pastor-maldonado,jules-bianchi,18.0,1,377.0,18.0,19.0,12.0,16.0,1,0,1,0
911,2014,max-chilton,marcus-ericsson,21.0,1,1814.0,21.0,22.0,17.0,15.0,0,0,0,0
912,2014,nico-rosberg,lewis-hamilton,1.0,3,197.0,1.0,2.0,2.0,1.0,0,0,0,0
912,2014,lewis-hamilton,valtteri-bottas,2.0,3,425.0,2.0,3.0,1.0,6.0,1,0,1,0
912,2014,valtteri-bottas,felipe-massa,3.0,3,399.0,3.0,4.0,6.0,7.0,1,0,1,0
912,2014,daniel-ricciardo,kevin-magnussen,6.0,3,167.0,6.0,7.0,4.0,14.0,1,0,1,0
912,2014,kevin-magnussen,jenson-button,7.0,3,75.0,7.0,8.0,14.0,5.0,0,0,0,1
912,2014,jenson-button,sebastian-vettel,8.0,3,115.0,8.0,9.0,5.0,3.0,0,0,0,0
912,2014,sebastian-vettel,kimi-raikkonen,9.0,3,116.0,9.0,10.0,3.0,12.0,1,0,1,0
912,2014,jean-eric-vergne,sergio-perez,11.0,2,105.0,20.0,11.0,9.0,10.0,1,1,0,0
912,2014,sergio-perez,daniil-kvyat,12.0,2,3.0,11.0,12.0,10.0,11.0,1,0,1,1
912,2014,daniil-kvyat,nico-hulkenberg,13.0,2,7.0,12.0,13.0,11.0,8.0,0,0,0,1
912,2014,nico-hulkenberg,adrian-sutil,14.0,2,265.0,13.0,14.0,8.0,21.0,1,0,1,0
912,2014,adrian-sutil,esteban-gutierrez,15.0,2,317.0,14.0,15.0,21.0,13.0,0,0,0,0
912,2014,pastor-maldonado,romain-grosjean,17.0,1,67.0,22.0,16.0,16.0,15.0,0,1,1,1
912,2014,romain-grosjean,marcus-ericsson,18.0,1,829.0,16.0,17.0,15.0,17.0,1,0,1,0
912,2014,marcus-ericsson,jules-bianchi,19.0,1,130.0,17.0,18.0,17.0,20.0,1,0,1,0
912,2014,jules-bianchi,kamui-kobayashi,20.0,1,72.0,18.0,19.0,20.0,19.0,0,0,0,1
912,2014,kamui-kobayashi,max-chilton,21.0,1,466.0,19.0,21.0,19.0,18.0,0,0,0,0
913,2014,lewis-hamilton,nico-rosberg,1.0,3,200.0,1.0,2.0,1.0,2.0,1,0,1,0
913,2014,nico-rosberg,valtteri-bottas,2.0,3,207.0,2.0,3.0,2.0,3.0,1,0,1,0
913,2014,valtteri-bottas,jenson-button,3.0,3,201.0,3.0,4.0,3.0,4.0,1,0,1,0
913,2014,jenson-button,daniil-kvyat,4.0,3,156.0,4.0,5.0,4.0,14.0,1,0,1,0
913,2014,daniil-kvyat,kevin-magnussen,5.0,3,352.0,5.0,11.0,14.0,5.0,0,0,0,0
913,2014,kevin-magnussen,daniel-ricciardo,6.0,3,6.0,11.0,6.0,5.0,7.0,1,1,0,1
913,2014,daniel-ricciardo,fernando-alonso,7.0,3,74.0,6.0,7.0,7.0,6.0,0,0,0,1
913,2014,fernando-alonso,kimi-raikkonen,8.0,3,62.0,7.0,8.0,6.0,9.0,1,0,1,1
913,2014,kimi-raikkonen,jean-eric-vergne,9.0,3,249.0,8.0,9.0,9.0,13.0,1,0,1,0
913,2014,sebastian-vettel,nico-hulkenberg,11.0,2,6.0,10.0,17.0,8.0,12.0,1,0,1,1
913,2014,nico-hulkenberg,sergio-perez,12.0,2,105.0,17.0,12.0,12.0,10.0,0,1,1,0
913,2014,sergio-perez,esteban-gutierrez,13.0,2,373.0,12.0,13.0,10.0,15.0,1,0,1,0
913,2014,esteban-gutierrez,adrian-sutil,14.0,2,448.0,13.0,14.0,15.0,16.0,1,0,1,0
913,2014,adrian-sutil,romain-grosjean,15.0,2,413.0,14.0,15.0,16.0,17.0,1,0,1,0
913,2014,marcus-ericsson,felipe-massa,17.0,1,416.0,16.0,18.0,19.0,11.0,0,0,0,0
914,2014,nico-rosberg,lewis-hamilton,1.0,3,376.0,1.0,2.0,2.0,1.0,0,0,0,0
914,2014,lewis-hamilton,valtteri-bottas,2.0,3,463.0,2.0,3.0,1.0,5.0,1,0,1,0
914,2014,valtteri-bottas,felipe-massa,3.0,3,299.0,3.0,4.0,5.0,4.0,0,0,0,0
914,2014,felipe-massa,daniel-ricciardo,4.0,3,39.0,4.0,5.0,4.0,3.0,0,0,0,1
914,2014,daniel-ricciardo,fernando-alonso,5.0,3,366.0,5.0,6.0,3.0,6.0,1,0,1,0
914,2014,fernando-alonso,jenson-button,6.0,3,45.0,6.0,12.0,6.0,12.0,1,0,1,1
914,2014,jenson-button,kevin-magnussen,7.0,3,51.0,12.0,7.0,12.0,8.0,0,1,1,1
914,2014,kevin-magnussen,kimi-raikkonen,8.0,3,98.0,7.0,8.0,8.0,13.0,1,0,1,1
914,2014,jean-eric-vergne,esteban-gutierrez,15.0,1,305.0,14.0,15.0,10.0,14.0,1,0,1,0
914,2014,esteban-gutierrez,sebastian-vettel,16.0,1,66.0,15.0,18.0,14.0,7.0,0,0,0,1
914,2014,sebastian-vettel,romain-grosjean,17.0,1,58.0,18.0,16.0,7.0,11.0,1,1,0,1
915,2014,nico-rosberg,lewis-hamilton,1.0,3,33.0,1.0,2.0,1.0,2.0,1,0,1,1
915,2014,lewis-hamilton,felipe-massa,2.0,3,191.0,2.0,3.0,2.0,3.0,1,0,1,0
915,2014,felipe-massa,valtteri-bottas,3.0,3,58.0,3.0,4.0,3.0,10.0,1,0,1,1
915,2014,valtteri-bottas,jenson-button,4.0,3,625.0,4.0,5.0,10.0,4.0,0,0,0,0
915,2014,jenson-button,sebastian-vettel,5.0,3,8.0,5.0,6.0,4.0,5.0,1,0,1,1
915,2014,sebastian-vettel,kevin-magnussen,6.0,3,31.0,6.0,7.0,5.0,9.0,1,0,1,1
915,2014,kevin-magnussen,fernando-alonso,7.0,3,8.0,7.0,8.0,9.0,6.0,0,0,0,1
915,2014,esteban-gutierrez,nico-hulkenberg,11.0,2,385.0,11.0,12.0,14.0,8.0,0,0,0,0
915,2014,nico-hulkenberg,adrian-sutil,12.0,2,123.0,12.0,13.0,8.0,16.0,1,0,1,0
915,2014,daniil-kvyat,romain-grosjean,14.0,1,614.0,17.0,14.0,11.0,17.0,1,1,0,0
915,2014,romain-grosjean,jean-eric-vergne,15.0,1,3.0,14.0,15.0,17.0,13.0,0,0,0,1
915,2014,jean-eric-vergne,sergio-perez,16.0,1,36.0,15.0,18.0,13.0,15.0,1,0,1,1
915,2014,sergio-perez,pastor-maldonado,17.0,1,157.0,18.0,16.0,15.0,12.0,0,1,1,0
916,2014,nico-rosberg,lewis-hamilton,1.0,3,386.0,1.0,2.0,14.0,1.0,0,0,0,0
916,2014,lewis-hamilton,valtteri-bottas,2.0,3,159.0,2.0,3.0,1.0,3.0,1,0,1,0
916,2014,valtteri-bottas,felipe-massa,3.0,3,94.0,3.0,4.0,3.0,2.0,0,0,0,1
916,2014,jenson-button,kimi-raikkonen,6.0,3,272.0,6.0,7.0,5.0,10.0,1,0,1,0
916,2014,kimi-raikkonen,fernando-alonso,7.0,3,630.0,7.0,8.0,10.0,9.0,0,0,0,0
916,2014,kevin-magnussen,jean-eric-vergne,9.0,2,9.0,9.0,10.0,11.0,12.0,1,0,1,1
916,2014,jean-eric-vergne,sergio-perez,10.0,2,32.0,10.0,11.0,12.0,7.0,0,0,0,1
916,2014,sergio-perez,nico-hulkenberg,11.0,2,145.0,11.0,12.0,7.0,6.0,0,0,0,0
916,2014,nico-hulkenberg,adrian-sutil,12.0,2,690.0,12.0,13.0,6.0,16.0,1,0,1,0
916,2014,romain-grosjean,esteban-gutierrez,14.0,1,51.0,18.0,14.0,13.0,15.0,1,1,0,1
917,2015,lewis-hamilton,nico-rosberg,1.0,3,594.0,1.0,2.0,1.0,2.0,1,0,1,0
917,2015,nico-rosberg,felipe-massa,2.0,3,797.0,2.0,3.0,2.0,4.0,1,0,1,0
917,2015,felipe-massa,sebastian-vettel,3.0,3,39.0,3.0,4.0,4.0,3.0,0,0,0,1
917,2015,daniel-ricciardo,carlos-sainz-jr,7.0,3,181.0,6.0,7.0,6.0,9.0,1,0,1,0
917,2015,nico-hulkenberg,sergio-perez,14.0,2,1.0,13.0,14.0,7.0,10.0,1,0,1,1
917,2015,marcus-ericsson,jenson-button,16.0,1,46.0,15.0,16.0,8.0,11.0,1,0,1,1
918,2015,lewis-hamilton,sebastian-vettel,1.0,3,74.0,1.0,2.0,2.0,1.0,0,0,0,1
918,2015,sebastian-vettel,nico-rosberg,2.0,3,391.0,2.0,3.0,1.0,3.0,1,0,1,0
918,2015,nico-rosberg,daniel-ricciardo,3.0,3,1242.0,3.0,4.0,3.0,10.0,1,0,1,0
918,2015,daniel-ricciardo,daniil-kvyat,4.0,3,410.0,4.0,5.0,10.0,9.0,0,0,0,0
918,2015,daniil-kvyat,max-verstappen,5.0,3,30.0,5.0,6.0,9.0,7.0,0,0,0,1
918,2015,max-verstappen,felipe-massa,6.0,3,492.0,6.0,7.0,7.0,6.0,0,0,0,0
918,2015,felipe-massa,romain-grosjean,7.0,3,508.0,7.0,10.0,6.0,11.0,1,0,1,0
918,2015,romain-grosjean,valtteri-bottas,8.0,3,198.0,10.0,8.0,11.0,5.0,0,1,1,0
918,2015,nico-hulkenberg,sergio-perez,13.0,2,446.0,13.0,14.0,14.0,13.0,0,0,0,0
918,2015,sergio-perez,carlos-sainz-jr,14.0,2,232.0,14.0,15.0,13.0,8.0,0,0,0,0
919,2015,lewis-hamilton,nico-rosberg,1.0,3,42.0,1.0,2.0,1.0,2.0,1,0,1,1
919,2015,nico-rosberg,sebastian-vettel,2.0,3,863.0,2.0,3.0,2.0,3.0,1,0,1,0
919,2015,sebastian-vettel,felipe-massa,3.0,3,267.0,3.0,4.0,3.0,5.0,1,0,1,0
919,2015,felipe-massa,valtteri-bottas,4.0,3,189.0,4.0,5.0,5.0,6.0,1,0,1,0
919,2015,valtteri-bottas,kimi-raikkonen,5.0,3,89.0,5.0,6.0,6.0,4.0,0,0,0,1
919,2015,kimi-raikkonen,daniel-ricciardo,6.0,3,308.0,6.0,7.0,4.0,9.0,1,0,1,0
919,2015,daniel-ricciardo,romain-grosjean,7.0,3,365.0,7.0,8.0,9.0,7.0,0,0,0,0
919,2015,romain-grosjean,felipe-nasr,8.0,3,162.0,8.0,9.0,7.0,8.0,1,0,1,0
919,2015,felipe-nasr,marcus-ericsson,9.0,3,91.0,9.0,10.0,8.0,10.0,1,0,1,1
919,2015,max-verstappen,carlos-sainz-jr,13.0,2,145.0,13.0,14.0,17.0,13.0,0,0,0,0
919,2015,carlos-sainz-jr,sergio-perez,14.0,2,752.0,14.0,15.0,13.0,11.0,0,0,0,0
919,2015,jenson-button,fernando-alonso,17.0,1,4.0,17.0,18.0,14.0,12.0,0,0,0,1
919,2015,fernando-alonso,will-stevens,18.0,1,2811.0,18.0,19.0,12.0,15.0,1,0,1,0
919,2015,will-stevens,roberto-merhi,19.0,1,751.0,19.0,20.0,15.0,16.0,1,0,1,0
920,2015,lewis-hamilton,sebastian-vettel,1.0,3,411.0,1.0,2.0,1.0,5.0,1,0,1,0
920,2015,sebastian-vettel,nico-rosberg,2.0,3,147.0,2.0,3.0,5.0,3.0,0,0,0,0
920,2015,nico-rosberg,kimi-raikkonen,3.0,3,98.0,3.0,4.0,3.0,2.0,0,0,0,1
920,2015,kimi-raikkonen,valtteri-bottas,4.0,3,154.0,4.0,5.0,2.0,4.0,1,0,1,0
920,2015,valtteri-bottas,felipe-massa,5.0,3,363.0,5.0,6.0,4.0,10.0,1,0,1,0
920,2015,felipe-massa,daniel-ricciardo,6.0,3,88.0,6.0,7.0,10.0,6.0,0,0,0,1
920,2015,daniel-ricciardo,nico-hulkenberg,7.0,3,618.0,7.0,8.0,6.0,13.0,1,0,1,0
920,2015,sergio-perez,felipe-nasr,11.0,2,33.0,11.0,12.0,8.0,12.0,1,0,1,1
920,2015,felipe-nasr,marcus-ericsson,12.0,2,297.0,12.0,13.0,12.0,14.0,1,0,1,0
920,2015,marcus-ericsson,fernando-alonso,13.0,2,5.0,13.0,14.0,14.0,11.0,0,0,0,1
920,2015,pastor-maldonado,daniil-kvyat,16.0,1,123.0,18.0,17.0,15.0,9.0,0,1,1,0
920,2015,daniil-kvyat,will-stevens,17.0,1,2913.0,17.0,20.0,9.0,16.0,1,0,1,0
920,2015,will-stevens,roberto-merhi,18.0,1,1009.0,20.0,19.0,16.0,17.0,1,1,0,0
921,2015,nico-rosberg,lewis-hamilton,1.0,3,267.0,1.0,2.0,1.0,2.0,1,0,1,0
921,2015,lewis-hamilton,sebastian-vettel,2.0,3,510.0,2.0,3.0,2.0,3.0,1,0,1,0
921,2015,sebastian-vettel,valtteri-bottas,3.0,3,236.0,3.0,4.0,3.0,4.0,1,0,1,0
921,2015,valtteri-bottas,carlos-sainz-jr,4.0,3,442.0,4.0,5.0,4.0,9.0,1,0,1,0
921,2015,carlos-sainz-jr,max-verstappen,5.0,3,113.0,5.0,6.0,9.0,11.0,1,0,1,0
921,2015,max-verstappen,kimi-raikkonen,6.0,3,165.0,6.0,7.0,11.0,5.0,0,0,0,0
921,2015,kimi-raikkonen,daniil-kvyat,7.0,3,215.0,7.0,8.0,5.0,10.0,1,0,1,0
921,2015,daniil-kvyat,felipe-massa,8.0,3,128.0,8.0,9.0,10.0,6.0,0,0,0,0
921,2015,felipe-massa,daniel-ricciardo,9.0,3,13.0,9.0,10.0,6.0,7.0,1,0,1,1
921,2015,jenson-button,felipe-nasr,14.0,2,151.0,14.0,15.0,16.0,12.0,0,0,0,0
921,2015,marcus-ericsson,nico-hulkenberg,16.0,1,253.0,16.0,17.0,14.0,15.0,1,0,1,0
921,2015,nico-hulkenberg,sergio-perez,17.0,1,77.0,17.0,18.0,15.0,13.0,0,0,0,1
921,2015,sergio-perez,will-stevens,18.0,1,2758.0,18.0,19.0,13.0,17.0,1,0,1,0
921,2015,will-stevens,roberto-merhi,19.0,1,838.0,19.0,20.0,17.0,18.0,1,0,1,0
922,2015,lewis-hamilton,nico-rosberg,1.0,3,342.0,1.0,2.0,3.0,1.0,0,0,0,0
922,2015,nico-rosberg,sebastian-vettel,2.0,3,409.0,2.0,3.0,1.0,2.0,1,0,1,0
922,2015,sebastian-vettel,daniel-ricciardo,3.0,3,192.0,3.0,4.0,2.0,5.0,1,0,1,0
922,2015,daniel-ricciardo,daniil-kvyat,4.0,3,141.0,4.0,5.0,5.0,4.0,0,0,0,0
922,2015,daniil-kvyat,kimi-raikkonen,5.0,3,245.0,5.0,6.0,4.0,6.0,1,0,1,0
922,2015,kimi-raikkonen,sergio-perez,6.0,3,381.0,6.0,7.0,6.0,7.0,1,0,1,0
922,2015,sergio-perez,carlos-sainz-jr,7.0,3,123.0,7.0,20.0,7.0,10.0,1,0,1,0
922,2015,romain-grosjean,jenson-button,11.0,2,86.0,15.0,10.0,12.0,8.0,0,1,1,1
922,2015,jenson-button,nico-hulkenberg,12.0,2,100.0,10.0,11.0,8.0,11.0,1,0,1,0
922,2015,nico-hulkenberg,felipe-massa,13.0,2,85.0,11.0,12.0,11.0,15.0,1,0,1,1
922,2015,felipe-nasr,valtteri-bottas,16.0,1,333.0,14.0,16.0,9.0,14.0,1,0,1,0
922,2015,valtteri-bottas,marcus-ericsson,17.0,1,79.0,16.0,17.0,14.0,13.0,0,0,0,1
922,2015,marcus-ericsson,will-stevens,18.0,1,2142.0,17.0,18.0,13.0,17.0,1,0,1,0
922,2015,will-stevens,roberto-merhi,19.0,1,249.0,18.0,19.0,17.0,16.0,0,0,0,0
923,2015,lewis-hamilton,nico-rosberg,1.0,3,309.0,1.0,2.0,1.0,2.0,1,0,1,0
923,2015,nico-rosberg,kimi-raikkonen,2.0,3,312.0,2.0,3.0,2.0,4.0,1,0,1,0
923,2015,kimi-raikkonen,valtteri-bottas,3.0,3,88.0,3.0,4.0,4.0,3.0,0,0,0,1
923,2015,valtteri-bottas,romain-grosjean,4.0,3,92.0,4.0,5.0,3.0,10.0,1,0,1,1
923,2015,romain-grosjean,pastor-maldonado,5.0,3,135.0,5.0,6.0,10.0,7.0,0,0,0,0
923,2015,pastor-maldonado,nico-hulkenberg,6.0,3,285.0,6.0,7.0,7.0,8.0,1,0,1,0
923,2015,nico-hulkenberg,daniil-kvyat,7.0,3,465.0,7.0,8.0,8.0,9.0,1,0,1,0
923,2015,daniil-kvyat,daniel-ricciardo,8.0,3,35.0,8.0,9.0,9.0,13.0,1,0,1,1
923,2015,daniel-ricciardo,sergio-perez,9.0,3,224.0,9.0,10.0,13.0,11.0,0,0,0,0
923,2015,carlos-sainz-jr,max-verstappen,11.0,2,203.0,11.0,19.0,12.0,15.0,1,0,1,0
923,2015,max-verstappen,marcus-ericsson,12.0,2,17.0,19.0,12.0,15.0,14.0,0,1,1,1
923,2015,sebastian-vettel,felipe-massa,16.0,1,542.0,18.0,15.0,5.0,6.0,1,1,0,0
924,2015,lewis-hamilton,nico-rosberg,1.0,3,200.0,1.0,2.0,2.0,1.0,0,0,0,0
924,2015,nico-rosberg,sebastian-vettel,2.0,3,155.0,2.0,3.0,1.0,4.0,1,0,1,0
924,2015,sebastian-vettel,felipe-massa,3.0,3,382.0,3.0,4.0,4.0,3.0,0,0,0,0
924,2015,felipe-massa,nico-hulkenberg,4.0,3,86.0,4.0,5.0,3.0,6.0,1,0,1,1
924,2015,nico-hulkenberg,valtteri-bottas,5.0,3,41.0,5.0,6.0,6.0,5.0,0,0,0,1
924,2015,valtteri-bottas,max-verstappen,6.0,3,293.0,6.0,7.0,5.0,8.0,1,0,1,0
924,2015,max-verstappen,daniil-kvyat,7.0,3,82.0,7.0,15.0,8.0,12.0,1,0,1,1
924,2015,daniil-kvyat,felipe-nasr,8.0,3,19.0,15.0,8.0,12.0,11.0,0,1,1,1
924,2015,pastor-maldonado,marcus-ericsson,11.0,2,52.0,10.0,11.0,7.0,13.0,1,0,1,1
925,2015,lewis-hamilton,nico-rosberg,1.0,3,113.0,1.0,2.0,1.0,2.0,1,0,1,0
925,2015,nico-rosberg,felipe-massa,2.0,3,724.0,2.0,3.0,2.0,4.0,1,0,1,0
925,2015,felipe-massa,valtteri-bottas,3.0,3,64.0,3.0,4.0,4.0,5.0,1,0,1,1
925,2015,valtteri-bottas,kimi-raikkonen,4.0,3,230.0,4.0,5.0,5.0,8.0,1,0,1,0
925,2015,kimi-raikkonen,sebastian-vettel,5.0,3,168.0,5.0,6.0,8.0,3.0,0,0,0,0
925,2015,sebastian-vettel,daniil-kvyat,6.0,3,89.0,6.0,7.0,3.0,6.0,1,0,1,1
925,2015,will-stevens,roberto-merhi,19.0,1,2013.0,19.0,20.0,13.0,12.0,0,0,0,0
926,2015,lewis-hamilton,nico-rosberg,1.0,3,575.0,1.0,2.0,6.0,8.0,1,0,1,0
926,2015,nico-rosberg,sebastian-vettel,2.0,3,144.0,2.0,3.0,8.0,1.0,0,0,0,0
926,2015,sebastian-vettel,daniel-ricciardo,3.0,3,35.0,3.0,4.0,1.0,3.0,1,0,1,1
926,2015,valtteri-bottas,daniil-kvyat,6.0,3,110.0,6.0,7.0,13.0,2.0,0,0,0,0
926,2015,daniil-kvyat,felipe-massa,7.0,3,205.0,7.0,8.0,2.0,12.0,1,0,1,0
926,2015,felipe-massa,max-verstappen,8.0,3,142.0,8.0,9.0,12.0,4.0,0,0,0,0
926,2015,max-verstappen,romain-grosjean,9.0,3,502.0,9.0,10.0,4.0,7.0,1,0,1,0
926,2015,fernando-alonso,jenson-button,15.0,1,176.0,15.0,16.0,5.0,9.0,1,0,1,0
926,2015,jenson-button,marcus-ericsson,16.0,1,104.0,16.0,17.0,9.0,10.0,1,0,1,0
926,2015,marcus-ericsson,felipe-nasr,17.0,1,154.0,17.0,18.0,10.0,11.0,1,0,1,0
926,2015,felipe-nasr,roberto-merhi,18.0,1,2419.0,18.0,19.0,11.0,15.0,1,0,1,0
926,2015,roberto-merhi,will-stevens,19.0,1,533.0,19.0,20.0,15.0,16.0,1,0,1,0
927,2015,lewis-hamilton,nico-rosberg,1.0,3,458.0,1.0,2.0,1.0,2.0,1,0,1,0
927,2015,nico-rosberg,valtteri-bottas,2.0,3,882.0,2.0,3.0,2.0,9.0,1,0,1,0
927,2015,valtteri-bottas,romain-grosjean,3.0,3,24.0,3.0,9.0,9.0,3.0,0,0,0,1
927,2015,romain-grosjean,sergio-perez,4.0,3,38.0,9.0,4.0,3.0,5.0,1,1,0,1
927,2015,daniil-kvyat,marcus-ericsson,12.0,2,358.0,12.0,13.0,4.0,10.0,1,0,1,0
927,2015,kimi-raikkonen,max-verstappen,14.0,1,543.0,16.0,18.0,7.0,8.0,1,0,1,0
927,2015,max-verstappen,felipe-nasr,15.0,1,121.0,18.0,14.0,8.0,11.0,1,1,0,0
927,2015,felipe-nasr,jenson-button,16.0,1,1026.0,14.0,19.0,11.0,14.0,1,0,1,0
927,2015,jenson-button,fernando-alonso,17.0,1,442.0,19.0,20.0,14.0,13.0,0,0,0,0
927,2015,fernando-alonso,will-stevens,18.0,1,1528.0,20.0,15.0,13.0,16.0,1,1,0,0
927,2015,will-stevens,roberto-merhi,19.0,1,151.0,15.0,17.0,16.0,15.0,0,0,0,0
928,2015,lewis-hamilton,kimi-raikkonen,1.0,3,234.0,1.0,2.0,1.0,5.0,1,0,1,0
928,2015,kimi-raikkonen,sebastian-vettel,2.0,3,54.0,2.0,3.0,5.0,2.0,0,0,0,1
928,2015,sebastian-vettel,nico-rosberg,3.0,3,18.0,3.0,4.0,2.0,17.0,1,0,1,1
928,2015,nico-rosberg,felipe-massa,4.0,3,237.0,4.0,5.0,17.0,3.0,0,0,0,0
928,2015,felipe-massa,valtteri-bottas,5.0,3,187.0,5.0,6.0,3.0,4.0,1,0,1,0
928,2015,valtteri-bottas,sergio-perez,6.0,3,499.0,6.0,7.0,4.0,6.0,1,0,1,0
928,2015,nico-hulkenberg,marcus-ericsson,9.0,3,897.0,9.0,12.0,7.0,9.0,1,0,1,0
928,2015,felipe-nasr,carlos-sainz-jr,12.0,2,720.0,11.0,17.0,13.0,11.0,0,0,0,0
928,2015,carlos-sainz-jr,daniil-kvyat,13.0,2,178.0,17.0,18.0,11.0,10.0,0,0,0,0
928,2015,daniel-ricciardo,jenson-button,15.0,1,425.0,19.0,15.0,8.0,14.0,1,1,0,0
928,2015,jenson-button,fernando-alonso,16.0,1,96.0,15.0,16.0,14.0,18.0,1,0,1,1
928,2015,fernando-alonso,will-stevens,17.0,1,1577.0,16.0,13.0,18.0,15.0,0,1,1,0
928,2015,will-stevens,roberto-merhi,18.0,1,181.0,13.0,14.0,15.0,16.0,1,0,1,0
929,2015,sebastian-vettel,daniel-ricciardo,1.0,3,543.0,1.0,2.0,1.0,2.0,1,0,1,0
929,2015,daniel-ricciardo,kimi-raikkonen,2.0,3,239.0,2.0,3.0,2.0,3.0,1,0,1,0
929,2015,kimi-raikkonen,daniil-kvyat,3.0,3,78.0,3.0,4.0,3.0,6.0,1,0,1,1
929,2015,nico-rosberg,valtteri-bottas,6.0,3,261.0,6.0,7.0,4.0,5.0,1,0,1,0
929,2015,valtteri-bottas,max-verstappen,7.0,3,122.0,7.0,8.0,5.0,8.0,1,0,1,0
929,2015,sergio-perez,carlos-sainz-jr,13.0,2,509.0,13.0,14.0,7.0,9.0,1,0,1,0
929,2015,felipe-nasr,marcus-ericsson,16.0,1,123.0,16.0,17.0,10.0,11.0,1,0,1,0
929,2015,marcus-ericsson,pastor-maldonado,17.0,1,235.0,17.0,18.0,11.0,12.0,1,0,1,0
929,2015,pastor-maldonado,will-stevens,18.0,1,3698.0,18.0,19.0,12.0,15.0,1,0,1,0
929,2015,will-stevens,alexander-rossi,19.0,1,502.0,19.0,20.0,15.0,14.0,0,0,0,0
930,2015,nico-rosberg,lewis-hamilton,1.0,3,76.0,1.0,2.0,2.0,1.0,0,0,0,1
930,2015,lewis-hamilton,valtteri-bottas,2.0,3,364.0,2.0,3.0,1.0,5.0,1,0,1,0
930,2015,valtteri-bottas,sebastian-vettel,3.0,3,221.0,3.0,4.0,5.0,3.0,0,0,0,0
930,2015,sebastian-vettel,felipe-massa,4.0,3,92.0,4.0,5.0,3.0,17.0,1,0,1,1
930,2015,felipe-massa,kimi-raikkonen,5.0,3,10.0,5.0,6.0,17.0,4.0,0,0,0,1
930,2015,kimi-raikkonen,daniel-ricciardo,6.0,3,150.0,6.0,7.0,4.0,15.0,1,0,1,0
930,2015,daniel-ricciardo,romain-grosjean,7.0,3,470.0,7.0,8.0,15.0,7.0,0,0,0,0
930,2015,sergio-perez,daniil-kvyat,9.0,2,27.0,9.0,20.0,12.0,13.0,1,0,1,1
930,2015,daniil-kvyat,nico-hulkenberg,10.0,2,189.0,20.0,13.0,13.0,6.0,0,1,1,0
930,2015,nico-hulkenberg,carlos-sainz-jr,11.0,2,63.0,13.0,10.0,6.0,10.0,1,1,0,1
930,2015,carlos-sainz-jr,pastor-maldonado,12.0,2,44.0,10.0,11.0,10.0,8.0,0,0,0,1
930,2015,pastor-maldonado,fernando-alonso,13.0,2,288.0,11.0,12.0,8.0,11.0,1,0,1,0
930,2015,max-verstappen,jenson-button,15.0,1,1142.0,17.0,14.0,9.0,16.0,1,1,0,0
930,2015,jenson-button,marcus-ericsson,16.0,1,9.0,14.0,15.0,16.0,14.0,0,0,0,1
930,2015,marcus-ericsson,felipe-nasr,17.0,1,87.0,15.0,16.0,14.0,20.0,1,0,1,1
930,2015,felipe-nasr,will-stevens,18.0,1,3023.0,16.0,18.0,20.0,19.0,0,0,0,0
931,2015,lewis-hamilton,valtteri-bottas,2.0,3,479.0,2.0,3.0,1.0,12.0,1,0,1,0
931,2015,valtteri-bottas,sebastian-vettel,3.0,3,53.0,3.0,4.0,12.0,2.0,0,0,0,1
931,2015,sebastian-vettel,kimi-raikkonen,4.0,3,383.0,4.0,5.0,2.0,8.0,1,0,1,0
931,2015,max-verstappen,daniel-ricciardo,9.0,3,804.0,9.0,10.0,10.0,15.0,1,0,1,0
931,2015,daniil-kvyat,felipe-nasr,11.0,2,109.0,11.0,12.0,5.0,6.0,1,0,1,0
931,2015,felipe-nasr,jenson-button,12.0,2,440.0,12.0,13.0,6.0,9.0,1,0,1,0
931,2015,jenson-button,pastor-maldonado,13.0,2,48.0,13.0,14.0,9.0,7.0,0,0,0,1
931,2015,pastor-maldonado,felipe-massa,14.0,2,84.0,14.0,15.0,7.0,4.0,0,0,0,1
931,2015,will-stevens,roberto-merhi,18.0,1,111.0,17.0,18.0,14.0,13.0,0,0,0,0
932,2015,nico-rosberg,lewis-hamilton,1.0,2,105.0,1.0,2.0,2.0,1.0,0,0,0,0
932,2015,lewis-hamilton,daniel-ricciardo,2.0,2,1040.0,2.0,3.0,1.0,10.0,1,0,1,0
932,2015,sebastian-vettel,sergio-perez,5.0,2,614.0,13.0,5.0,3.0,5.0,1,1,0,0
932,2015,max-verstappen,fernando-alonso,10.0,2,66.0,8.0,9.0,4.0,11.0,1,0,1,1
932,2015,jenson-button,pastor-maldonado,14.0,2,411.0,11.0,12.0,6.0,8.0,1,0,1,0
932,2015,felipe-nasr,alexander-rossi,17.0,1,982.0,15.0,17.0,9.0,12.0,1,0,1,0
933,2015,nico-rosberg,lewis-hamilton,1.0,3,188.0,1.0,2.0,1.0,2.0,1,0,1,0
933,2015,daniil-kvyat,daniel-ricciardo,4.0,3,1.0,4.0,5.0,4.0,5.0,1,0,1,1
933,2015,daniel-ricciardo,valtteri-bottas,5.0,3,49.0,5.0,6.0,5.0,3.0,0,0,0,1
933,2015,valtteri-bottas,felipe-massa,6.0,3,119.0,6.0,7.0,3.0,6.0,1,0,1,0
933,2015,felipe-massa,max-verstappen,7.0,3,143.0,7.0,8.0,6.0,9.0,1,0,1,0
933,2015,max-verstappen,sergio-perez,8.0,3,6.0,8.0,9.0,9.0,8.0,0,0,0,1
933,2015,sergio-perez,nico-hulkenberg,9.0,3,72.0,9.0,10.0,8.0,7.0,0,0,0,1
933,2015,carlos-sainz-jr,romain-grosjean,11.0,2,96.0,11.0,12.0,13.0,10.0,0,0,0,1
933,2015,romain-grosjean,pastor-maldonado,12.0,2,223.0,12.0,13.0,10.0,11.0,1,0,1,0
933,2015,pastor-maldonado,marcus-ericsson,13.0,2,283.0,13.0,14.0,11.0,12.0,1,0,1,0
933,2015,alexander-rossi,will-stevens,18.0,1,250.0,16.0,17.0,15.0,16.0,1,0,1,0
934,2015,nico-rosberg,lewis-hamilton,1.0,3,78.0,1.0,2.0,1.0,2.0,1,0,1,1
934,2015,lewis-hamilton,sebastian-vettel,2.0,3,444.0,2.0,3.0,2.0,3.0,1,0,1,0
934,2015,sebastian-vettel,valtteri-bottas,3.0,3,281.0,3.0,7.0,3.0,5.0,1,0,1,0
934,2015,valtteri-bottas,kimi-raikkonen,4.0,3,59.0,7.0,4.0,5.0,4.0,0,1,1,1
934,2015,kimi-raikkonen,nico-hulkenberg,5.0,3,121.0,4.0,5.0,4.0,6.0,1,0,1,0
934,2015,nico-hulkenberg,daniil-kvyat,6.0,3,57.0,5.0,6.0,6.0,7.0,1,0,1,1
934,2015,daniel-ricciardo,max-verstappen,9.0,3,322.0,19.0,9.0,11.0,9.0,0,1,1,0
934,2015,sergio-perez,marcus-ericsson,13.0,2,86.0,11.0,12.0,12.0,16.0,1,0,1,1
934,2015,marcus-ericsson,romain-grosjean,14.0,2,680.0,12.0,14.0,16.0,8.0,0,0,0,0
934,2015,pastor-maldonado,jenson-button,16.0,1,40.0,15.0,16.0,10.0,14.0,1,0,1,1
934,2015,jenson-button,alexander-rossi,17.0,1,2726.0,16.0,17.0,14.0,18.0,1,0,1,0
934,2015,alexander-rossi,will-stevens,18.0,1,132.0,17.0,18.0,18.0,17.0,0,0,0,0
935,2015,nico-rosberg,lewis-hamilton,1.0,3,377.0,1.0,2.0,1.0,2.0,1,0,1,0
935,2015,lewis-hamilton,kimi-raikkonen,2.0,3,437.0,2.0,3.0,2.0,3.0,1,0,1,0
935,2015,kimi-raikkonen,sergio-perez,3.0,3,133.0,3.0,4.0,3.0,5.0,1,0,1,0
935,2015,sergio-perez,daniel-ricciardo,4.0,3,260.0,4.0,5.0,5.0,6.0,1,0,1,0
935,2015,daniel-ricciardo,valtteri-bottas,5.0,3,212.0,5.0,6.0,6.0,13.0,1,0,1,0
935,2015,valtteri-bottas,nico-hulkenberg,6.0,3,30.0,6.0,7.0,13.0,7.0,0,0,0,1
935,2015,nico-hulkenberg,felipe-massa,7.0,3,73.0,7.0,8.0,7.0,8.0,1,0,1,1
935,2015,felipe-massa,daniil-kvyat,8.0,3,174.0,8.0,9.0,8.0,10.0,1,0,1,0
935,2015,daniil-kvyat,carlos-sainz-jr,9.0,3,775.0,9.0,10.0,10.0,11.0,1,0,1,0
935,2015,max-verstappen,jenson-button,11.0,2,147.0,11.0,12.0,16.0,12.0,0,0,0,0
935,2015,romain-grosjean,sebastian-vettel,15.0,1,356.0,18.0,15.0,9.0,4.0,0,1,1,0
935,2015,sebastian-vettel,fernando-alonso,16.0,1,246.0,15.0,16.0,4.0,17.0,1,0,1,0
935,2015,fernando-alonso,marcus-ericsson,17.0,1,651.0,16.0,17.0,17.0,14.0,0,0,0,0
935,2015,marcus-ericsson,will-stevens,18.0,1,2459.0,17.0,19.0,14.0,18.0,1,0,1,0
935,2015,will-stevens,roberto-merhi,19.0,1,1137.0,19.0,20.0,18.0,19.0,1,0,1,0
936,2016,lewis-hamilton,nico-rosberg,1.0,3,360.0,1.0,2.0,2.0,1.0,0,0,0,0
936,2016,nico-rosberg,sebastian-vettel,2.0,3,478.0,2.0,3.0,1.0,3.0,1,0,1,0
936,2016,max-verstappen,felipe-massa,5.0,3,24.0,5.0,6.0,10.0,5.0,0,0,0,1
936,2016,felipe-massa,carlos-sainz-jr,6.0,3,124.0,6.0,7.0,5.0,9.0,1,0,1,0
936,2016,carlos-sainz-jr,daniel-ricciardo,7.0,3,7.0,7.0,8.0,9.0,4.0,0,0,0,1
936,2016,sergio-perez,nico-hulkenberg,9.0,2,112.0,9.0,10.0,13.0,7.0,0,0,0,0
936,2016,nico-hulkenberg,valtteri-bottas,10.0,2,96.0,10.0,16.0,7.0,8.0,1,0,1,1
936,2016,jenson-button,jolyon-palmer,13.0,2,1297.0,12.0,13.0,14.0,11.0,0,0,0,0
936,2016,jolyon-palmer,kevin-magnussen,14.0,2,141.0,13.0,14.0,11.0,12.0,1,0,1,0
937,2016,lewis-hamilton,nico-rosberg,1.0,3,77.0,1.0,2.0,3.0,1.0,0,0,0,1
937,2016,kimi-raikkonen,daniel-ricciardo,4.0,3,610.0,4.0,5.0,2.0,4.0,1,0,1,0
937,2016,daniel-ricciardo,valtteri-bottas,5.0,3,299.0,5.0,6.0,4.0,9.0,1,0,1,0
937,2016,valtteri-bottas,felipe-massa,6.0,3,2.0,6.0,7.0,9.0,8.0,0,0,0,1
937,2016,felipe-massa,nico-hulkenberg,7.0,3,465.0,7.0,8.0,8.0,15.0,1,0,1,0
937,2016,romain-grosjean,max-verstappen,9.0,2,16.0,9.0,10.0,5.0,6.0,1,0,1,1
937,2016,pascal-wehrlein,marcus-ericsson,16.0,1,34.0,16.0,17.0,13.0,12.0,0,0,0,1
937,2016,marcus-ericsson,sergio-perez,17.0,1,71.0,17.0,18.0,12.0,16.0,1,0,1,1
937,2016,sergio-perez,kevin-magnussen,18.0,1,270.0,18.0,22.0,16.0,11.0,0,0,0,0
937,2016,rio-haryanto,felipe-nasr,21.0,1,198.0,20.0,21.0,17.0,14.0,0,0,0,0
938,2016,nico-rosberg,daniel-ricciardo,1.0,3,515.0,1.0,2.0,1.0,4.0,1,0,1,0
938,2016,daniel-ricciardo,kimi-raikkonen,2.0,3,55.0,2.0,3.0,4.0,5.0,1,0,1,1
938,2016,kimi-raikkonen,sebastian-vettel,3.0,3,274.0,3.0,4.0,5.0,2.0,0,0,0,0
938,2016,sebastian-vettel,valtteri-bottas,4.0,3,50.0,4.0,5.0,2.0,10.0,1,0,1,1
938,2016,valtteri-bottas,daniil-kvyat,5.0,3,103.0,5.0,6.0,10.0,3.0,0,0,0,0
938,2016,daniil-kvyat,sergio-perez,6.0,3,466.0,6.0,7.0,3.0,11.0,1,0,1,0
938,2016,sergio-perez,carlos-sainz-jr,7.0,3,16.0,7.0,8.0,11.0,9.0,0,0,0,1
938,2016,carlos-sainz-jr,max-verstappen,8.0,3,313.0,8.0,9.0,9.0,8.0,0,0,0,0
938,2016,nico-hulkenberg,felipe-massa,10.0,2,14.0,13.0,10.0,15.0,6.0,0,1,1,1
938,2016,felipe-massa,fernando-alonso,11.0,2,1479.0,10.0,11.0,6.0,12.0,1,0,1,0
938,2016,fernando-alonso,jenson-button,12.0,2,267.0,11.0,12.0,12.0,13.0,1,0,1,0
938,2016,jenson-button,romain-grosjean,13.0,2,737.0,12.0,14.0,13.0,19.0,1,0,1,0
938,2016,romain-grosjean,marcus-ericsson,14.0,2,912.0,14.0,15.0,19.0,16.0,0,0,0,0
938,2016,marcus-ericsson,felipe-nasr,15.0,2,1688.0,15.0,16.0,16.0,20.0,1,0,1,0
938,2016,kevin-magnussen,esteban-gutierrez,17.0,1,97.0,17.0,18.0,17.0,14.0,0,0,0,1
938,2016,esteban-gutierrez,jolyon-palmer,18.0,1,758.0,18.0,19.0,14.0,22.0,1,0,1,0
938,2016,jolyon-palmer,rio-haryanto,19.0,1,736.0,19.0,20.0,22.0,21.0,0,0,0,0
939,2016,valtteri-bottas,kimi-raikkonen,3.0,3,127.0,2.0,3.0,4.0,3.0,0,0,0,0
939,2016,kimi-raikkonen,felipe-massa,4.0,3,353.0,3.0,4.0,3.0,5.0,1,0,1,0
939,2016,felipe-massa,daniel-ricciardo,5.0,3,109.0,4.0,5.0,5.0,11.0,1,0,1,0
939,2016,daniel-ricciardo,sergio-perez,6.0,3,87.0,5.0,6.0,11.0,9.0,0,0,0,1
939,2016,sergio-perez,daniil-kvyat,7.0,3,247.0,6.0,8.0,9.0,15.0,1,0,1,0
939,2016,lewis-hamilton,carlos-sainz-jr,10.0,2,1832.0,10.0,11.0,2.0,12.0,1,0,1,0
939,2016,carlos-sainz-jr,jenson-button,11.0,2,49.0,11.0,12.0,12.0,10.0,0,0,0,1
939,2016,fernando-alonso,romain-grosjean,14.0,2,248.0,14.0,15.0,6.0,8.0,1,0,1,0
939,2016,romain-grosjean,esteban-gutierrez,15.0,2,60.0,15.0,16.0,8.0,17.0,1,0,1,1
939,2016,kevin-magnussen,jolyon-palmer,17.0,1,95.0,17.0,18.0,7.0,13.0,1,0,1,1
939,2016,jolyon-palmer,felipe-nasr,18.0,1,9.0,18.0,19.0,13.0,16.0,1,0,1,1
939,2016,felipe-nasr,pascal-wehrlein,19.0,1,381.0,19.0,20.0,16.0,18.0,1,0,1,0
940,2016,daniel-ricciardo,max-verstappen,3.0,3,407.0,3.0,4.0,4.0,1.0,0,0,0,0
940,2016,max-verstappen,kimi-raikkonen,4.0,3,26.0,4.0,5.0,1.0,2.0,1,0,1,1
940,2016,kimi-raikkonen,sebastian-vettel,5.0,3,221.0,5.0,6.0,2.0,3.0,1,0,1,0
940,2016,sebastian-vettel,valtteri-bottas,6.0,3,188.0,6.0,7.0,3.0,5.0,1,0,1,0
940,2016,valtteri-bottas,carlos-sainz-jr,7.0,3,121.0,7.0,8.0,5.0,6.0,1,0,1,0
940,2016,carlos-sainz-jr,sergio-perez,8.0,3,139.0,8.0,9.0,6.0,7.0,1,0,1,0
940,2016,jenson-button,daniil-kvyat,12.0,2,97.0,12.0,13.0,9.0,10.0,1,0,1,1
940,2016,kevin-magnussen,esteban-gutierrez,15.0,2,153.0,15.0,16.0,15.0,11.0,0,0,0,0
940,2016,jolyon-palmer,felipe-massa,17.0,1,38.0,17.0,18.0,13.0,8.0,0,0,0,1
940,2016,felipe-massa,marcus-ericsson,18.0,1,261.0,18.0,19.0,8.0,12.0,1,0,1,0
940,2016,marcus-ericsson,felipe-nasr,19.0,1,377.0,19.0,20.0,12.0,14.0,1,0,1,0
940,2016,felipe-nasr,pascal-wehrlein,20.0,1,166.0,20.0,21.0,14.0,16.0,1,0,1,0
940,2016,pascal-wehrlein,rio-haryanto,21.0,1,194.0,21.0,22.0,16.0,17.0,1,0,1,0
941,2016,daniel-ricciardo,nico-rosberg,1.0,3,169.0,1.0,2.0,2.0,7.0,1,0,1,0
941,2016,nico-rosberg,lewis-hamilton,2.0,3,151.0,2.0,3.0,7.0,1.0,0,0,0,0
941,2016,lewis-hamilton,sebastian-vettel,3.0,3,610.0,3.0,4.0,1.0,4.0,1,0,1,0
941,2016,sebastian-vettel,nico-hulkenberg,4.0,3,174.0,4.0,5.0,4.0,6.0,1,0,1,0
941,2016,carlos-sainz-jr,sergio-perez,7.0,3,153.0,6.0,7.0,8.0,3.0,0,0,0,0
941,2016,valtteri-bottas,esteban-gutierrez,11.0,2,20.0,10.0,12.0,12.0,11.0,0,0,0,1
941,2016,esteban-gutierrez,jenson-button,12.0,2,59.0,12.0,13.0,11.0,9.0,0,0,0,1
941,2016,jenson-button,felipe-massa,13.0,2,33.0,13.0,14.0,9.0,10.0,1,0,1,1
941,2016,felipe-massa,romain-grosjean,14.0,2,186.0,14.0,15.0,10.0,13.0,1,0,1,0
941,2016,rio-haryanto,pascal-wehrlein,19.0,1,157.0,19.0,20.0,15.0,14.0,0,0,0,0
942,2016,lewis-hamilton,nico-rosberg,1.0,3,62.0,1.0,2.0,1.0,5.0,1,0,1,1
942,2016,nico-rosberg,sebastian-vettel,2.0,3,116.0,2.0,3.0,5.0,2.0,0,0,0,0
942,2016,sebastian-vettel,daniel-ricciardo,3.0,3,176.0,3.0,4.0,2.0,7.0,1,0,1,0
942,2016,daniel-ricciardo,max-verstappen,4.0,3,248.0,4.0,5.0,7.0,4.0,0,0,0,0
942,2016,max-verstappen,kimi-raikkonen,5.0,3,165.0,5.0,6.0,4.0,6.0,1,0,1,0
942,2016,kimi-raikkonen,valtteri-bottas,6.0,3,91.0,6.0,7.0,6.0,3.0,0,0,0,1
942,2016,nico-hulkenberg,fernando-alonso,9.0,3,386.0,9.0,10.0,8.0,11.0,1,0,1,0
942,2016,daniil-kvyat,esteban-gutierrez,13.0,2,114.0,15.0,13.0,12.0,13.0,1,1,0,0
942,2016,esteban-gutierrez,romain-grosjean,14.0,2,232.0,13.0,14.0,13.0,14.0,1,0,1,0
942,2016,romain-grosjean,carlos-sainz-jr,15.0,2,7153.0,14.0,20.0,14.0,9.0,0,0,0,0
942,2016,pascal-wehrlein,marcus-ericsson,18.0,1,36.0,17.0,21.0,17.0,15.0,0,0,0,1
942,2016,marcus-ericsson,felipe-nasr,19.0,1,1028.0,21.0,18.0,15.0,18.0,1,1,0,0
942,2016,felipe-nasr,rio-haryanto,20.0,1,389.0,18.0,19.0,18.0,19.0,1,0,1,0
943,2016,nico-rosberg,sergio-perez,1.0,3,757.0,1.0,7.0,1.0,3.0,1,0,1,0
943,2016,sergio-perez,daniel-ricciardo,2.0,3,451.0,7.0,2.0,3.0,7.0,1,1,0,0
943,2016,daniel-ricciardo,sebastian-vettel,3.0,3,0.0,2.0,3.0,7.0,2.0,0,0,0,1
943,2016,sebastian-vettel,kimi-raikkonen,4.0,3,303.0,3.0,4.0,2.0,4.0,1,0,1,0
943,2016,kimi-raikkonen,felipe-massa,5.0,3,214.0,4.0,5.0,4.0,10.0,1,0,1,0
943,2016,valtteri-bottas,max-verstappen,8.0,3,324.0,8.0,9.0,6.0,8.0,1,0,1,0
943,2016,max-verstappen,lewis-hamilton,9.0,3,16384.0,9.0,10.0,8.0,5.0,0,0,0,0
943,2016,romain-grosjean,nico-hulkenberg,11.0,2,69.0,11.0,12.0,13.0,9.0,0,0,0,1
943,2016,esteban-gutierrez,felipe-nasr,15.0,2,699.0,14.0,15.0,16.0,12.0,0,0,0,0
943,2016,jenson-button,marcus-ericsson,19.0,1,427.0,19.0,20.0,11.0,17.0,1,0,1,0
943,2016,marcus-ericsson,kevin-magnussen,20.0,1,117.0,20.0,22.0,17.0,14.0,0,0,0,0
943,2016,kevin-magnussen,jolyon-palmer,21.0,1,46.0,22.0,21.0,14.0,15.0,1,1,0,1
944,2016,lewis-hamilton,nico-rosberg,1.0,3,543.0,1.0,6.0,1.0,4.0,1,0,1,0
944,2016,nico-rosberg,nico-hulkenberg,2.0,3,820.0,6.0,2.0,4.0,19.0,1,1,0,0
944,2016,jenson-button,kimi-raikkonen,5.0,3,1.0,3.0,4.0,6.0,3.0,0,0,0,1
944,2016,kimi-raikkonen,daniel-ricciardo,6.0,3,79.0,4.0,5.0,3.0,5.0,1,0,1,1
944,2016,daniel-ricciardo,valtteri-bottas,7.0,3,460.0,5.0,7.0,5.0,9.0,1,0,1,0
944,2016,valtteri-bottas,max-verstappen,8.0,3,713.0,7.0,8.0,9.0,2.0,0,0,0,0
944,2016,max-verstappen,felipe-massa,9.0,3,824.0,8.0,22.0,2.0,20.0,1,0,1,0
944,2016,esteban-gutierrez,pascal-wehrlein,11.0,2,122.0,11.0,12.0,11.0,10.0,0,0,0,0
944,2016,pascal-wehrlein,romain-grosjean,12.0,2,150.0,12.0,13.0,10.0,7.0,0,0,0,0
944,2016,romain-grosjean,fernando-alonso,13.0,2,304.0,13.0,14.0,7.0,18.0,1,0,1,0
944,2016,carlos-sainz-jr,sergio-perez,15.0,1,39.0,15.0,16.0,8.0,17.0,1,0,1,1
944,2016,sergio-perez,kevin-magnussen,16.0,1,284.0,16.0,17.0,17.0,14.0,0,0,0,0
944,2016,kevin-magnussen,jolyon-palmer,17.0,1,24.0,17.0,19.0,14.0,12.0,0,0,0,1
944,2016,jolyon-palmer,rio-haryanto,18.0,1,61.0,19.0,20.0,12.0,16.0,1,0,1,1
944,2016,marcus-ericsson,felipe-nasr,21.0,1,28.0,18.0,21.0,15.0,13.0,0,0,0,1
945,2016,lewis-hamilton,nico-rosberg,1.0,3,319.0,1.0,2.0,1.0,3.0,1,0,1,0
945,2016,nico-rosberg,max-verstappen,2.0,3,707.0,2.0,3.0,3.0,2.0,0,0,0,0
945,2016,max-verstappen,daniel-ricciardo,3.0,3,305.0,3.0,4.0,2.0,4.0,1,0,1,0
945,2016,daniel-ricciardo,kimi-raikkonen,4.0,3,263.0,4.0,5.0,4.0,5.0,1,0,1,0
945,2016,kimi-raikkonen,sebastian-vettel,5.0,3,609.0,5.0,11.0,5.0,9.0,1,0,1,0
945,2016,sebastian-vettel,valtteri-bottas,6.0,3,67.0,11.0,6.0,9.0,14.0,1,1,0,1
945,2016,valtteri-bottas,carlos-sainz-jr,7.0,3,432.0,6.0,7.0,14.0,8.0,0,0,0,0
945,2016,carlos-sainz-jr,nico-hulkenberg,8.0,3,183.0,7.0,8.0,8.0,7.0,0,0,0,0
945,2016,nico-hulkenberg,fernando-alonso,9.0,3,171.0,8.0,9.0,7.0,13.0,1,0,1,0
945,2016,sergio-perez,felipe-massa,11.0,2,127.0,10.0,12.0,6.0,11.0,1,0,1,0
945,2016,esteban-gutierrez,daniil-kvyat,14.0,2,65.0,14.0,15.0,16.0,10.0,0,0,0,1
945,2016,daniil-kvyat,kevin-magnussen,15.0,2,4754.0,15.0,16.0,10.0,17.0,1,0,1,0
946,2016,nico-rosberg,lewis-hamilton,1.0,3,143.0,1.0,2.0,2.0,1.0,0,0,0,0
946,2016,lewis-hamilton,daniel-ricciardo,2.0,3,172.0,2.0,3.0,1.0,3.0,1,0,1,0
946,2016,daniel-ricciardo,max-verstappen,3.0,3,277.0,3.0,4.0,3.0,5.0,1,0,1,0
946,2016,max-verstappen,sebastian-vettel,4.0,3,317.0,4.0,5.0,5.0,4.0,0,0,0,0
946,2016,sebastian-vettel,carlos-sainz-jr,5.0,3,257.0,5.0,6.0,4.0,8.0,1,0,1,0
946,2016,carlos-sainz-jr,fernando-alonso,6.0,3,80.0,6.0,7.0,8.0,7.0,0,0,0,1
946,2016,nico-hulkenberg,valtteri-bottas,9.0,3,359.0,9.0,10.0,10.0,9.0,0,0,0,0
946,2016,romain-grosjean,daniil-kvyat,11.0,2,360.0,11.0,12.0,14.0,16.0,1,0,1,0
946,2016,daniil-kvyat,sergio-perez,12.0,2,115.0,12.0,13.0,16.0,11.0,0,0,0,0
946,2016,sergio-perez,kimi-raikkonen,13.0,2,19.0,13.0,14.0,11.0,6.0,0,0,0,1
946,2016,kimi-raikkonen,esteban-gutierrez,14.0,2,754.0,14.0,15.0,6.0,13.0,1,0,1,0
946,2016,esteban-gutierrez,felipe-nasr,15.0,2,874.0,15.0,16.0,13.0,17.0,1,0,1,0
947,2016,nico-rosberg,lewis-hamilton,1.0,3,107.0,1.0,2.0,4.0,1.0,0,0,0,0
947,2016,lewis-hamilton,daniel-ricciardo,2.0,3,256.0,2.0,3.0,1.0,2.0,1,0,1,0
947,2016,daniel-ricciardo,max-verstappen,3.0,3,108.0,3.0,4.0,2.0,3.0,1,0,1,0
947,2016,max-verstappen,kimi-raikkonen,4.0,3,308.0,4.0,5.0,3.0,6.0,1,0,1,0
947,2016,kimi-raikkonen,sebastian-vettel,5.0,3,173.0,5.0,6.0,6.0,5.0,0,0,0,0
947,2016,sebastian-vettel,nico-hulkenberg,6.0,3,195.0,6.0,8.0,5.0,7.0,1,0,1,0
947,2016,nico-hulkenberg,valtteri-bottas,7.0,3,20.0,8.0,7.0,7.0,9.0,1,1,0,1
947,2016,valtteri-bottas,sergio-perez,8.0,3,7.0,7.0,9.0,9.0,10.0,1,0,1,1
947,2016,esteban-gutierrez,jenson-button,11.0,2,26.0,11.0,12.0,11.0,8.0,0,0,0,1
947,2016,jenson-button,carlos-sainz-jr,12.0,2,80.0,12.0,15.0,8.0,14.0,1,0,1,1
947,2016,carlos-sainz-jr,fernando-alonso,13.0,2,52.0,15.0,13.0,14.0,12.0,0,1,1,1
947,2016,fernando-alonso,romain-grosjean,14.0,2,45.0,13.0,20.0,12.0,13.0,1,0,1,1
947,2016,romain-grosjean,jolyon-palmer,15.0,2,579.0,20.0,14.0,13.0,19.0,1,1,0,0
947,2016,kevin-magnussen,pascal-wehrlein,17.0,1,1.0,16.0,17.0,16.0,17.0,1,0,1,1
947,2016,pascal-wehrlein,daniil-kvyat,18.0,1,159.0,17.0,18.0,17.0,15.0,0,0,0,0
947,2016,daniil-kvyat,rio-haryanto,19.0,1,101.0,18.0,19.0,15.0,20.0,1,0,1,0
948,2016,nico-rosberg,max-verstappen,1.0,3,149.0,1.0,2.0,1.0,11.0,1,0,1,0
948,2016,max-verstappen,kimi-raikkonen,2.0,3,17.0,2.0,3.0,11.0,9.0,0,0,0,1
948,2016,kimi-raikkonen,sebastian-vettel,3.0,3,198.0,3.0,4.0,9.0,6.0,0,0,0,0
948,2016,sebastian-vettel,daniel-ricciardo,4.0,3,108.0,4.0,5.0,6.0,2.0,0,0,0,0
948,2016,daniel-ricciardo,sergio-perez,5.0,3,191.0,5.0,6.0,2.0,5.0,1,0,1,0
948,2016,sergio-perez,nico-hulkenberg,6.0,3,136.0,6.0,7.0,5.0,4.0,0,0,0,0
948,2016,nico-hulkenberg,valtteri-bottas,7.0,3,69.0,7.0,8.0,4.0,8.0,1,0,1,1
948,2016,esteban-gutierrez,jolyon-palmer,13.0,2,290.0,18.0,13.0,12.0,15.0,1,1,0,0
948,2016,felipe-nasr,esteban-ocon,17.0,1,101.0,16.0,17.0,17.0,16.0,0,0,0,0
948,2016,esteban-ocon,daniil-kvyat,18.0,1,8.0,17.0,19.0,16.0,14.0,0,0,0,1
949,2016,lewis-hamilton,nico-rosberg,1.0,3,478.0,1.0,2.0,2.0,1.0,0,0,0,0
949,2016,nico-rosberg,sebastian-vettel,2.0,3,359.0,2.0,3.0,1.0,3.0,1,0,1,0
949,2016,sebastian-vettel,kimi-raikkonen,3.0,3,93.0,3.0,4.0,3.0,4.0,1,0,1,1
949,2016,kimi-raikkonen,valtteri-bottas,4.0,3,323.0,4.0,5.0,4.0,6.0,1,0,1,0
949,2016,valtteri-bottas,daniel-ricciardo,5.0,3,1.0,5.0,6.0,6.0,5.0,0,0,0,1
949,2016,daniel-ricciardo,max-verstappen,6.0,3,22.0,6.0,7.0,5.0,7.0,1,0,1,1
949,2016,max-verstappen,sergio-perez,7.0,3,403.0,7.0,8.0,7.0,8.0,1,0,1,0
949,2016,sergio-perez,nico-hulkenberg,8.0,3,22.0,8.0,9.0,8.0,10.0,1,0,1,1
949,2016,nico-hulkenberg,esteban-gutierrez,9.0,3,348.0,9.0,10.0,10.0,13.0,1,0,1,0
949,2016,felipe-massa,romain-grosjean,11.0,2,125.0,11.0,17.0,9.0,11.0,1,0,1,0
949,2016,romain-grosjean,fernando-alonso,12.0,2,181.0,17.0,12.0,11.0,14.0,1,1,0,0
949,2016,jenson-button,carlos-sainz-jr,15.0,2,97.0,14.0,15.0,12.0,15.0,1,0,1,1
950,2016,nico-rosberg,daniel-ricciardo,1.0,3,531.0,1.0,2.0,1.0,2.0,1,0,1,0
950,2016,daniel-ricciardo,lewis-hamilton,2.0,3,173.0,2.0,3.0,2.0,3.0,1,0,1,0
950,2016,lewis-hamilton,max-verstappen,3.0,3,40.0,3.0,4.0,3.0,6.0,1,0,1,1
950,2016,max-verstappen,kimi-raikkonen,4.0,3,212.0,4.0,5.0,6.0,4.0,0,0,0,0
950,2016,kimi-raikkonen,carlos-sainz-jr,5.0,3,657.0,5.0,6.0,4.0,14.0,1,0,1,0
950,2016,carlos-sainz-jr,daniil-kvyat,6.0,3,272.0,6.0,7.0,14.0,9.0,0,0,0,0
950,2016,fernando-alonso,sergio-perez,9.0,3,29.0,9.0,17.0,7.0,8.0,1,0,1,1
950,2016,kevin-magnussen,felipe-nasr,17.0,1,35.0,15.0,16.0,10.0,13.0,1,0,1,1
950,2016,felipe-nasr,jolyon-palmer,18.0,1,100.0,16.0,18.0,13.0,15.0,1,0,1,0
950,2016,jolyon-palmer,pascal-wehrlein,19.0,1,707.0,18.0,19.0,15.0,16.0,1,0,1,0
950,2016,pascal-wehrlein,esteban-ocon,20.0,1,629.0,19.0,21.0,16.0,18.0,1,0,1,0
950,2016,esteban-ocon,sebastian-vettel,21.0,1,820.0,21.0,22.0,18.0,5.0,0,0,0,0
951,2016,nico-rosberg,max-verstappen,2.0,3,156.0,2.0,3.0,3.0,2.0,0,0,0,0
951,2016,max-verstappen,daniel-ricciardo,3.0,3,47.0,3.0,4.0,2.0,1.0,0,0,0,1
951,2016,kimi-raikkonen,sergio-perez,6.0,3,687.0,6.0,7.0,4.0,6.0,1,0,1,0
951,2016,sergio-perez,nico-hulkenberg,7.0,3,170.0,7.0,8.0,6.0,8.0,1,0,1,0
951,2016,nico-hulkenberg,jenson-button,8.0,3,29.0,8.0,9.0,8.0,9.0,1,0,1,1
951,2016,jenson-button,felipe-massa,9.0,3,153.0,9.0,10.0,9.0,13.0,1,0,1,0
951,2016,daniil-kvyat,carlos-sainz-jr,15.0,2,5.0,15.0,16.0,14.0,11.0,0,0,0,1
951,2016,jolyon-palmer,esteban-ocon,19.0,1,452.0,19.0,20.0,10.0,16.0,1,0,1,0
951,2016,esteban-ocon,pascal-wehrlein,20.0,1,136.0,20.0,21.0,16.0,15.0,0,0,0,0
951,2016,pascal-wehrlein,fernando-alonso,21.0,1,568.0,21.0,22.0,15.0,7.0,0,0,0,0
952,2016,nico-rosberg,lewis-hamilton,1.0,3,13.0,1.0,2.0,1.0,3.0,1,0,1,1
952,2016,lewis-hamilton,kimi-raikkonen,2.0,3,289.0,2.0,8.0,3.0,5.0,1,0,1,0
952,2016,kimi-raikkonen,sebastian-vettel,3.0,3,79.0,8.0,6.0,5.0,4.0,0,1,1,1
952,2016,sebastian-vettel,max-verstappen,4.0,3,150.0,6.0,3.0,4.0,2.0,0,1,1,0
952,2016,max-verstappen,daniel-ricciardo,5.0,3,62.0,3.0,4.0,2.0,6.0,1,0,1,1
952,2016,daniel-ricciardo,sergio-perez,6.0,3,721.0,4.0,5.0,6.0,7.0,1,0,1,0
952,2016,sergio-perez,romain-grosjean,7.0,3,0.0,5.0,7.0,7.0,11.0,1,0,1,1
952,2016,romain-grosjean,nico-hulkenberg,8.0,3,181.0,7.0,9.0,11.0,8.0,0,0,0,0
952,2016,nico-hulkenberg,esteban-gutierrez,9.0,3,405.0,9.0,10.0,8.0,20.0,1,0,1,0
952,2016,valtteri-bottas,felipe-massa,11.0,2,65.0,11.0,12.0,10.0,9.0,0,0,0,1
952,2016,felipe-massa,daniil-kvyat,12.0,2,243.0,12.0,13.0,9.0,13.0,1,0,1,0
952,2016,daniil-kvyat,carlos-sainz-jr,13.0,2,62.0,13.0,14.0,13.0,17.0,1,0,1,1
952,2016,carlos-sainz-jr,fernando-alonso,14.0,2,4.0,14.0,15.0,17.0,16.0,0,0,0,1
952,2016,fernando-alonso,jolyon-palmer,15.0,2,118.0,15.0,16.0,16.0,12.0,0,0,0,0
952,2016,jenson-button,kevin-magnussen,17.0,1,172.0,22.0,17.0,18.0,14.0,0,1,1,0
952,2016,kevin-magnussen,marcus-ericsson,18.0,1,199.0,17.0,18.0,14.0,15.0,1,0,1,0
952,2016,marcus-ericsson,felipe-nasr,19.0,1,110.0,18.0,19.0,15.0,19.0,1,0,1,0
952,2016,felipe-nasr,esteban-ocon,20.0,1,21.0,19.0,20.0,19.0,21.0,1,0,1,1
952,2016,esteban-ocon,pascal-wehrlein,21.0,1,208.0,20.0,21.0,21.0,22.0,1,0,1,0
953,2016,lewis-hamilton,nico-rosberg,1.0,3,216.0,1.0,2.0,1.0,2.0,1,0,1,0
953,2016,nico-rosberg,daniel-ricciardo,2.0,3,294.0,2.0,3.0,2.0,3.0,1,0,1,0
953,2016,valtteri-bottas,felipe-massa,8.0,3,153.0,8.0,9.0,16.0,7.0,0,0,0,0
953,2016,felipe-massa,carlos-sainz-jr,9.0,3,57.0,9.0,10.0,7.0,6.0,0,0,0,1
953,2016,sergio-perez,fernando-alonso,11.0,2,64.0,11.0,12.0,8.0,5.0,0,0,0,1
953,2016,fernando-alonso,daniil-kvyat,12.0,2,63.0,12.0,13.0,5.0,11.0,1,0,1,1
953,2016,jolyon-palmer,marcus-ericsson,15.0,2,1421.0,15.0,16.0,13.0,14.0,1,0,1,0
953,2016,romain-grosjean,kevin-magnussen,17.0,1,9.0,17.0,18.0,10.0,12.0,1,0,1,1
953,2016,kevin-magnussen,jenson-button,18.0,1,10.0,18.0,19.0,12.0,9.0,0,0,0,1
953,2016,jenson-button,pascal-wehrlein,19.0,1,221.0,19.0,20.0,9.0,17.0,1,0,1,0
953,2016,pascal-wehrlein,felipe-nasr,20.0,1,35.0,20.0,21.0,17.0,15.0,0,0,0,1
953,2016,felipe-nasr,esteban-ocon,21.0,1,223.0,21.0,22.0,15.0,18.0,1,0,1,0
954,2016,lewis-hamilton,nico-rosberg,1.0,3,254.0,1.0,2.0,1.0,2.0,1,0,1,0
954,2016,nico-rosberg,max-verstappen,2.0,3,96.0,2.0,3.0,2.0,4.0,1,0,1,1
954,2016,max-verstappen,daniel-ricciardo,3.0,3,79.0,3.0,4.0,4.0,3.0,0,0,0,1
954,2016,daniel-ricciardo,nico-hulkenberg,4.0,3,197.0,4.0,5.0,3.0,7.0,1,0,1,0
954,2016,nico-hulkenberg,kimi-raikkonen,5.0,3,46.0,5.0,6.0,7.0,6.0,0,0,0,1
954,2016,kimi-raikkonen,sebastian-vettel,6.0,3,5.0,6.0,7.0,6.0,5.0,0,0,0,1
954,2016,sebastian-vettel,valtteri-bottas,7.0,3,170.0,7.0,8.0,5.0,8.0,1,0,1,0
954,2016,valtteri-bottas,felipe-massa,8.0,3,481.0,8.0,9.0,8.0,9.0,1,0,1,0
954,2016,felipe-massa,carlos-sainz-jr,9.0,3,346.0,9.0,10.0,9.0,16.0,1,0,1,0
954,2016,fernando-alonso,sergio-perez,11.0,2,5.0,11.0,12.0,13.0,10.0,0,0,0,1
954,2016,sergio-perez,jenson-button,12.0,2,386.0,12.0,13.0,10.0,12.0,1,0,1,0
954,2016,jenson-button,kevin-magnussen,13.0,2,458.0,13.0,14.0,12.0,17.0,1,0,1,0
954,2016,kevin-magnussen,marcus-ericsson,14.0,2,405.0,14.0,15.0,17.0,11.0,0,0,0,0
954,2016,esteban-gutierrez,daniil-kvyat,17.0,1,53.0,17.0,18.0,19.0,18.0,0,0,0,1
954,2016,daniil-kvyat,felipe-nasr,18.0,1,238.0,18.0,19.0,18.0,15.0,0,0,0,0
954,2016,felipe-nasr,esteban-ocon,19.0,1,189.0,19.0,20.0,15.0,21.0,1,0,1,0
954,2016,esteban-ocon,romain-grosjean,20.0,1,35.0,20.0,22.0,21.0,20.0,0,0,0,1
955,2016,lewis-hamilton,nico-rosberg,1.0,3,102.0,1.0,2.0,1.0,2.0,1,0,1,0
955,2016,max-verstappen,sebastian-vettel,4.0,3,10.0,4.0,5.0,3.0,5.0,1,0,1,1
955,2016,sebastian-vettel,daniel-ricciardo,5.0,3,45.0,5.0,6.0,5.0,8.0,1,0,1,1
955,2016,nico-hulkenberg,sergio-perez,8.0,3,61.0,8.0,9.0,7.0,4.0,0,0,0,1
955,2016,sergio-perez,fernando-alonso,9.0,3,101.0,9.0,10.0,4.0,10.0,1,0,1,0
955,2016,daniil-kvyat,carlos-sainz-jr,14.0,2,194.0,14.0,15.0,13.0,6.0,0,0,0,0
955,2016,jenson-button,kevin-magnussen,17.0,1,134.0,17.0,18.0,16.0,14.0,0,0,0,0
955,2016,kevin-magnussen,pascal-wehrlein,18.0,1,17.0,18.0,19.0,14.0,15.0,1,0,1,1
955,2016,pascal-wehrlein,esteban-ocon,19.0,1,5.0,19.0,22.0,15.0,12.0,0,0,0,1
956,2016,lewis-hamilton,nico-rosberg,1.0,3,303.0,1.0,2.0,1.0,2.0,1,0,1,0
956,2016,nico-rosberg,daniel-ricciardo,2.0,3,531.0,2.0,3.0,2.0,5.0,1,0,1,0
956,2016,daniel-ricciardo,kimi-raikkonen,3.0,3,15.0,3.0,4.0,5.0,6.0,1,0,1,1
956,2016,kimi-raikkonen,sebastian-vettel,4.0,3,57.0,4.0,5.0,6.0,3.0,0,0,0,1
956,2016,sebastian-vettel,max-verstappen,5.0,3,157.0,5.0,6.0,3.0,4.0,1,0,1,0
956,2016,max-verstappen,nico-hulkenberg,6.0,3,683.0,6.0,7.0,4.0,7.0,1,0,1,0
956,2016,nico-hulkenberg,sergio-perez,7.0,3,18.0,7.0,8.0,7.0,8.0,1,0,1,1
956,2016,sergio-perez,fernando-alonso,8.0,3,587.0,8.0,9.0,8.0,10.0,1,0,1,0
956,2016,fernando-alonso,felipe-massa,9.0,3,107.0,9.0,10.0,10.0,9.0,0,0,0,0
956,2016,esteban-gutierrez,romain-grosjean,13.0,2,84.0,13.0,14.0,12.0,11.0,0,0,0,1
956,2016,romain-grosjean,jolyon-palmer,14.0,2,256.0,14.0,15.0,11.0,17.0,1,0,1,0
956,2016,jolyon-palmer,pascal-wehrlein,15.0,2,175.0,15.0,16.0,17.0,14.0,0,0,0,0
956,2016,felipe-nasr,esteban-ocon,19.0,1,39.0,19.0,20.0,16.0,13.0,0,0,0,1
957,2017,lewis-hamilton,sebastian-vettel,1.0,3,268.0,1.0,2.0,2.0,1.0,0,0,0,0
957,2017,sebastian-vettel,valtteri-bottas,2.0,3,25.0,2.0,3.0,1.0,3.0,1,0,1,1
957,2017,valtteri-bottas,kimi-raikkonen,3.0,3,552.0,3.0,4.0,3.0,4.0,1,0,1,0
957,2017,kimi-raikkonen,max-verstappen,4.0,3,452.0,4.0,5.0,4.0,5.0,1,0,1,0
957,2017,felipe-massa,carlos-sainz-jr,7.0,3,44.0,7.0,8.0,6.0,8.0,1,0,1,1
957,2017,carlos-sainz-jr,daniil-kvyat,8.0,3,25.0,8.0,9.0,8.0,9.0,1,0,1,1
957,2017,sergio-perez,nico-hulkenberg,11.0,2,10.0,10.0,11.0,7.0,11.0,1,0,1,1
958,2017,lewis-hamilton,sebastian-vettel,1.0,3,186.0,1.0,2.0,1.0,2.0,1,0,1,0
958,2017,sebastian-vettel,valtteri-bottas,2.0,3,1.0,2.0,3.0,2.0,6.0,1,0,1,1
958,2017,valtteri-bottas,kimi-raikkonen,3.0,3,275.0,3.0,4.0,6.0,5.0,0,0,0,0
958,2017,kimi-raikkonen,daniel-ricciardo,4.0,3,893.0,4.0,5.0,5.0,4.0,0,0,0,0
958,2017,daniel-ricciardo,felipe-massa,5.0,3,474.0,5.0,6.0,4.0,14.0,1,0,1,0
958,2017,felipe-massa,nico-hulkenberg,6.0,3,73.0,6.0,7.0,14.0,12.0,0,0,0,1
958,2017,nico-hulkenberg,sergio-perez,7.0,3,126.0,7.0,8.0,12.0,9.0,0,0,0,0
958,2017,carlos-sainz-jr,kevin-magnussen,11.0,2,14.0,11.0,12.0,7.0,8.0,1,0,1,1
958,2017,romain-grosjean,jolyon-palmer,17.0,1,56.0,19.0,20.0,11.0,13.0,1,0,1,1
958,2017,jolyon-palmer,max-verstappen,18.0,1,154.0,20.0,16.0,13.0,3.0,0,1,1,0
958,2017,max-verstappen,esteban-ocon,19.0,1,63.0,16.0,17.0,3.0,10.0,1,0,1,1
959,2017,valtteri-bottas,lewis-hamilton,1.0,3,23.0,1.0,2.0,3.0,2.0,0,0,0,1
959,2017,lewis-hamilton,sebastian-vettel,2.0,3,455.0,2.0,3.0,2.0,1.0,0,0,0,0
959,2017,sebastian-vettel,daniel-ricciardo,3.0,3,298.0,3.0,4.0,1.0,5.0,1,0,1,0
959,2017,daniel-ricciardo,kimi-raikkonen,4.0,3,22.0,4.0,5.0,5.0,4.0,0,0,0,1
959,2017,nico-hulkenberg,felipe-massa,7.0,3,232.0,7.0,8.0,9.0,6.0,0,0,0,0
959,2017,felipe-massa,romain-grosjean,8.0,3,689.0,8.0,9.0,6.0,8.0,1,0,1,0
959,2017,romain-grosjean,jolyon-palmer,9.0,3,311.0,9.0,10.0,8.0,13.0,1,0,1,0
959,2017,pascal-wehrlein,esteban-ocon,13.0,2,270.0,13.0,14.0,11.0,10.0,0,0,0,0
960,2017,sebastian-vettel,kimi-raikkonen,1.0,3,59.0,1.0,2.0,2.0,3.0,1,0,1,1
960,2017,kimi-raikkonen,valtteri-bottas,2.0,3,36.0,2.0,3.0,3.0,1.0,0,0,0,1
960,2017,valtteri-bottas,lewis-hamilton,3.0,3,478.0,3.0,4.0,1.0,4.0,1,0,1,0
960,2017,felipe-massa,max-verstappen,6.0,3,51.0,6.0,7.0,9.0,5.0,0,0,0,1
960,2017,max-verstappen,nico-hulkenberg,7.0,3,124.0,7.0,8.0,5.0,8.0,1,0,1,0
960,2017,nico-hulkenberg,sergio-perez,8.0,3,52.0,8.0,9.0,8.0,6.0,0,0,0,1
960,2017,sergio-perez,esteban-ocon,9.0,3,93.0,9.0,10.0,6.0,7.0,1,0,1,1
960,2017,carlos-sainz-jr,lance-stroll,11.0,2,16.0,14.0,11.0,10.0,11.0,1,1,0,1
960,2017,lance-stroll,daniil-kvyat,12.0,2,4.0,11.0,12.0,11.0,12.0,1,0,1,1
960,2017,daniil-kvyat,kevin-magnussen,13.0,2,49.0,12.0,13.0,12.0,13.0,1,0,1,1
960,2017,stoffel-vandoorne,pascal-wehrlein,17.0,1,262.0,20.0,17.0,14.0,16.0,1,1,0,0
960,2017,pascal-wehrlein,marcus-ericsson,18.0,1,175.0,17.0,18.0,16.0,15.0,0,0,0,0
961,2017,lewis-hamilton,sebastian-vettel,1.0,3,51.0,1.0,2.0,1.0,2.0,1,0,1,1
961,2017,daniel-ricciardo,fernando-alonso,6.0,3,873.0,6.0,7.0,3.0,12.0,1,0,1,0
961,2017,fernando-alonso,sergio-perez,7.0,3,22.0,7.0,8.0,12.0,4.0,0,0,0,1
961,2017,sergio-perez,felipe-massa,8.0,3,162.0,8.0,9.0,4.0,13.0,1,0,1,0
961,2017,felipe-massa,esteban-ocon,9.0,3,40.0,9.0,10.0,13.0,5.0,0,0,0,1
961,2017,kevin-magnussen,carlos-sainz-jr,11.0,2,42.0,11.0,12.0,14.0,7.0,0,0,0,1
961,2017,carlos-sainz-jr,nico-hulkenberg,12.0,2,26.0,12.0,13.0,7.0,6.0,0,0,0,1
961,2017,nico-hulkenberg,romain-grosjean,13.0,2,120.0,13.0,14.0,6.0,10.0,1,0,1,0
961,2017,romain-grosjean,pascal-wehrlein,14.0,2,286.0,14.0,15.0,10.0,8.0,0,0,0,0
961,2017,marcus-ericsson,jolyon-palmer,16.0,1,69.0,16.0,17.0,11.0,15.0,1,0,1,1
961,2017,jolyon-palmer,lance-stroll,17.0,1,10.0,17.0,18.0,15.0,16.0,1,0,1,1
962,2017,kimi-raikkonen,sebastian-vettel,1.0,3,43.0,1.0,2.0,2.0,1.0,0,0,0,1
962,2017,sebastian-vettel,valtteri-bottas,2.0,3,2.0,2.0,3.0,1.0,4.0,1,0,1,1
962,2017,valtteri-bottas,max-verstappen,3.0,3,273.0,3.0,4.0,4.0,5.0,1,0,1,0
962,2017,max-verstappen,daniel-ricciardo,4.0,3,502.0,4.0,5.0,5.0,3.0,0,0,0,0
962,2017,daniel-ricciardo,carlos-sainz-jr,5.0,3,164.0,5.0,6.0,3.0,6.0,1,0,1,0
962,2017,carlos-sainz-jr,sergio-perez,6.0,3,167.0,6.0,7.0,6.0,13.0,1,0,1,0
962,2017,sergio-perez,romain-grosjean,7.0,3,20.0,7.0,8.0,13.0,8.0,0,0,0,1
962,2017,kevin-magnussen,lewis-hamilton,13.0,2,147.0,11.0,13.0,10.0,7.0,0,0,0,0
962,2017,lewis-hamilton,felipe-massa,14.0,2,6423.0,13.0,14.0,7.0,9.0,1,0,1,0
962,2017,esteban-ocon,jolyon-palmer,16.0,1,595.0,15.0,16.0,12.0,11.0,0,0,0,0
962,2017,jolyon-palmer,lance-stroll,17.0,1,197.0,16.0,17.0,11.0,15.0,1,0,1,0
963,2017,lewis-hamilton,sebastian-vettel,1.0,3,330.0,1.0,2.0,1.0,4.0,1,0,1,0
963,2017,sebastian-vettel,valtteri-bottas,2.0,3,388.0,2.0,3.0,4.0,2.0,0,0,0,0
963,2017,valtteri-bottas,kimi-raikkonen,3.0,3,75.0,3.0,4.0,2.0,7.0,1,0,1,1
963,2017,sergio-perez,esteban-ocon,8.0,3,117.0,8.0,9.0,5.0,6.0,1,0,1,0
963,2017,esteban-ocon,nico-hulkenberg,9.0,3,136.0,9.0,10.0,6.0,8.0,1,0,1,0
963,2017,romain-grosjean,jolyon-palmer,14.0,2,454.0,14.0,15.0,10.0,11.0,1,0,1,0
963,2017,stoffel-vandoorne,lance-stroll,16.0,1,27.0,16.0,17.0,14.0,9.0,0,0,0,1
963,2017,lance-stroll,kevin-magnussen,17.0,1,109.0,17.0,18.0,9.0,12.0,1,0,1,0
963,2017,kevin-magnussen,marcus-ericsson,18.0,1,177.0,18.0,19.0,12.0,13.0,1,0,1,0
963,2017,marcus-ericsson,pascal-wehrlein,19.0,1,315.0,19.0,20.0,13.0,15.0,1,0,1,0
964,2017,lewis-hamilton,valtteri-bottas,1.0,3,434.0,1.0,2.0,5.0,2.0,0,0,0,0
964,2017,valtteri-bottas,kimi-raikkonen,2.0,3,666.0,2.0,3.0,2.0,14.0,1,0,1,0
964,2017,kimi-raikkonen,sebastian-vettel,3.0,3,148.0,3.0,4.0,14.0,4.0,0,0,0,0
964,2017,esteban-ocon,lance-stroll,7.0,3,567.0,7.0,8.0,6.0,3.0,0,0,0,0
964,2017,carlos-sainz-jr,kevin-magnussen,12.0,2,449.0,15.0,12.0,8.0,7.0,0,1,1,0
964,2017,fernando-alonso,romain-grosjean,16.0,1,134.0,19.0,16.0,9.0,13.0,1,1,0,0
964,2017,romain-grosjean,marcus-ericsson,17.0,1,327.0,16.0,17.0,13.0,11.0,0,0,0,0
964,2017,marcus-ericsson,stoffel-vandoorne,18.0,1,235.0,17.0,18.0,11.0,12.0,1,0,1,0
965,2017,valtteri-bottas,sebastian-vettel,1.0,3,42.0,1.0,2.0,1.0,2.0,1,0,1,1
965,2017,sebastian-vettel,lewis-hamilton,2.0,3,131.0,2.0,8.0,2.0,4.0,1,0,1,0
965,2017,lewis-hamilton,kimi-raikkonen,3.0,3,355.0,8.0,3.0,4.0,5.0,1,1,0,0
965,2017,kimi-raikkonen,daniel-ricciardo,4.0,3,117.0,3.0,4.0,5.0,3.0,0,0,0,0
965,2017,romain-grosjean,sergio-perez,7.0,3,125.0,6.0,7.0,6.0,7.0,1,0,1,0
965,2017,sergio-perez,esteban-ocon,8.0,3,69.0,7.0,9.0,7.0,8.0,1,0,1,1
965,2017,stoffel-vandoorne,daniil-kvyat,13.0,2,143.0,13.0,14.0,12.0,16.0,1,0,1,0
965,2017,jolyon-palmer,felipe-massa,16.0,1,189.0,16.0,17.0,11.0,9.0,0,0,0,0
965,2017,felipe-massa,lance-stroll,17.0,1,74.0,17.0,18.0,9.0,10.0,1,0,1,1
965,2017,lance-stroll,marcus-ericsson,18.0,1,249.0,18.0,19.0,10.0,15.0,1,0,1,0
965,2017,marcus-ericsson,pascal-wehrlein,19.0,1,154.0,19.0,20.0,15.0,14.0,0,0,0,0
966,2017,lewis-hamilton,kimi-raikkonen,1.0,3,547.0,1.0,2.0,1.0,3.0,1,0,1,0
966,2017,kimi-raikkonen,sebastian-vettel,2.0,3,209.0,2.0,3.0,3.0,7.0,1,0,1,0
966,2017,sebastian-vettel,valtteri-bottas,3.0,3,20.0,3.0,9.0,7.0,2.0,0,0,0,1
966,2017,valtteri-bottas,max-verstappen,4.0,3,754.0,9.0,4.0,2.0,4.0,1,1,0,0
966,2017,max-verstappen,nico-hulkenberg,5.0,3,726.0,4.0,5.0,4.0,6.0,1,0,1,0
966,2017,nico-hulkenberg,sergio-perez,6.0,3,46.0,5.0,6.0,6.0,9.0,1,0,1,1
966,2017,sergio-perez,esteban-ocon,7.0,3,172.0,6.0,7.0,9.0,8.0,0,0,0,0
966,2017,esteban-ocon,stoffel-vandoorne,8.0,3,344.0,7.0,8.0,8.0,11.0,1,0,1,0
966,2017,stoffel-vandoorne,romain-grosjean,9.0,3,131.0,8.0,10.0,11.0,13.0,1,0,1,0
966,2017,lance-stroll,kevin-magnussen,16.0,1,4.0,15.0,16.0,16.0,12.0,0,0,0,1
966,2017,kevin-magnussen,pascal-wehrlein,17.0,1,16.0,16.0,17.0,12.0,17.0,1,0,1,1
966,2017,pascal-wehrlein,marcus-ericsson,18.0,1,40.0,17.0,18.0,17.0,14.0,0,0,0,1
966,2017,marcus-ericsson,daniel-ricciardo,19.0,1,333.0,18.0,19.0,14.0,5.0,0,0,0,0
967,2017,sebastian-vettel,kimi-raikkonen,1.0,3,168.0,1.0,2.0,1.0,2.0,1,0,1,0
967,2017,kimi-raikkonen,valtteri-bottas,2.0,3,86.0,2.0,3.0,2.0,3.0,1,0,1,1
967,2017,valtteri-bottas,lewis-hamilton,3.0,3,177.0,3.0,4.0,3.0,4.0,1,0,1,0
967,2017,lewis-hamilton,max-verstappen,4.0,3,90.0,4.0,5.0,4.0,5.0,1,0,1,1
967,2017,nico-hulkenberg,fernando-alonso,7.0,3,81.0,12.0,7.0,17.0,6.0,0,1,1,1
967,2017,fernando-alonso,stoffel-vandoorne,8.0,3,345.0,7.0,8.0,6.0,10.0,1,0,1,0
967,2017,stoffel-vandoorne,carlos-sainz-jr,9.0,3,1018.0,8.0,9.0,10.0,7.0,0,0,0,0
967,2017,jolyon-palmer,esteban-ocon,11.0,2,80.0,10.0,11.0,12.0,9.0,0,0,0,1
967,2017,esteban-ocon,daniil-kvyat,12.0,2,43.0,11.0,16.0,9.0,11.0,1,0,1,1
967,2017,daniil-kvyat,sergio-perez,13.0,2,101.0,16.0,13.0,11.0,8.0,0,1,1,0
967,2017,kevin-magnussen,lance-stroll,16.0,1,7.0,15.0,17.0,13.0,14.0,1,0,1,1
967,2017,lance-stroll,pascal-wehrlein,17.0,1,737.0,17.0,18.0,14.0,15.0,1,0,1,0
968,2017,lewis-hamilton,sebastian-vettel,1.0,3,242.0,1.0,2.0,1.0,2.0,1,0,1,0
968,2017,sebastian-vettel,valtteri-bottas,2.0,3,299.0,2.0,3.0,2.0,5.0,1,0,1,0
968,2017,valtteri-bottas,kimi-raikkonen,3.0,3,176.0,3.0,4.0,5.0,4.0,0,0,0,0
968,2017,daniel-ricciardo,nico-hulkenberg,6.0,3,1119.0,6.0,7.0,3.0,6.0,1,0,1,0
968,2017,nico-hulkenberg,sergio-perez,7.0,3,262.0,7.0,8.0,6.0,17.0,1,0,1,0
968,2017,sergio-perez,esteban-ocon,8.0,3,125.0,8.0,9.0,17.0,9.0,0,0,0,0
968,2017,romain-grosjean,kevin-magnussen,12.0,2,267.0,11.0,12.0,7.0,15.0,1,0,1,0
968,2017,kevin-magnussen,carlos-sainz-jr,13.0,2,39.0,12.0,13.0,15.0,10.0,0,0,0,1
968,2017,stoffel-vandoorne,felipe-massa,15.0,1,382.0,20.0,16.0,14.0,8.0,0,1,1,0
968,2017,felipe-massa,daniil-kvyat,16.0,1,205.0,16.0,19.0,8.0,12.0,1,0,1,0
968,2017,daniil-kvyat,lance-stroll,17.0,1,887.0,19.0,15.0,12.0,11.0,0,1,1,0
968,2017,lance-stroll,marcus-ericsson,18.0,1,299.0,15.0,17.0,11.0,16.0,1,0,1,0
969,2017,lewis-hamilton,max-verstappen,1.0,3,1148.0,1.0,13.0,1.0,10.0,1,0,1,0
969,2017,max-verstappen,daniel-ricciardo,2.0,3,139.0,13.0,16.0,10.0,4.0,0,0,0,0
969,2017,daniel-ricciardo,lance-stroll,3.0,3,191.0,16.0,2.0,4.0,7.0,1,1,0,0
969,2017,lance-stroll,esteban-ocon,4.0,3,687.0,2.0,3.0,7.0,6.0,0,0,0,0
969,2017,esteban-ocon,valtteri-bottas,5.0,3,114.0,3.0,4.0,6.0,2.0,0,0,0,0
969,2017,valtteri-bottas,kimi-raikkonen,6.0,3,154.0,4.0,5.0,2.0,5.0,1,0,1,0
969,2017,kimi-raikkonen,sebastian-vettel,7.0,3,77.0,5.0,6.0,5.0,3.0,0,0,0,1
969,2017,sebastian-vettel,felipe-massa,8.0,3,187.0,6.0,7.0,3.0,8.0,1,0,1,0
969,2017,sergio-perez,nico-hulkenberg,11.0,2,477.0,10.0,14.0,9.0,13.0,1,0,1,0
969,2017,nico-hulkenberg,fernando-alonso,12.0,2,143.0,14.0,19.0,13.0,17.0,1,0,1,0
969,2017,fernando-alonso,daniil-kvyat,13.0,2,43.0,19.0,8.0,17.0,12.0,0,1,1,1
969,2017,daniil-kvyat,carlos-sainz-jr,14.0,2,281.0,8.0,15.0,12.0,14.0,1,0,1,0
969,2017,marcus-ericsson,pascal-wehrlein,18.0,1,143.0,11.0,12.0,18.0,16.0,0,0,0,0
970,2017,lewis-hamilton,valtteri-bottas,5.0,3,684.0,5.0,6.0,1.0,3.0,1,0,1,0
970,2017,stoffel-vandoorne,carlos-sainz-jr,9.0,3,658.0,9.0,10.0,7.0,4.0,0,0,0,0
970,2017,jolyon-palmer,sergio-perez,11.0,2,139.0,11.0,12.0,6.0,5.0,0,0,0,0
970,2017,esteban-ocon,romain-grosjean,14.0,2,1123.0,14.0,15.0,10.0,9.0,0,0,0,0
970,2017,felipe-massa,lance-stroll,17.0,1,714.0,17.0,18.0,11.0,8.0,0,0,0,0
970,2017,lance-stroll,pascal-wehrlein,18.0,1,331.0,18.0,19.0,8.0,12.0,1,0,1,0
971,2017,max-verstappen,daniel-ricciardo,3.0,3,54.0,3.0,4.0,1.0,3.0,1,0,1,1
971,2017,daniel-ricciardo,valtteri-bottas,4.0,3,163.0,4.0,5.0,3.0,5.0,1,0,1,0
971,2017,valtteri-bottas,esteban-ocon,5.0,3,720.0,5.0,6.0,5.0,10.0,1,0,1,0
971,2017,esteban-ocon,stoffel-vandoorne,6.0,3,104.0,6.0,7.0,10.0,7.0,0,0,0,0
971,2017,stoffel-vandoorne,nico-hulkenberg,7.0,3,25.0,7.0,8.0,7.0,16.0,1,0,1,1
971,2017,nico-hulkenberg,sergio-perez,8.0,3,51.0,8.0,9.0,16.0,6.0,0,0,0,1
971,2017,sergio-perez,fernando-alonso,9.0,3,46.0,9.0,10.0,6.0,11.0,1,0,1,1
971,2017,felipe-massa,jolyon-palmer,11.0,2,66.0,11.0,12.0,9.0,15.0,1,0,1,1
971,2017,jolyon-palmer,lance-stroll,12.0,2,207.0,12.0,13.0,15.0,8.0,0,0,0,0
971,2017,romain-grosjean,kevin-magnussen,16.0,1,126.0,16.0,17.0,13.0,12.0,0,0,0,0
971,2017,kevin-magnussen,pascal-wehrlein,17.0,1,49.0,17.0,18.0,12.0,17.0,1,0,1,1
971,2017,pascal-wehrlein,marcus-ericsson,18.0,1,487.0,18.0,19.0,17.0,18.0,1,0,1,0
972,2017,lewis-hamilton,valtteri-bottas,1.0,3,332.0,1.0,6.0,1.0,4.0,1,0,1,0
972,2017,daniel-ricciardo,max-verstappen,4.0,3,26.0,3.0,4.0,3.0,2.0,0,0,0,1
972,2017,max-verstappen,kimi-raikkonen,5.0,3,166.0,4.0,10.0,2.0,5.0,1,0,1,0
972,2017,kimi-raikkonen,esteban-ocon,6.0,3,613.0,10.0,5.0,5.0,6.0,1,1,0,0
972,2017,esteban-ocon,sergio-perez,7.0,3,149.0,5.0,7.0,6.0,7.0,1,0,1,0
972,2017,sergio-perez,felipe-massa,8.0,3,220.0,7.0,8.0,7.0,10.0,1,0,1,0
972,2017,felipe-massa,fernando-alonso,9.0,3,1207.0,8.0,20.0,10.0,11.0,1,0,1,0
972,2017,kevin-magnussen,jolyon-palmer,13.0,2,50.0,12.0,18.0,8.0,12.0,1,0,1,1
972,2017,romain-grosjean,pierre-gasly,16.0,1,468.0,13.0,14.0,9.0,13.0,1,0,1,0
973,2017,lewis-hamilton,sebastian-vettel,1.0,3,239.0,1.0,2.0,1.0,2.0,1,0,1,0
973,2017,sebastian-vettel,valtteri-bottas,2.0,3,221.0,2.0,3.0,2.0,5.0,1,0,1,0
973,2017,kimi-raikkonen,max-verstappen,5.0,3,81.0,5.0,16.0,3.0,4.0,1,0,1,1
973,2017,max-verstappen,esteban-ocon,6.0,3,989.0,16.0,6.0,4.0,6.0,1,1,0,0
973,2017,esteban-ocon,carlos-sainz-jr,7.0,3,205.0,6.0,7.0,6.0,7.0,1,0,1,0
973,2017,felipe-massa,daniil-kvyat,11.0,2,374.0,10.0,11.0,9.0,10.0,1,0,1,0
973,2017,daniil-kvyat,stoffel-vandoorne,12.0,2,112.0,11.0,20.0,10.0,12.0,1,0,1,0
973,2017,stoffel-vandoorne,romain-grosjean,13.0,2,229.0,20.0,12.0,12.0,14.0,1,1,0,0
973,2017,marcus-ericsson,lance-stroll,16.0,1,26.0,13.0,15.0,15.0,11.0,0,0,0,1
973,2017,lance-stroll,brendon-hartley,17.0,1,21.0,15.0,19.0,11.0,13.0,1,0,1,1
974,2017,sebastian-vettel,max-verstappen,1.0,3,86.0,1.0,2.0,4.0,1.0,0,0,0,1
974,2017,max-verstappen,lewis-hamilton,2.0,3,360.0,2.0,3.0,1.0,9.0,1,0,1,0
974,2017,lewis-hamilton,valtteri-bottas,3.0,3,24.0,3.0,4.0,9.0,2.0,0,0,0,1
974,2017,valtteri-bottas,kimi-raikkonen,4.0,3,280.0,4.0,5.0,2.0,3.0,1,0,1,0
974,2017,kimi-raikkonen,esteban-ocon,5.0,3,199.0,5.0,6.0,3.0,5.0,1,0,1,0
974,2017,felipe-massa,lance-stroll,11.0,2,1060.0,10.0,11.0,11.0,6.0,0,0,0,0
974,2017,fernando-alonso,stoffel-vandoorne,14.0,1,868.0,18.0,19.0,10.0,12.0,1,0,1,0
974,2017,pascal-wehrlein,kevin-magnussen,17.0,1,110.0,13.0,14.0,14.0,8.0,0,0,0,0
974,2017,kevin-magnussen,romain-grosjean,18.0,1,30.0,14.0,15.0,8.0,15.0,1,0,1,1
975,2017,valtteri-bottas,sebastian-vettel,1.0,3,38.0,1.0,2.0,2.0,1.0,0,0,0,1
975,2017,sebastian-vettel,kimi-raikkonen,2.0,3,178.0,2.0,3.0,1.0,3.0,1,0,1,0
975,2017,kimi-raikkonen,max-verstappen,3.0,3,387.0,3.0,4.0,3.0,5.0,1,0,1,0
975,2017,max-verstappen,daniel-ricciardo,4.0,3,405.0,4.0,14.0,5.0,6.0,1,0,1,0
975,2017,daniel-ricciardo,sergio-perez,5.0,3,268.0,14.0,5.0,6.0,9.0,1,1,0,0
975,2017,sergio-perez,fernando-alonso,6.0,3,19.0,5.0,6.0,9.0,8.0,0,0,0,1
975,2017,fernando-alonso,nico-hulkenberg,7.0,3,86.0,6.0,7.0,8.0,10.0,1,0,1,1
975,2017,nico-hulkenberg,carlos-sainz-jr,8.0,3,102.0,7.0,8.0,10.0,11.0,1,0,1,0
975,2017,carlos-sainz-jr,felipe-massa,9.0,3,36.0,8.0,9.0,11.0,7.0,0,0,0,1
975,2017,pascal-wehrlein,pierre-gasly,16.0,1,8.0,15.0,19.0,14.0,12.0,0,0,0,1
975,2017,pierre-gasly,lance-stroll,17.0,1,90.0,19.0,16.0,12.0,16.0,1,1,0,1
975,2017,lance-stroll,marcus-ericsson,18.0,1,99.0,16.0,17.0,16.0,13.0,0,0,0,1
976,2017,valtteri-bottas,lewis-hamilton,1.0,3,172.0,1.0,2.0,1.0,2.0,1,0,1,0
976,2017,lewis-hamilton,sebastian-vettel,2.0,3,374.0,2.0,3.0,2.0,3.0,1,0,1,0
976,2017,kimi-raikkonen,max-verstappen,5.0,3,343.0,5.0,6.0,4.0,5.0,1,0,1,0
976,2017,max-verstappen,nico-hulkenberg,6.0,3,954.0,6.0,7.0,5.0,6.0,1,0,1,0
976,2017,nico-hulkenberg,sergio-perez,7.0,3,92.0,7.0,8.0,6.0,7.0,1,0,1,1
976,2017,sergio-perez,esteban-ocon,8.0,3,23.0,8.0,9.0,7.0,8.0,1,0,1,1
976,2017,esteban-ocon,felipe-massa,9.0,3,153.0,9.0,10.0,8.0,10.0,1,0,1,0
976,2017,stoffel-vandoorne,kevin-magnussen,13.0,2,490.0,13.0,14.0,12.0,13.0,1,0,1,0
976,2017,kevin-magnussen,lance-stroll,14.0,2,348.0,14.0,15.0,13.0,18.0,1,0,1,0
976,2017,romain-grosjean,pierre-gasly,16.0,1,208.0,16.0,17.0,11.0,16.0,1,0,1,0
976,2017,pierre-gasly,pascal-wehrlein,17.0,1,206.0,17.0,18.0,16.0,14.0,0,0,0,0
976,2017,pascal-wehrlein,marcus-ericsson,18.0,1,64.0,18.0,19.0,14.0,17.0,1,0,1,1
976,2017,marcus-ericsson,brendon-hartley,19.0,1,477.0,19.0,20.0,17.0,15.0,0,0,0,0
977,2018,lewis-hamilton,kimi-raikkonen,1.0,3,664.0,1.0,2.0,2.0,3.0,1,0,1,0
977,2018,kimi-raikkonen,sebastian-vettel,2.0,3,10.0,2.0,3.0,3.0,1.0,0,0,0,1
977,2018,sebastian-vettel,max-verstappen,3.0,3,41.0,3.0,4.0,1.0,6.0,1,0,1,1
977,2018,max-verstappen,daniel-ricciardo,4.0,3,273.0,4.0,8.0,6.0,4.0,0,0,0,0
977,2018,nico-hulkenberg,carlos-sainz-jr,8.0,3,45.0,7.0,9.0,7.0,10.0,1,0,1,1
977,2018,valtteri-bottas,fernando-alonso,10.0,2,1603.0,15.0,10.0,8.0,5.0,0,1,1,0
977,2018,fernando-alonso,stoffel-vandoorne,11.0,2,161.0,10.0,11.0,5.0,9.0,1,0,1,0
977,2018,stoffel-vandoorne,sergio-perez,12.0,2,152.0,11.0,12.0,9.0,11.0,1,0,1,0
977,2018,sergio-perez,lance-stroll,13.0,2,225.0,12.0,13.0,11.0,14.0,1,0,1,0
977,2018,lance-stroll,esteban-ocon,14.0,2,556.0,13.0,14.0,14.0,12.0,0,0,0,0
978,2018,valtteri-bottas,lewis-hamilton,3.0,3,96.0,3.0,9.0,2.0,3.0,1,0,1,1
978,2018,pierre-gasly,kevin-magnussen,6.0,3,29.0,5.0,6.0,4.0,5.0,1,0,1,1
978,2018,kevin-magnussen,nico-hulkenberg,7.0,3,212.0,6.0,7.0,5.0,6.0,1,0,1,0
978,2018,nico-hulkenberg,esteban-ocon,8.0,3,304.0,7.0,8.0,6.0,10.0,1,0,1,0
978,2018,esteban-ocon,carlos-sainz-jr,9.0,3,112.0,8.0,10.0,10.0,11.0,1,0,1,0
978,2018,brendon-hartley,sergio-perez,11.0,2,51.0,11.0,12.0,17.0,16.0,0,0,0,1
978,2018,sergio-perez,fernando-alonso,12.0,2,56.0,12.0,13.0,16.0,7.0,0,0,0,1
978,2018,fernando-alonso,stoffel-vandoorne,13.0,2,313.0,13.0,14.0,7.0,8.0,1,0,1,0
978,2018,romain-grosjean,marcus-ericsson,16.0,1,533.0,16.0,17.0,13.0,9.0,0,0,0,0
978,2018,marcus-ericsson,sergey-sirotkin,17.0,1,351.0,17.0,18.0,9.0,15.0,1,0,1,0
978,2018,sergey-sirotkin,charles-leclerc,18.0,1,6.0,18.0,19.0,15.0,12.0,0,0,0,1
978,2018,charles-leclerc,lance-stroll,19.0,1,83.0,19.0,20.0,12.0,14.0,1,0,1,1
979,2018,sebastian-vettel,kimi-raikkonen,1.0,3,87.0,1.0,2.0,8.0,3.0,0,0,0,1
979,2018,kimi-raikkonen,valtteri-bottas,2.0,3,443.0,2.0,3.0,3.0,2.0,0,0,0,0
979,2018,valtteri-bottas,lewis-hamilton,3.0,3,50.0,3.0,4.0,2.0,4.0,1,0,1,1
979,2018,lewis-hamilton,max-verstappen,4.0,3,121.0,4.0,5.0,4.0,5.0,1,0,1,0
979,2018,max-verstappen,daniel-ricciardo,5.0,3,152.0,5.0,6.0,5.0,1.0,0,0,0,0
979,2018,daniel-ricciardo,nico-hulkenberg,6.0,3,584.0,6.0,7.0,1.0,6.0,1,0,1,0
979,2018,nico-hulkenberg,sergio-perez,7.0,3,226.0,7.0,8.0,6.0,12.0,1,0,1,0
979,2018,sergio-perez,carlos-sainz-jr,8.0,3,61.0,8.0,9.0,12.0,9.0,0,0,0,1
979,2018,carlos-sainz-jr,romain-grosjean,9.0,3,36.0,9.0,10.0,9.0,17.0,1,0,1,1
979,2018,kevin-magnussen,esteban-ocon,11.0,2,71.0,11.0,12.0,10.0,11.0,1,0,1,1
979,2018,esteban-ocon,fernando-alonso,12.0,2,175.0,12.0,13.0,11.0,7.0,0,0,0,0
979,2018,fernando-alonso,stoffel-vandoorne,13.0,2,273.0,13.0,14.0,7.0,13.0,1,0,1,0
979,2018,stoffel-vandoorne,brendon-hartley,14.0,2,290.0,14.0,15.0,13.0,20.0,1,0,1,0
979,2018,sergey-sirotkin,pierre-gasly,16.0,1,39.0,16.0,17.0,15.0,18.0,1,0,1,1
979,2018,pierre-gasly,lance-stroll,17.0,1,184.0,17.0,18.0,18.0,14.0,0,0,0,0
979,2018,lance-stroll,charles-leclerc,18.0,1,169.0,18.0,19.0,14.0,19.0,1,0,1,0
979,2018,charles-leclerc,marcus-ericsson,19.0,1,460.0,19.0,20.0,19.0,16.0,0,0,0,0
980,2018,sebastian-vettel,lewis-hamilton,1.0,3,179.0,1.0,2.0,4.0,1.0,0,0,0,0
980,2018,lewis-hamilton,valtteri-bottas,2.0,3,160.0,2.0,3.0,1.0,14.0,1,0,1,0
980,2018,fernando-alonso,charles-leclerc,13.0,2,55.0,12.0,13.0,7.0,6.0,0,0,0,1
980,2018,charles-leclerc,kevin-magnussen,14.0,2,685.0,13.0,15.0,6.0,13.0,1,0,1,0
980,2018,stoffel-vandoorne,pierre-gasly,16.0,1,7.0,16.0,17.0,9.0,12.0,1,0,1,1
980,2018,pierre-gasly,marcus-ericsson,17.0,1,1045.0,17.0,18.0,12.0,11.0,0,0,0,0
981,2018,lewis-hamilton,valtteri-bottas,1.0,3,40.0,1.0,2.0,1.0,2.0,1,0,1,1
981,2018,valtteri-bottas,sebastian-vettel,2.0,3,92.0,2.0,3.0,2.0,4.0,1,0,1,1
981,2018,max-verstappen,daniel-ricciardo,5.0,3,2.0,5.0,6.0,3.0,5.0,1,0,1,1
981,2018,daniel-ricciardo,kevin-magnussen,6.0,3,858.0,6.0,7.0,5.0,6.0,1,0,1,0
981,2018,kevin-magnussen,fernando-alonso,7.0,3,45.0,7.0,8.0,6.0,8.0,1,0,1,1
981,2018,fernando-alonso,carlos-sainz-jr,8.0,3,69.0,8.0,9.0,8.0,7.0,0,0,0,1
981,2018,charles-leclerc,sergio-perez,14.0,2,188.0,14.0,15.0,10.0,9.0,0,0,0,0
981,2018,marcus-ericsson,sergey-sirotkin,17.0,1,202.0,17.0,19.0,13.0,14.0,1,0,1,0
981,2018,sergey-sirotkin,lance-stroll,18.0,1,530.0,19.0,18.0,14.0,11.0,0,1,1,0
982,2018,daniel-ricciardo,sebastian-vettel,1.0,3,229.0,1.0,2.0,1.0,2.0,1,0,1,0
982,2018,sebastian-vettel,lewis-hamilton,2.0,3,193.0,2.0,3.0,2.0,3.0,1,0,1,0
982,2018,lewis-hamilton,kimi-raikkonen,3.0,3,34.0,3.0,4.0,3.0,4.0,1,0,1,1
982,2018,kimi-raikkonen,valtteri-bottas,4.0,3,175.0,4.0,5.0,4.0,5.0,1,0,1,0
982,2018,valtteri-bottas,esteban-ocon,5.0,3,620.0,5.0,6.0,5.0,6.0,1,0,1,0
982,2018,carlos-sainz-jr,sergio-perez,8.0,3,24.0,8.0,9.0,10.0,12.0,1,0,1,1
982,2018,sergio-perez,pierre-gasly,9.0,3,67.0,9.0,10.0,12.0,7.0,0,0,0,1
982,2018,nico-hulkenberg,stoffel-vandoorne,11.0,2,29.0,11.0,12.0,8.0,14.0,1,0,1,1
982,2018,stoffel-vandoorne,sergey-sirotkin,12.0,2,81.0,12.0,13.0,14.0,16.0,1,0,1,1
982,2018,sergey-sirotkin,charles-leclerc,13.0,2,193.0,13.0,14.0,16.0,18.0,1,0,1,0
982,2018,charles-leclerc,romain-grosjean,14.0,2,14.0,14.0,18.0,18.0,15.0,0,0,0,1
982,2018,brendon-hartley,marcus-ericsson,16.0,1,86.0,15.0,16.0,19.0,11.0,0,0,0,1
982,2018,marcus-ericsson,lance-stroll,17.0,1,58.0,16.0,17.0,11.0,17.0,1,0,1,1
982,2018,lance-stroll,kevin-magnussen,18.0,1,70.0,17.0,19.0,17.0,13.0,0,0,0,1
983,2018,sebastian-vettel,valtteri-bottas,1.0,3,93.0,1.0,2.0,1.0,2.0,1,0,1,1
983,2018,valtteri-bottas,max-verstappen,2.0,3,80.0,2.0,3.0,2.0,3.0,1,0,1,1
983,2018,max-verstappen,lewis-hamilton,3.0,3,59.0,3.0,4.0,3.0,5.0,1,0,1,1
983,2018,lewis-hamilton,kimi-raikkonen,4.0,3,99.0,4.0,5.0,5.0,6.0,1,0,1,1
983,2018,kimi-raikkonen,daniel-ricciardo,5.0,3,21.0,5.0,6.0,6.0,4.0,0,0,0,1
983,2018,daniel-ricciardo,nico-hulkenberg,6.0,3,857.0,6.0,7.0,4.0,7.0,1,0,1,0
983,2018,nico-hulkenberg,esteban-ocon,7.0,3,111.0,7.0,8.0,7.0,9.0,1,0,1,0
983,2018,esteban-ocon,carlos-sainz-jr,8.0,3,84.0,8.0,9.0,9.0,8.0,0,0,0,1
983,2018,carlos-sainz-jr,sergio-perez,9.0,3,503.0,9.0,10.0,8.0,14.0,1,0,1,0
983,2018,sergey-sirotkin,marcus-ericsson,18.0,1,950.0,17.0,18.0,17.0,15.0,0,0,0,0
984,2018,lewis-hamilton,valtteri-bottas,1.0,3,118.0,1.0,2.0,1.0,7.0,1,0,1,0
984,2018,valtteri-bottas,sebastian-vettel,2.0,3,253.0,2.0,3.0,7.0,5.0,0,0,0,0
984,2018,sebastian-vettel,max-verstappen,3.0,3,305.0,3.0,4.0,5.0,2.0,0,0,0,0
984,2018,max-verstappen,daniel-ricciardo,4.0,3,190.0,4.0,5.0,2.0,4.0,1,0,1,0
984,2018,daniel-ricciardo,kimi-raikkonen,5.0,3,162.0,5.0,6.0,4.0,3.0,0,0,0,0
984,2018,kimi-raikkonen,carlos-sainz-jr,6.0,3,1069.0,6.0,7.0,3.0,8.0,1,0,1,0
984,2018,carlos-sainz-jr,charles-leclerc,7.0,3,509.0,7.0,8.0,8.0,10.0,1,0,1,0
984,2018,charles-leclerc,kevin-magnussen,8.0,3,295.0,8.0,9.0,10.0,6.0,0,0,0,0
984,2018,fernando-alonso,brendon-hartley,16.0,1,49.0,16.0,20.0,16.0,14.0,0,0,0,1
984,2018,brendon-hartley,stoffel-vandoorne,17.0,1,137.0,20.0,17.0,14.0,12.0,0,1,1,0
984,2018,stoffel-vandoorne,sergey-sirotkin,18.0,1,474.0,17.0,18.0,12.0,15.0,1,0,1,0
984,2018,sergey-sirotkin,lance-stroll,19.0,1,93.0,18.0,19.0,15.0,17.0,1,0,1,1
985,2018,sebastian-vettel,kimi-raikkonen,3.0,3,196.0,6.0,3.0,3.0,2.0,0,1,1,0
985,2018,kimi-raikkonen,max-verstappen,4.0,3,180.0,3.0,4.0,2.0,1.0,0,0,0,0
985,2018,max-verstappen,romain-grosjean,5.0,3,52.0,4.0,5.0,1.0,4.0,1,0,1,1
985,2018,kevin-magnussen,carlos-sainz-jr,8.0,3,674.0,8.0,9.0,5.0,12.0,1,0,1,0
985,2018,esteban-ocon,pierre-gasly,11.0,2,29.0,11.0,12.0,6.0,11.0,1,0,1,1
985,2018,pierre-gasly,charles-leclerc,12.0,2,105.0,12.0,17.0,11.0,9.0,0,0,0,0
985,2018,charles-leclerc,fernando-alonso,13.0,2,79.0,17.0,20.0,9.0,8.0,0,0,0,1
985,2018,fernando-alonso,lance-stroll,14.0,2,228.0,20.0,13.0,8.0,14.0,1,1,0,0
985,2018,stoffel-vandoorne,sergio-perez,16.0,1,8.0,14.0,15.0,15.0,7.0,0,0,0,1
985,2018,sergio-perez,sergey-sirotkin,17.0,1,43.0,15.0,16.0,7.0,13.0,1,0,1,1
986,2018,lewis-hamilton,sebastian-vettel,1.0,3,44.0,1.0,2.0,2.0,1.0,0,0,0,1
986,2018,sebastian-vettel,kimi-raikkonen,2.0,3,54.0,2.0,3.0,1.0,3.0,1,0,1,1
986,2018,kimi-raikkonen,valtteri-bottas,3.0,3,227.0,3.0,4.0,3.0,4.0,1,0,1,0
986,2018,valtteri-bottas,max-verstappen,4.0,3,385.0,4.0,5.0,4.0,15.0,1,0,1,0
986,2018,max-verstappen,daniel-ricciardo,5.0,3,497.0,5.0,6.0,15.0,5.0,0,0,0,0
986,2018,daniel-ricciardo,kevin-magnussen,6.0,3,145.0,6.0,7.0,5.0,9.0,1,0,1,0
986,2018,nico-hulkenberg,sergio-perez,11.0,2,27.0,11.0,12.0,6.0,10.0,1,0,1,1
986,2018,sergio-perez,fernando-alonso,12.0,2,211.0,12.0,13.0,10.0,8.0,0,0,0,0
986,2018,fernando-alonso,pierre-gasly,13.0,2,204.0,13.0,14.0,8.0,13.0,1,0,1,0
986,2018,stoffel-vandoorne,sergey-sirotkin,17.0,1,156.0,17.0,18.0,11.0,14.0,1,0,1,0
987,2018,valtteri-bottas,kimi-raikkonen,2.0,3,131.0,2.0,3.0,2.0,3.0,1,0,1,0
987,2018,kimi-raikkonen,max-verstappen,3.0,3,275.0,3.0,4.0,3.0,4.0,1,0,1,0
987,2018,max-verstappen,kevin-magnussen,4.0,3,378.0,4.0,5.0,4.0,11.0,1,0,1,0
987,2018,kevin-magnussen,romain-grosjean,5.0,3,344.0,5.0,6.0,11.0,6.0,0,0,0,0
987,2018,romain-grosjean,nico-hulkenberg,6.0,3,16.0,6.0,7.0,6.0,5.0,0,0,0,1
987,2018,nico-hulkenberg,carlos-sainz-jr,7.0,3,132.0,7.0,8.0,5.0,12.0,1,0,1,0
987,2018,carlos-sainz-jr,charles-leclerc,8.0,3,25.0,8.0,9.0,12.0,15.0,1,0,1,1
987,2018,charles-leclerc,sergio-perez,9.0,3,57.0,9.0,10.0,15.0,7.0,0,0,0,1
987,2018,esteban-ocon,pierre-gasly,16.0,1,29.0,15.0,20.0,8.0,14.0,1,0,1,1
987,2018,pierre-gasly,brendon-hartley,17.0,1,296.0,20.0,16.0,14.0,10.0,0,1,1,0
988,2018,lewis-hamilton,valtteri-bottas,1.0,3,260.0,1.0,2.0,1.0,5.0,1,0,1,0
988,2018,valtteri-bottas,kimi-raikkonen,2.0,3,268.0,2.0,3.0,5.0,3.0,0,0,0,0
988,2018,kimi-raikkonen,sebastian-vettel,3.0,3,24.0,3.0,4.0,3.0,2.0,0,0,0,1
988,2018,sebastian-vettel,carlos-sainz-jr,4.0,3,533.0,4.0,5.0,2.0,9.0,1,0,1,0
988,2018,carlos-sainz-jr,pierre-gasly,5.0,3,848.0,5.0,6.0,9.0,6.0,0,0,0,0
988,2018,brendon-hartley,kevin-magnussen,8.0,3,1730.0,8.0,9.0,11.0,7.0,0,0,0,0
988,2018,kevin-magnussen,romain-grosjean,9.0,3,735.0,9.0,10.0,7.0,10.0,1,0,1,0
988,2018,fernando-alonso,daniel-ricciardo,11.0,2,1228.0,11.0,12.0,8.0,4.0,0,0,0,0
988,2018,daniel-ricciardo,nico-hulkenberg,12.0,2,64.0,12.0,13.0,4.0,12.0,1,0,1,1
988,2018,nico-hulkenberg,marcus-ericsson,13.0,2,569.0,13.0,14.0,12.0,15.0,1,0,1,0
988,2018,esteban-ocon,sergio-perez,18.0,1,58.0,17.0,18.0,13.0,14.0,1,0,1,1
988,2018,sergio-perez,sergey-sirotkin,19.0,1,101.0,18.0,19.0,14.0,16.0,1,0,1,0
989,2018,lewis-hamilton,sebastian-vettel,1.0,3,726.0,1.0,2.0,2.0,1.0,0,0,0,0
989,2018,sebastian-vettel,esteban-ocon,2.0,3,2946.0,2.0,3.0,1.0,6.0,1,0,1,0
989,2018,esteban-ocon,sergio-perez,3.0,3,43.0,3.0,4.0,6.0,5.0,0,0,0,1
989,2018,sergio-perez,romain-grosjean,4.0,3,228.0,4.0,5.0,5.0,7.0,1,0,1,0
989,2018,valtteri-bottas,pierre-gasly,10.0,2,1653.0,17.0,10.0,4.0,9.0,1,1,0,0
989,2018,pierre-gasly,brendon-hartley,11.0,2,21.0,10.0,11.0,9.0,14.0,1,0,1,1
989,2018,sergey-sirotkin,lance-stroll,18.0,1,136.0,15.0,16.0,12.0,13.0,1,0,1,0
989,2018,lance-stroll,stoffel-vandoorne,19.0,1,173.0,16.0,20.0,13.0,15.0,1,0,1,0
990,2018,kimi-raikkonen,sebastian-vettel,1.0,3,161.0,1.0,2.0,2.0,4.0,1,0,1,0
990,2018,sebastian-vettel,lewis-hamilton,2.0,3,14.0,2.0,3.0,4.0,1.0,0,0,0,1
990,2018,lewis-hamilton,valtteri-bottas,3.0,3,362.0,3.0,4.0,1.0,3.0,1,0,1,0
990,2018,valtteri-bottas,max-verstappen,4.0,3,959.0,4.0,5.0,3.0,5.0,1,0,1,0
990,2018,carlos-sainz-jr,esteban-ocon,7.0,3,58.0,7.0,8.0,8.0,6.0,0,0,0,1
990,2018,esteban-ocon,pierre-gasly,8.0,3,251.0,8.0,9.0,6.0,14.0,1,0,1,0
990,2018,pierre-gasly,lance-stroll,9.0,3,277.0,9.0,10.0,14.0,9.0,0,0,0,0
990,2018,kevin-magnussen,sergey-sirotkin,11.0,2,63.0,11.0,12.0,16.0,10.0,0,0,0,1
990,2018,sergio-perez,charles-leclerc,16.0,1,1.0,14.0,15.0,7.0,11.0,1,0,1,1
990,2018,marcus-ericsson,stoffel-vandoorne,19.0,1,37.0,18.0,17.0,15.0,12.0,0,1,1,1
991,2018,lewis-hamilton,max-verstappen,1.0,3,319.0,1.0,2.0,1.0,2.0,1,0,1,0
991,2018,max-verstappen,sebastian-vettel,2.0,3,294.0,2.0,3.0,2.0,3.0,1,0,1,0
991,2018,sebastian-vettel,valtteri-bottas,3.0,3,74.0,3.0,4.0,3.0,4.0,1,0,1,1
991,2018,valtteri-bottas,kimi-raikkonen,4.0,3,92.0,4.0,5.0,4.0,5.0,1,0,1,1
991,2018,kimi-raikkonen,daniel-ricciardo,5.0,3,202.0,5.0,6.0,5.0,6.0,1,0,1,0
991,2018,daniel-ricciardo,sergio-perez,6.0,3,989.0,6.0,7.0,6.0,16.0,1,0,1,0
991,2018,sergio-perez,romain-grosjean,7.0,3,335.0,7.0,8.0,16.0,15.0,0,0,0,0
991,2018,fernando-alonso,carlos-sainz-jr,11.0,2,75.0,11.0,12.0,7.0,8.0,1,0,1,1
991,2018,carlos-sainz-jr,charles-leclerc,12.0,2,31.0,12.0,13.0,8.0,9.0,1,0,1,1
991,2018,charles-leclerc,marcus-ericsson,13.0,2,706.0,13.0,14.0,9.0,11.0,1,0,1,0
991,2018,marcus-ericsson,pierre-gasly,14.0,2,238.0,14.0,15.0,11.0,13.0,1,0,1,0
991,2018,kevin-magnussen,brendon-hartley,16.0,1,165.0,16.0,17.0,18.0,17.0,0,0,0,0
991,2018,brendon-hartley,stoffel-vandoorne,17.0,1,55.0,17.0,18.0,17.0,12.0,0,0,0,1
991,2018,stoffel-vandoorne,sergey-sirotkin,18.0,1,1399.0,18.0,19.0,12.0,19.0,1,0,1,0
991,2018,sergey-sirotkin,lance-stroll,19.0,1,71.0,19.0,20.0,19.0,14.0,0,0,0,1
992,2018,valtteri-bottas,lewis-hamilton,1.0,3,145.0,1.0,2.0,2.0,1.0,0,0,0,0
992,2018,lewis-hamilton,sebastian-vettel,2.0,3,411.0,2.0,3.0,1.0,3.0,1,0,1,0
992,2018,sebastian-vettel,kimi-raikkonen,3.0,3,294.0,3.0,4.0,3.0,4.0,1,0,1,0
992,2018,kimi-raikkonen,kevin-magnussen,4.0,3,944.0,4.0,5.0,4.0,8.0,1,0,1,0
992,2018,kevin-magnussen,esteban-ocon,5.0,3,232.0,5.0,6.0,8.0,9.0,1,0,1,0
992,2018,esteban-ocon,charles-leclerc,6.0,3,6.0,6.0,7.0,9.0,7.0,0,0,0,1
992,2018,charles-leclerc,sergio-perez,7.0,3,144.0,7.0,8.0,7.0,10.0,1,0,1,0
992,2018,sergio-perez,romain-grosjean,8.0,3,141.0,8.0,9.0,10.0,11.0,1,0,1,0
992,2018,romain-grosjean,marcus-ericsson,9.0,3,1492.0,9.0,10.0,11.0,13.0,1,0,1,0
992,2018,max-verstappen,daniel-ricciardo,11.0,1,199.0,19.0,18.0,5.0,6.0,1,1,0,0
992,2018,carlos-sainz-jr,nico-hulkenberg,14.0,1,29.0,11.0,12.0,17.0,12.0,0,0,0,1
992,2018,fernando-alonso,sergey-sirotkin,17.0,1,108.0,16.0,13.0,14.0,18.0,1,1,0,0
992,2018,sergey-sirotkin,stoffel-vandoorne,18.0,1,365.0,13.0,15.0,18.0,16.0,0,0,0,0
992,2018,stoffel-vandoorne,lance-stroll,19.0,1,460.0,15.0,14.0,16.0,15.0,0,1,1,0
993,2018,lewis-hamilton,valtteri-bottas,1.0,3,299.0,1.0,2.0,1.0,2.0,1,0,1,0
993,2018,valtteri-bottas,max-verstappen,2.0,3,998.0,2.0,3.0,2.0,3.0,1,0,1,0
993,2018,max-verstappen,kimi-raikkonen,3.0,3,464.0,3.0,4.0,3.0,5.0,1,0,1,0
993,2018,kimi-raikkonen,romain-grosjean,4.0,3,240.0,4.0,5.0,5.0,8.0,1,0,1,0
993,2018,romain-grosjean,brendon-hartley,5.0,3,262.0,5.0,6.0,8.0,13.0,1,0,1,0
993,2018,brendon-hartley,pierre-gasly,6.0,3,70.0,6.0,7.0,13.0,11.0,0,0,0,1
993,2018,pierre-gasly,esteban-ocon,7.0,3,33.0,7.0,11.0,11.0,9.0,0,0,0,1
993,2018,esteban-ocon,sebastian-vettel,8.0,3,2066.0,11.0,8.0,9.0,6.0,0,1,1,0
993,2018,sebastian-vettel,sergio-perez,9.0,3,5037.0,8.0,9.0,6.0,7.0,1,0,1,0
993,2018,carlos-sainz-jr,lance-stroll,13.0,2,224.0,13.0,14.0,10.0,17.0,1,0,1,0
993,2018,sergey-sirotkin,fernando-alonso,17.0,1,201.0,17.0,18.0,16.0,14.0,0,0,0,0
993,2018,fernando-alonso,stoffel-vandoorne,18.0,1,468.0,18.0,19.0,14.0,15.0,1,0,1,0
993,2018,stoffel-vandoorne,marcus-ericsson,19.0,1,172.0,19.0,20.0,15.0,12.0,0,0,0,0
994,2018,lewis-hamilton,sebastian-vettel,1.0,3,61.0,1.0,5.0,3.0,4.0,1,0,1,1
994,2018,sebastian-vettel,kimi-raikkonen,2.0,3,9.0,5.0,2.0,4.0,1.0,0,1,1,1
994,2018,kimi-raikkonen,valtteri-bottas,3.0,3,309.0,2.0,3.0,1.0,5.0,1,0,1,0
994,2018,pierre-gasly,brendon-hartley,13.0,1,356.0,19.0,20.0,12.0,9.0,0,0,0,0
994,2018,sergey-sirotkin,lance-stroll,17.0,1,118.0,14.0,15.0,13.0,14.0,1,0,1,0
994,2018,lance-stroll,marcus-ericsson,18.0,1,56.0,15.0,16.0,14.0,10.0,0,0,0,1
994,2018,marcus-ericsson,stoffel-vandoorne,19.0,1,199.0,16.0,17.0,10.0,11.0,1,0,1,0
995,2018,max-verstappen,lewis-hamilton,2.0,3,109.0,2.0,3.0,1.0,4.0,1,0,1,0
995,2018,lewis-hamilton,sebastian-vettel,3.0,3,76.0,3.0,4.0,4.0,2.0,0,0,0,1
995,2018,sebastian-vettel,valtteri-bottas,4.0,3,190.0,4.0,5.0,2.0,5.0,1,0,1,0
995,2018,valtteri-bottas,kimi-raikkonen,5.0,3,170.0,5.0,6.0,5.0,3.0,0,0,0,0
995,2018,kimi-raikkonen,nico-hulkenberg,6.0,3,497.0,6.0,7.0,3.0,6.0,1,0,1,0
995,2018,charles-leclerc,marcus-ericsson,9.0,3,324.0,9.0,10.0,7.0,9.0,1,0,1,0
995,2018,pierre-gasly,romain-grosjean,15.0,1,83.0,20.0,18.0,10.0,16.0,1,1,0,1
995,2018,romain-grosjean,stoffel-vandoorne,16.0,1,55.0,18.0,15.0,16.0,8.0,0,1,1,1
995,2018,stoffel-vandoorne,kevin-magnussen,17.0,1,633.0,15.0,16.0,8.0,15.0,1,0,1,0
995,2018,kevin-magnussen,lance-stroll,18.0,1,90.0,16.0,17.0,15.0,12.0,0,0,0,1
995,2018,lance-stroll,sergey-sirotkin,19.0,1,197.0,17.0,19.0,12.0,13.0,1,0,1,0
996,2018,lewis-hamilton,sebastian-vettel,1.0,3,93.0,1.0,2.0,1.0,6.0,1,0,1,1
996,2018,sebastian-vettel,valtteri-bottas,2.0,3,67.0,2.0,3.0,6.0,5.0,0,0,0,1
996,2018,valtteri-bottas,kimi-raikkonen,3.0,3,15.0,3.0,4.0,5.0,3.0,0,0,0,1
996,2018,kimi-raikkonen,max-verstappen,4.0,3,322.0,4.0,5.0,3.0,2.0,0,0,0,0
996,2018,max-verstappen,daniel-ricciardo,5.0,3,2.0,5.0,11.0,2.0,4.0,1,0,1,1
996,2018,charles-leclerc,romain-grosjean,8.0,3,25.0,7.0,8.0,7.0,8.0,1,0,1,1
996,2018,romain-grosjean,pierre-gasly,9.0,3,512.0,8.0,9.0,8.0,13.0,1,0,1,0
996,2018,kevin-magnussen,sergio-perez,11.0,2,82.0,10.0,12.0,9.0,10.0,1,0,1,1
996,2018,sergio-perez,esteban-ocon,12.0,2,29.0,12.0,18.0,10.0,14.0,1,0,1,1
996,2018,carlos-sainz-jr,brendon-hartley,16.0,1,11.0,15.0,16.0,12.0,11.0,0,0,0,1
996,2018,brendon-hartley,fernando-alonso,17.0,1,122.0,16.0,17.0,11.0,17.0,1,0,1,0
996,2018,fernando-alonso,lance-stroll,18.0,1,39.0,17.0,19.0,17.0,18.0,1,0,1,1
996,2018,lance-stroll,stoffel-vandoorne,19.0,1,160.0,19.0,20.0,18.0,15.0,0,0,0,0
997,2018,lewis-hamilton,valtteri-bottas,1.0,3,162.0,1.0,2.0,1.0,5.0,1,0,1,0
997,2018,valtteri-bottas,sebastian-vettel,2.0,3,169.0,2.0,3.0,5.0,2.0,0,0,0,0
997,2018,daniel-ricciardo,max-verstappen,5.0,3,188.0,5.0,6.0,4.0,3.0,0,0,0,0
997,2018,max-verstappen,romain-grosjean,6.0,3,603.0,6.0,7.0,3.0,9.0,1,0,1,0
997,2018,romain-grosjean,charles-leclerc,7.0,3,45.0,7.0,8.0,9.0,7.0,0,0,0,1
997,2018,kevin-magnussen,sergio-perez,13.0,2,232.0,13.0,14.0,10.0,8.0,0,0,0,0
997,2018,sergio-perez,fernando-alonso,14.0,2,202.0,14.0,15.0,8.0,11.0,1,0,1,0
997,2018,stoffel-vandoorne,sergey-sirotkin,18.0,1,58.0,18.0,19.0,14.0,15.0,1,0,1,1
997,2018,sergey-sirotkin,lance-stroll,19.0,1,47.0,19.0,20.0,15.0,13.0,0,0,0,1
998,2019,lewis-hamilton,valtteri-bottas,1.0,3,112.0,1.0,2.0,2.0,1.0,0,0,0,0
998,2019,valtteri-bottas,sebastian-vettel,2.0,3,592.0,2.0,3.0,1.0,4.0,1,0,1,0
998,2019,sebastian-vettel,max-verstappen,3.0,3,130.0,3.0,4.0,4.0,3.0,0,0,0,0
998,2019,max-verstappen,charles-leclerc,4.0,3,122.0,4.0,5.0,3.0,5.0,1,0,1,0
998,2019,kevin-magnussen,lando-norris,7.0,3,205.0,7.0,8.0,6.0,12.0,1,0,1,0
998,2019,lando-norris,kimi-raikkonen,8.0,3,10.0,8.0,9.0,12.0,8.0,0,0,0,1
998,2019,kimi-raikkonen,sergio-perez,9.0,3,467.0,9.0,10.0,8.0,13.0,1,0,1,0
998,2019,alexander-albon,antonio-giovinazzi,13.0,2,78.0,13.0,14.0,14.0,15.0,1,0,1,1
998,2019,antonio-giovinazzi,daniil-kvyat,14.0,2,60.0,14.0,15.0,15.0,10.0,0,0,0,1
998,2019,lance-stroll,pierre-gasly,16.0,1,3.0,16.0,17.0,9.0,11.0,1,0,1,1
998,2019,george-russell,robert-kubica,19.0,1,1707.0,19.0,20.0,16.0,17.0,1,0,1,0
999,2019,charles-leclerc,sebastian-vettel,1.0,3,294.0,1.0,2.0,3.0,5.0,1,0,1,0
999,2019,sebastian-vettel,lewis-hamilton,2.0,3,30.0,2.0,3.0,5.0,1.0,0,0,0,1
999,2019,lewis-hamilton,valtteri-bottas,3.0,3,66.0,3.0,4.0,1.0,2.0,1,0,1,1
999,2019,valtteri-bottas,max-verstappen,4.0,3,496.0,4.0,5.0,2.0,4.0,1,0,1,0
999,2019,max-verstappen,kevin-magnussen,5.0,3,5.0,5.0,6.0,4.0,13.0,1,0,1,1
999,2019,kevin-magnussen,carlos-sainz-jr,6.0,3,56.0,6.0,7.0,13.0,19.0,1,0,1,1
999,2019,kimi-raikkonen,lando-norris,9.0,3,21.0,8.0,9.0,7.0,6.0,0,0,0,1
999,2019,daniel-ricciardo,alexander-albon,11.0,2,25.0,10.0,12.0,18.0,9.0,0,0,0,1
999,2019,alexander-albon,pierre-gasly,12.0,2,13.0,12.0,13.0,9.0,8.0,0,0,0,1
999,2019,pierre-gasly,sergio-perez,13.0,2,230.0,13.0,14.0,8.0,10.0,1,0,1,0
999,2019,sergio-perez,daniil-kvyat,14.0,2,98.0,14.0,15.0,10.0,12.0,1,0,1,1
999,2019,antonio-giovinazzi,nico-hulkenberg,16.0,1,8.0,16.0,17.0,11.0,17.0,1,0,1,1
999,2019,nico-hulkenberg,lance-stroll,17.0,1,183.0,17.0,18.0,17.0,14.0,0,0,0,0
999,2019,lance-stroll,george-russell,18.0,1,1542.0,18.0,19.0,14.0,15.0,1,0,1,0
999,2019,george-russell,robert-kubica,19.0,1,40.0,19.0,20.0,15.0,16.0,1,0,1,1
1000,2019,valtteri-bottas,lewis-hamilton,1.0,3,23.0,1.0,2.0,2.0,1.0,0,0,0,1
1000,2019,lewis-hamilton,sebastian-vettel,2.0,3,278.0,2.0,3.0,1.0,3.0,1,0,1,0
1000,2019,sebastian-vettel,charles-leclerc,3.0,3,17.0,3.0,4.0,3.0,5.0,1,0,1,1
1000,2019,charles-leclerc,max-verstappen,4.0,3,224.0,4.0,5.0,5.0,4.0,0,0,0,0
1000,2019,max-verstappen,pierre-gasly,5.0,3,841.0,5.0,6.0,4.0,6.0,1,0,1,0
1000,2019,pierre-gasly,daniel-ricciardo,6.0,3,28.0,6.0,7.0,6.0,7.0,1,0,1,1
1000,2019,kevin-magnussen,romain-grosjean,9.0,2,6.0,9.0,10.0,13.0,11.0,0,0,0,1
1000,2019,sergio-perez,kimi-raikkonen,12.0,2,120.0,12.0,13.0,8.0,9.0,1,0,1,0
1000,2019,kimi-raikkonen,carlos-sainz-jr,13.0,2,104.0,13.0,14.0,9.0,14.0,1,0,1,0
1000,2019,carlos-sainz-jr,lando-norris,14.0,2,444.0,14.0,15.0,14.0,18.0,1,0,1,0
1000,2019,lance-stroll,george-russell,16.0,1,961.0,16.0,17.0,12.0,16.0,1,0,1,0
1000,2019,george-russell,robert-kubica,17.0,1,28.0,17.0,18.0,16.0,17.0,1,0,1,1
1001,2019,valtteri-bottas,lewis-hamilton,1.0,3,59.0,1.0,2.0,1.0,2.0,1,0,1,1
1001,2019,lewis-hamilton,sebastian-vettel,2.0,3,243.0,2.0,3.0,2.0,3.0,1,0,1,0
1001,2019,sebastian-vettel,max-verstappen,3.0,3,272.0,3.0,4.0,3.0,4.0,1,0,1,0
1001,2019,max-verstappen,sergio-perez,4.0,3,524.0,4.0,5.0,4.0,6.0,1,0,1,0
1001,2019,lando-norris,antonio-giovinazzi,7.0,3,538.0,7.0,17.0,8.0,12.0,1,0,1,0
1001,2019,charles-leclerc,carlos-sainz-jr,9.0,2,403.0,8.0,9.0,5.0,7.0,1,0,1,0
1001,2019,alexander-albon,kevin-magnussen,12.0,2,205.0,11.0,12.0,11.0,13.0,1,0,1,0
1001,2019,nico-hulkenberg,george-russell,16.0,1,1635.0,15.0,16.0,14.0,15.0,1,0,1,0
1001,2019,george-russell,robert-kubica,17.0,1,393.0,16.0,18.0,15.0,16.0,1,0,1,0
1002,2019,valtteri-bottas,lewis-hamilton,1.0,3,634.0,1.0,2.0,2.0,1.0,0,0,0,0
1002,2019,lewis-hamilton,sebastian-vettel,2.0,3,232.0,2.0,3.0,1.0,4.0,1,0,1,0
1002,2019,sebastian-vettel,max-verstappen,3.0,3,85.0,3.0,4.0,4.0,3.0,0,0,0,1
1002,2019,max-verstappen,charles-leclerc,4.0,3,231.0,4.0,5.0,3.0,5.0,1,0,1,0
1002,2019,charles-leclerc,pierre-gasly,5.0,3,120.0,5.0,6.0,5.0,6.0,1,0,1,0
1002,2019,pierre-gasly,romain-grosjean,6.0,3,203.0,6.0,7.0,6.0,10.0,1,0,1,0
1002,2019,romain-grosjean,kevin-magnussen,7.0,3,11.0,7.0,8.0,10.0,7.0,0,0,0,1
1002,2019,kevin-magnussen,daniil-kvyat,8.0,3,651.0,8.0,9.0,7.0,9.0,1,0,1,0
1002,2019,daniil-kvyat,daniel-ricciardo,9.0,3,533.0,9.0,13.0,9.0,12.0,1,0,1,0
1002,2019,alexander-albon,carlos-sainz-jr,12.0,2,154.0,11.0,12.0,11.0,8.0,0,0,0,0
1002,2019,carlos-sainz-jr,kimi-raikkonen,13.0,2,189.0,12.0,14.0,8.0,14.0,1,0,1,0
1002,2019,kimi-raikkonen,sergio-perez,14.0,2,98.0,14.0,15.0,14.0,15.0,1,0,1,1
1002,2019,antonio-giovinazzi,george-russell,18.0,1,408.0,18.0,19.0,16.0,17.0,1,0,1,0
1002,2019,george-russell,robert-kubica,19.0,1,1182.0,19.0,17.0,17.0,18.0,1,1,0,0
1003,2019,lewis-hamilton,valtteri-bottas,1.0,3,86.0,1.0,2.0,1.0,3.0,1,0,1,1
1003,2019,valtteri-bottas,max-verstappen,2.0,3,389.0,2.0,3.0,3.0,4.0,1,0,1,0
1003,2019,max-verstappen,sebastian-vettel,3.0,3,306.0,3.0,4.0,4.0,2.0,0,0,0,0
1003,2019,sebastian-vettel,pierre-gasly,4.0,3,94.0,4.0,8.0,2.0,5.0,1,0,1,1
1003,2019,pierre-gasly,kevin-magnussen,5.0,3,68.0,8.0,5.0,5.0,14.0,1,1,0,1
1003,2019,kevin-magnussen,daniel-ricciardo,6.0,3,109.0,5.0,6.0,14.0,9.0,0,0,0,0
1003,2019,daniel-ricciardo,daniil-kvyat,7.0,3,53.0,6.0,7.0,9.0,7.0,0,0,0,1
1003,2019,daniil-kvyat,carlos-sainz-jr,8.0,3,146.0,7.0,9.0,7.0,6.0,0,0,0,0
1003,2019,carlos-sainz-jr,alexander-albon,9.0,3,236.0,9.0,10.0,6.0,8.0,1,0,1,0
1003,2019,nico-hulkenberg,lando-norris,11.0,2,54.0,11.0,12.0,13.0,11.0,0,0,0,1
1003,2019,lando-norris,romain-grosjean,12.0,2,303.0,12.0,13.0,11.0,10.0,0,0,0,0
1003,2019,romain-grosjean,kimi-raikkonen,13.0,2,88.0,13.0,14.0,10.0,17.0,1,0,1,1
1003,2019,kimi-raikkonen,antonio-giovinazzi,14.0,2,70.0,14.0,18.0,17.0,19.0,1,0,1,1
1003,2019,sergio-perez,lance-stroll,17.0,1,613.0,16.0,17.0,12.0,16.0,1,0,1,0
1003,2019,lance-stroll,george-russell,18.0,1,631.0,17.0,19.0,16.0,15.0,0,0,0,0
1003,2019,george-russell,robert-kubica,19.0,1,274.0,19.0,20.0,15.0,18.0,1,0,1,0
1004,2019,sebastian-vettel,lewis-hamilton,1.0,3,206.0,1.0,2.0,2.0,1.0,0,0,0,0
1004,2019,lewis-hamilton,charles-leclerc,2.0,3,474.0,2.0,3.0,1.0,3.0,1,0,1,0
1004,2019,charles-leclerc,daniel-ricciardo,3.0,3,151.0,3.0,4.0,3.0,6.0,1,0,1,0
1004,2019,daniel-ricciardo,pierre-gasly,4.0,3,8.0,4.0,5.0,6.0,8.0,1,0,1,1
1004,2019,pierre-gasly,valtteri-bottas,5.0,3,22.0,5.0,6.0,8.0,4.0,0,0,0,1
1004,2019,valtteri-bottas,nico-hulkenberg,6.0,3,223.0,6.0,7.0,4.0,7.0,1,0,1,0
1004,2019,kevin-magnussen,max-verstappen,10.0,2,14.0,20.0,9.0,17.0,5.0,0,1,1,1
1004,2019,max-verstappen,daniil-kvyat,11.0,2,121.0,9.0,10.0,5.0,10.0,1,0,1,0
1004,2019,daniil-kvyat,antonio-giovinazzi,12.0,2,215.0,10.0,12.0,10.0,13.0,1,0,1,0
1004,2019,romain-grosjean,sergio-perez,15.0,1,88.0,14.0,15.0,14.0,12.0,0,0,0,1
1004,2019,sergio-perez,kimi-raikkonen,16.0,1,33.0,15.0,16.0,12.0,15.0,1,0,1,1
1004,2019,kimi-raikkonen,lance-stroll,17.0,1,36.0,16.0,17.0,15.0,9.0,0,0,0,1
1004,2019,lance-stroll,george-russell,18.0,1,1351.0,17.0,18.0,9.0,16.0,1,0,1,0
1004,2019,george-russell,robert-kubica,19.0,1,776.0,18.0,19.0,16.0,18.0,1,0,1,0
1005,2019,lewis-hamilton,valtteri-bottas,1.0,3,286.0,1.0,2.0,1.0,2.0,1,0,1,0
1005,2019,valtteri-bottas,charles-leclerc,2.0,3,360.0,2.0,3.0,2.0,3.0,1,0,1,0
1005,2019,charles-leclerc,max-verstappen,3.0,3,444.0,3.0,4.0,3.0,4.0,1,0,1,0
1005,2019,max-verstappen,lando-norris,4.0,3,9.0,4.0,5.0,4.0,9.0,1,0,1,1
1005,2019,lando-norris,carlos-sainz-jr,5.0,3,104.0,5.0,6.0,9.0,6.0,0,0,0,0
1005,2019,carlos-sainz-jr,sebastian-vettel,6.0,3,277.0,6.0,7.0,6.0,5.0,0,0,0,0
1005,2019,sebastian-vettel,daniel-ricciardo,7.0,3,119.0,7.0,8.0,5.0,11.0,1,0,1,0
1005,2019,daniel-ricciardo,pierre-gasly,8.0,3,266.0,8.0,9.0,11.0,10.0,0,0,0,0
1005,2019,pierre-gasly,antonio-giovinazzi,9.0,3,3236.0,9.0,10.0,10.0,16.0,1,0,1,0
1005,2019,alexander-albon,kimi-raikkonen,11.0,2,72.0,11.0,12.0,15.0,7.0,0,0,0,1
1005,2019,kimi-raikkonen,nico-hulkenberg,12.0,2,11.0,12.0,13.0,7.0,8.0,1,0,1,1
1005,2019,nico-hulkenberg,sergio-perez,13.0,2,194.0,13.0,14.0,8.0,12.0,1,0,1,0
1005,2019,sergio-perez,kevin-magnussen,14.0,2,702.0,14.0,15.0,12.0,17.0,1,0,1,0
1005,2019,lance-stroll,george-russell,18.0,1,1063.0,17.0,20.0,13.0,19.0,1,0,1,0
1005,2019,george-russell,robert-kubica,19.0,1,416.0,20.0,18.0,19.0,18.0,0,1,1,0
1006,2019,charles-leclerc,lewis-hamilton,1.0,3,259.0,1.0,4.0,2.0,5.0,1,0,1,0
1006,2019,lewis-hamilton,max-verstappen,2.0,3,177.0,4.0,2.0,5.0,1.0,0,1,1,0
1006,2019,max-verstappen,valtteri-bottas,3.0,3,98.0,2.0,3.0,1.0,3.0,1,0,1,1
1006,2019,valtteri-bottas,kevin-magnussen,4.0,3,535.0,3.0,10.0,3.0,19.0,1,0,1,0
1006,2019,kevin-magnussen,lando-norris,5.0,3,27.0,10.0,5.0,19.0,6.0,0,1,1,1
1006,2019,lando-norris,kimi-raikkonen,6.0,3,67.0,5.0,6.0,6.0,9.0,1,0,1,1
1006,2019,kimi-raikkonen,antonio-giovinazzi,7.0,3,13.0,6.0,7.0,9.0,10.0,1,0,1,1
1006,2019,antonio-giovinazzi,pierre-gasly,8.0,3,20.0,7.0,8.0,10.0,7.0,0,0,0,1
1006,2019,sebastian-vettel,romain-grosjean,10.0,2,823.0,9.0,11.0,4.0,16.0,1,0,1,0
1006,2019,romain-grosjean,nico-hulkenberg,11.0,2,26.0,11.0,15.0,16.0,13.0,0,0,0,1
1006,2019,nico-hulkenberg,alexander-albon,12.0,2,149.0,15.0,18.0,13.0,15.0,1,0,1,0
1006,2019,alexander-albon,daniel-ricciardo,13.0,2,125.0,18.0,12.0,15.0,12.0,0,1,1,0
1006,2019,daniel-ricciardo,carlos-sainz-jr,14.0,2,8811.0,12.0,19.0,12.0,8.0,0,0,0,0
1006,2019,sergio-perez,lance-stroll,16.0,1,43.0,13.0,14.0,11.0,14.0,1,0,1,1
1006,2019,lance-stroll,daniil-kvyat,17.0,1,492.0,14.0,16.0,14.0,17.0,1,0,1,0
1006,2019,daniil-kvyat,george-russell,18.0,1,580.0,16.0,20.0,17.0,18.0,1,0,1,0
1006,2019,george-russell,robert-kubica,19.0,1,302.0,20.0,17.0,18.0,20.0,1,1,0,0
1007,2019,valtteri-bottas,lewis-hamilton,1.0,3,6.0,1.0,2.0,2.0,1.0,0,0,0,1
1007,2019,lewis-hamilton,charles-leclerc,2.0,3,73.0,2.0,3.0,1.0,3.0,1,0,1,1
1007,2019,charles-leclerc,max-verstappen,3.0,3,104.0,3.0,4.0,3.0,5.0,1,0,1,0
1007,2019,max-verstappen,pierre-gasly,4.0,3,314.0,4.0,5.0,5.0,4.0,0,0,0,0
1007,2019,pierre-gasly,sebastian-vettel,5.0,3,197.0,5.0,6.0,4.0,16.0,1,0,1,0
1007,2019,sebastian-vettel,daniel-ricciardo,6.0,3,395.0,6.0,7.0,16.0,7.0,0,0,0,0
1007,2019,daniel-ricciardo,lando-norris,7.0,3,42.0,7.0,8.0,7.0,11.0,1,0,1,1
1007,2019,lando-norris,alexander-albon,8.0,3,121.0,8.0,9.0,11.0,12.0,1,0,1,0
1007,2019,alexander-albon,nico-hulkenberg,9.0,3,41.0,9.0,10.0,12.0,10.0,0,0,0,1
1007,2019,kimi-raikkonen,carlos-sainz-jr,12.0,2,32.0,12.0,13.0,8.0,6.0,0,0,0,1
1007,2019,daniil-kvyat,lance-stroll,17.0,1,41.0,17.0,18.0,9.0,13.0,1,0,1,1
1007,2019,lance-stroll,george-russell,18.0,1,1027.0,18.0,19.0,13.0,14.0,1,0,1,0
1007,2019,george-russell,robert-kubica,19.0,1,468.0,19.0,20.0,14.0,15.0,1,0,1,0
1008,2019,lewis-hamilton,max-verstappen,1.0,3,346.0,1.0,2.0,9.0,1.0,0,0,0,0
1008,2019,pierre-gasly,kimi-raikkonen,4.0,3,16.0,4.0,5.0,14.0,12.0,0,0,0,1
1008,2019,kimi-raikkonen,romain-grosjean,5.0,3,313.0,5.0,6.0,12.0,7.0,0,0,0,0
1008,2019,romain-grosjean,carlos-sainz-jr,6.0,3,46.0,6.0,7.0,7.0,5.0,0,0,0,1
1008,2019,antonio-giovinazzi,kevin-magnussen,11.0,2,3.0,11.0,12.0,13.0,8.0,0,0,0,1
1008,2019,daniil-kvyat,lance-stroll,14.0,2,315.0,14.0,15.0,3.0,4.0,1,0,1,0
1008,2019,alexander-albon,george-russell,17.0,1,1260.0,16.0,17.0,6.0,11.0,1,0,1,0
1008,2019,george-russell,robert-kubica,18.0,1,118.0,17.0,18.0,11.0,10.0,0,0,0,0
1009,2019,max-verstappen,valtteri-bottas,1.0,3,18.0,1.0,2.0,2.0,8.0,1,0,1,1
1009,2019,valtteri-bottas,lewis-hamilton,2.0,3,179.0,2.0,3.0,8.0,1.0,0,0,0,0
1009,2019,lewis-hamilton,charles-leclerc,3.0,3,274.0,3.0,4.0,1.0,4.0,1,0,1,0
1009,2019,charles-leclerc,sebastian-vettel,4.0,3,28.0,4.0,5.0,4.0,3.0,0,0,0,1
1009,2019,sebastian-vettel,pierre-gasly,5.0,3,379.0,5.0,6.0,3.0,6.0,1,0,1,0
1009,2019,pierre-gasly,lando-norris,6.0,3,350.0,6.0,7.0,6.0,9.0,1,0,1,0
1009,2019,lando-norris,carlos-sainz-jr,7.0,3,52.0,7.0,8.0,9.0,5.0,0,0,0,1
1009,2019,nico-hulkenberg,alexander-albon,11.0,2,122.0,11.0,12.0,12.0,10.0,0,0,0,0
1009,2019,alexander-albon,daniil-kvyat,12.0,2,5.0,12.0,13.0,10.0,15.0,1,0,1,1
1009,2019,daniil-kvyat,antonio-giovinazzi,13.0,2,112.0,13.0,17.0,15.0,18.0,1,0,1,0
1009,2019,antonio-giovinazzi,kevin-magnussen,14.0,2,277.0,17.0,14.0,18.0,13.0,0,1,1,0
1009,2019,george-russell,sergio-perez,16.0,1,78.0,15.0,16.0,16.0,11.0,0,0,0,1
1009,2019,sergio-perez,daniel-ricciardo,17.0,1,148.0,16.0,20.0,11.0,14.0,1,0,1,0
1009,2019,daniel-ricciardo,lance-stroll,18.0,1,285.0,20.0,18.0,14.0,17.0,1,1,0,0
1009,2019,lance-stroll,robert-kubica,19.0,1,782.0,18.0,19.0,17.0,19.0,1,0,1,0
1010,2019,charles-leclerc,sebastian-vettel,1.0,3,748.0,1.0,2.0,1.0,4.0,1,0,1,0
1010,2019,sebastian-vettel,lewis-hamilton,2.0,3,15.0,2.0,3.0,4.0,2.0,0,0,0,1
1010,2019,lewis-hamilton,valtteri-bottas,3.0,3,133.0,3.0,4.0,2.0,3.0,1,0,1,0
1010,2019,daniel-ricciardo,nico-hulkenberg,6.0,3,285.0,10.0,12.0,14.0,8.0,0,0,0,0
1010,2019,nico-hulkenberg,kimi-raikkonen,7.0,3,15.0,12.0,6.0,8.0,16.0,1,1,0,1
1010,2019,kimi-raikkonen,sergio-perez,8.0,3,149.0,6.0,7.0,16.0,6.0,0,0,0,0
1010,2019,sergio-perez,kevin-magnussen,9.0,3,380.0,7.0,8.0,6.0,12.0,1,0,1,0
1010,2019,romain-grosjean,lando-norris,11.0,2,50.0,9.0,11.0,13.0,11.0,0,0,0,1
1010,2019,lando-norris,lance-stroll,12.0,2,200.0,11.0,16.0,11.0,10.0,0,0,0,0
1010,2019,lance-stroll,alexander-albon,13.0,2,752.0,16.0,17.0,10.0,5.0,0,0,0,0
1010,2019,antonio-giovinazzi,pierre-gasly,15.0,1,798.0,18.0,13.0,18.0,9.0,0,1,1,0
1010,2019,daniil-kvyat,george-russell,18.0,1,1030.0,19.0,14.0,7.0,15.0,1,1,0,0
1011,2019,charles-leclerc,lewis-hamilton,1.0,3,39.0,1.0,2.0,1.0,3.0,1,0,1,1
1011,2019,lewis-hamilton,valtteri-bottas,2.0,3,8.0,2.0,3.0,3.0,2.0,0,0,0,1
1011,2019,valtteri-bottas,sebastian-vettel,3.0,3,103.0,3.0,4.0,2.0,13.0,1,0,1,0
1011,2019,sebastian-vettel,daniel-ricciardo,4.0,3,382.0,4.0,5.0,13.0,4.0,0,0,0,0
1011,2019,daniel-ricciardo,nico-hulkenberg,5.0,3,210.0,5.0,6.0,4.0,5.0,1,0,1,0
1011,2019,alexander-albon,lance-stroll,8.0,2,477.0,8.0,9.0,6.0,12.0,1,0,1,0
1011,2019,lance-stroll,kimi-raikkonen,9.0,2,17.0,9.0,20.0,12.0,15.0,1,0,1,1
1011,2019,kimi-raikkonen,antonio-giovinazzi,10.0,2,2.0,20.0,10.0,15.0,9.0,0,1,1,1
1011,2019,lando-norris,pierre-gasly,14.0,2,57.0,16.0,17.0,10.0,11.0,1,0,1,1
1011,2019,romain-grosjean,sergio-perez,16.0,1,507.0,13.0,18.0,16.0,7.0,0,0,0,0
1011,2019,sergio-perez,george-russell,17.0,1,509.0,18.0,14.0,7.0,14.0,1,1,0,0
1011,2019,george-russell,robert-kubica,18.0,1,556.0,14.0,15.0,14.0,17.0,1,0,1,0
1012,2019,charles-leclerc,lewis-hamilton,1.0,3,191.0,1.0,2.0,2.0,4.0,1,0,1,0
1012,2019,lewis-hamilton,sebastian-vettel,2.0,3,29.0,2.0,3.0,4.0,1.0,0,0,0,1
1012,2019,sebastian-vettel,max-verstappen,3.0,3,376.0,3.0,4.0,1.0,3.0,1,0,1,0
1012,2019,max-verstappen,valtteri-bottas,4.0,3,333.0,4.0,5.0,3.0,5.0,1,0,1,0
1012,2019,valtteri-bottas,alexander-albon,5.0,3,265.0,5.0,6.0,5.0,6.0,1,0,1,0
1012,2019,alexander-albon,carlos-sainz-jr,6.0,3,407.0,6.0,7.0,6.0,12.0,1,0,1,0
1012,2019,carlos-sainz-jr,nico-hulkenberg,7.0,3,446.0,7.0,8.0,12.0,9.0,0,0,0,0
1012,2019,nico-hulkenberg,lando-norris,8.0,3,65.0,8.0,9.0,9.0,7.0,0,0,0,1
1012,2019,antonio-giovinazzi,pierre-gasly,11.0,2,2.0,10.0,11.0,10.0,8.0,0,0,0,1
1012,2019,daniil-kvyat,lance-stroll,15.0,1,22.0,14.0,16.0,15.0,13.0,0,0,0,1
1012,2019,lance-stroll,romain-grosjean,16.0,1,298.0,16.0,17.0,13.0,11.0,0,0,0,0
1013,2019,charles-leclerc,lewis-hamilton,1.0,3,402.0,1.0,2.0,3.0,1.0,0,0,0,0
1013,2019,max-verstappen,valtteri-bottas,4.0,3,322.0,9.0,4.0,4.0,2.0,0,1,1,0
1013,2019,valtteri-bottas,carlos-sainz-jr,5.0,3,590.0,4.0,5.0,2.0,6.0,1,0,1,0
1013,2019,carlos-sainz-jr,nico-hulkenberg,6.0,3,67.0,5.0,6.0,6.0,10.0,1,0,1,1
1013,2019,nico-hulkenberg,lando-norris,7.0,3,12.0,6.0,7.0,10.0,8.0,0,0,0,1
1013,2019,pierre-gasly,sergio-perez,11.0,2,8.0,16.0,11.0,14.0,7.0,0,1,1,1
1013,2019,sergio-perez,antonio-giovinazzi,12.0,2,79.0,11.0,12.0,7.0,15.0,1,0,1,1
1013,2019,antonio-giovinazzi,kevin-magnussen,13.0,2,45.0,12.0,13.0,15.0,9.0,0,0,0,1
1013,2019,kevin-magnussen,lance-stroll,14.0,2,151.0,13.0,14.0,9.0,11.0,1,0,1,0
1014,2019,sebastian-vettel,charles-leclerc,1.0,3,189.0,1.0,2.0,2.0,6.0,1,0,1,0
1014,2019,charles-leclerc,valtteri-bottas,2.0,3,40.0,2.0,3.0,6.0,1.0,0,0,0,1
1014,2019,valtteri-bottas,lewis-hamilton,3.0,3,9.0,3.0,4.0,1.0,3.0,1,0,1,1
1014,2019,alexander-albon,carlos-sainz-jr,6.0,3,453.0,6.0,7.0,4.0,5.0,1,0,1,0
1014,2019,carlos-sainz-jr,lando-norris,7.0,3,160.0,7.0,8.0,5.0,11.0,1,0,1,0
1014,2019,lando-norris,pierre-gasly,8.0,3,372.0,8.0,9.0,11.0,7.0,0,0,0,0
1014,2019,pierre-gasly,romain-grosjean,9.0,3,505.0,9.0,10.0,7.0,13.0,1,0,1,0
1014,2019,antonio-giovinazzi,lance-stroll,11.0,2,91.0,11.0,12.0,14.0,9.0,0,0,0,1
1014,2019,lance-stroll,kimi-raikkonen,12.0,2,13.0,12.0,13.0,9.0,12.0,1,0,1,1
1014,2019,kimi-raikkonen,daniil-kvyat,13.0,2,205.0,13.0,14.0,12.0,10.0,0,0,0,0
1014,2019,sergio-perez,george-russell,17.0,1,20.0,17.0,18.0,8.0,16.0,1,0,1,1
1015,2019,max-verstappen,charles-leclerc,1.0,3,266.0,4.0,1.0,6.0,4.0,0,1,1,0
1015,2019,charles-leclerc,sebastian-vettel,2.0,3,146.0,1.0,2.0,4.0,2.0,0,0,0,0
1015,2019,sebastian-vettel,lewis-hamilton,3.0,3,92.0,2.0,3.0,2.0,1.0,0,0,0,1
1015,2019,lewis-hamilton,alexander-albon,4.0,3,74.0,3.0,5.0,1.0,5.0,1,0,1,1
1015,2019,alexander-albon,valtteri-bottas,5.0,3,2.0,5.0,6.0,5.0,3.0,0,0,0,1
1015,2019,valtteri-bottas,carlos-sainz-jr,6.0,3,676.0,6.0,7.0,3.0,13.0,1,0,1,0
1015,2019,daniil-kvyat,pierre-gasly,9.0,3,117.0,9.0,10.0,11.0,9.0,0,0,0,0
1015,2019,sergio-perez,nico-hulkenberg,11.0,2,198.0,11.0,12.0,7.0,10.0,1,0,1,0
1015,2019,nico-hulkenberg,daniel-ricciardo,12.0,2,48.0,12.0,13.0,10.0,8.0,0,0,0,1
1015,2019,lance-stroll,kevin-magnussen,16.0,1,371.0,16.0,17.0,12.0,15.0,1,0,1,0
1015,2019,kevin-magnussen,romain-grosjean,17.0,1,163.0,17.0,18.0,15.0,17.0,1,0,1,0
1015,2019,romain-grosjean,george-russell,18.0,1,224.0,18.0,19.0,17.0,16.0,0,0,0,0
1015,2019,george-russell,robert-kubica,19.0,1,1356.0,19.0,20.0,16.0,18.0,1,0,1,0
1016,2019,max-verstappen,charles-leclerc,3.0,3,41.0,3.0,4.0,3.0,4.0,1,0,1,1
1016,2019,charles-leclerc,lewis-hamilton,4.0,3,184.0,4.0,5.0,4.0,2.0,0,0,0,0
1016,2019,lewis-hamilton,alexander-albon,5.0,3,227.0,5.0,6.0,2.0,5.0,1,0,1,0
1016,2019,alexander-albon,carlos-sainz-jr,6.0,3,299.0,6.0,7.0,5.0,8.0,1,0,1,0
1016,2019,carlos-sainz-jr,lando-norris,7.0,3,328.0,7.0,8.0,8.0,7.0,0,0,0,0
1016,2019,lando-norris,daniel-ricciardo,8.0,3,313.0,8.0,9.0,7.0,6.0,0,0,0,0
1016,2019,daniel-ricciardo,pierre-gasly,9.0,3,113.0,9.0,10.0,6.0,16.0,1,0,1,0
1016,2019,nico-hulkenberg,kevin-magnussen,11.0,2,164.0,11.0,12.0,9.0,18.0,1,0,1,0
1016,2019,kevin-magnussen,daniil-kvyat,12.0,2,10.0,12.0,13.0,18.0,12.0,0,0,0,1
1016,2019,daniil-kvyat,lance-stroll,13.0,2,111.0,13.0,14.0,12.0,13.0,1,0,1,0
1016,2019,lance-stroll,romain-grosjean,14.0,2,58.0,14.0,15.0,13.0,15.0,1,0,1,1
1016,2019,antonio-giovinazzi,kimi-raikkonen,16.0,1,143.0,16.0,17.0,14.0,11.0,0,0,0,0
1016,2019,kimi-raikkonen,george-russell,17.0,1,1003.0,17.0,18.0,11.0,17.0,1,0,1,0
1016,2019,george-russell,sergio-perez,18.0,1,436.0,18.0,20.0,17.0,10.0,0,0,0,0
1017,2019,max-verstappen,sebastian-vettel,1.0,3,123.0,1.0,2.0,1.0,17.0,1,0,1,0
1017,2019,sebastian-vettel,lewis-hamilton,2.0,3,68.0,2.0,3.0,17.0,7.0,0,0,0,1
1017,2019,lewis-hamilton,charles-leclerc,3.0,3,29.0,3.0,14.0,7.0,18.0,1,0,1,1
1017,2019,alexander-albon,pierre-gasly,6.0,3,902.0,5.0,6.0,14.0,2.0,0,0,0,0
1017,2019,pierre-gasly,romain-grosjean,7.0,3,17.0,6.0,7.0,2.0,13.0,1,0,1,1
1017,2019,romain-grosjean,kimi-raikkonen,8.0,3,130.0,7.0,8.0,13.0,4.0,0,0,0,0
1017,2019,kimi-raikkonen,kevin-magnussen,9.0,3,53.0,8.0,9.0,4.0,11.0,1,0,1,1
1017,2019,lando-norris,daniel-ricciardo,11.0,2,35.0,10.0,11.0,8.0,6.0,0,0,0,1
1017,2019,daniel-ricciardo,antonio-giovinazzi,12.0,2,16.0,11.0,12.0,6.0,5.0,0,0,0,1
1017,2019,antonio-giovinazzi,nico-hulkenberg,13.0,2,2.0,12.0,13.0,5.0,15.0,1,0,1,1
1017,2019,nico-hulkenberg,sergio-perez,14.0,2,114.0,13.0,15.0,15.0,9.0,0,0,0,0
1017,2019,daniil-kvyat,lance-stroll,16.0,1,216.0,16.0,17.0,10.0,19.0,1,0,1,0
1017,2019,lance-stroll,george-russell,17.0,1,590.0,17.0,18.0,19.0,12.0,0,0,0,0
1017,2019,george-russell,robert-kubica,18.0,1,488.0,18.0,19.0,12.0,16.0,1,0,1,0
1018,2019,lewis-hamilton,valtteri-bottas,1.0,3,194.0,1.0,20.0,1.0,4.0,1,0,1,0
1018,2019,valtteri-bottas,max-verstappen,2.0,3,166.0,20.0,2.0,4.0,2.0,0,1,1,0
1018,2019,max-verstappen,charles-leclerc,3.0,3,80.0,2.0,3.0,2.0,3.0,1,0,1,1
1018,2019,charles-leclerc,sebastian-vettel,4.0,3,120.0,3.0,4.0,3.0,5.0,1,0,1,0
1018,2019,sebastian-vettel,alexander-albon,5.0,3,343.0,4.0,5.0,5.0,6.0,1,0,1,0
1018,2019,alexander-albon,lando-norris,6.0,3,754.0,5.0,6.0,6.0,8.0,1,0,1,0
1018,2019,lando-norris,daniel-ricciardo,7.0,3,20.0,6.0,7.0,8.0,11.0,1,0,1,1
1018,2019,daniel-ricciardo,carlos-sainz-jr,8.0,3,3.0,7.0,8.0,11.0,10.0,0,0,0,1
1018,2019,carlos-sainz-jr,nico-hulkenberg,9.0,3,251.0,8.0,9.0,10.0,12.0,1,0,1,0
1018,2019,sergio-perez,pierre-gasly,11.0,2,34.0,10.0,11.0,7.0,18.0,1,0,1,1
1018,2019,daniil-kvyat,kevin-magnussen,14.0,2,113.0,13.0,14.0,9.0,14.0,1,0,1,0
1018,2019,romain-grosjean,antonio-giovinazzi,16.0,1,63.0,15.0,16.0,15.0,16.0,1,0,1,1
1018,2019,antonio-giovinazzi,kimi-raikkonen,17.0,1,269.0,16.0,17.0,16.0,13.0,0,0,0,0
1018,2019,kimi-raikkonen,george-russell,18.0,1,334.0,17.0,18.0,13.0,17.0,1,0,1,0
1018,2019,george-russell,robert-kubica,19.0,1,519.0,18.0,19.0,17.0,19.0,1,0,1,0
1019,2020,valtteri-bottas,lewis-hamilton,1.0,3,12.0,1.0,5.0,1.0,4.0,1,0,1,1
1019,2020,lando-norris,alexander-albon,4.0,3,242.0,3.0,4.0,3.0,13.0,1,0,1,0
1019,2020,alexander-albon,sergio-perez,5.0,3,0.0,4.0,6.0,13.0,6.0,0,0,0,1
1019,2020,sergio-perez,charles-leclerc,6.0,3,55.0,6.0,7.0,6.0,2.0,0,0,0,1
1019,2020,charles-leclerc,carlos-sainz-jr,7.0,3,48.0,7.0,8.0,2.0,5.0,1,0,1,1
1019,2020,sebastian-vettel,pierre-gasly,11.0,2,99.0,11.0,12.0,10.0,7.0,0,0,0,1
1019,2020,pierre-gasly,daniil-kvyat,12.0,2,126.0,12.0,13.0,7.0,12.0,1,0,1,0
1019,2020,daniil-kvyat,esteban-ocon,13.0,2,212.0,13.0,14.0,12.0,8.0,0,0,0,0
1020,2020,lewis-hamilton,max-verstappen,1.0,3,1216.0,1.0,2.0,1.0,3.0,1,0,1,0
1020,2020,max-verstappen,carlos-sainz-jr,2.0,3,182.0,2.0,3.0,3.0,9.0,1,0,1,0
1020,2020,carlos-sainz-jr,valtteri-bottas,3.0,3,30.0,3.0,4.0,9.0,2.0,0,0,0,1
1020,2020,lando-norris,alexander-albon,6.0,3,86.0,9.0,6.0,5.0,4.0,0,1,1,1
1020,2020,alexander-albon,pierre-gasly,7.0,3,17.0,6.0,7.0,4.0,15.0,1,0,1,1
1020,2020,pierre-gasly,daniel-ricciardo,8.0,3,164.0,7.0,8.0,15.0,8.0,0,0,0,0
1020,2020,george-russell,lance-stroll,12.0,2,9.0,12.0,13.0,16.0,7.0,0,0,0,1
1020,2020,lance-stroll,daniil-kvyat,13.0,2,72.0,13.0,14.0,7.0,10.0,1,0,1,1
1020,2020,daniil-kvyat,kevin-magnussen,14.0,2,494.0,14.0,15.0,10.0,12.0,1,0,1,0
1020,2020,kimi-raikkonen,sergio-perez,16.0,1,235.0,16.0,17.0,11.0,6.0,0,0,0,0
1020,2020,sergio-perez,nicholas-latifi,17.0,1,152.0,17.0,18.0,6.0,17.0,1,0,1,0
1020,2020,nicholas-latifi,antonio-giovinazzi,18.0,1,72.0,18.0,19.0,17.0,14.0,0,0,0,1
1021,2020,lewis-hamilton,valtteri-bottas,1.0,3,107.0,1.0,2.0,1.0,3.0,1,0,1,0
1021,2020,valtteri-bottas,lance-stroll,2.0,3,823.0,2.0,3.0,3.0,4.0,1,0,1,0
1021,2020,lance-stroll,sergio-perez,3.0,3,168.0,3.0,4.0,4.0,7.0,1,0,1,0
1021,2020,sergio-perez,sebastian-vettel,4.0,3,229.0,4.0,5.0,7.0,6.0,0,0,0,0
1021,2020,sebastian-vettel,charles-leclerc,5.0,3,43.0,5.0,6.0,6.0,11.0,1,0,1,1
1021,2020,charles-leclerc,max-verstappen,6.0,3,32.0,6.0,7.0,11.0,2.0,0,0,0,1
1021,2020,max-verstappen,lando-norris,7.0,3,117.0,7.0,8.0,2.0,13.0,1,0,1,0
1021,2020,lando-norris,carlos-sainz-jr,8.0,3,61.0,8.0,9.0,13.0,9.0,0,0,0,1
1021,2020,daniel-ricciardo,george-russell,11.0,2,37.0,11.0,12.0,8.0,18.0,1,0,1,1
1021,2020,george-russell,alexander-albon,12.0,2,17.0,12.0,13.0,18.0,5.0,0,0,0,1
1021,2020,alexander-albon,esteban-ocon,13.0,2,27.0,13.0,14.0,5.0,14.0,1,0,1,1
1021,2020,esteban-ocon,nicholas-latifi,14.0,2,802.0,14.0,15.0,14.0,19.0,1,0,1,0
1021,2020,kevin-magnussen,daniil-kvyat,16.0,1,52.0,21.0,17.0,10.0,12.0,1,1,0,1
1021,2020,daniil-kvyat,romain-grosjean,17.0,1,203.0,17.0,22.0,12.0,16.0,1,0,1,0
1021,2020,romain-grosjean,antonio-giovinazzi,18.0,1,99.0,22.0,19.0,16.0,17.0,1,1,0,1
1021,2020,antonio-giovinazzi,kimi-raikkonen,19.0,1,108.0,19.0,20.0,17.0,15.0,0,0,0,0
1022,2020,lewis-hamilton,valtteri-bottas,1.0,3,313.0,1.0,2.0,1.0,11.0,1,0,1,0
1022,2020,valtteri-bottas,max-verstappen,2.0,3,709.0,2.0,3.0,11.0,2.0,0,0,0,0
1022,2020,max-verstappen,charles-leclerc,3.0,3,102.0,3.0,4.0,2.0,3.0,1,0,1,0
1022,2020,charles-leclerc,lando-norris,4.0,3,355.0,4.0,5.0,3.0,5.0,1,0,1,0
1022,2020,lando-norris,lance-stroll,5.0,3,57.0,5.0,6.0,5.0,9.0,1,0,1,1
1022,2020,lance-stroll,carlos-sainz-jr,6.0,3,126.0,6.0,7.0,9.0,13.0,1,0,1,0
1022,2020,carlos-sainz-jr,daniel-ricciardo,7.0,3,44.0,7.0,8.0,13.0,4.0,0,0,0,1
1022,2020,daniel-ricciardo,esteban-ocon,8.0,3,200.0,8.0,9.0,4.0,6.0,1,0,1,0
1022,2020,esteban-ocon,sebastian-vettel,9.0,3,130.0,9.0,10.0,6.0,10.0,1,0,1,0
1022,2020,pierre-gasly,alexander-albon,11.0,2,44.0,11.0,12.0,7.0,8.0,1,0,1,1
1022,2020,antonio-giovinazzi,kimi-raikkonen,17.0,1,202.0,15.0,16.0,14.0,17.0,1,0,1,0
1022,2020,kimi-raikkonen,romain-grosjean,18.0,1,277.0,16.0,17.0,17.0,16.0,0,0,0,0
1022,2020,romain-grosjean,nicholas-latifi,19.0,1,62.0,17.0,18.0,16.0,15.0,0,0,0,1
1023,2020,valtteri-bottas,lewis-hamilton,1.0,3,63.0,1.0,2.0,3.0,2.0,0,0,0,1
1023,2020,lewis-hamilton,nico-hulkenberg,2.0,3,865.0,2.0,3.0,2.0,7.0,1,0,1,0
1023,2020,nico-hulkenberg,max-verstappen,3.0,3,94.0,3.0,4.0,7.0,1.0,0,0,0,1
1023,2020,max-verstappen,daniel-ricciardo,4.0,3,121.0,4.0,5.0,1.0,14.0,1,0,1,0
1023,2020,daniel-ricciardo,lance-stroll,5.0,3,131.0,5.0,6.0,14.0,6.0,0,0,0,0
1023,2020,lance-stroll,pierre-gasly,6.0,3,106.0,6.0,7.0,6.0,11.0,1,0,1,0
1023,2020,pierre-gasly,charles-leclerc,7.0,3,80.0,7.0,8.0,11.0,4.0,0,0,0,1
1023,2020,charles-leclerc,alexander-albon,8.0,3,55.0,8.0,9.0,4.0,5.0,1,0,1,1
1023,2020,alexander-albon,lando-norris,9.0,3,109.0,9.0,10.0,5.0,9.0,1,0,1,0
1023,2020,esteban-ocon,sebastian-vettel,11.0,2,67.0,14.0,11.0,8.0,12.0,1,1,0,1
1023,2020,sebastian-vettel,carlos-sainz-jr,12.0,2,5.0,11.0,12.0,12.0,13.0,1,0,1,1
1023,2020,carlos-sainz-jr,romain-grosjean,13.0,2,171.0,12.0,13.0,13.0,16.0,1,0,1,0
1023,2020,romain-grosjean,george-russell,14.0,2,201.0,13.0,15.0,16.0,18.0,1,0,1,0
1023,2020,nicholas-latifi,antonio-giovinazzi,18.0,1,3.0,18.0,19.0,19.0,17.0,0,0,0,1
1023,2020,antonio-giovinazzi,kimi-raikkonen,19.0,1,60.0,19.0,20.0,17.0,15.0,0,0,0,1
1024,2020,lewis-hamilton,valtteri-bottas,1.0,3,59.0,1.0,2.0,1.0,3.0,1,0,1,1
1024,2020,valtteri-bottas,max-verstappen,2.0,3,649.0,2.0,3.0,3.0,2.0,0,0,0,0
1024,2020,max-verstappen,sergio-perez,3.0,3,190.0,3.0,4.0,2.0,5.0,1,0,1,0
1024,2020,sergio-perez,lance-stroll,4.0,3,107.0,4.0,5.0,5.0,4.0,0,0,0,0
1024,2020,lance-stroll,alexander-albon,5.0,3,440.0,5.0,6.0,4.0,8.0,1,0,1,0
1024,2020,alexander-albon,carlos-sainz-jr,6.0,3,15.0,6.0,7.0,8.0,6.0,0,0,0,1
1024,2020,carlos-sainz-jr,lando-norris,7.0,3,40.0,7.0,8.0,6.0,10.0,1,0,1,1
1024,2020,sebastian-vettel,daniil-kvyat,11.0,2,24.0,11.0,12.0,7.0,12.0,1,0,1,1
1024,2020,daniil-kvyat,daniel-ricciardo,12.0,2,6.0,12.0,13.0,12.0,11.0,0,0,0,1
1024,2020,daniel-ricciardo,kimi-raikkonen,13.0,2,188.0,13.0,14.0,11.0,14.0,1,0,1,0
1024,2020,kimi-raikkonen,esteban-ocon,14.0,2,181.0,14.0,15.0,14.0,13.0,0,0,0,0
1024,2020,kevin-magnussen,romain-grosjean,16.0,1,181.0,16.0,17.0,15.0,19.0,1,0,1,0
1024,2020,romain-grosjean,george-russell,17.0,1,10.0,17.0,18.0,19.0,17.0,0,0,0,1
1024,2020,george-russell,nicholas-latifi,18.0,1,433.0,18.0,19.0,17.0,18.0,1,0,1,0
1024,2020,nicholas-latifi,antonio-giovinazzi,19.0,1,165.0,19.0,20.0,18.0,16.0,0,0,0,0
1025,2020,lewis-hamilton,valtteri-bottas,1.0,3,511.0,1.0,2.0,1.0,2.0,1,0,1,0
1025,2020,valtteri-bottas,max-verstappen,2.0,3,15.0,2.0,3.0,2.0,3.0,1,0,1,1
1025,2020,max-verstappen,daniel-ricciardo,3.0,3,283.0,3.0,4.0,3.0,4.0,1,0,1,0
1025,2020,daniel-ricciardo,alexander-albon,4.0,3,203.0,4.0,5.0,4.0,6.0,1,0,1,0
1025,2020,alexander-albon,esteban-ocon,5.0,3,132.0,5.0,6.0,6.0,5.0,0,0,0,0
1025,2020,sergio-perez,lance-stroll,8.0,3,71.0,8.0,9.0,10.0,9.0,0,0,0,1
1025,2020,lance-stroll,lando-norris,9.0,3,54.0,9.0,10.0,9.0,7.0,0,0,0,1
1025,2020,daniil-kvyat,pierre-gasly,11.0,2,15.0,11.0,12.0,11.0,8.0,0,0,0,1
1025,2020,pierre-gasly,charles-leclerc,12.0,2,251.0,12.0,13.0,8.0,14.0,1,0,1,0
1025,2020,charles-leclerc,sebastian-vettel,13.0,2,265.0,13.0,14.0,14.0,13.0,0,0,0,0
1025,2020,kimi-raikkonen,romain-grosjean,16.0,1,95.0,16.0,17.0,12.0,15.0,1,0,1,1
1025,2020,nicholas-latifi,kevin-magnussen,19.0,1,176.0,19.0,20.0,16.0,17.0,1,0,1,0
1026,2020,lewis-hamilton,valtteri-bottas,1.0,3,69.0,1.0,2.0,7.0,5.0,0,0,0,1
1026,2020,valtteri-bottas,carlos-sainz-jr,2.0,3,739.0,2.0,3.0,5.0,2.0,0,0,0,0
1026,2020,carlos-sainz-jr,sergio-perez,3.0,3,25.0,3.0,4.0,2.0,10.0,1,0,1,1
1026,2020,lando-norris,daniel-ricciardo,6.0,3,44.0,6.0,7.0,4.0,6.0,1,0,1,1
1026,2020,daniel-ricciardo,lance-stroll,7.0,3,185.0,7.0,8.0,6.0,3.0,0,0,0,0
1026,2020,lance-stroll,alexander-albon,8.0,3,41.0,8.0,9.0,3.0,15.0,1,0,1,1
1026,2020,alexander-albon,pierre-gasly,9.0,3,87.0,9.0,10.0,15.0,1.0,0,0,0,1
1026,2020,daniil-kvyat,esteban-ocon,11.0,2,65.0,11.0,12.0,9.0,8.0,0,0,0,1
1026,2020,antonio-giovinazzi,george-russell,18.0,1,381.0,18.0,19.0,16.0,14.0,0,0,0,0
1026,2020,george-russell,nicholas-latifi,19.0,1,130.0,19.0,20.0,14.0,11.0,0,0,0,0
1027,2020,lewis-hamilton,valtteri-bottas,1.0,3,59.0,1.0,2.0,1.0,2.0,1,0,1,1
1027,2020,alexander-albon,charles-leclerc,4.0,3,316.0,4.0,5.0,3.0,8.0,1,0,1,0
1027,2020,charles-leclerc,sergio-perez,5.0,3,41.0,5.0,7.0,8.0,5.0,0,0,0,1
1027,2020,lando-norris,daniil-kvyat,11.0,2,214.0,11.0,12.0,6.0,7.0,1,0,1,0
1027,2020,daniil-kvyat,kimi-raikkonen,12.0,2,0.0,12.0,13.0,7.0,9.0,1,0,1,1
1027,2020,kimi-raikkonen,sebastian-vettel,13.0,2,4.0,13.0,14.0,9.0,10.0,1,0,1,1
1027,2020,sebastian-vettel,romain-grosjean,14.0,2,396.0,14.0,15.0,10.0,12.0,1,0,1,0
1028,2020,lewis-hamilton,max-verstappen,1.0,3,563.0,1.0,2.0,3.0,2.0,0,0,0,0
1028,2020,max-verstappen,valtteri-bottas,2.0,3,89.0,2.0,3.0,2.0,1.0,0,0,0,1
1028,2020,valtteri-bottas,sergio-perez,3.0,3,361.0,3.0,4.0,1.0,4.0,1,0,1,0
1028,2020,sergio-perez,daniel-ricciardo,4.0,3,47.0,4.0,5.0,4.0,5.0,1,0,1,1
1028,2020,esteban-ocon,lando-norris,7.0,3,223.0,7.0,8.0,7.0,15.0,1,0,1,0
1028,2020,lando-norris,pierre-gasly,8.0,3,153.0,8.0,9.0,15.0,9.0,0,0,0,0
1028,2020,pierre-gasly,alexander-albon,9.0,3,8.0,9.0,15.0,9.0,10.0,1,0,1,1
1028,2020,charles-leclerc,daniil-kvyat,11.0,2,10.0,10.0,11.0,6.0,8.0,1,0,1,1
1028,2020,george-russell,sebastian-vettel,14.0,2,26.0,13.0,14.0,18.0,13.0,0,0,0,1
1028,2020,romain-grosjean,antonio-giovinazzi,16.0,1,2.0,16.0,17.0,17.0,11.0,0,0,0,1
1028,2020,antonio-giovinazzi,kevin-magnussen,17.0,1,87.0,17.0,18.0,11.0,12.0,1,0,1,1
1028,2020,kevin-magnussen,nicholas-latifi,18.0,1,385.0,18.0,20.0,12.0,16.0,1,0,1,0
1028,2020,nicholas-latifi,kimi-raikkonen,19.0,1,201.0,20.0,19.0,16.0,14.0,0,1,1,0
1029,2020,lewis-hamilton,max-verstappen,2.0,3,37.0,2.0,3.0,1.0,2.0,1,0,1,1
1029,2020,max-verstappen,charles-leclerc,3.0,3,473.0,3.0,4.0,2.0,7.0,1,0,1,0
1029,2020,sergio-perez,carlos-sainz-jr,9.0,3,5.0,9.0,10.0,4.0,5.0,1,0,1,1
1029,2020,sebastian-vettel,pierre-gasly,11.0,2,38.0,11.0,12.0,11.0,6.0,0,0,0,1
1029,2020,pierre-gasly,daniil-kvyat,12.0,2,72.0,12.0,13.0,6.0,15.0,1,0,1,1
1029,2020,daniil-kvyat,antonio-giovinazzi,13.0,2,88.0,13.0,14.0,15.0,10.0,0,0,0,1
1029,2020,antonio-giovinazzi,kevin-magnussen,14.0,2,189.0,14.0,15.0,10.0,13.0,1,0,1,0
1029,2020,nicholas-latifi,kimi-raikkonen,18.0,1,5.0,18.0,19.0,14.0,12.0,0,0,0,1
1029,2020,kimi-raikkonen,nico-hulkenberg,19.0,1,204.0,19.0,20.0,12.0,8.0,0,0,0,0
1030,2020,lewis-hamilton,valtteri-bottas,1.0,3,102.0,1.0,2.0,1.0,2.0,1,0,1,0
1030,2020,valtteri-bottas,max-verstappen,2.0,3,150.0,2.0,3.0,2.0,3.0,1,0,1,0
1030,2020,max-verstappen,charles-leclerc,3.0,3,186.0,3.0,4.0,3.0,4.0,1,0,1,0
1030,2020,charles-leclerc,sergio-perez,4.0,3,133.0,4.0,5.0,4.0,7.0,1,0,1,0
1030,2020,sergio-perez,alexander-albon,5.0,3,214.0,5.0,6.0,7.0,12.0,1,0,1,0
1030,2020,alexander-albon,carlos-sainz-jr,6.0,3,83.0,6.0,7.0,12.0,6.0,0,0,0,1
1030,2020,carlos-sainz-jr,lando-norris,7.0,3,5.0,7.0,8.0,6.0,13.0,1,0,1,1
1030,2020,lando-norris,pierre-gasly,8.0,3,278.0,8.0,9.0,13.0,5.0,0,0,0,0
1030,2020,daniel-ricciardo,esteban-ocon,10.0,2,133.0,10.0,11.0,9.0,8.0,0,0,0,0
1030,2020,daniil-kvyat,george-russell,13.0,2,60.0,13.0,14.0,19.0,14.0,0,0,0,1
1030,2020,george-russell,sebastian-vettel,14.0,2,131.0,14.0,15.0,14.0,10.0,0,0,0,0
1030,2020,kimi-raikkonen,antonio-giovinazzi,16.0,1,122.0,16.0,17.0,11.0,15.0,1,0,1,0
1030,2020,antonio-giovinazzi,romain-grosjean,17.0,1,41.0,17.0,18.0,15.0,17.0,1,0,1,1
1030,2020,romain-grosjean,kevin-magnussen,18.0,1,144.0,18.0,19.0,17.0,16.0,0,0,0,0
1030,2020,kevin-magnussen,nicholas-latifi,19.0,1,269.0,19.0,20.0,16.0,18.0,1,0,1,0
1031,2020,valtteri-bottas,lewis-hamilton,1.0,3,97.0,1.0,2.0,2.0,1.0,0,0,0,1
1031,2020,daniel-ricciardo,alexander-albon,5.0,3,52.0,5.0,6.0,3.0,15.0,1,0,1,1
1031,2020,alexander-albon,charles-leclerc,6.0,3,44.0,6.0,7.0,15.0,5.0,0,0,0,1
1031,2020,charles-leclerc,daniil-kvyat,7.0,3,80.0,7.0,8.0,5.0,4.0,0,0,0,1
1031,2020,daniil-kvyat,lando-norris,8.0,3,118.0,8.0,9.0,4.0,8.0,1,0,1,0
1031,2020,lando-norris,carlos-sainz-jr,9.0,3,97.0,9.0,10.0,8.0,7.0,0,0,0,1
1031,2020,sebastian-vettel,lance-stroll,14.0,2,109.0,14.0,15.0,12.0,13.0,1,0,1,0
1031,2020,kimi-raikkonen,nicholas-latifi,18.0,1,34.0,18.0,19.0,9.0,11.0,1,0,1,1
1031,2020,nicholas-latifi,antonio-giovinazzi,19.0,1,221.0,19.0,20.0,11.0,10.0,0,0,0,0
1032,2020,lance-stroll,max-verstappen,1.0,3,290.0,1.0,2.0,9.0,6.0,0,0,0,0
1032,2020,max-verstappen,sergio-perez,2.0,3,1266.0,2.0,3.0,6.0,2.0,0,0,0,0
1032,2020,sergio-perez,alexander-albon,3.0,3,1127.0,3.0,4.0,2.0,7.0,1,0,1,0
1032,2020,alexander-albon,daniel-ricciardo,4.0,3,1147.0,4.0,5.0,7.0,10.0,1,0,1,0
1032,2020,daniel-ricciardo,lewis-hamilton,5.0,3,965.0,5.0,6.0,10.0,1.0,0,0,0,0
1032,2020,lewis-hamilton,esteban-ocon,6.0,3,62.0,6.0,7.0,1.0,11.0,1,0,1,1
1032,2020,esteban-ocon,kimi-raikkonen,7.0,3,123.0,7.0,8.0,11.0,15.0,1,0,1,0
1032,2020,kimi-raikkonen,valtteri-bottas,8.0,3,513.0,8.0,9.0,15.0,14.0,0,0,0,0
1032,2020,lando-norris,sebastian-vettel,11.0,2,224.0,14.0,11.0,8.0,3.0,0,1,1,0
1032,2020,sebastian-vettel,carlos-sainz-jr,12.0,2,241.0,11.0,15.0,3.0,5.0,1,0,1,0
1032,2020,carlos-sainz-jr,charles-leclerc,13.0,2,1286.0,15.0,12.0,5.0,4.0,0,1,1,0
1032,2020,charles-leclerc,pierre-gasly,14.0,2,1860.0,12.0,19.0,4.0,13.0,1,0,1,0
1032,2020,kevin-magnussen,daniil-kvyat,16.0,1,1063.0,13.0,16.0,17.0,12.0,0,0,0,0
1032,2020,daniil-kvyat,george-russell,17.0,1,947.0,16.0,20.0,12.0,16.0,1,0,1,0
1033,2020,lewis-hamilton,valtteri-bottas,1.0,3,289.0,1.0,2.0,1.0,8.0,1,0,1,0
1033,2020,valtteri-bottas,max-verstappen,2.0,3,125.0,2.0,3.0,8.0,2.0,0,0,0,0
1033,2020,max-verstappen,alexander-albon,3.0,3,596.0,3.0,4.0,2.0,3.0,1,0,1,0
1033,2020,alexander-albon,sergio-perez,4.0,3,48.0,4.0,5.0,3.0,18.0,1,0,1,1
1033,2020,sergio-perez,daniel-ricciardo,5.0,3,95.0,5.0,6.0,18.0,7.0,0,0,0,1
1033,2020,daniel-ricciardo,esteban-ocon,6.0,3,2.0,6.0,7.0,7.0,9.0,1,0,1,1
1033,2020,esteban-ocon,pierre-gasly,7.0,3,29.0,7.0,8.0,9.0,6.0,0,0,0,1
1033,2020,pierre-gasly,lando-norris,8.0,3,94.0,8.0,9.0,6.0,4.0,0,0,0,1
1033,2020,lando-norris,daniil-kvyat,9.0,3,76.0,9.0,10.0,4.0,11.0,1,0,1,1
1033,2020,sebastian-vettel,charles-leclerc,11.0,2,16.0,11.0,12.0,13.0,10.0,0,0,0,1
1033,2020,carlos-sainz-jr,antonio-giovinazzi,15.0,1,516.0,15.0,16.0,5.0,16.0,1,0,1,0
1033,2020,antonio-giovinazzi,kimi-raikkonen,16.0,1,319.0,16.0,17.0,16.0,15.0,0,0,0,0
1033,2020,kimi-raikkonen,kevin-magnussen,17.0,1,301.0,17.0,18.0,15.0,17.0,1,0,1,0
1034,2020,valtteri-bottas,george-russell,1.0,3,26.0,1.0,2.0,8.0,9.0,1,0,1,1
1034,2020,sergio-perez,daniil-kvyat,5.0,3,116.0,5.0,6.0,1.0,7.0,1,0,1,0
1034,2020,daniil-kvyat,daniel-ricciardo,6.0,3,51.0,6.0,7.0,7.0,5.0,0,0,0,1
1034,2020,daniel-ricciardo,carlos-sainz-jr,7.0,3,53.0,7.0,8.0,5.0,4.0,0,0,0,1
1034,2020,carlos-sainz-jr,pierre-gasly,8.0,3,144.0,8.0,9.0,4.0,11.0,1,0,1,0
1034,2020,pierre-gasly,lance-stroll,9.0,3,46.0,9.0,10.0,11.0,3.0,0,0,0,1
1034,2020,esteban-ocon,alexander-albon,11.0,2,31.0,11.0,12.0,2.0,6.0,1,0,1,1
1034,2020,alexander-albon,sebastian-vettel,12.0,2,149.0,12.0,13.0,6.0,12.0,1,0,1,0
1034,2020,sebastian-vettel,antonio-giovinazzi,13.0,2,202.0,13.0,14.0,12.0,13.0,1,0,1,0
1034,2020,antonio-giovinazzi,lando-norris,14.0,2,316.0,14.0,19.0,13.0,10.0,0,0,0,0
1034,2020,jack-aitken,kimi-raikkonen,18.0,1,71.0,17.0,18.0,16.0,14.0,0,0,0,1
1034,2020,kimi-raikkonen,pietro-fittipaldi,19.0,1,463.0,18.0,20.0,14.0,17.0,1,0,1,0
1035,2020,max-verstappen,valtteri-bottas,1.0,3,25.0,1.0,2.0,1.0,2.0,1,0,1,1
1035,2020,valtteri-bottas,lewis-hamilton,2.0,3,61.0,2.0,3.0,2.0,3.0,1,0,1,1
1035,2020,lewis-hamilton,lando-norris,3.0,3,165.0,3.0,4.0,3.0,5.0,1,0,1,0
1035,2020,lando-norris,alexander-albon,4.0,3,74.0,4.0,5.0,5.0,4.0,0,0,0,1
1035,2020,alexander-albon,carlos-sainz-jr,5.0,3,244.0,5.0,6.0,4.0,6.0,1,0,1,0
1035,2020,carlos-sainz-jr,daniil-kvyat,6.0,3,148.0,6.0,7.0,6.0,11.0,1,0,1,0
1035,2020,daniil-kvyat,lance-stroll,7.0,3,83.0,7.0,8.0,11.0,10.0,0,0,0,1
1035,2020,lance-stroll,charles-leclerc,8.0,3,19.0,8.0,12.0,10.0,13.0,1,0,1,1
1035,2020,charles-leclerc,pierre-gasly,9.0,3,177.0,12.0,9.0,13.0,8.0,0,1,1,0
1035,2020,esteban-ocon,daniel-ricciardo,11.0,2,47.0,10.0,11.0,9.0,7.0,0,0,0,1
1035,2020,daniel-ricciardo,sebastian-vettel,12.0,2,225.0,11.0,13.0,7.0,14.0,1,0,1,0
1035,2020,sebastian-vettel,antonio-giovinazzi,13.0,2,1617.0,13.0,14.0,14.0,16.0,1,0,1,0
1035,2020,kimi-raikkonen,kevin-magnussen,16.0,1,308.0,15.0,20.0,12.0,18.0,1,0,1,0
1035,2020,kevin-magnussen,george-russell,17.0,1,182.0,20.0,16.0,18.0,15.0,0,1,1,0
1035,2020,george-russell,pietro-fittipaldi,18.0,1,128.0,16.0,17.0,15.0,19.0,1,0,1,0
1035,2020,pietro-fittipaldi,nicholas-latifi,19.0,1,270.0,17.0,18.0,19.0,17.0,0,0,0,0
1036,2021,max-verstappen,lewis-hamilton,1.0,3,388.0,1.0,2.0,2.0,1.0,0,0,0,0
1036,2021,lewis-hamilton,valtteri-bottas,2.0,3,201.0,2.0,3.0,1.0,3.0,1,0,1,0
1036,2021,valtteri-bottas,charles-leclerc,3.0,3,92.0,3.0,4.0,3.0,6.0,1,0,1,1
1036,2021,charles-leclerc,pierre-gasly,4.0,3,131.0,4.0,5.0,6.0,17.0,1,0,1,0
1036,2021,pierre-gasly,daniel-ricciardo,5.0,3,118.0,5.0,6.0,17.0,7.0,0,0,0,0
1036,2021,daniel-ricciardo,lando-norris,6.0,3,47.0,6.0,7.0,7.0,4.0,0,0,0,1
1036,2021,lando-norris,carlos-sainz-jr,7.0,3,241.0,7.0,8.0,4.0,8.0,1,0,1,0
1036,2021,sergio-perez,antonio-giovinazzi,11.0,2,49.0,21.0,12.0,5.0,12.0,1,1,0,1
1036,2021,antonio-giovinazzi,yuki-tsunoda,12.0,2,495.0,12.0,13.0,12.0,9.0,0,0,0,0
1036,2021,yuki-tsunoda,kimi-raikkonen,13.0,2,35.0,13.0,14.0,9.0,11.0,1,0,1,1
1036,2021,kimi-raikkonen,george-russell,14.0,2,2192.0,14.0,15.0,11.0,14.0,1,0,1,0
1036,2021,esteban-ocon,nicholas-latifi,16.0,1,212.0,16.0,17.0,13.0,18.0,1,0,1,0
1036,2021,nicholas-latifi,sebastian-vettel,17.0,1,120.0,17.0,20.0,18.0,15.0,0,0,0,0
1036,2021,sebastian-vettel,mick-schumacher,18.0,1,393.0,20.0,18.0,15.0,16.0,1,1,0,0
1037,2021,lewis-hamilton,sergio-perez,1.0,3,35.0,1.0,2.0,2.0,11.0,1,0,1,1
1037,2021,sergio-perez,max-verstappen,2.0,3,52.0,2.0,3.0,11.0,1.0,0,0,0,1
1037,2021,max-verstappen,charles-leclerc,3.0,3,242.0,3.0,4.0,1.0,4.0,1,0,1,0
1037,2021,charles-leclerc,pierre-gasly,4.0,3,50.0,4.0,5.0,4.0,7.0,1,0,1,1
1037,2021,pierre-gasly,daniel-ricciardo,5.0,3,36.0,5.0,6.0,7.0,6.0,0,0,0,1
1037,2021,daniel-ricciardo,lando-norris,6.0,3,49.0,6.0,7.0,6.0,3.0,0,0,0,1
1037,2021,lance-stroll,carlos-sainz-jr,10.0,2,61.0,10.0,11.0,8.0,5.0,0,0,0,1
1037,2021,kimi-raikkonen,antonio-giovinazzi,16.0,1,148.0,16.0,17.0,13.0,14.0,1,0,1,0
1037,2021,antonio-giovinazzi,mick-schumacher,17.0,1,157.0,17.0,18.0,14.0,16.0,1,0,1,0
1037,2021,mick-schumacher,nikita-mazepin,18.0,1,518.0,18.0,19.0,16.0,17.0,1,0,1,0
1038,2021,valtteri-bottas,lewis-hamilton,1.0,3,7.0,1.0,2.0,3.0,1.0,0,0,0,1
1038,2021,lewis-hamilton,max-verstappen,2.0,3,391.0,2.0,3.0,1.0,2.0,1,0,1,0
1038,2021,max-verstappen,sergio-perez,3.0,3,144.0,3.0,4.0,2.0,4.0,1,0,1,0
1038,2021,sergio-perez,carlos-sainz-jr,4.0,3,149.0,4.0,5.0,4.0,11.0,1,0,1,0
1038,2021,carlos-sainz-jr,esteban-ocon,5.0,3,3.0,5.0,6.0,11.0,7.0,0,0,0,1
1038,2021,esteban-ocon,lando-norris,6.0,3,74.0,6.0,7.0,7.0,5.0,0,0,0,1
1038,2021,lando-norris,charles-leclerc,7.0,3,190.0,7.0,8.0,5.0,6.0,1,0,1,0
1038,2021,charles-leclerc,pierre-gasly,8.0,3,169.0,8.0,9.0,6.0,10.0,1,0,1,0
1038,2021,pierre-gasly,sebastian-vettel,9.0,3,184.0,9.0,10.0,10.0,13.0,1,0,1,0
1038,2021,george-russell,antonio-giovinazzi,11.0,2,107.0,11.0,12.0,16.0,12.0,0,0,0,0
1038,2021,antonio-giovinazzi,fernando-alonso,12.0,2,240.0,12.0,13.0,12.0,8.0,0,0,0,0
1038,2021,fernando-alonso,yuki-tsunoda,13.0,2,7.0,13.0,14.0,8.0,15.0,1,0,1,1
1038,2021,daniel-ricciardo,lance-stroll,16.0,1,74.0,16.0,17.0,9.0,14.0,1,0,1,1
1038,2021,lance-stroll,nicholas-latifi,17.0,1,372.0,17.0,18.0,14.0,18.0,1,0,1,0
1038,2021,nicholas-latifi,mick-schumacher,18.0,1,167.0,18.0,19.0,18.0,17.0,0,0,0,0
1038,2021,mick-schumacher,nikita-mazepin,19.0,1,460.0,19.0,20.0,17.0,19.0,1,0,1,0
1039,2021,lewis-hamilton,max-verstappen,1.0,3,36.0,1.0,2.0,1.0,2.0,1,0,1,1
1039,2021,max-verstappen,valtteri-bottas,2.0,3,96.0,2.0,3.0,2.0,3.0,1,0,1,1
1039,2021,valtteri-bottas,charles-leclerc,3.0,3,637.0,3.0,4.0,3.0,4.0,1,0,1,0
1039,2021,charles-leclerc,esteban-ocon,4.0,3,70.0,4.0,5.0,4.0,9.0,1,0,1,1
1039,2021,esteban-ocon,carlos-sainz-jr,5.0,3,40.0,5.0,6.0,9.0,7.0,0,0,0,1
1039,2021,carlos-sainz-jr,daniel-ricciardo,6.0,3,2.0,6.0,7.0,7.0,6.0,0,0,0,1
1039,2021,daniel-ricciardo,sergio-perez,7.0,3,79.0,7.0,8.0,6.0,5.0,0,0,0,1
1039,2021,sergio-perez,lando-norris,8.0,3,309.0,8.0,9.0,5.0,8.0,1,0,1,0
1039,2021,lando-norris,fernando-alonso,9.0,3,137.0,9.0,10.0,8.0,17.0,1,0,1,0
1039,2021,lance-stroll,pierre-gasly,11.0,2,8.0,11.0,12.0,11.0,10.0,0,0,0,1
1039,2021,pierre-gasly,sebastian-vettel,12.0,2,97.0,12.0,13.0,10.0,13.0,1,0,1,1
1039,2021,sebastian-vettel,antonio-giovinazzi,13.0,2,277.0,13.0,14.0,13.0,15.0,1,0,1,0
1039,2021,antonio-giovinazzi,george-russell,14.0,2,798.0,14.0,15.0,15.0,14.0,0,0,0,0
1039,2021,kimi-raikkonen,mick-schumacher,17.0,1,200.0,17.0,18.0,12.0,18.0,1,0,1,0
1039,2021,mick-schumacher,nicholas-latifi,18.0,1,102.0,18.0,19.0,18.0,16.0,0,0,0,0
1039,2021,nicholas-latifi,nikita-mazepin,19.0,1,588.0,19.0,20.0,16.0,19.0,1,0,1,0
1040,2021,carlos-sainz-jr,lando-norris,4.0,3,9.0,4.0,5.0,2.0,3.0,1,0,1,1
1040,2021,lando-norris,pierre-gasly,5.0,3,280.0,5.0,6.0,3.0,6.0,1,0,1,0
1040,2021,pierre-gasly,lewis-hamilton,6.0,3,195.0,6.0,7.0,6.0,7.0,1,0,1,0
1040,2021,lewis-hamilton,sebastian-vettel,7.0,3,324.0,7.0,8.0,7.0,5.0,0,0,0,0
1040,2021,sebastian-vettel,sergio-perez,8.0,3,154.0,8.0,9.0,5.0,4.0,0,0,0,0
1040,2021,sergio-perez,antonio-giovinazzi,9.0,3,206.0,9.0,10.0,4.0,10.0,1,0,1,0
1040,2021,esteban-ocon,daniel-ricciardo,11.0,2,112.0,11.0,12.0,9.0,12.0,1,0,1,0
1040,2021,daniel-ricciardo,lance-stroll,12.0,2,2.0,12.0,13.0,12.0,8.0,0,0,0,1
1040,2021,lance-stroll,kimi-raikkonen,13.0,2,42.0,13.0,14.0,8.0,11.0,1,0,1,1
1040,2021,kimi-raikkonen,george-russell,14.0,2,188.0,14.0,15.0,11.0,14.0,1,0,1,0
1040,2021,yuki-tsunoda,fernando-alonso,16.0,1,109.0,16.0,17.0,16.0,13.0,0,0,0,0
1040,2021,fernando-alonso,nicholas-latifi,17.0,1,161.0,17.0,18.0,13.0,15.0,1,0,1,0
1040,2021,nicholas-latifi,nikita-mazepin,18.0,1,592.0,18.0,19.0,15.0,17.0,1,0,1,0
1041,2021,charles-leclerc,lewis-hamilton,1.0,3,232.0,1.0,2.0,4.0,15.0,1,0,1,0
1041,2021,lewis-hamilton,max-verstappen,2.0,3,113.0,2.0,3.0,15.0,18.0,1,0,1,0
1041,2021,max-verstappen,pierre-gasly,3.0,3,2.0,3.0,4.0,18.0,3.0,0,0,0,1
1041,2021,pierre-gasly,carlos-sainz-jr,4.0,3,11.0,4.0,5.0,3.0,8.0,1,0,1,1
1041,2021,carlos-sainz-jr,lando-norris,5.0,3,171.0,5.0,9.0,8.0,5.0,0,0,0,0
1041,2021,lando-norris,sergio-perez,6.0,3,170.0,9.0,6.0,5.0,1.0,0,1,1,0
1041,2021,sergio-perez,yuki-tsunoda,7.0,3,294.0,6.0,7.0,1.0,7.0,1,0,1,0
1041,2021,yuki-tsunoda,fernando-alonso,8.0,3,116.0,7.0,8.0,7.0,6.0,0,0,0,0
1041,2021,fernando-alonso,valtteri-bottas,9.0,3,332.0,8.0,10.0,6.0,12.0,1,0,1,0
1041,2021,daniel-ricciardo,kimi-raikkonen,13.0,2,29.0,13.0,14.0,9.0,10.0,1,0,1,1
1041,2021,kimi-raikkonen,george-russell,14.0,2,171.0,14.0,15.0,10.0,17.0,1,0,1,0
1041,2021,nicholas-latifi,mick-schumacher,16.0,1,1030.0,16.0,17.0,16.0,13.0,0,0,0,0
1041,2021,mick-schumacher,nikita-mazepin,17.0,1,80.0,17.0,18.0,13.0,14.0,1,0,1,1
1042,2021,max-verstappen,lewis-hamilton,1.0,3,258.0,1.0,2.0,1.0,2.0,1,0,1,0
1042,2021,lewis-hamilton,valtteri-bottas,2.0,3,128.0,2.0,3.0,2.0,4.0,1,0,1,0
1042,2021,valtteri-bottas,sergio-perez,3.0,3,69.0,3.0,4.0,4.0,3.0,0,0,0,1
1042,2021,sergio-perez,carlos-sainz-jr,4.0,3,395.0,4.0,5.0,3.0,11.0,1,0,1,0
1042,2021,carlos-sainz-jr,pierre-gasly,5.0,3,28.0,5.0,6.0,11.0,7.0,0,0,0,1
1042,2021,pierre-gasly,charles-leclerc,6.0,3,119.0,6.0,7.0,7.0,16.0,1,0,1,0
1042,2021,charles-leclerc,lando-norris,7.0,3,265.0,7.0,8.0,16.0,5.0,0,0,0,0
1042,2021,lando-norris,fernando-alonso,8.0,3,88.0,8.0,9.0,5.0,8.0,1,0,1,1
1042,2021,fernando-alonso,daniel-ricciardo,9.0,3,42.0,9.0,10.0,8.0,6.0,0,0,0,1
1042,2021,esteban-ocon,sebastian-vettel,11.0,2,31.0,11.0,12.0,14.0,9.0,0,0,0,1
1042,2021,sebastian-vettel,antonio-giovinazzi,12.0,2,46.0,12.0,13.0,9.0,15.0,1,0,1,1
1042,2021,antonio-giovinazzi,george-russell,13.0,2,252.0,13.0,14.0,15.0,12.0,0,0,0,0
1042,2021,mick-schumacher,nicholas-latifi,15.0,1,120.0,15.0,16.0,19.0,18.0,0,0,0,0
1042,2021,nicholas-latifi,kimi-raikkonen,16.0,1,292.0,16.0,17.0,18.0,17.0,0,0,0,0
1042,2021,kimi-raikkonen,nikita-mazepin,17.0,1,200.0,17.0,18.0,17.0,20.0,1,0,1,0
1043,2021,max-verstappen,valtteri-bottas,1.0,3,194.0,1.0,5.0,1.0,3.0,1,0,1,0
1043,2021,valtteri-bottas,lewis-hamilton,2.0,3,32.0,5.0,2.0,3.0,2.0,0,1,1,1
1043,2021,lewis-hamilton,lando-norris,3.0,3,53.0,2.0,3.0,2.0,5.0,1,0,1,1
1043,2021,lando-norris,sergio-perez,4.0,3,48.0,3.0,4.0,5.0,4.0,0,0,0,1
1043,2021,charles-leclerc,yuki-tsunoda,7.0,3,42.0,7.0,11.0,7.0,10.0,1,0,1,1
1043,2021,yuki-tsunoda,fernando-alonso,8.0,3,60.0,11.0,8.0,10.0,9.0,0,1,1,1
1043,2021,fernando-alonso,lance-stroll,9.0,3,134.0,8.0,9.0,9.0,8.0,0,0,0,0
1043,2021,carlos-sainz-jr,daniel-ricciardo,12.0,2,8.0,12.0,13.0,6.0,13.0,1,0,1,1
1043,2021,daniel-ricciardo,sebastian-vettel,13.0,2,67.0,13.0,14.0,13.0,12.0,0,0,0,1
1043,2021,sebastian-vettel,antonio-giovinazzi,14.0,2,38.0,14.0,15.0,12.0,15.0,1,0,1,1
1043,2021,nicholas-latifi,esteban-ocon,16.0,1,42.0,16.0,17.0,17.0,14.0,0,0,0,1
1043,2021,esteban-ocon,kimi-raikkonen,17.0,1,212.0,17.0,18.0,14.0,11.0,0,0,0,0
1043,2021,kimi-raikkonen,mick-schumacher,18.0,1,612.0,18.0,19.0,11.0,16.0,1,0,1,0
1043,2021,mick-schumacher,nikita-mazepin,19.0,1,151.0,19.0,20.0,16.0,18.0,1,0,1,0
1044,2021,max-verstappen,lando-norris,1.0,3,48.0,1.0,2.0,1.0,3.0,1,0,1,1
1044,2021,lando-norris,sergio-perez,2.0,3,222.0,2.0,3.0,3.0,6.0,1,0,1,0
1044,2021,sergio-perez,lewis-hamilton,3.0,3,24.0,3.0,4.0,6.0,4.0,0,0,0,1
1044,2021,lewis-hamilton,valtteri-bottas,4.0,3,35.0,4.0,5.0,4.0,2.0,0,0,0,1
1044,2021,valtteri-bottas,pierre-gasly,5.0,3,58.0,5.0,6.0,2.0,9.0,1,0,1,1
1044,2021,pierre-gasly,yuki-tsunoda,6.0,3,166.0,6.0,7.0,9.0,12.0,1,0,1,0
1044,2021,yuki-tsunoda,sebastian-vettel,7.0,3,297.0,7.0,11.0,12.0,17.0,1,0,1,0
1044,2021,sebastian-vettel,george-russell,8.0,3,21.0,11.0,8.0,17.0,11.0,0,1,1,1
1044,2021,george-russell,lance-stroll,9.0,3,27.0,8.0,9.0,11.0,13.0,1,0,1,1
1044,2021,carlos-sainz-jr,charles-leclerc,11.0,2,41.0,10.0,12.0,5.0,8.0,1,0,1,1
1044,2021,charles-leclerc,daniel-ricciardo,12.0,2,119.0,12.0,13.0,8.0,7.0,0,0,0,0
1044,2021,daniel-ricciardo,fernando-alonso,13.0,2,137.0,13.0,14.0,7.0,10.0,1,0,1,0
1044,2021,fernando-alonso,antonio-giovinazzi,14.0,2,227.0,14.0,15.0,10.0,14.0,1,0,1,0
1044,2021,nicholas-latifi,mick-schumacher,18.0,1,232.0,18.0,19.0,16.0,18.0,1,0,1,0
1044,2021,mick-schumacher,nikita-mazepin,19.0,1,524.0,19.0,20.0,18.0,19.0,1,0,1,0
1046,2021,esteban-ocon,fernando-alonso,8.0,3,62.0,8.0,9.0,1.0,4.0,1,0,1,1
1046,2021,kimi-raikkonen,antonio-giovinazzi,13.0,2,19.0,13.0,21.0,10.0,13.0,1,0,1,1
1046,2021,carlos-sainz-jr,yuki-tsunoda,15.0,1,1270.0,15.0,16.0,3.0,6.0,1,0,1,0
1046,2021,yuki-tsunoda,george-russell,16.0,1,25.0,16.0,17.0,6.0,8.0,1,0,1,1
1046,2021,george-russell,nicholas-latifi,17.0,1,92.0,17.0,18.0,8.0,7.0,0,0,0,1
1047,2021,max-verstappen,george-russell,1.0,3,321.0,1.0,2.0,1.0,2.0,1,0,1,0
1047,2021,george-russell,lewis-hamilton,2.0,3,13.0,2.0,3.0,2.0,3.0,1,0,1,1
1047,2021,lewis-hamilton,daniel-ricciardo,3.0,3,765.0,3.0,4.0,3.0,4.0,1,0,1,0
1047,2021,daniel-ricciardo,sebastian-vettel,4.0,3,71.0,4.0,5.0,4.0,5.0,1,0,1,1
1047,2021,sebastian-vettel,pierre-gasly,5.0,3,229.0,5.0,6.0,5.0,6.0,1,0,1,0
1047,2021,pierre-gasly,sergio-perez,6.0,3,948.0,6.0,20.0,6.0,19.0,1,0,1,0
1047,2021,sergio-perez,valtteri-bottas,7.0,3,390.0,20.0,13.0,19.0,12.0,0,1,1,0
1047,2021,valtteri-bottas,esteban-ocon,8.0,3,1011.0,13.0,8.0,12.0,7.0,0,1,1,0
1047,2021,lando-norris,charles-leclerc,10.0,2,1696.0,15.0,9.0,14.0,8.0,0,1,1,0
1047,2021,charles-leclerc,nicholas-latifi,11.0,2,335.0,9.0,10.0,8.0,9.0,1,0,1,0
1047,2021,nicholas-latifi,carlos-sainz-jr,12.0,2,81.0,10.0,11.0,9.0,10.0,1,0,1,1
1047,2021,carlos-sainz-jr,fernando-alonso,13.0,2,68.0,11.0,12.0,10.0,11.0,1,0,1,1
1047,2021,fernando-alonso,lance-stroll,14.0,2,26.0,12.0,19.0,11.0,20.0,1,0,1,1
1047,2021,antonio-giovinazzi,yuki-tsunoda,16.0,1,107.0,14.0,16.0,13.0,15.0,1,0,1,0
1047,2021,yuki-tsunoda,mick-schumacher,17.0,1,1560.0,16.0,17.0,15.0,16.0,1,0,1,0
1047,2021,mick-schumacher,kimi-raikkonen,18.0,1,479.0,17.0,21.0,16.0,18.0,1,0,1,0
1047,2021,kimi-raikkonen,nikita-mazepin,19.0,1,487.0,21.0,18.0,18.0,17.0,0,1,1,0
1048,2021,max-verstappen,lewis-hamilton,1.0,3,38.0,1.0,2.0,1.0,2.0,1,0,1,1
1048,2021,lewis-hamilton,valtteri-bottas,2.0,3,299.0,2.0,3.0,2.0,3.0,1,0,1,0
1048,2021,valtteri-bottas,pierre-gasly,3.0,3,256.0,3.0,4.0,3.0,4.0,1,0,1,0
1048,2021,pierre-gasly,charles-leclerc,4.0,3,49.0,4.0,5.0,4.0,5.0,1,0,1,1
1048,2021,charles-leclerc,carlos-sainz-jr,5.0,3,10.0,5.0,6.0,5.0,7.0,1,0,1,1
1048,2021,carlos-sainz-jr,antonio-giovinazzi,6.0,3,53.0,6.0,7.0,7.0,14.0,1,0,1,1
1048,2021,antonio-giovinazzi,esteban-ocon,7.0,3,343.0,7.0,8.0,14.0,9.0,0,0,0,0
1048,2021,esteban-ocon,fernando-alonso,8.0,3,23.0,8.0,9.0,9.0,6.0,0,0,0,1
1048,2021,fernando-alonso,daniel-ricciardo,9.0,3,210.0,9.0,10.0,6.0,11.0,1,0,1,0
1048,2021,george-russell,lance-stroll,11.0,2,35.0,11.0,12.0,17.0,12.0,0,0,0,1
1048,2021,lance-stroll,lando-norris,12.0,2,39.0,12.0,13.0,12.0,10.0,0,0,0,1
1048,2021,lando-norris,nicholas-latifi,13.0,2,755.0,13.0,19.0,10.0,16.0,1,0,1,0
1048,2021,sergio-perez,sebastian-vettel,16.0,1,201.0,20.0,15.0,8.0,13.0,1,1,0,0
1048,2021,sebastian-vettel,robert-kubica,17.0,1,570.0,15.0,16.0,13.0,15.0,1,0,1,0
1048,2021,robert-kubica,mick-schumacher,18.0,1,86.0,16.0,17.0,15.0,18.0,1,0,1,1
1050,2021,lando-norris,carlos-sainz-jr,1.0,3,517.0,1.0,2.0,7.0,3.0,0,0,0,0
1050,2021,carlos-sainz-jr,george-russell,2.0,3,473.0,2.0,3.0,3.0,10.0,1,0,1,0
1050,2021,george-russell,lewis-hamilton,3.0,3,1067.0,3.0,4.0,10.0,1.0,0,0,0,0
1050,2021,lewis-hamilton,daniel-ricciardo,4.0,3,106.0,4.0,5.0,1.0,4.0,1,0,1,0
1050,2021,daniel-ricciardo,fernando-alonso,5.0,3,48.0,5.0,6.0,4.0,6.0,1,0,1,1
1050,2021,fernando-alonso,valtteri-bottas,6.0,3,506.0,6.0,16.0,6.0,5.0,0,0,0,0
1050,2021,valtteri-bottas,lance-stroll,7.0,3,246.0,16.0,7.0,5.0,11.0,1,1,0,0
1050,2021,lance-stroll,sergio-perez,8.0,3,381.0,7.0,8.0,11.0,9.0,0,0,0,0
1050,2021,sergio-perez,esteban-ocon,9.0,3,528.0,8.0,9.0,9.0,14.0,1,0,1,0
1050,2021,sebastian-vettel,pierre-gasly,11.0,2,68.0,10.0,11.0,12.0,13.0,1,0,1,1
1050,2021,pierre-gasly,yuki-tsunoda,12.0,2,110.0,11.0,12.0,13.0,17.0,1,0,1,0
1050,2021,nicholas-latifi,charles-leclerc,14.0,1,218.0,18.0,19.0,19.0,15.0,0,0,0,0
1050,2021,charles-leclerc,kimi-raikkonen,15.0,1,1116.0,19.0,13.0,15.0,8.0,0,1,1,0
1050,2021,antonio-giovinazzi,nikita-mazepin,18.0,1,2741.0,17.0,15.0,16.0,18.0,1,1,0,0
1051,2021,lewis-hamilton,valtteri-bottas,1.0,3,130.0,11.0,1.0,5.0,1.0,0,1,1,0
1051,2021,valtteri-bottas,max-verstappen,2.0,3,198.0,1.0,2.0,1.0,2.0,1,0,1,0
1051,2021,max-verstappen,charles-leclerc,3.0,3,69.0,2.0,3.0,2.0,4.0,1,0,1,1
1051,2021,charles-leclerc,pierre-gasly,4.0,3,61.0,3.0,4.0,4.0,6.0,1,0,1,1
1051,2021,pierre-gasly,fernando-alonso,5.0,3,151.0,4.0,5.0,6.0,16.0,1,0,1,0
1051,2021,fernando-alonso,sergio-perez,6.0,3,229.0,5.0,6.0,16.0,3.0,0,0,0,0
1051,2021,sergio-perez,lando-norris,7.0,3,248.0,6.0,7.0,3.0,7.0,1,0,1,0
1051,2021,lando-norris,lance-stroll,8.0,3,351.0,7.0,8.0,7.0,9.0,1,0,1,0
1051,2021,lance-stroll,yuki-tsunoda,9.0,3,63.0,8.0,9.0,9.0,14.0,1,0,1,1
1051,2021,sebastian-vettel,esteban-ocon,11.0,2,47.0,10.0,12.0,18.0,10.0,0,0,0,1
1051,2021,esteban-ocon,george-russell,12.0,2,165.0,12.0,13.0,10.0,15.0,1,0,1,0
1051,2021,george-russell,mick-schumacher,13.0,2,193.0,13.0,14.0,15.0,19.0,1,0,1,0
1051,2021,carlos-sainz-jr,daniel-ricciardo,15.0,1,704.0,19.0,20.0,8.0,13.0,1,0,1,0
1051,2021,daniel-ricciardo,nicholas-latifi,16.0,1,205.0,20.0,15.0,13.0,17.0,1,1,0,0
1051,2021,nicholas-latifi,antonio-giovinazzi,17.0,1,344.0,15.0,16.0,17.0,11.0,0,0,0,0
1051,2021,antonio-giovinazzi,kimi-raikkonen,18.0,1,1095.0,16.0,17.0,11.0,12.0,1,0,1,0
1051,2021,kimi-raikkonen,nikita-mazepin,19.0,1,924.0,17.0,18.0,12.0,20.0,1,0,1,0
1052,2021,max-verstappen,lewis-hamilton,1.0,3,209.0,1.0,2.0,1.0,2.0,1,0,1,0
1052,2021,lewis-hamilton,sergio-perez,2.0,3,15.0,2.0,3.0,2.0,3.0,1,0,1,1
1052,2021,sergio-perez,valtteri-bottas,3.0,3,341.0,3.0,9.0,3.0,6.0,1,0,1,0
1052,2021,valtteri-bottas,charles-leclerc,4.0,3,131.0,9.0,4.0,6.0,4.0,0,1,1,0
1052,2021,charles-leclerc,carlos-sainz-jr,5.0,3,186.0,4.0,5.0,4.0,7.0,1,0,1,0
1052,2021,carlos-sainz-jr,daniel-ricciardo,6.0,3,16.0,5.0,6.0,7.0,5.0,0,0,0,1
1052,2021,daniel-ricciardo,lando-norris,7.0,3,79.0,6.0,7.0,5.0,8.0,1,0,1,1
1052,2021,sebastian-vettel,antonio-giovinazzi,12.0,2,294.0,18.0,12.0,10.0,11.0,1,1,0,0
1052,2021,george-russell,lance-stroll,15.0,1,237.0,20.0,13.0,14.0,12.0,0,1,1,0
1052,2021,lance-stroll,nicholas-latifi,16.0,1,12.0,13.0,14.0,12.0,15.0,1,0,1,1
1052,2021,nicholas-latifi,kimi-raikkonen,17.0,1,316.0,14.0,15.0,15.0,13.0,0,0,0,0
1052,2021,kimi-raikkonen,mick-schumacher,18.0,1,188.0,15.0,16.0,13.0,16.0,1,0,1,0
1052,2021,mick-schumacher,nikita-mazepin,19.0,1,297.0,16.0,17.0,16.0,17.0,1,0,1,0
1053,2021,valtteri-bottas,lewis-hamilton,1.0,3,145.0,1.0,2.0,15.0,2.0,0,0,0,0
1053,2021,lewis-hamilton,max-verstappen,2.0,3,205.0,2.0,3.0,2.0,1.0,0,0,0,0
1053,2021,max-verstappen,sergio-perez,3.0,3,117.0,3.0,4.0,1.0,3.0,1,0,1,0
1053,2021,sergio-perez,pierre-gasly,4.0,3,114.0,4.0,5.0,3.0,4.0,1,0,1,0
1053,2021,pierre-gasly,carlos-sainz-jr,5.0,3,305.0,5.0,6.0,4.0,6.0,1,0,1,0
1053,2021,carlos-sainz-jr,daniel-ricciardo,6.0,3,2.0,6.0,7.0,6.0,12.0,1,0,1,1
1053,2021,daniel-ricciardo,charles-leclerc,7.0,3,74.0,7.0,8.0,12.0,5.0,0,0,0,1
1053,2021,sebastian-vettel,kimi-raikkonen,11.0,2,212.0,9.0,10.0,7.0,8.0,1,0,1,0
1053,2021,kimi-raikkonen,george-russell,12.0,2,214.0,10.0,16.0,8.0,16.0,1,0,1,0
1053,2021,george-russell,antonio-giovinazzi,13.0,2,118.0,16.0,11.0,16.0,11.0,0,1,1,0
1053,2021,antonio-giovinazzi,esteban-ocon,14.0,2,115.0,11.0,19.0,11.0,13.0,1,0,1,0
1053,2021,fernando-alonso,nicholas-latifi,16.0,1,304.0,12.0,13.0,9.0,17.0,1,0,1,0
1053,2021,nikita-mazepin,lance-stroll,19.0,1,1570.0,15.0,20.0,18.0,14.0,0,0,0,0
1055,2021,lewis-hamilton,max-verstappen,1.0,3,597.0,1.0,7.0,1.0,2.0,1,0,1,0
1055,2021,pierre-gasly,fernando-alonso,4.0,3,30.0,2.0,3.0,11.0,3.0,0,0,0,1
1055,2021,fernando-alonso,lando-norris,5.0,3,61.0,3.0,4.0,3.0,9.0,1,0,1,1
1055,2021,lando-norris,carlos-sainz-jr,6.0,3,109.0,4.0,5.0,9.0,7.0,0,0,0,0
1055,2021,carlos-sainz-jr,yuki-tsunoda,7.0,3,41.0,5.0,8.0,7.0,13.0,1,0,1,1
1055,2021,yuki-tsunoda,esteban-ocon,8.0,3,147.0,8.0,9.0,13.0,5.0,0,0,0,0
1055,2021,esteban-ocon,sebastian-vettel,9.0,3,757.0,9.0,10.0,5.0,10.0,1,0,1,0
1055,2021,sergio-perez,lance-stroll,11.0,2,114.0,11.0,12.0,4.0,6.0,1,0,1,0
1055,2021,lance-stroll,charles-leclerc,12.0,2,3.0,12.0,13.0,6.0,8.0,1,0,1,1
1055,2021,charles-leclerc,daniel-ricciardo,13.0,2,134.0,13.0,14.0,8.0,12.0,1,0,1,0
1055,2021,daniel-ricciardo,george-russell,14.0,2,159.0,14.0,15.0,12.0,17.0,1,0,1,0
1055,2021,antonio-giovinazzi,mick-schumacher,18.0,1,145.0,18.0,19.0,15.0,16.0,1,0,1,0
1055,2021,mick-schumacher,nikita-mazepin,19.0,1,2452.0,19.0,20.0,16.0,18.0,1,0,1,0
1056,2021,lewis-hamilton,valtteri-bottas,1.0,3,111.0,1.0,2.0,1.0,3.0,1,0,1,0
1056,2021,valtteri-bottas,max-verstappen,2.0,3,31.0,2.0,3.0,3.0,2.0,0,0,0,1
1056,2021,max-verstappen,charles-leclerc,3.0,3,401.0,3.0,4.0,2.0,7.0,1,0,1,0
1056,2021,pierre-gasly,lando-norris,6.0,3,55.0,6.0,7.0,6.0,10.0,1,0,1,1
1056,2021,lando-norris,yuki-tsunoda,7.0,3,262.0,7.0,8.0,10.0,14.0,1,0,1,0
1056,2021,yuki-tsunoda,esteban-ocon,8.0,3,205.0,8.0,9.0,14.0,4.0,0,0,0,0
1056,2021,esteban-ocon,antonio-giovinazzi,9.0,3,107.0,9.0,10.0,4.0,9.0,1,0,1,0
1056,2021,daniel-ricciardo,kimi-raikkonen,11.0,2,217.0,11.0,12.0,5.0,15.0,1,0,1,0
1056,2021,kimi-raikkonen,fernando-alonso,12.0,2,35.0,12.0,13.0,15.0,13.0,0,0,0,1
1057,2021,max-verstappen,lewis-hamilton,1.0,3,371.0,1.0,2.0,1.0,2.0,1,0,1,0
1057,2021,lewis-hamilton,lando-norris,2.0,3,451.0,2.0,3.0,2.0,7.0,1,0,1,0
1057,2021,lando-norris,sergio-perez,3.0,3,16.0,3.0,4.0,7.0,15.0,1,0,1,1
1057,2021,sergio-perez,carlos-sainz-jr,4.0,3,45.0,4.0,5.0,15.0,3.0,0,0,0,1
1057,2021,carlos-sainz-jr,valtteri-bottas,5.0,3,44.0,5.0,6.0,3.0,6.0,1,0,1,1
1057,2021,valtteri-bottas,charles-leclerc,6.0,3,86.0,6.0,7.0,6.0,10.0,1,0,1,1
1057,2021,charles-leclerc,yuki-tsunoda,7.0,3,98.0,7.0,8.0,10.0,4.0,0,0,0,1
1057,2021,yuki-tsunoda,esteban-ocon,8.0,3,169.0,8.0,9.0,4.0,9.0,1,0,1,0
1057,2021,esteban-ocon,daniel-ricciardo,9.0,3,20.0,9.0,10.0,9.0,12.0,1,0,1,1
1057,2021,fernando-alonso,pierre-gasly,11.0,2,583.0,11.0,12.0,8.0,5.0,0,0,0,0
1057,2021,pierre-gasly,lance-stroll,12.0,2,23.0,12.0,13.0,5.0,13.0,1,0,1,1
1058,2022,charles-leclerc,max-verstappen,1.0,3,123.0,1.0,2.0,1.0,19.0,1,0,1,0
1058,2022,max-verstappen,carlos-sainz-jr,2.0,3,6.0,2.0,3.0,19.0,2.0,0,0,0,1
1058,2022,carlos-sainz-jr,sergio-perez,3.0,3,234.0,3.0,4.0,2.0,18.0,1,0,1,0
1058,2022,sergio-perez,lewis-hamilton,4.0,3,317.0,4.0,5.0,18.0,3.0,0,0,0,0
1058,2022,lewis-hamilton,valtteri-bottas,5.0,3,322.0,5.0,6.0,3.0,6.0,1,0,1,0
1058,2022,valtteri-bottas,kevin-magnussen,6.0,3,248.0,6.0,7.0,6.0,5.0,0,0,0,0
1058,2022,kevin-magnussen,fernando-alonso,7.0,3,387.0,7.0,8.0,5.0,9.0,1,0,1,0
1058,2022,fernando-alonso,george-russell,8.0,3,21.0,8.0,9.0,9.0,4.0,0,0,0,1
1058,2022,esteban-ocon,mick-schumacher,11.0,2,216.0,11.0,12.0,7.0,11.0,1,0,1,0
1058,2022,mick-schumacher,lando-norris,12.0,2,10.0,12.0,13.0,11.0,15.0,1,0,1,1
1058,2022,lando-norris,alexander-albon,13.0,2,656.0,13.0,14.0,15.0,13.0,0,0,0,0
1058,2022,alexander-albon,guanyu-zhou,14.0,2,879.0,14.0,15.0,13.0,10.0,0,0,0,0
1058,2022,yuki-tsunoda,nico-hulkenberg,16.0,1,27.0,16.0,17.0,8.0,17.0,1,0,1,1
1058,2022,nico-hulkenberg,daniel-ricciardo,17.0,1,168.0,17.0,18.0,17.0,14.0,0,0,0,0
1058,2022,daniel-ricciardo,lance-stroll,18.0,1,87.0,18.0,19.0,14.0,12.0,0,0,0,1
1058,2022,lance-stroll,nicholas-latifi,19.0,1,602.0,19.0,20.0,12.0,16.0,1,0,1,0
1059,2022,sergio-perez,charles-leclerc,1.0,3,25.0,1.0,2.0,4.0,2.0,0,0,0,1
1059,2022,charles-leclerc,carlos-sainz-jr,2.0,3,177.0,2.0,3.0,2.0,3.0,1,0,1,0
1059,2022,carlos-sainz-jr,max-verstappen,3.0,3,59.0,3.0,4.0,3.0,1.0,0,0,0,1
1059,2022,max-verstappen,esteban-ocon,4.0,3,607.0,4.0,5.0,1.0,6.0,1,0,1,0
1059,2022,esteban-ocon,george-russell,5.0,3,36.0,5.0,6.0,6.0,5.0,0,0,0,1
1059,2022,pierre-gasly,kevin-magnussen,9.0,3,334.0,9.0,10.0,8.0,9.0,1,0,1,0
1059,2022,lewis-hamilton,alexander-albon,16.0,1,149.0,15.0,16.0,10.0,14.0,1,0,1,0
1059,2022,alexander-albon,nico-hulkenberg,17.0,1,51.0,16.0,17.0,14.0,12.0,0,0,0,1
1060,2022,sergio-perez,lando-norris,3.0,3,463.0,3.0,4.0,2.0,5.0,1,0,1,0
1060,2022,lando-norris,lewis-hamilton,4.0,3,122.0,4.0,5.0,5.0,4.0,0,0,0,0
1060,2022,lewis-hamilton,george-russell,5.0,3,108.0,5.0,6.0,4.0,3.0,0,0,0,0
1060,2022,george-russell,daniel-ricciardo,6.0,3,99.0,6.0,7.0,3.0,6.0,1,0,1,1
1060,2022,daniel-ricciardo,esteban-ocon,7.0,3,29.0,7.0,8.0,6.0,7.0,1,0,1,1
1060,2022,fernando-alonso,pierre-gasly,10.0,2,411.0,10.0,11.0,17.0,9.0,0,0,0,0
1060,2022,pierre-gasly,valtteri-bottas,11.0,2,184.0,11.0,12.0,9.0,8.0,0,0,0,0
1060,2022,valtteri-bottas,yuki-tsunoda,12.0,2,14.0,12.0,13.0,8.0,15.0,1,0,1,1
1060,2022,yuki-tsunoda,guanyu-zhou,13.0,2,731.0,13.0,14.0,15.0,11.0,0,0,0,0
1060,2022,guanyu-zhou,mick-schumacher,14.0,2,310.0,14.0,15.0,11.0,13.0,1,0,1,0
1062,2022,charles-leclerc,carlos-sainz-jr,1.0,3,190.0,1.0,2.0,2.0,3.0,1,0,1,0
1062,2022,carlos-sainz-jr,max-verstappen,2.0,3,5.0,2.0,3.0,3.0,1.0,0,0,0,1
1062,2022,max-verstappen,sergio-perez,3.0,3,45.0,3.0,4.0,1.0,4.0,1,0,1,1
1062,2022,sergio-perez,valtteri-bottas,4.0,3,439.0,4.0,5.0,4.0,7.0,1,0,1,0
1062,2022,valtteri-bottas,lewis-hamilton,5.0,3,150.0,5.0,6.0,7.0,6.0,0,0,0,0
1062,2022,yuki-tsunoda,lance-stroll,9.0,3,744.0,9.0,21.0,12.0,10.0,0,0,0,0
1062,2022,fernando-alonso,george-russell,11.0,2,13.0,11.0,12.0,11.0,5.0,0,0,0,1
1062,2022,george-russell,sebastian-vettel,12.0,2,41.0,12.0,22.0,5.0,17.0,1,0,1,1
1062,2022,sebastian-vettel,daniel-ricciardo,13.0,2,96.0,22.0,14.0,17.0,13.0,0,1,1,1
1062,2022,daniel-ricciardo,mick-schumacher,14.0,2,113.0,14.0,15.0,13.0,15.0,1,0,1,0
1062,2022,alexander-albon,nicholas-latifi,18.0,1,59.0,18.0,19.0,9.0,14.0,1,0,1,1
1063,2022,max-verstappen,carlos-sainz-jr,2.0,3,93.0,2.0,3.0,1.0,4.0,1,0,1,1
1063,2022,carlos-sainz-jr,george-russell,3.0,3,227.0,3.0,4.0,4.0,3.0,0,0,0,0
1063,2022,george-russell,sergio-perez,4.0,3,27.0,4.0,5.0,3.0,2.0,0,0,0,1
1063,2022,sergio-perez,lewis-hamilton,5.0,3,92.0,5.0,6.0,2.0,5.0,1,0,1,1
1063,2022,lewis-hamilton,valtteri-bottas,6.0,3,96.0,6.0,7.0,5.0,6.0,1,0,1,1
1063,2022,valtteri-bottas,kevin-magnussen,7.0,3,74.0,7.0,8.0,6.0,17.0,1,0,1,1
1063,2022,kevin-magnussen,daniel-ricciardo,8.0,3,615.0,8.0,9.0,17.0,12.0,0,0,0,0
1063,2022,daniel-ricciardo,mick-schumacher,9.0,3,71.0,9.0,10.0,12.0,14.0,1,0,1,1
1063,2022,lando-norris,esteban-ocon,11.0,2,167.0,11.0,12.0,8.0,7.0,0,0,0,0
1063,2022,esteban-ocon,yuki-tsunoda,12.0,2,1.0,12.0,13.0,7.0,10.0,1,0,1,1
1063,2022,yuki-tsunoda,pierre-gasly,13.0,2,222.0,13.0,14.0,10.0,13.0,1,0,1,0
1063,2022,sebastian-vettel,fernando-alonso,16.0,1,89.0,16.0,20.0,11.0,9.0,0,0,0,1
1063,2022,fernando-alonso,lance-stroll,17.0,1,375.0,20.0,17.0,9.0,15.0,1,1,0,0
1063,2022,lance-stroll,alexander-albon,18.0,1,227.0,17.0,18.0,15.0,18.0,1,0,1,0
1063,2022,alexander-albon,nicholas-latifi,19.0,1,270.0,18.0,19.0,18.0,16.0,0,0,0,0
1064,2022,charles-leclerc,carlos-sainz-jr,1.0,3,225.0,1.0,2.0,4.0,2.0,0,0,0,0
1064,2022,carlos-sainz-jr,sergio-perez,2.0,3,28.0,2.0,3.0,2.0,1.0,0,0,0,1
1064,2022,sergio-perez,max-verstappen,3.0,3,37.0,3.0,4.0,1.0,3.0,1,0,1,1
1064,2022,max-verstappen,lando-norris,4.0,3,183.0,4.0,5.0,3.0,6.0,1,0,1,0
1064,2022,lando-norris,george-russell,5.0,3,263.0,5.0,6.0,6.0,5.0,0,0,0,0
1064,2022,george-russell,fernando-alonso,6.0,3,135.0,6.0,7.0,5.0,7.0,1,0,1,0
1064,2022,fernando-alonso,lewis-hamilton,7.0,3,313.0,7.0,8.0,7.0,8.0,1,0,1,0
1064,2022,lewis-hamilton,sebastian-vettel,8.0,3,172.0,8.0,9.0,8.0,10.0,1,0,1,0
1064,2022,sebastian-vettel,esteban-ocon,9.0,3,315.0,9.0,10.0,10.0,12.0,1,0,1,0
1064,2022,yuki-tsunoda,valtteri-bottas,11.0,2,112.0,11.0,12.0,17.0,9.0,0,0,0,0
1064,2022,pierre-gasly,lance-stroll,17.0,1,18.0,17.0,18.0,11.0,14.0,1,0,1,1
1064,2022,lance-stroll,nicholas-latifi,18.0,1,725.0,18.0,19.0,14.0,15.0,1,0,1,0
1064,2022,nicholas-latifi,guanyu-zhou,19.0,1,1203.0,19.0,20.0,15.0,16.0,1,0,1,0
1065,2022,sergio-perez,max-verstappen,2.0,3,65.0,2.0,3.0,2.0,1.0,0,0,0,1
1065,2022,george-russell,pierre-gasly,5.0,3,133.0,5.0,6.0,3.0,5.0,1,0,1,0
1065,2022,pierre-gasly,lewis-hamilton,6.0,3,79.0,6.0,7.0,5.0,4.0,0,0,0,1
1065,2022,lewis-hamilton,yuki-tsunoda,7.0,3,132.0,7.0,8.0,4.0,13.0,1,0,1,0
1065,2022,yuki-tsunoda,sebastian-vettel,8.0,3,35.0,8.0,9.0,13.0,6.0,0,0,0,1
1065,2022,sebastian-vettel,fernando-alonso,9.0,3,82.0,9.0,10.0,6.0,7.0,1,0,1,1
1065,2022,lando-norris,daniel-ricciardo,11.0,2,176.0,11.0,12.0,9.0,8.0,0,0,0,0
1065,2022,daniel-ricciardo,esteban-ocon,12.0,2,11.0,12.0,13.0,8.0,10.0,1,0,1,1
1065,2022,alexander-albon,nicholas-latifi,17.0,1,648.0,17.0,18.0,12.0,15.0,1,0,1,0
1065,2022,nicholas-latifi,lance-stroll,18.0,1,4.0,18.0,19.0,15.0,16.0,1,0,1,1
1065,2022,lance-stroll,mick-schumacher,19.0,1,404.0,19.0,20.0,16.0,14.0,0,0,0,0
1066,2022,max-verstappen,fernando-alonso,1.0,3,645.0,1.0,2.0,1.0,9.0,1,0,1,0
1066,2022,fernando-alonso,carlos-sainz-jr,2.0,3,152.0,2.0,3.0,9.0,2.0,0,0,0,0
1066,2022,carlos-sainz-jr,lewis-hamilton,3.0,3,795.0,3.0,4.0,2.0,3.0,1,0,1,0
1066,2022,lewis-hamilton,kevin-magnussen,4.0,3,69.0,4.0,5.0,3.0,17.0,1,0,1,1
1066,2022,esteban-ocon,george-russell,7.0,3,28.0,7.0,8.0,6.0,4.0,0,0,0,1
1066,2022,george-russell,daniel-ricciardo,8.0,3,192.0,8.0,9.0,4.0,11.0,1,0,1,0
1066,2022,daniel-ricciardo,guanyu-zhou,9.0,3,281.0,9.0,10.0,11.0,8.0,0,0,0,0
1066,2022,valtteri-bottas,alexander-albon,11.0,2,70.0,11.0,12.0,7.0,13.0,1,0,1,1
1066,2022,charles-leclerc,pierre-gasly,15.0,1,1484.0,19.0,15.0,5.0,14.0,1,1,0,0
1066,2022,pierre-gasly,sebastian-vettel,16.0,1,20.0,15.0,16.0,14.0,12.0,0,0,0,1
1066,2022,sebastian-vettel,lance-stroll,17.0,1,1020.0,16.0,17.0,12.0,10.0,0,0,0,0
1066,2022,lance-stroll,nicholas-latifi,18.0,1,128.0,17.0,18.0,10.0,16.0,1,0,1,0
1067,2022,carlos-sainz-jr,max-verstappen,1.0,3,72.0,1.0,2.0,1.0,7.0,1,0,1,1
1067,2022,max-verstappen,charles-leclerc,2.0,3,243.0,2.0,3.0,7.0,4.0,0,0,0,0
1067,2022,charles-leclerc,sergio-perez,3.0,3,318.0,3.0,4.0,4.0,2.0,0,0,0,0
1067,2022,sergio-perez,lewis-hamilton,4.0,3,379.0,4.0,5.0,2.0,3.0,1,0,1,0
1067,2022,lewis-hamilton,lando-norris,5.0,3,89.0,5.0,6.0,3.0,6.0,1,0,1,1
1067,2022,lando-norris,fernando-alonso,6.0,3,32.0,6.0,7.0,6.0,5.0,0,0,0,1
1067,2022,yuki-tsunoda,daniel-ricciardo,13.0,2,44.0,13.0,14.0,14.0,13.0,0,0,0,1
1067,2022,kevin-magnussen,sebastian-vettel,17.0,1,507.0,17.0,18.0,10.0,9.0,0,0,0,0
1067,2022,sebastian-vettel,mick-schumacher,18.0,1,42.0,18.0,19.0,9.0,8.0,0,0,0,1
1067,2022,mick-schumacher,lance-stroll,19.0,1,722.0,19.0,20.0,8.0,11.0,1,0,1,0
1069,2022,max-verstappen,sergio-perez,2.0,3,159.0,2.0,3.0,1.0,4.0,1,0,1,0
1069,2022,sergio-perez,lewis-hamilton,3.0,3,430.0,3.0,4.0,4.0,2.0,0,0,0,0
1069,2022,lewis-hamilton,lando-norris,4.0,3,267.0,4.0,5.0,2.0,7.0,1,0,1,0
1069,2022,lando-norris,george-russell,5.0,3,99.0,5.0,6.0,7.0,3.0,0,0,0,1
1069,2022,george-russell,fernando-alonso,6.0,3,421.0,6.0,7.0,3.0,6.0,1,0,1,0
1069,2022,daniel-ricciardo,esteban-ocon,11.0,2,126.0,9.0,10.0,9.0,8.0,0,0,0,0
1069,2022,esteban-ocon,valtteri-bottas,12.0,2,4.0,10.0,11.0,8.0,14.0,1,0,1,1
1069,2022,valtteri-bottas,sebastian-vettel,13.0,2,224.0,11.0,12.0,14.0,11.0,0,0,0,0
1069,2022,sebastian-vettel,alexander-albon,14.0,2,31.0,12.0,13.0,11.0,13.0,1,0,1,1
1069,2022,pierre-gasly,lance-stroll,16.0,1,0.0,14.0,15.0,12.0,10.0,0,0,0,1
1069,2022,lance-stroll,guanyu-zhou,17.0,1,235.0,15.0,16.0,10.0,16.0,1,0,1,0
1069,2022,guanyu-zhou,mick-schumacher,18.0,1,27.0,16.0,17.0,16.0,15.0,0,0,0,1
1070,2022,george-russell,carlos-sainz-jr,1.0,3,44.0,1.0,2.0,3.0,4.0,1,0,1,1
1070,2022,carlos-sainz-jr,charles-leclerc,2.0,3,146.0,2.0,3.0,4.0,6.0,1,0,1,0
1070,2022,charles-leclerc,lando-norris,3.0,3,202.0,3.0,4.0,6.0,7.0,1,0,1,0
1070,2022,lando-norris,esteban-ocon,4.0,3,249.0,4.0,5.0,7.0,9.0,1,0,1,0
1070,2022,esteban-ocon,fernando-alonso,5.0,3,60.0,5.0,6.0,9.0,8.0,0,0,0,1
1070,2022,fernando-alonso,lewis-hamilton,6.0,3,64.0,6.0,7.0,8.0,2.0,0,0,0,1
1070,2022,lewis-hamilton,valtteri-bottas,7.0,3,15.0,7.0,8.0,2.0,20.0,1,0,1,1
1070,2022,valtteri-bottas,daniel-ricciardo,8.0,3,222.0,8.0,9.0,20.0,15.0,0,0,0,0
1070,2022,daniel-ricciardo,max-verstappen,9.0,3,444.0,9.0,10.0,15.0,1.0,0,0,0,0
1070,2022,sergio-perez,guanyu-zhou,11.0,2,57.0,11.0,12.0,5.0,13.0,1,0,1,1
1070,2022,guanyu-zhou,kevin-magnussen,12.0,2,252.0,12.0,13.0,13.0,16.0,1,0,1,0
1070,2022,kevin-magnussen,lance-stroll,13.0,2,312.0,13.0,14.0,16.0,11.0,0,0,0,0
1070,2022,lance-stroll,mick-schumacher,14.0,2,65.0,14.0,15.0,11.0,14.0,1,0,1,1
1070,2022,yuki-tsunoda,alexander-albon,16.0,1,16.0,16.0,17.0,19.0,17.0,0,0,0,1
1070,2022,alexander-albon,sebastian-vettel,17.0,1,17.0,17.0,18.0,17.0,10.0,0,0,0,1
1070,2022,sebastian-vettel,pierre-gasly,18.0,1,254.0,18.0,20.0,10.0,12.0,1,0,1,0
1070,2022,pierre-gasly,nicholas-latifi,19.0,1,43.0,20.0,19.0,12.0,18.0,1,1,0,1
1071,2022,max-verstappen,carlos-sainz-jr,1.0,3,632.0,14.0,1.0,1.0,3.0,1,1,0,0
1071,2022,carlos-sainz-jr,sergio-perez,2.0,3,165.0,1.0,2.0,3.0,2.0,0,0,0,0
1071,2022,sergio-perez,charles-leclerc,3.0,3,91.0,2.0,15.0,2.0,6.0,1,0,1,1
1071,2022,charles-leclerc,esteban-ocon,4.0,3,627.0,15.0,16.0,6.0,7.0,1,0,1,0
1071,2022,esteban-ocon,fernando-alonso,5.0,3,188.0,16.0,3.0,7.0,5.0,0,1,1,0
1071,2022,george-russell,alexander-albon,8.0,3,61.0,5.0,6.0,4.0,10.0,1,0,1,1
1071,2022,alexander-albon,lando-norris,9.0,3,341.0,6.0,17.0,10.0,12.0,1,0,1,0
1071,2022,daniel-ricciardo,pierre-gasly,11.0,2,60.0,7.0,21.0,15.0,9.0,0,0,0,1
1071,2022,pierre-gasly,guanyu-zhou,12.0,2,258.0,21.0,18.0,9.0,14.0,1,1,0,0
1071,2022,guanyu-zhou,lance-stroll,13.0,2,526.0,18.0,9.0,14.0,11.0,0,1,1,0
1071,2022,lance-stroll,mick-schumacher,14.0,2,1107.0,9.0,19.0,11.0,17.0,1,0,1,0
1071,2022,sebastian-vettel,nicholas-latifi,16.0,1,57.0,10.0,11.0,8.0,18.0,1,0,1,1
1071,2022,nicholas-latifi,kevin-magnussen,17.0,1,156.0,11.0,12.0,18.0,16.0,0,0,0,0
1071,2022,kevin-magnussen,yuki-tsunoda,18.0,1,135.0,12.0,20.0,16.0,13.0,0,0,0,0
1072,2022,max-verstappen,charles-leclerc,1.0,3,21.0,1.0,2.0,1.0,3.0,1,0,1,1
1072,2022,charles-leclerc,carlos-sainz-jr,2.0,3,71.0,2.0,3.0,3.0,8.0,1,0,1,1
1072,2022,carlos-sainz-jr,lewis-hamilton,3.0,3,214.0,3.0,4.0,8.0,4.0,0,0,0,0
1072,2022,lewis-hamilton,sergio-perez,4.0,3,429.0,4.0,5.0,4.0,5.0,1,0,1,0
1072,2022,sergio-perez,george-russell,5.0,3,70.0,5.0,6.0,5.0,2.0,0,0,0,1
1072,2022,george-russell,lando-norris,6.0,3,27.0,6.0,7.0,2.0,7.0,1,0,1,1
1072,2022,lando-norris,mick-schumacher,7.0,3,268.0,7.0,8.0,7.0,13.0,1,0,1,0
1072,2022,lance-stroll,pierre-gasly,10.0,2,96.0,10.0,11.0,10.0,11.0,1,0,1,1
1072,2022,pierre-gasly,esteban-ocon,11.0,2,93.0,11.0,12.0,11.0,9.0,0,0,0,1
1072,2022,esteban-ocon,fernando-alonso,12.0,2,8.0,12.0,13.0,9.0,6.0,0,0,0,1
1072,2022,fernando-alonso,guanyu-zhou,13.0,2,91.0,13.0,14.0,6.0,16.0,1,0,1,1
1072,2022,guanyu-zhou,alexander-albon,14.0,2,98.0,14.0,15.0,16.0,12.0,0,0,0,1
1072,2022,daniel-ricciardo,kevin-magnussen,17.0,1,238.0,17.0,18.0,17.0,15.0,0,0,0,0
1072,2022,kevin-magnussen,sebastian-vettel,18.0,1,72.0,18.0,19.0,15.0,14.0,0,0,0,1
1072,2022,sebastian-vettel,nicholas-latifi,19.0,1,962.0,19.0,20.0,14.0,18.0,1,0,1,0
1073,2022,charles-leclerc,max-verstappen,1.0,3,145.0,1.0,7.0,2.0,1.0,0,0,0,0
1073,2022,max-verstappen,carlos-sainz-jr,2.0,3,123.0,7.0,18.0,1.0,4.0,1,0,1,0
1073,2022,carlos-sainz-jr,sergio-perez,3.0,3,777.0,18.0,13.0,4.0,6.0,1,1,0,0
1073,2022,sergio-perez,lewis-hamilton,4.0,3,318.0,13.0,19.0,6.0,5.0,0,0,0,0
1073,2022,lewis-hamilton,george-russell,5.0,3,18.0,19.0,2.0,5.0,3.0,0,1,1,1
1073,2022,george-russell,lando-norris,6.0,3,42.0,2.0,3.0,3.0,7.0,1,0,1,1
1073,2022,esteban-ocon,valtteri-bottas,11.0,2,105.0,14.0,15.0,11.0,13.0,1,0,1,0
1073,2022,valtteri-bottas,nyck-de-vries,12.0,2,236.0,15.0,8.0,13.0,9.0,0,1,1,0
1073,2022,nyck-de-vries,guanyu-zhou,13.0,2,106.0,8.0,9.0,9.0,10.0,1,0,1,0
1073,2022,yuki-tsunoda,nicholas-latifi,15.0,1,567.0,20.0,10.0,14.0,15.0,1,1,0,0
1073,2022,kevin-magnussen,mick-schumacher,19.0,1,97.0,16.0,17.0,16.0,12.0,0,0,0,1
1074,2022,charles-leclerc,sergio-perez,1.0,3,22.0,1.0,2.0,2.0,1.0,0,0,0,1
1074,2022,sergio-perez,lewis-hamilton,2.0,3,32.0,2.0,3.0,1.0,9.0,1,0,1,1
1074,2022,lewis-hamilton,carlos-sainz-jr,3.0,3,117.0,3.0,4.0,9.0,3.0,0,0,0,0
1074,2022,lando-norris,pierre-gasly,6.0,3,627.0,6.0,7.0,4.0,10.0,1,0,1,0
1074,2022,pierre-gasly,max-verstappen,7.0,3,184.0,7.0,8.0,10.0,7.0,0,0,0,0
1074,2022,max-verstappen,kevin-magnussen,8.0,3,178.0,8.0,9.0,7.0,12.0,1,0,1,0
1074,2022,george-russell,lance-stroll,11.0,2,199.0,20.0,11.0,14.0,6.0,0,1,1,0
1074,2022,lance-stroll,mick-schumacher,12.0,2,159.0,11.0,12.0,6.0,13.0,1,0,1,0
1074,2022,mick-schumacher,sebastian-vettel,13.0,2,10.0,12.0,13.0,13.0,8.0,0,0,0,1
1074,2022,valtteri-bottas,daniel-ricciardo,16.0,1,143.0,15.0,16.0,11.0,5.0,0,0,0,0
1075,2022,max-verstappen,charles-leclerc,1.0,3,10.0,1.0,2.0,1.0,3.0,1,0,1,1
1075,2022,sergio-perez,esteban-ocon,4.0,3,456.0,4.0,5.0,2.0,4.0,1,0,1,0
1075,2022,esteban-ocon,lewis-hamilton,5.0,3,96.0,5.0,6.0,4.0,5.0,1,0,1,1
1075,2022,lewis-hamilton,fernando-alonso,6.0,3,61.0,6.0,7.0,5.0,7.0,1,0,1,1
1075,2022,fernando-alonso,george-russell,7.0,3,67.0,7.0,8.0,7.0,8.0,1,0,1,1
1075,2022,george-russell,sebastian-vettel,8.0,3,165.0,8.0,9.0,8.0,6.0,0,0,0,0
1075,2022,sebastian-vettel,lando-norris,9.0,3,449.0,9.0,10.0,6.0,10.0,1,0,1,0
1075,2022,daniel-ricciardo,valtteri-bottas,11.0,2,50.0,11.0,12.0,11.0,15.0,1,0,1,1
1075,2022,valtteri-bottas,yuki-tsunoda,12.0,2,99.0,12.0,13.0,15.0,13.0,0,0,0,1
1075,2022,yuki-tsunoda,guanyu-zhou,13.0,2,145.0,13.0,14.0,13.0,16.0,1,0,1,0
1075,2022,guanyu-zhou,mick-schumacher,14.0,2,486.0,14.0,15.0,16.0,17.0,1,0,1,0
1075,2022,pierre-gasly,kevin-magnussen,17.0,1,30.0,20.0,17.0,18.0,14.0,0,1,1,1
1075,2022,kevin-magnussen,lance-stroll,18.0,1,67.0,17.0,18.0,14.0,12.0,0,0,0,1
1075,2022,lance-stroll,nicholas-latifi,19.0,1,92.0,18.0,19.0,12.0,9.0,0,0,0,1
1076,2022,charles-leclerc,max-verstappen,2.0,3,27.0,12.0,2.0,3.0,1.0,0,1,1,1
1076,2022,max-verstappen,sergio-perez,3.0,3,197.0,2.0,9.0,1.0,4.0,1,0,1,0
1076,2022,sergio-perez,lewis-hamilton,4.0,3,302.0,9.0,3.0,4.0,2.0,0,1,1,0
1076,2022,lewis-hamilton,george-russell,5.0,3,41.0,3.0,4.0,2.0,5.0,1,0,1,1
1076,2022,lando-norris,fernando-alonso,8.0,3,186.0,6.0,14.0,6.0,7.0,1,0,1,0
1076,2022,alexander-albon,sebastian-vettel,11.0,2,30.0,8.0,10.0,13.0,8.0,0,0,0,1
1076,2022,sebastian-vettel,pierre-gasly,12.0,2,342.0,10.0,11.0,8.0,14.0,1,0,1,0
1076,2022,pierre-gasly,guanyu-zhou,13.0,2,230.0,11.0,18.0,14.0,12.0,0,0,0,0
1076,2022,guanyu-zhou,yuki-tsunoda,14.0,2,177.0,18.0,19.0,12.0,10.0,0,0,0,0
1076,2022,kevin-magnussen,daniel-ricciardo,16.0,1,97.0,13.0,15.0,9.0,16.0,1,0,1,1
1076,2022,daniel-ricciardo,esteban-ocon,17.0,1,22.0,15.0,20.0,16.0,11.0,0,0,0,1
1076,2022,esteban-ocon,mick-schumacher,18.0,1,43.0,20.0,16.0,11.0,15.0,1,1,0,1
1076,2022,mick-schumacher,nicholas-latifi,19.0,1,133.0,16.0,17.0,15.0,17.0,1,0,1,0
1077,2022,max-verstappen,george-russell,1.0,3,304.0,1.0,2.0,1.0,4.0,1,0,1,0
1077,2022,george-russell,lewis-hamilton,2.0,3,5.0,2.0,3.0,4.0,2.0,0,0,0,1
1077,2022,lewis-hamilton,sergio-perez,3.0,3,44.0,3.0,4.0,2.0,3.0,1,0,1,1
1077,2022,sergio-perez,carlos-sainz-jr,4.0,3,223.0,4.0,5.0,3.0,5.0,1,0,1,0
1077,2022,carlos-sainz-jr,valtteri-bottas,5.0,3,50.0,5.0,6.0,5.0,10.0,1,0,1,1
1077,2022,valtteri-bottas,charles-leclerc,6.0,3,154.0,6.0,7.0,10.0,6.0,0,0,0,0
1077,2022,charles-leclerc,lando-norris,7.0,3,166.0,7.0,8.0,6.0,9.0,1,0,1,0
1077,2022,lando-norris,fernando-alonso,8.0,3,218.0,8.0,9.0,9.0,19.0,1,0,1,0
1077,2022,fernando-alonso,esteban-ocon,9.0,3,71.0,9.0,10.0,19.0,8.0,0,0,0,1
1077,2022,daniel-ricciardo,guanyu-zhou,11.0,2,151.0,11.0,12.0,7.0,13.0,1,0,1,0
1077,2022,pierre-gasly,kevin-magnussen,14.0,2,161.0,14.0,19.0,11.0,17.0,1,0,1,0
1077,2022,mick-schumacher,sebastian-vettel,16.0,1,0.0,15.0,16.0,16.0,14.0,0,0,0,1
1077,2022,sebastian-vettel,lance-stroll,17.0,1,101.0,16.0,20.0,14.0,15.0,1,0,1,0
1077,2022,lance-stroll,alexander-albon,18.0,1,339.0,20.0,17.0,15.0,12.0,0,1,1,0
1077,2022,alexander-albon,nicholas-latifi,19.0,1,308.0,17.0,18.0,12.0,18.0,1,0,1,0
1079,2022,max-verstappen,sergio-perez,1.0,3,228.0,1.0,2.0,1.0,3.0,1,0,1,0
1079,2022,sergio-perez,charles-leclerc,2.0,3,40.0,2.0,3.0,3.0,2.0,0,0,0,1
1079,2022,charles-leclerc,carlos-sainz-jr,3.0,3,150.0,3.0,4.0,2.0,4.0,1,0,1,0
1079,2022,carlos-sainz-jr,lewis-hamilton,4.0,3,266.0,4.0,5.0,4.0,18.0,1,0,1,0
1079,2022,lewis-hamilton,george-russell,5.0,3,3.0,5.0,6.0,18.0,5.0,0,0,0,1
1079,2022,george-russell,lando-norris,6.0,3,258.0,6.0,7.0,5.0,6.0,1,0,1,0
1079,2022,lando-norris,esteban-ocon,7.0,3,61.0,7.0,8.0,6.0,7.0,1,0,1,1
1079,2022,esteban-ocon,sebastian-vettel,8.0,3,131.0,8.0,9.0,7.0,10.0,1,0,1,0
1079,2022,sebastian-vettel,daniel-ricciardo,9.0,3,84.0,9.0,13.0,10.0,9.0,0,0,0,1
1079,2022,yuki-tsunoda,mick-schumacher,12.0,2,6.0,11.0,12.0,11.0,16.0,1,0,1,1
1079,2022,mick-schumacher,lance-stroll,13.0,2,134.0,12.0,14.0,16.0,8.0,0,0,0,0
1079,2022,lance-stroll,guanyu-zhou,14.0,2,49.0,14.0,15.0,8.0,12.0,1,0,1,1
1079,2022,kevin-magnussen,pierre-gasly,16.0,1,25.0,16.0,17.0,17.0,14.0,0,0,0,1
1079,2022,pierre-gasly,valtteri-bottas,17.0,1,33.0,17.0,18.0,14.0,15.0,1,0,1,1
1079,2022,valtteri-bottas,alexander-albon,18.0,1,136.0,18.0,19.0,15.0,13.0,0,0,0,0
1079,2022,alexander-albon,nicholas-latifi,19.0,1,26.0,19.0,20.0,13.0,19.0,1,0,1,1
1080,2023,max-verstappen,sergio-perez,1.0,3,138.0,1.0,2.0,1.0,2.0,1,0,1,0
1080,2023,carlos-sainz-jr,fernando-alonso,4.0,3,182.0,4.0,5.0,4.0,3.0,0,0,0,0
1080,2023,fernando-alonso,george-russell,5.0,3,4.0,5.0,6.0,3.0,7.0,1,0,1,1
1080,2023,george-russell,lewis-hamilton,6.0,3,44.0,6.0,7.0,7.0,5.0,0,0,0,1
1080,2023,lewis-hamilton,lance-stroll,7.0,3,452.0,7.0,8.0,5.0,6.0,1,0,1,0
1080,2023,nico-hulkenberg,lando-norris,10.0,2,572.0,10.0,11.0,15.0,17.0,1,0,1,0
1080,2023,lando-norris,valtteri-bottas,11.0,2,62.0,11.0,12.0,17.0,8.0,0,0,0,1
1080,2023,valtteri-bottas,guanyu-zhou,12.0,2,30.0,12.0,13.0,8.0,16.0,1,0,1,1
1080,2023,guanyu-zhou,yuki-tsunoda,13.0,2,1037.0,13.0,14.0,16.0,11.0,0,0,0,0
1080,2023,alexander-albon,logan-sargeant,15.0,1,191.0,15.0,16.0,10.0,12.0,1,0,1,0
1080,2023,logan-sargeant,kevin-magnussen,16.0,1,240.0,16.0,17.0,12.0,13.0,1,0,1,0
1080,2023,nyck-de-vries,pierre-gasly,19.0,1,60.0,19.0,20.0,14.0,9.0,0,0,0,1
1081,2023,sergio-perez,charles-leclerc,1.0,3,155.0,1.0,12.0,1.0,7.0,1,0,1,0
1081,2023,charles-leclerc,fernando-alonso,2.0,3,310.0,12.0,2.0,7.0,3.0,0,1,1,0
1081,2023,fernando-alonso,george-russell,3.0,3,127.0,2.0,3.0,3.0,4.0,1,0,1,0
1081,2023,george-russell,carlos-sainz-jr,4.0,3,74.0,3.0,4.0,4.0,6.0,1,0,1,1
1081,2023,esteban-ocon,lewis-hamilton,7.0,3,145.0,6.0,7.0,8.0,5.0,0,0,0,0
1081,2023,lewis-hamilton,oscar-piastri,8.0,3,20.0,7.0,8.0,5.0,15.0,1,0,1,1
1081,2023,oscar-piastri,pierre-gasly,9.0,3,114.0,8.0,9.0,15.0,9.0,0,0,0,0
1081,2023,nico-hulkenberg,guanyu-zhou,11.0,2,10.0,10.0,11.0,12.0,13.0,1,0,1,1
1081,2023,guanyu-zhou,kevin-magnussen,12.0,2,173.0,11.0,13.0,13.0,10.0,0,0,0,0
1081,2023,kevin-magnussen,valtteri-bottas,13.0,2,34.0,13.0,14.0,10.0,18.0,1,0,1,1
1081,2023,valtteri-bottas,max-verstappen,14.0,2,20285.0,14.0,15.0,18.0,2.0,0,0,0,0
1081,2023,nyck-de-vries,lando-norris,18.0,1,203.0,18.0,19.0,14.0,17.0,1,0,1,0
1082,2023,lewis-hamilton,fernando-alonso,3.0,3,35.0,3.0,4.0,2.0,3.0,1,0,1,1
1082,2023,fernando-alonso,carlos-sainz-jr,4.0,3,131.0,4.0,5.0,3.0,12.0,1,0,1,0
1082,2023,carlos-sainz-jr,lance-stroll,5.0,3,38.0,5.0,6.0,12.0,4.0,0,0,0,1
1082,2023,pierre-gasly,nico-hulkenberg,9.0,3,60.0,9.0,10.0,13.0,7.0,0,0,0,1
1082,2023,esteban-ocon,yuki-tsunoda,11.0,2,331.0,11.0,12.0,14.0,10.0,0,0,0,0
1082,2023,yuki-tsunoda,lando-norris,12.0,2,20.0,12.0,13.0,10.0,6.0,0,0,0,1
1082,2023,lando-norris,kevin-magnussen,13.0,2,10.0,13.0,14.0,6.0,17.0,1,0,1,1
1082,2023,kevin-magnussen,nyck-de-vries,14.0,2,206.0,14.0,15.0,17.0,15.0,0,0,0,0
1082,2023,oscar-piastri,guanyu-zhou,16.0,1,23.0,16.0,17.0,8.0,9.0,1,0,1,1
1082,2023,guanyu-zhou,logan-sargeant,17.0,1,17.0,17.0,18.0,9.0,16.0,1,0,1,1
1082,2023,logan-sargeant,valtteri-bottas,18.0,1,157.0,18.0,19.0,16.0,11.0,0,0,0,0
1083,2023,charles-leclerc,max-verstappen,1.0,3,188.0,1.0,2.0,3.0,2.0,0,0,0,0
1083,2023,max-verstappen,sergio-perez,2.0,3,104.0,2.0,3.0,2.0,1.0,0,0,0,0
1083,2023,sergio-perez,carlos-sainz-jr,3.0,3,521.0,3.0,4.0,1.0,5.0,1,0,1,0
1083,2023,carlos-sainz-jr,lewis-hamilton,4.0,3,161.0,4.0,5.0,5.0,6.0,1,0,1,0
1083,2023,lewis-hamilton,fernando-alonso,5.0,3,76.0,5.0,6.0,6.0,4.0,0,0,0,1
1083,2023,fernando-alonso,lando-norris,6.0,3,28.0,6.0,7.0,4.0,9.0,1,0,1,1
1083,2023,lando-norris,yuki-tsunoda,7.0,3,300.0,7.0,8.0,9.0,10.0,1,0,1,0
1083,2023,yuki-tsunoda,lance-stroll,8.0,3,30.0,8.0,9.0,10.0,7.0,0,0,0,1
1083,2023,lance-stroll,oscar-piastri,9.0,3,0.0,9.0,10.0,7.0,11.0,1,0,1,1
1083,2023,george-russell,esteban-ocon,11.0,2,144.0,11.0,19.0,8.0,15.0,1,0,1,0
1083,2023,esteban-ocon,alexander-albon,12.0,2,20.0,19.0,12.0,15.0,12.0,0,1,1,1
1083,2023,alexander-albon,valtteri-bottas,13.0,2,441.0,12.0,13.0,12.0,18.0,1,0,1,0
1083,2023,valtteri-bottas,logan-sargeant,14.0,2,136.0,13.0,14.0,18.0,16.0,0,0,0,0
1083,2023,nico-hulkenberg,kevin-magnussen,17.0,1,662.0,20.0,16.0,17.0,13.0,0,1,1,0
1083,2023,kevin-magnussen,pierre-gasly,18.0,1,1436.0,16.0,17.0,13.0,14.0,1,0,1,0
1084,2023,sergio-perez,fernando-alonso,1.0,3,361.0,1.0,2.0,2.0,3.0,1,0,1,0
1084,2023,fernando-alonso,carlos-sainz-jr,2.0,3,147.0,2.0,3.0,3.0,5.0,1,0,1,0
1084,2023,carlos-sainz-jr,kevin-magnussen,3.0,3,418.0,3.0,4.0,5.0,10.0,1,0,1,0
1084,2023,kevin-magnussen,pierre-gasly,4.0,3,19.0,4.0,5.0,10.0,8.0,0,0,0,1
1084,2023,pierre-gasly,george-russell,5.0,3,18.0,5.0,6.0,8.0,4.0,0,0,0,1
1084,2023,george-russell,charles-leclerc,6.0,3,57.0,6.0,7.0,4.0,7.0,1,0,1,1
1084,2023,charles-leclerc,esteban-ocon,7.0,3,74.0,7.0,8.0,7.0,9.0,1,0,1,1
1084,2023,max-verstappen,valtteri-bottas,9.0,2,750.0,9.0,10.0,1.0,13.0,1,0,1,0
1084,2023,valtteri-bottas,alexander-albon,10.0,2,231.0,10.0,11.0,13.0,14.0,1,0,1,0
1084,2023,alexander-albon,nico-hulkenberg,11.0,2,108.0,11.0,12.0,14.0,15.0,1,0,1,0
1084,2023,nico-hulkenberg,lewis-hamilton,12.0,2,72.0,12.0,13.0,15.0,6.0,0,0,0,1
1084,2023,lewis-hamilton,guanyu-zhou,13.0,2,116.0,13.0,14.0,6.0,16.0,1,0,1,0
1084,2023,guanyu-zhou,nyck-de-vries,14.0,2,304.0,14.0,15.0,16.0,18.0,1,0,1,0
1084,2023,lando-norris,yuki-tsunoda,16.0,1,35.0,16.0,17.0,17.0,11.0,0,0,0,1
1084,2023,yuki-tsunoda,lance-stroll,17.0,1,47.0,17.0,18.0,11.0,12.0,1,0,1,1
1084,2023,lance-stroll,oscar-piastri,18.0,1,8.0,18.0,19.0,12.0,19.0,1,0,1,1
1084,2023,oscar-piastri,logan-sargeant,19.0,1,93.0,19.0,20.0,19.0,20.0,1,0,1,1
1085,2023,max-verstappen,fernando-alonso,1.0,3,84.0,1.0,2.0,1.0,2.0,1,0,1,1
1085,2023,fernando-alonso,charles-leclerc,2.0,3,22.0,2.0,6.0,2.0,6.0,1,0,1,1
1085,2023,charles-leclerc,esteban-ocon,3.0,3,82.0,6.0,3.0,6.0,3.0,0,1,1,1
1085,2023,esteban-ocon,carlos-sainz-jr,4.0,3,77.0,3.0,4.0,3.0,8.0,1,0,1,1
1085,2023,carlos-sainz-jr,lewis-hamilton,5.0,3,95.0,4.0,5.0,8.0,4.0,0,0,0,1
1085,2023,lewis-hamilton,pierre-gasly,6.0,3,208.0,5.0,7.0,4.0,7.0,1,0,1,0
1085,2023,pierre-gasly,george-russell,7.0,3,31.0,7.0,8.0,7.0,5.0,0,0,0,1
1085,2023,george-russell,yuki-tsunoda,8.0,3,118.0,8.0,9.0,5.0,15.0,1,0,1,0
1085,2023,yuki-tsunoda,lando-norris,9.0,3,172.0,9.0,10.0,15.0,9.0,0,0,0,0
1085,2023,oscar-piastri,nyck-de-vries,11.0,2,33.0,11.0,12.0,10.0,12.0,1,0,1,1
1085,2023,nyck-de-vries,alexander-albon,12.0,2,99.0,12.0,13.0,12.0,14.0,1,0,1,1
1085,2023,logan-sargeant,kevin-magnussen,16.0,1,157.0,16.0,17.0,18.0,19.0,1,0,1,0
1085,2023,kevin-magnussen,nico-hulkenberg,17.0,1,9.0,17.0,18.0,19.0,17.0,0,0,0,1
1085,2023,nico-hulkenberg,guanyu-zhou,18.0,1,244.0,18.0,19.0,17.0,13.0,0,0,0,0
1085,2023,guanyu-zhou,sergio-perez,19.0,1,327.0,19.0,20.0,13.0,16.0,1,0,1,0
1086,2023,max-verstappen,carlos-sainz-jr,1.0,3,462.0,1.0,2.0,1.0,5.0,1,0,1,0
1086,2023,carlos-sainz-jr,lando-norris,2.0,3,58.0,2.0,3.0,5.0,17.0,1,0,1,1
1086,2023,lando-norris,pierre-gasly,3.0,3,24.0,3.0,10.0,17.0,10.0,0,0,0,1
1086,2023,pierre-gasly,lewis-hamilton,4.0,3,2.0,10.0,4.0,10.0,2.0,0,1,1,1
1086,2023,lewis-hamilton,lance-stroll,5.0,3,176.0,4.0,5.0,2.0,6.0,1,0,1,0
1086,2023,lance-stroll,esteban-ocon,6.0,3,89.0,5.0,6.0,6.0,8.0,1,0,1,1
1086,2023,esteban-ocon,nico-hulkenberg,7.0,3,146.0,6.0,7.0,8.0,15.0,1,0,1,0
1086,2023,nico-hulkenberg,fernando-alonso,8.0,3,278.0,7.0,8.0,15.0,7.0,0,0,0,0
1086,2023,fernando-alonso,oscar-piastri,9.0,3,175.0,8.0,9.0,7.0,13.0,1,0,1,0
1086,2023,sergio-perez,george-russell,11.0,2,113.0,11.0,12.0,4.0,3.0,0,0,0,0
1086,2023,george-russell,guanyu-zhou,12.0,2,74.0,12.0,13.0,3.0,9.0,1,0,1,1
1086,2023,guanyu-zhou,nyck-de-vries,13.0,2,562.0,13.0,14.0,9.0,14.0,1,0,1,0
1086,2023,nyck-de-vries,yuki-tsunoda,14.0,2,394.0,14.0,15.0,14.0,12.0,0,0,0,0
1086,2023,valtteri-bottas,kevin-magnussen,16.0,1,65.0,16.0,17.0,19.0,18.0,0,0,0,1
1086,2023,kevin-magnussen,alexander-albon,17.0,1,21.0,17.0,18.0,18.0,16.0,0,0,0,1
1086,2023,alexander-albon,charles-leclerc,18.0,1,16.0,18.0,19.0,16.0,11.0,0,0,0,1
1086,2023,charles-leclerc,logan-sargeant,19.0,1,620.0,19.0,20.0,11.0,20.0,1,0,1,0
1087,2023,max-verstappen,nico-hulkenberg,1.0,3,1244.0,1.0,5.0,1.0,15.0,1,0,1,0
1087,2023,nico-hulkenberg,fernando-alonso,2.0,3,184.0,5.0,2.0,15.0,2.0,0,1,1,0
1087,2023,fernando-alonso,lewis-hamilton,3.0,3,341.0,2.0,3.0,2.0,3.0,1,0,1,0
1087,2023,esteban-ocon,lando-norris,6.0,3,101.0,6.0,7.0,8.0,13.0,1,0,1,0
1087,2023,lando-norris,carlos-sainz-jr,7.0,3,1248.0,7.0,11.0,13.0,5.0,0,0,0,0
1087,2023,carlos-sainz-jr,oscar-piastri,8.0,3,2055.0,11.0,8.0,5.0,11.0,1,1,0,0
1087,2023,alexander-albon,charles-leclerc,10.0,2,1890.0,9.0,10.0,7.0,4.0,0,0,0,0
1087,2023,charles-leclerc,sergio-perez,11.0,2,344.0,10.0,12.0,4.0,6.0,1,0,1,0
1087,2023,sergio-perez,lance-stroll,12.0,2,525.0,12.0,16.0,6.0,9.0,1,0,1,0
1087,2023,lance-stroll,kevin-magnussen,13.0,2,194.0,16.0,13.0,9.0,17.0,1,1,0,0
1087,2023,kevin-magnussen,valtteri-bottas,14.0,2,143.0,13.0,14.0,17.0,10.0,0,0,0,0
1087,2023,yuki-tsunoda,pierre-gasly,16.0,1,140.0,19.0,15.0,14.0,12.0,0,1,1,0
1087,2023,pierre-gasly,nyck-de-vries,17.0,1,251.0,15.0,17.0,12.0,18.0,1,0,1,0
1088,2023,max-verstappen,charles-leclerc,1.0,3,48.0,1.0,2.0,1.0,2.0,1,0,1,1
1088,2023,charles-leclerc,carlos-sainz-jr,2.0,3,142.0,2.0,3.0,2.0,6.0,1,0,1,0
1088,2023,carlos-sainz-jr,lando-norris,3.0,3,77.0,3.0,4.0,6.0,4.0,0,0,0,1
1088,2023,lando-norris,lewis-hamilton,4.0,3,161.0,4.0,5.0,4.0,8.0,1,0,1,0
1088,2023,lewis-hamilton,lance-stroll,5.0,3,74.0,5.0,6.0,8.0,9.0,1,0,1,1
1088,2023,lance-stroll,fernando-alonso,6.0,3,18.0,6.0,7.0,9.0,5.0,0,0,0,1
1088,2023,pierre-gasly,alexander-albon,9.0,3,653.0,9.0,10.0,10.0,11.0,1,0,1,0
1088,2023,george-russell,esteban-ocon,11.0,2,25.0,11.0,12.0,7.0,14.0,1,0,1,1
1088,2023,esteban-ocon,oscar-piastri,12.0,2,152.0,12.0,13.0,14.0,16.0,1,0,1,0
1088,2023,oscar-piastri,valtteri-bottas,13.0,2,75.0,13.0,19.0,16.0,15.0,0,0,0,1
1088,2023,valtteri-bottas,sergio-perez,14.0,2,61008.0,19.0,15.0,15.0,3.0,0,1,1,0
1088,2023,yuki-tsunoda,guanyu-zhou,16.0,1,34.0,16.0,17.0,19.0,12.0,0,0,0,1
1088,2023,guanyu-zhou,logan-sargeant,17.0,1,130.0,17.0,18.0,12.0,13.0,1,0,1,0
1088,2023,logan-sargeant,kevin-magnussen,18.0,1,23.0,18.0,20.0,13.0,18.0,1,0,1,1
1088,2023,kevin-magnussen,nyck-de-vries,19.0,1,3.0,20.0,21.0,18.0,17.0,0,0,0,1
1089,2023,max-verstappen,lando-norris,1.0,3,241.0,1.0,2.0,1.0,2.0,1,0,1,0
1089,2023,lando-norris,oscar-piastri,2.0,3,131.0,2.0,3.0,2.0,4.0,1,0,1,0
1089,2023,oscar-piastri,charles-leclerc,3.0,3,44.0,3.0,4.0,4.0,9.0,1,0,1,1
1089,2023,charles-leclerc,carlos-sainz-jr,4.0,3,12.0,4.0,5.0,9.0,10.0,1,0,1,1
1089,2023,carlos-sainz-jr,george-russell,5.0,3,7.0,5.0,6.0,10.0,5.0,0,0,0,1
1089,2023,george-russell,lewis-hamilton,6.0,3,56.0,6.0,7.0,5.0,3.0,0,0,0,1
1089,2023,lewis-hamilton,alexander-albon,7.0,3,319.0,7.0,8.0,3.0,8.0,1,0,1,0
1089,2023,alexander-albon,fernando-alonso,8.0,3,129.0,8.0,9.0,8.0,7.0,0,0,0,0
1089,2023,fernando-alonso,pierre-gasly,9.0,3,30.0,9.0,10.0,7.0,18.0,1,0,1,1
1089,2023,nico-hulkenberg,lance-stroll,11.0,2,39.0,11.0,12.0,13.0,14.0,1,0,1,1
1089,2023,sergio-perez,yuki-tsunoda,15.0,1,57.0,15.0,16.0,6.0,16.0,1,0,1,1
1089,2023,yuki-tsunoda,guanyu-zhou,16.0,1,98.0,16.0,17.0,16.0,15.0,0,0,0,1
1089,2023,guanyu-zhou,nyck-de-vries,17.0,1,390.0,17.0,18.0,15.0,17.0,1,0,1,0
1090,2023,lewis-hamilton,max-verstappen,1.0,3,3.0,1.0,2.0,4.0,1.0,0,0,0,1
1090,2023,max-verstappen,lando-norris,2.0,3,82.0,2.0,3.0,1.0,2.0,1,0,1,1
1090,2023,lando-norris,oscar-piastri,3.0,3,211.0,3.0,4.0,2.0,5.0,1,0,1,0
1090,2023,oscar-piastri,guanyu-zhou,4.0,3,66.0,4.0,5.0,5.0,16.0,1,0,1,1
1090,2023,guanyu-zhou,charles-leclerc,5.0,3,21.0,5.0,6.0,16.0,7.0,0,0,0,1
1090,2023,charles-leclerc,valtteri-bottas,6.0,3,42.0,6.0,7.0,7.0,12.0,1,0,1,1
1090,2023,valtteri-bottas,fernando-alonso,7.0,3,1.0,7.0,8.0,12.0,9.0,0,0,0,1
1090,2023,fernando-alonso,sergio-perez,8.0,3,10.0,8.0,9.0,9.0,3.0,0,0,0,1
1090,2023,sergio-perez,nico-hulkenberg,9.0,3,141.0,9.0,10.0,3.0,14.0,1,0,1,0
1090,2023,daniel-ricciardo,lance-stroll,13.0,2,142.0,13.0,14.0,13.0,10.0,0,0,0,0
1090,2023,alexander-albon,yuki-tsunoda,16.0,1,2.0,16.0,17.0,11.0,15.0,1,0,1,1
1090,2023,yuki-tsunoda,george-russell,17.0,1,108.0,17.0,18.0,15.0,6.0,0,0,0,0
1090,2023,george-russell,kevin-magnussen,18.0,1,179.0,18.0,19.0,6.0,17.0,1,0,1,0
1090,2023,kevin-magnussen,logan-sargeant,19.0,1,42.0,19.0,20.0,17.0,18.0,1,0,1,1
1091,2023,max-verstappen,charles-leclerc,1.0,3,820.0,6.0,1.0,1.0,3.0,1,1,0,0
1091,2023,charles-leclerc,sergio-perez,2.0,3,57.0,1.0,2.0,3.0,2.0,0,0,0,1
1091,2023,sergio-perez,lewis-hamilton,3.0,3,42.0,2.0,3.0,2.0,4.0,1,0,1,1
1091,2023,lando-norris,george-russell,7.0,3,136.0,7.0,8.0,7.0,6.0,0,0,0,0
1091,2023,george-russell,fernando-alonso,8.0,3,38.0,8.0,9.0,6.0,5.0,0,0,0,1
1091,2023,fernando-alonso,lance-stroll,9.0,3,998.0,9.0,10.0,5.0,9.0,1,0,1,0
1091,2023,yuki-tsunoda,pierre-gasly,11.0,2,523.0,11.0,12.0,10.0,11.0,1,0,1,0
1091,2023,pierre-gasly,kevin-magnussen,12.0,2,489.0,12.0,16.0,11.0,15.0,1,0,1,0
1091,2023,kevin-magnussen,valtteri-bottas,13.0,2,534.0,16.0,13.0,15.0,12.0,0,1,1,0
1091,2023,valtteri-bottas,esteban-ocon,14.0,2,1678.0,13.0,14.0,12.0,8.0,0,0,0,0
1091,2023,alexander-albon,guanyu-zhou,16.0,1,518.0,15.0,17.0,14.0,13.0,0,0,0,0
1091,2023,guanyu-zhou,logan-sargeant,17.0,1,703.0,17.0,18.0,13.0,17.0,1,0,1,0
1091,2023,logan-sargeant,daniel-ricciardo,18.0,1,624.0,18.0,19.0,17.0,16.0,0,0,0,0
1091,2023,daniel-ricciardo,nico-hulkenberg,19.0,1,1007.0,19.0,20.0,16.0,18.0,1,0,1,0
1092,2023,max-verstappen,lando-norris,1.0,3,537.0,1.0,2.0,1.0,7.0,1,0,1,0
1092,2023,lando-norris,george-russell,2.0,3,190.0,2.0,3.0,7.0,17.0,1,0,1,0
1092,2023,george-russell,alexander-albon,3.0,3,125.0,3.0,4.0,17.0,8.0,0,0,0,0
1092,2023,alexander-albon,fernando-alonso,4.0,3,87.0,4.0,5.0,8.0,2.0,0,0,0,1
1092,2023,fernando-alonso,carlos-sainz-jr,5.0,3,248.0,5.0,6.0,2.0,5.0,1,0,1,0
1092,2023,carlos-sainz-jr,sergio-perez,6.0,3,126.0,6.0,7.0,5.0,4.0,0,0,0,0
1092,2023,sergio-perez,oscar-piastri,7.0,3,58.0,7.0,8.0,4.0,9.0,1,0,1,1
1092,2023,lance-stroll,pierre-gasly,11.0,2,7.0,11.0,12.0,11.0,3.0,0,0,0,1
1092,2023,pierre-gasly,lewis-hamilton,12.0,2,23.0,12.0,13.0,3.0,6.0,1,0,1,1
1092,2023,lewis-hamilton,yuki-tsunoda,13.0,2,79.0,13.0,17.0,6.0,15.0,1,0,1,1
1092,2023,yuki-tsunoda,nico-hulkenberg,14.0,2,20.0,17.0,14.0,15.0,12.0,0,1,1,1
1092,2023,esteban-ocon,kevin-magnussen,17.0,1,82.0,16.0,20.0,10.0,16.0,1,0,1,1
1092,2023,kevin-magnussen,valtteri-bottas,18.0,1,68.0,20.0,18.0,16.0,14.0,0,1,1,1
1092,2023,valtteri-bottas,liam-lawson,19.0,1,1160.0,18.0,19.0,14.0,13.0,0,0,0,0
1093,2023,carlos-sainz-jr,max-verstappen,1.0,3,13.0,1.0,2.0,3.0,1.0,0,0,0,1
1093,2023,max-verstappen,charles-leclerc,2.0,3,54.0,2.0,3.0,1.0,4.0,1,0,1,1
1093,2023,charles-leclerc,george-russell,3.0,3,310.0,3.0,4.0,4.0,5.0,1,0,1,0
1093,2023,george-russell,sergio-perez,4.0,3,17.0,4.0,5.0,5.0,2.0,0,0,0,1
1093,2023,sergio-perez,alexander-albon,5.0,3,72.0,5.0,6.0,2.0,7.0,1,0,1,1
1093,2023,alexander-albon,oscar-piastri,6.0,3,25.0,6.0,7.0,7.0,12.0,1,0,1,1
1093,2023,oscar-piastri,lewis-hamilton,7.0,3,35.0,7.0,8.0,12.0,6.0,0,0,0,1
1093,2023,lewis-hamilton,lando-norris,8.0,3,159.0,8.0,9.0,6.0,8.0,1,0,1,0
1093,2023,lando-norris,fernando-alonso,9.0,3,438.0,9.0,10.0,8.0,9.0,1,0,1,0
1093,2023,liam-lawson,nico-hulkenberg,12.0,2,18.0,12.0,13.0,11.0,17.0,1,0,1,1
1093,2023,nico-hulkenberg,valtteri-bottas,13.0,2,164.0,13.0,14.0,17.0,10.0,0,0,0,0
1093,2023,valtteri-bottas,logan-sargeant,14.0,2,4.0,14.0,15.0,10.0,13.0,1,0,1,1
1093,2023,guanyu-zhou,pierre-gasly,16.0,1,155.0,16.0,17.0,14.0,15.0,1,0,1,0
1093,2023,kevin-magnussen,lance-stroll,19.0,1,268.0,19.0,20.0,18.0,16.0,0,0,0,0
1094,2023,carlos-sainz-jr,george-russell,1.0,3,72.0,1.0,2.0,1.0,16.0,1,0,1,1
1094,2023,george-russell,charles-leclerc,2.0,3,7.0,2.0,3.0,16.0,4.0,0,0,0,1
1094,2023,charles-leclerc,lando-norris,3.0,3,207.0,3.0,4.0,4.0,2.0,0,0,0,0
1094,2023,lando-norris,lewis-hamilton,4.0,3,215.0,4.0,5.0,2.0,3.0,1,0,1,0
1094,2023,lewis-hamilton,kevin-magnussen,5.0,3,90.0,5.0,6.0,3.0,10.0,1,0,1,1
1094,2023,kevin-magnussen,fernando-alonso,6.0,3,40.0,6.0,7.0,10.0,15.0,1,0,1,1
1094,2023,nico-hulkenberg,liam-lawson,9.0,3,460.0,9.0,10.0,13.0,9.0,0,0,0,0
1094,2023,max-verstappen,pierre-gasly,11.0,2,101.0,11.0,12.0,5.0,6.0,1,0,1,0
1094,2023,pierre-gasly,sergio-perez,12.0,2,36.0,12.0,13.0,6.0,8.0,1,0,1,1
1094,2023,sergio-perez,alexander-albon,13.0,2,1409.0,13.0,14.0,8.0,11.0,1,0,1,0
1094,2023,oscar-piastri,logan-sargeant,17.0,1,350.0,17.0,18.0,7.0,14.0,1,0,1,0
1094,2023,logan-sargeant,guanyu-zhou,18.0,1,6.0,18.0,19.0,14.0,12.0,0,0,0,1
1095,2023,max-verstappen,oscar-piastri,1.0,3,581.0,1.0,2.0,1.0,3.0,1,0,1,0
1095,2023,oscar-piastri,lando-norris,2.0,3,35.0,2.0,3.0,3.0,2.0,0,0,0,1
1095,2023,lando-norris,charles-leclerc,3.0,3,49.0,3.0,4.0,2.0,4.0,1,0,1,1
1095,2023,carlos-sainz-jr,lewis-hamilton,6.0,3,58.0,6.0,7.0,6.0,5.0,0,0,0,1
1095,2023,lewis-hamilton,george-russell,7.0,3,311.0,7.0,8.0,5.0,7.0,1,0,1,0
1095,2023,george-russell,yuki-tsunoda,8.0,3,84.0,8.0,9.0,7.0,12.0,1,0,1,1
1095,2023,yuki-tsunoda,fernando-alonso,9.0,3,257.0,9.0,10.0,12.0,8.0,0,0,0,0
1095,2023,liam-lawson,pierre-gasly,11.0,2,1.0,11.0,12.0,11.0,10.0,0,0,0,1
1095,2023,esteban-ocon,kevin-magnussen,14.0,2,79.0,14.0,15.0,9.0,15.0,1,0,1,1
1095,2023,nico-hulkenberg,guanyu-zhou,18.0,1,99.0,18.0,19.0,14.0,13.0,0,0,0,1
1096,2023,max-verstappen,george-russell,1.0,3,441.0,1.0,2.0,1.0,4.0,1,0,1,0
1096,2023,fernando-alonso,charles-leclerc,4.0,3,55.0,4.0,5.0,6.0,5.0,0,0,0,1
1096,2023,charles-leclerc,oscar-piastri,5.0,3,116.0,5.0,6.0,5.0,2.0,0,0,0,0
1096,2023,oscar-piastri,pierre-gasly,6.0,3,13.0,6.0,7.0,2.0,12.0,1,0,1,1
1096,2023,pierre-gasly,esteban-ocon,7.0,3,210.0,7.0,8.0,12.0,7.0,0,0,0,0
1096,2023,esteban-ocon,valtteri-bottas,8.0,3,295.0,8.0,9.0,7.0,8.0,1,0,1,0
1096,2023,lando-norris,yuki-tsunoda,10.0,2,616.0,10.0,11.0,3.0,15.0,1,0,1,0
1096,2023,sergio-perez,alexander-albon,13.0,2,245.0,20.0,13.0,10.0,13.0,1,1,0,0
1096,2023,alexander-albon,nico-hulkenberg,14.0,2,76.0,13.0,12.0,13.0,16.0,1,1,0,1
1096,2023,lance-stroll,liam-lawson,17.0,1,290.0,16.0,17.0,11.0,17.0,1,0,1,0
1096,2023,liam-lawson,kevin-magnussen,18.0,1,411.0,17.0,18.0,17.0,14.0,0,0,0,0
1096,2023,kevin-magnussen,guanyu-zhou,19.0,1,386.0,18.0,19.0,14.0,9.0,0,0,0,0
1097,2023,carlos-sainz-jr,george-russell,4.0,3,134.0,4.0,5.0,3.0,5.0,1,0,1,0
1097,2023,george-russell,max-verstappen,5.0,3,2.0,5.0,6.0,5.0,1.0,0,0,0,1
1097,2023,max-verstappen,pierre-gasly,6.0,3,8.0,6.0,7.0,1.0,6.0,1,0,1,1
1097,2023,yuki-tsunoda,guanyu-zhou,11.0,2,1.0,11.0,12.0,8.0,13.0,1,0,1,1
1097,2023,guanyu-zhou,valtteri-bottas,12.0,2,160.0,12.0,13.0,13.0,12.0,0,0,0,0
1097,2023,valtteri-bottas,kevin-magnussen,13.0,2,22.0,13.0,17.0,12.0,14.0,1,0,1,1
1097,2023,kevin-magnussen,daniel-ricciardo,14.0,2,94.0,17.0,14.0,14.0,15.0,1,1,0,1
1097,2023,alexander-albon,lance-stroll,18.0,1,274.0,15.0,20.0,9.0,7.0,0,0,0,0
1097,2023,lance-stroll,logan-sargeant,19.0,1,238.0,20.0,16.0,7.0,10.0,1,1,0,0
1098,2023,charles-leclerc,carlos-sainz-jr,1.0,3,67.0,1.0,2.0,3.0,4.0,1,0,1,1
1098,2023,carlos-sainz-jr,max-verstappen,2.0,3,30.0,2.0,3.0,4.0,1.0,0,0,0,1
1098,2023,max-verstappen,daniel-ricciardo,3.0,3,119.0,3.0,4.0,1.0,7.0,1,0,1,0
1098,2023,lewis-hamilton,oscar-piastri,6.0,3,169.0,6.0,7.0,2.0,8.0,1,0,1,0
1098,2023,oscar-piastri,george-russell,7.0,3,51.0,7.0,8.0,8.0,6.0,0,0,0,1
1098,2023,george-russell,valtteri-bottas,8.0,3,358.0,8.0,9.0,6.0,15.0,1,0,1,0
1098,2023,valtteri-bottas,guanyu-zhou,9.0,3,18.0,9.0,10.0,15.0,14.0,0,0,0,1
1098,2023,pierre-gasly,nico-hulkenberg,11.0,2,3.0,11.0,12.0,11.0,13.0,1,0,1,1
1098,2023,yuki-tsunoda,esteban-ocon,15.0,1,190.0,18.0,15.0,12.0,10.0,0,1,1,0
1098,2023,lance-stroll,lando-norris,18.0,1,2327.0,20.0,17.0,17.0,5.0,0,1,1,0
1099,2023,lance-stroll,fernando-alonso,3.0,3,43.0,3.0,4.0,5.0,3.0,0,0,0,1
1099,2023,fernando-alonso,lewis-hamilton,4.0,3,82.0,4.0,5.0,3.0,8.0,1,0,1,1
1099,2023,lando-norris,carlos-sainz-jr,7.0,3,2.0,6.0,7.0,2.0,6.0,1,0,1,1
1099,2023,carlos-sainz-jr,sergio-perez,8.0,3,332.0,7.0,9.0,6.0,4.0,0,0,0,0
1099,2023,oscar-piastri,nico-hulkenberg,10.0,2,217.0,10.0,11.0,14.0,12.0,0,0,0,0
1099,2023,nico-hulkenberg,esteban-ocon,11.0,2,15.0,11.0,14.0,12.0,10.0,0,0,0,1
1099,2023,esteban-ocon,pierre-gasly,12.0,2,5.0,14.0,15.0,10.0,7.0,0,0,0,1
1099,2023,yuki-tsunoda,daniel-ricciardo,16.0,1,6.0,16.0,17.0,9.0,13.0,1,0,1,1
1100,2023,charles-leclerc,carlos-sainz-jr,1.0,3,44.0,1.0,12.0,2.0,6.0,1,0,1,1
1100,2023,carlos-sainz-jr,max-verstappen,2.0,3,334.0,12.0,2.0,6.0,1.0,0,1,1,0
1100,2023,max-verstappen,george-russell,3.0,3,8.0,2.0,3.0,1.0,8.0,1,0,1,1
1100,2023,george-russell,pierre-gasly,4.0,3,127.0,3.0,4.0,8.0,11.0,1,0,1,0
1100,2023,pierre-gasly,alexander-albon,5.0,3,84.0,4.0,5.0,11.0,12.0,1,0,1,1
1100,2023,alexander-albon,logan-sargeant,6.0,3,190.0,5.0,6.0,12.0,16.0,1,0,1,0
1100,2023,logan-sargeant,valtteri-bottas,7.0,3,12.0,6.0,7.0,16.0,17.0,1,0,1,1
1100,2023,valtteri-bottas,kevin-magnussen,8.0,3,12.0,7.0,8.0,17.0,13.0,0,0,0,1
1100,2023,kevin-magnussen,fernando-alonso,9.0,3,18.0,8.0,9.0,13.0,9.0,0,0,0,1
1100,2023,lewis-hamilton,sergio-perez,11.0,2,18.0,10.0,11.0,7.0,3.0,0,0,0,1
1100,2023,sergio-perez,nico-hulkenberg,12.0,2,124.0,11.0,13.0,3.0,19.0,1,0,1,0
1100,2023,nico-hulkenberg,lance-stroll,13.0,2,220.0,13.0,19.0,19.0,5.0,0,0,0,0
1100,2023,lance-stroll,daniel-ricciardo,14.0,2,109.0,19.0,14.0,5.0,14.0,1,1,0,0
1100,2023,esteban-ocon,guanyu-zhou,17.0,1,15.0,16.0,17.0,4.0,15.0,1,0,1,1
1100,2023,guanyu-zhou,oscar-piastri,18.0,1,1.0,17.0,18.0,15.0,10.0,0,0,0,1
1100,2023,oscar-piastri,yuki-tsunoda,19.0,1,1597.0,18.0,20.0,10.0,18.0,1,0,1,0
1101,2023,max-verstappen,charles-leclerc,1.0,3,139.0,1.0,2.0,1.0,2.0,1,0,1,0
1101,2023,charles-leclerc,oscar-piastri,2.0,3,198.0,2.0,3.0,2.0,6.0,1,0,1,0
1101,2023,oscar-piastri,george-russell,3.0,3,6.0,3.0,4.0,6.0,3.0,0,0,0,1
1101,2023,george-russell,lando-norris,4.0,3,28.0,4.0,5.0,3.0,5.0,1,0,1,1
1101,2023,lando-norris,yuki-tsunoda,5.0,3,152.0,5.0,6.0,5.0,8.0,1,0,1,0
1101,2023,yuki-tsunoda,fernando-alonso,6.0,3,116.0,6.0,7.0,8.0,7.0,0,0,0,0
1101,2023,fernando-alonso,nico-hulkenberg,7.0,3,24.0,7.0,8.0,7.0,15.0,1,0,1,1
1101,2023,nico-hulkenberg,sergio-perez,8.0,3,63.0,8.0,9.0,15.0,4.0,0,0,0,1
1101,2023,sergio-perez,pierre-gasly,9.0,3,377.0,9.0,10.0,4.0,13.0,1,0,1,0
1101,2023,lewis-hamilton,esteban-ocon,11.0,2,32.0,11.0,12.0,9.0,12.0,1,0,1,1
1101,2023,esteban-ocon,lance-stroll,12.0,2,31.0,12.0,13.0,12.0,10.0,0,0,0,1
1101,2023,lance-stroll,alexander-albon,13.0,2,17.0,13.0,14.0,10.0,14.0,1,0,1,1
1101,2023,alexander-albon,daniel-ricciardo,14.0,2,3.0,14.0,15.0,14.0,11.0,0,0,0,1
1101,2023,carlos-sainz-jr,kevin-magnussen,16.0,1,26.0,16.0,17.0,18.0,20.0,1,0,1,1
1101,2023,kevin-magnussen,valtteri-bottas,17.0,1,24.0,17.0,18.0,20.0,19.0,0,0,0,1
1101,2023,valtteri-bottas,guanyu-zhou,18.0,1,371.0,18.0,19.0,19.0,17.0,0,0,0,0
1102,2024,max-verstappen,charles-leclerc,1.0,3,228.0,1.0,2.0,1.0,4.0,1,0,1,0
1102,2024,charles-leclerc,george-russell,2.0,3,78.0,2.0,3.0,4.0,5.0,1,0,1,1
1102,2024,george-russell,carlos-sainz-jr,3.0,3,22.0,3.0,4.0,5.0,3.0,0,0,0,1
1102,2024,carlos-sainz-jr,sergio-perez,4.0,3,30.0,4.0,5.0,3.0,2.0,0,0,0,1
1102,2024,sergio-perez,fernando-alonso,5.0,3,5.0,5.0,6.0,2.0,9.0,1,0,1,1
1102,2024,fernando-alonso,lando-norris,6.0,3,72.0,6.0,7.0,9.0,6.0,0,0,0,1
1102,2024,lando-norris,oscar-piastri,7.0,3,69.0,7.0,8.0,6.0,8.0,1,0,1,1
1102,2024,oscar-piastri,lewis-hamilton,8.0,3,27.0,8.0,9.0,8.0,7.0,0,0,0,1
1102,2024,lewis-hamilton,nico-hulkenberg,9.0,3,792.0,9.0,10.0,7.0,16.0,1,0,1,0
1102,2024,yuki-tsunoda,lance-stroll,11.0,2,71.0,11.0,12.0,14.0,10.0,0,0,0,1
1102,2024,lance-stroll,alexander-albon,12.0,2,21.0,12.0,13.0,10.0,15.0,1,0,1,1
1102,2024,alexander-albon,daniel-ricciardo,13.0,2,57.0,13.0,14.0,15.0,13.0,0,0,0,1
1102,2024,daniel-ricciardo,kevin-magnussen,14.0,2,251.0,14.0,15.0,13.0,12.0,0,0,0,0
1102,2024,valtteri-bottas,guanyu-zhou,16.0,1,1.0,16.0,17.0,19.0,11.0,0,0,0,1
1102,2024,guanyu-zhou,logan-sargeant,17.0,1,13.0,17.0,18.0,11.0,20.0,1,0,1,1
1102,2024,logan-sargeant,esteban-ocon,18.0,1,23.0,18.0,19.0,20.0,17.0,0,0,0,1
1102,2024,esteban-ocon,pierre-gasly,19.0,1,155.0,19.0,20.0,17.0,18.0,1,0,1,0
1103,2024,max-verstappen,charles-leclerc,1.0,3,319.0,1.0,2.0,1.0,3.0,1,0,1,0
1103,2024,charles-leclerc,sergio-perez,2.0,3,16.0,2.0,3.0,3.0,2.0,0,0,0,1
1103,2024,sergio-perez,fernando-alonso,3.0,3,39.0,3.0,4.0,2.0,5.0,1,0,1,1
1103,2024,fernando-alonso,oscar-piastri,4.0,3,243.0,4.0,5.0,5.0,4.0,0,0,0,0
1103,2024,oscar-piastri,lando-norris,5.0,3,43.0,5.0,6.0,4.0,8.0,1,0,1,1
1103,2024,lando-norris,george-russell,6.0,3,184.0,6.0,7.0,8.0,6.0,0,0,0,0
1103,2024,george-russell,lewis-hamilton,7.0,3,144.0,7.0,8.0,6.0,9.0,1,0,1,0
1103,2024,lewis-hamilton,yuki-tsunoda,8.0,3,87.0,8.0,9.0,9.0,15.0,1,0,1,1
1103,2024,oliver-bearman,alexander-albon,11.0,2,338.0,11.0,12.0,7.0,11.0,1,0,1,0
1103,2024,alexander-albon,kevin-magnussen,12.0,2,40.0,12.0,13.0,11.0,12.0,1,0,1,1
1103,2024,kevin-magnussen,daniel-ricciardo,13.0,2,5.0,13.0,14.0,12.0,16.0,1,0,1,1
1103,2024,nico-hulkenberg,valtteri-bottas,15.0,1,124.0,15.0,16.0,10.0,17.0,1,0,1,0
1103,2024,valtteri-bottas,esteban-ocon,16.0,1,296.0,16.0,17.0,17.0,13.0,0,0,0,0
1104,2024,carlos-sainz-jr,sergio-perez,2.0,3,89.0,2.0,6.0,1.0,5.0,1,0,1,1
1104,2024,sergio-perez,lando-norris,3.0,3,41.0,6.0,3.0,5.0,3.0,0,1,1,1
1104,2024,lando-norris,charles-leclerc,4.0,3,120.0,3.0,4.0,3.0,2.0,0,0,0,0
1104,2024,charles-leclerc,oscar-piastri,5.0,3,137.0,4.0,5.0,2.0,4.0,1,0,1,0
1104,2024,oscar-piastri,george-russell,6.0,3,152.0,5.0,7.0,4.0,17.0,1,0,1,0
1104,2024,george-russell,yuki-tsunoda,7.0,3,64.0,7.0,8.0,17.0,7.0,0,0,0,1
1104,2024,yuki-tsunoda,lance-stroll,8.0,3,284.0,8.0,9.0,7.0,6.0,0,0,0,0
1104,2024,lance-stroll,fernando-alonso,9.0,3,480.0,9.0,10.0,6.0,8.0,1,0,1,0
1104,2024,alexander-albon,valtteri-bottas,12.0,2,173.0,12.0,13.0,11.0,14.0,1,0,1,0
1104,2024,valtteri-bottas,kevin-magnussen,13.0,2,87.0,13.0,14.0,14.0,10.0,0,0,0,1
1104,2024,kevin-magnussen,esteban-ocon,14.0,2,270.0,14.0,15.0,10.0,16.0,1,0,1,0
1104,2024,nico-hulkenberg,pierre-gasly,16.0,1,6.0,16.0,17.0,9.0,13.0,1,0,1,1
1104,2024,pierre-gasly,daniel-ricciardo,17.0,1,103.0,17.0,18.0,13.0,12.0,0,0,0,0
1104,2024,daniel-ricciardo,guanyu-zhou,18.0,1,103.0,18.0,19.0,12.0,15.0,1,0,1,0
1105,2024,max-verstappen,sergio-perez,1.0,3,66.0,1.0,2.0,1.0,2.0,1,0,1,1
1105,2024,sergio-perez,lando-norris,2.0,3,226.0,2.0,3.0,2.0,5.0,1,0,1,0
1105,2024,lando-norris,carlos-sainz-jr,3.0,3,193.0,3.0,4.0,5.0,3.0,0,0,0,0
1105,2024,carlos-sainz-jr,fernando-alonso,4.0,3,4.0,4.0,5.0,3.0,6.0,1,0,1,1
1105,2024,fernando-alonso,oscar-piastri,5.0,3,74.0,5.0,6.0,6.0,8.0,1,0,1,1
1105,2024,oscar-piastri,lewis-hamilton,6.0,3,6.0,6.0,7.0,8.0,9.0,1,0,1,1
1105,2024,lewis-hamilton,charles-leclerc,7.0,3,20.0,7.0,8.0,9.0,4.0,0,0,0,1
1105,2024,charles-leclerc,george-russell,8.0,3,222.0,8.0,9.0,4.0,7.0,1,0,1,0
1105,2024,george-russell,yuki-tsunoda,9.0,3,405.0,9.0,10.0,7.0,10.0,1,0,1,0
1105,2024,nico-hulkenberg,valtteri-bottas,12.0,2,99.0,12.0,13.0,11.0,14.0,1,0,1,1
1105,2024,lance-stroll,pierre-gasly,16.0,1,95.0,16.0,17.0,12.0,16.0,1,0,1,1
1105,2024,pierre-gasly,kevin-magnussen,17.0,1,12.0,17.0,18.0,16.0,13.0,0,0,0,1
1105,2024,kevin-magnussen,logan-sargeant,18.0,1,8.0,18.0,19.0,13.0,17.0,1,0,1,1
1106,2024,max-verstappen,sergio-perez,1.0,3,322.0,1.0,2.0,1.0,3.0,1,0,1,0
1106,2024,sergio-perez,fernando-alonso,2.0,3,166.0,2.0,3.0,3.0,7.0,1,0,1,0
1106,2024,fernando-alonso,lando-norris,3.0,3,17.0,3.0,4.0,7.0,2.0,0,0,0,1
1106,2024,lando-norris,oscar-piastri,4.0,3,108.0,4.0,5.0,2.0,8.0,1,0,1,0
1106,2024,oscar-piastri,charles-leclerc,5.0,3,16.0,5.0,6.0,8.0,4.0,0,0,0,1
1106,2024,charles-leclerc,carlos-sainz-jr,6.0,3,8.0,6.0,7.0,4.0,5.0,1,0,1,1
1106,2024,carlos-sainz-jr,george-russell,7.0,3,136.0,7.0,8.0,5.0,6.0,1,0,1,0
1106,2024,george-russell,nico-hulkenberg,8.0,3,171.0,8.0,9.0,6.0,10.0,1,0,1,0
1106,2024,esteban-ocon,alexander-albon,13.0,2,18.0,13.0,14.0,11.0,12.0,1,0,1,1
1106,2024,alexander-albon,pierre-gasly,14.0,2,222.0,14.0,15.0,12.0,13.0,1,0,1,0
1106,2024,guanyu-zhou,kevin-magnussen,16.0,1,11.0,16.0,17.0,14.0,16.0,1,0,1,1
1106,2024,kevin-magnussen,lewis-hamilton,17.0,1,57.0,17.0,18.0,16.0,9.0,0,0,0,1
1107,2024,max-verstappen,charles-leclerc,1.0,3,141.0,1.0,2.0,2.0,3.0,1,0,1,0
1107,2024,charles-leclerc,carlos-sainz-jr,2.0,3,73.0,2.0,3.0,3.0,5.0,1,0,1,1
1107,2024,carlos-sainz-jr,sergio-perez,3.0,3,5.0,3.0,4.0,5.0,4.0,0,0,0,1
1107,2024,sergio-perez,lando-norris,4.0,3,134.0,4.0,5.0,4.0,1.0,0,0,0,0
1107,2024,lando-norris,oscar-piastri,5.0,3,81.0,5.0,6.0,1.0,13.0,1,0,1,1
1107,2024,oscar-piastri,george-russell,6.0,3,392.0,6.0,7.0,13.0,8.0,0,0,0,0
1107,2024,george-russell,lewis-hamilton,7.0,3,40.0,7.0,8.0,8.0,6.0,0,0,0,1
1107,2024,lewis-hamilton,nico-hulkenberg,8.0,3,39.0,8.0,9.0,6.0,11.0,1,0,1,1
1107,2024,nico-hulkenberg,yuki-tsunoda,9.0,3,46.0,9.0,10.0,11.0,7.0,0,0,0,1
1107,2024,lance-stroll,pierre-gasly,11.0,2,102.0,11.0,12.0,17.0,12.0,0,0,0,0
1107,2024,pierre-gasly,esteban-ocon,12.0,2,47.0,12.0,13.0,12.0,10.0,0,0,0,1
1107,2024,esteban-ocon,alexander-albon,13.0,2,42.0,13.0,14.0,10.0,18.0,1,0,1,1
1107,2024,alexander-albon,fernando-alonso,14.0,2,14.0,14.0,15.0,18.0,9.0,0,0,0,1
1107,2024,daniel-ricciardo,kevin-magnussen,18.0,1,2.0,20.0,18.0,15.0,19.0,1,1,0,1
1107,2024,kevin-magnussen,guanyu-zhou,19.0,1,205.0,18.0,19.0,19.0,14.0,0,0,0,0
1108,2024,max-verstappen,oscar-piastri,1.0,3,74.0,1.0,5.0,1.0,4.0,1,0,1,1
1108,2024,oscar-piastri,lando-norris,2.0,3,17.0,5.0,2.0,4.0,2.0,0,1,1,1
1108,2024,lando-norris,charles-leclerc,3.0,3,133.0,2.0,3.0,2.0,3.0,1,0,1,0
1108,2024,charles-leclerc,carlos-sainz-jr,4.0,3,263.0,3.0,4.0,3.0,5.0,1,0,1,0
1108,2024,carlos-sainz-jr,george-russell,5.0,3,1.0,4.0,6.0,5.0,7.0,1,0,1,1
1108,2024,george-russell,yuki-tsunoda,6.0,3,231.0,6.0,7.0,7.0,10.0,1,0,1,0
1108,2024,yuki-tsunoda,lewis-hamilton,7.0,3,39.0,7.0,8.0,10.0,6.0,0,0,0,1
1108,2024,lewis-hamilton,daniel-ricciardo,8.0,3,170.0,8.0,9.0,6.0,13.0,1,0,1,0
1108,2024,daniel-ricciardo,nico-hulkenberg,9.0,3,306.0,9.0,10.0,13.0,11.0,0,0,0,0
1108,2024,sergio-perez,esteban-ocon,11.0,2,200.0,11.0,12.0,8.0,14.0,1,0,1,0
1108,2024,esteban-ocon,lance-stroll,12.0,2,86.0,12.0,13.0,14.0,9.0,0,0,0,1
1108,2024,valtteri-bottas,guanyu-zhou,16.0,1,208.0,16.0,17.0,18.0,15.0,0,0,0,0
1108,2024,guanyu-zhou,kevin-magnussen,17.0,1,20.0,17.0,18.0,15.0,12.0,0,0,0,1
1108,2024,kevin-magnussen,fernando-alonso,18.0,1,63.0,18.0,20.0,12.0,19.0,1,0,1,1
1109,2024,charles-leclerc,oscar-piastri,1.0,3,154.0,1.0,2.0,1.0,2.0,1,0,1,0
1109,2024,oscar-piastri,carlos-sainz-jr,2.0,3,94.0,2.0,3.0,2.0,3.0,1,0,1,1
1109,2024,carlos-sainz-jr,lando-norris,3.0,3,24.0,3.0,4.0,3.0,4.0,1,0,1,1
1109,2024,lando-norris,george-russell,4.0,3,1.0,4.0,5.0,4.0,5.0,1,0,1,1
1109,2024,george-russell,max-verstappen,5.0,3,24.0,5.0,6.0,5.0,6.0,1,0,1,1
1109,2024,max-verstappen,lewis-hamilton,6.0,3,54.0,6.0,7.0,6.0,7.0,1,0,1,1
1109,2024,lewis-hamilton,yuki-tsunoda,7.0,3,237.0,7.0,8.0,7.0,8.0,1,0,1,0
1109,2024,yuki-tsunoda,alexander-albon,8.0,3,90.0,8.0,9.0,8.0,9.0,1,0,1,1
1109,2024,alexander-albon,pierre-gasly,9.0,3,363.0,9.0,10.0,9.0,10.0,1,0,1,0
1109,2024,daniel-ricciardo,lance-stroll,12.0,2,81.0,12.0,13.0,12.0,14.0,1,0,1,1
1109,2024,fernando-alonso,logan-sargeant,14.0,1,1.0,14.0,15.0,11.0,15.0,1,0,1,1
1109,2024,valtteri-bottas,guanyu-zhou,17.0,1,516.0,17.0,18.0,13.0,16.0,1,0,1,0
1110,2024,george-russell,max-verstappen,1.0,3,0.0,1.0,2.0,3.0,1.0,0,0,0,1
1110,2024,max-verstappen,lando-norris,2.0,3,21.0,2.0,3.0,1.0,2.0,1,0,1,1
1110,2024,lando-norris,oscar-piastri,3.0,3,82.0,3.0,4.0,2.0,5.0,1,0,1,1
1110,2024,oscar-piastri,daniel-ricciardo,4.0,3,75.0,4.0,5.0,5.0,8.0,1,0,1,1
1110,2024,daniel-ricciardo,fernando-alonso,5.0,3,50.0,5.0,6.0,8.0,6.0,0,0,0,1
1110,2024,fernando-alonso,lewis-hamilton,6.0,3,52.0,6.0,7.0,6.0,4.0,0,0,0,1
1110,2024,lewis-hamilton,yuki-tsunoda,7.0,3,134.0,7.0,8.0,4.0,14.0,1,0,1,0
1110,2024,yuki-tsunoda,lance-stroll,8.0,3,287.0,8.0,9.0,14.0,7.0,0,0,0,0
1110,2024,kevin-magnussen,pierre-gasly,14.0,2,24.0,14.0,15.0,12.0,9.0,0,0,0,1
1110,2024,valtteri-bottas,esteban-ocon,17.0,1,69.0,19.0,18.0,13.0,10.0,0,1,1,1
1110,2024,esteban-ocon,nico-hulkenberg,18.0,1,543.0,18.0,17.0,10.0,11.0,1,1,0,0
1110,2024,nico-hulkenberg,guanyu-zhou,19.0,1,314.0,17.0,20.0,11.0,15.0,1,0,1,0
1111,2024,lando-norris,max-verstappen,1.0,3,20.0,1.0,2.0,2.0,1.0,0,0,0,1
1111,2024,max-verstappen,lewis-hamilton,2.0,3,298.0,2.0,3.0,1.0,3.0,1,0,1,0
1111,2024,lewis-hamilton,george-russell,3.0,3,2.0,3.0,4.0,3.0,4.0,1,0,1,1
1111,2024,george-russell,charles-leclerc,4.0,3,28.0,4.0,5.0,4.0,5.0,1,0,1,1
1111,2024,charles-leclerc,carlos-sainz-jr,5.0,3,5.0,5.0,6.0,5.0,6.0,1,0,1,1
1111,2024,carlos-sainz-jr,pierre-gasly,6.0,3,121.0,6.0,7.0,6.0,9.0,1,0,1,0
1111,2024,pierre-gasly,sergio-perez,7.0,3,204.0,7.0,11.0,9.0,8.0,0,0,0,0
1111,2024,sergio-perez,esteban-ocon,8.0,3,64.0,11.0,8.0,8.0,10.0,1,1,0,1
1111,2024,oscar-piastri,fernando-alonso,10.0,2,117.0,9.0,10.0,7.0,12.0,1,0,1,0
1111,2024,fernando-alonso,valtteri-bottas,11.0,2,99.0,10.0,12.0,12.0,16.0,1,0,1,1
1111,2024,valtteri-bottas,nico-hulkenberg,12.0,2,83.0,12.0,13.0,16.0,11.0,0,0,0,1
1111,2024,nico-hulkenberg,lance-stroll,13.0,2,62.0,13.0,14.0,11.0,14.0,1,0,1,1
1111,2024,lance-stroll,guanyu-zhou,14.0,2,366.0,14.0,15.0,14.0,13.0,0,0,0,0
1111,2024,kevin-magnussen,yuki-tsunoda,16.0,1,48.0,16.0,17.0,17.0,19.0,1,0,1,1
1111,2024,yuki-tsunoda,daniel-ricciardo,17.0,1,90.0,17.0,18.0,19.0,15.0,0,0,0,1
1111,2024,daniel-ricciardo,alexander-albon,18.0,1,78.0,18.0,20.0,15.0,18.0,1,0,1,1
1111,2024,alexander-albon,logan-sargeant,19.0,1,356.0,20.0,19.0,18.0,20.0,1,1,0,0
1112,2024,max-verstappen,lando-norris,1.0,3,404.0,1.0,2.0,5.0,20.0,1,0,1,0
1112,2024,lando-norris,george-russell,2.0,3,122.0,2.0,3.0,20.0,1.0,0,0,0,0
1112,2024,george-russell,carlos-sainz-jr,3.0,3,11.0,3.0,4.0,1.0,3.0,1,0,1,1
1112,2024,carlos-sainz-jr,lewis-hamilton,4.0,3,52.0,4.0,5.0,3.0,4.0,1,0,1,1
1112,2024,lewis-hamilton,charles-leclerc,5.0,3,141.0,5.0,6.0,4.0,11.0,1,0,1,0
1112,2024,charles-leclerc,oscar-piastri,6.0,3,4.0,6.0,7.0,11.0,2.0,0,0,0,1
1112,2024,oscar-piastri,sergio-perez,7.0,3,154.0,7.0,8.0,2.0,7.0,1,0,1,0
1112,2024,sergio-perez,nico-hulkenberg,8.0,3,183.0,8.0,9.0,7.0,6.0,0,0,0,0
1112,2024,nico-hulkenberg,esteban-ocon,9.0,3,498.0,9.0,10.0,6.0,12.0,1,0,1,0
1112,2024,daniel-ricciardo,kevin-magnussen,11.0,2,58.0,11.0,12.0,9.0,8.0,0,0,0,1
1112,2024,kevin-magnussen,pierre-gasly,12.0,2,12.0,12.0,13.0,8.0,10.0,1,0,1,1
1112,2024,pierre-gasly,yuki-tsunoda,13.0,2,53.0,13.0,14.0,10.0,14.0,1,0,1,1
1112,2024,yuki-tsunoda,fernando-alonso,14.0,2,227.0,14.0,15.0,14.0,18.0,1,0,1,0
1112,2024,alexander-albon,lance-stroll,16.0,1,83.0,16.0,17.0,15.0,13.0,0,0,0,1
1112,2024,lance-stroll,valtteri-bottas,17.0,1,28.0,17.0,18.0,13.0,16.0,1,0,1,1
1112,2024,valtteri-bottas,logan-sargeant,18.0,1,9.0,18.0,19.0,16.0,19.0,1,0,1,1
1112,2024,logan-sargeant,guanyu-zhou,19.0,1,205.0,19.0,20.0,19.0,17.0,0,0,0,0
1113,2024,lewis-hamilton,lando-norris,2.0,3,40.0,2.0,3.0,1.0,3.0,1,0,1,1
1113,2024,lando-norris,max-verstappen,3.0,3,173.0,3.0,4.0,3.0,2.0,0,0,0,0
1113,2024,max-verstappen,oscar-piastri,4.0,3,34.0,4.0,5.0,2.0,4.0,1,0,1,1
1113,2024,oscar-piastri,nico-hulkenberg,5.0,3,101.0,5.0,6.0,4.0,6.0,1,0,1,0
1113,2024,nico-hulkenberg,carlos-sainz-jr,6.0,3,171.0,6.0,7.0,6.0,5.0,0,0,0,0
1113,2024,carlos-sainz-jr,lance-stroll,7.0,3,76.0,7.0,8.0,5.0,7.0,1,0,1,1
1113,2024,lance-stroll,alexander-albon,8.0,3,55.0,8.0,9.0,7.0,9.0,1,0,1,1
1113,2024,alexander-albon,fernando-alonso,9.0,3,277.0,9.0,10.0,9.0,8.0,0,0,0,0
1113,2024,charles-leclerc,logan-sargeant,11.0,2,78.0,11.0,12.0,14.0,11.0,0,0,0,1
1113,2024,logan-sargeant,yuki-tsunoda,12.0,2,94.0,12.0,13.0,11.0,10.0,0,0,0,1
1113,2024,yuki-tsunoda,guanyu-zhou,13.0,2,598.0,13.0,14.0,10.0,18.0,1,0,1,0
1113,2024,guanyu-zhou,daniel-ricciardo,14.0,2,82.0,14.0,15.0,18.0,13.0,0,0,0,1
1113,2024,valtteri-bottas,kevin-magnussen,16.0,1,474.0,16.0,17.0,15.0,12.0,0,0,0,0
1113,2024,kevin-magnussen,esteban-ocon,17.0,1,1652.0,17.0,18.0,12.0,16.0,1,0,1,0
1113,2024,esteban-ocon,sergio-perez,18.0,1,3791.0,18.0,19.0,16.0,17.0,1,0,1,0
1114,2024,lando-norris,oscar-piastri,1.0,3,22.0,1.0,2.0,2.0,1.0,0,0,0,1
1114,2024,oscar-piastri,max-verstappen,2.0,3,24.0,2.0,3.0,1.0,5.0,1,0,1,1
1114,2024,max-verstappen,carlos-sainz-jr,3.0,3,423.0,3.0,4.0,5.0,6.0,1,0,1,0
1114,2024,carlos-sainz-jr,lewis-hamilton,4.0,3,158.0,4.0,5.0,6.0,3.0,0,0,0,0
1114,2024,lewis-hamilton,charles-leclerc,5.0,3,51.0,5.0,6.0,3.0,4.0,1,0,1,1
1114,2024,charles-leclerc,fernando-alonso,6.0,3,138.0,6.0,7.0,4.0,11.0,1,0,1,0
1114,2024,fernando-alonso,lance-stroll,7.0,3,201.0,7.0,8.0,11.0,10.0,0,0,0,0
1114,2024,lance-stroll,daniel-ricciardo,8.0,3,203.0,8.0,9.0,10.0,12.0,1,0,1,0
1114,2024,daniel-ricciardo,yuki-tsunoda,9.0,3,30.0,9.0,10.0,12.0,9.0,0,0,0,1
1114,2024,nico-hulkenberg,valtteri-bottas,11.0,2,67.0,11.0,12.0,13.0,16.0,1,0,1,1
1114,2024,valtteri-bottas,alexander-albon,12.0,2,45.0,12.0,13.0,16.0,14.0,0,0,0,1
1114,2024,alexander-albon,logan-sargeant,13.0,2,114.0,13.0,14.0,14.0,17.0,1,0,1,0
1114,2024,logan-sargeant,kevin-magnussen,14.0,2,5.0,14.0,15.0,17.0,15.0,0,0,0,1
1114,2024,sergio-perez,george-russell,16.0,1,82.0,16.0,17.0,7.0,8.0,1,0,1,1
1114,2024,george-russell,guanyu-zhou,17.0,1,69.0,17.0,18.0,8.0,19.0,1,0,1,1
1114,2024,guanyu-zhou,esteban-ocon,18.0,1,12.0,18.0,19.0,19.0,18.0,0,0,0,1
1115,2024,max-verstappen,charles-leclerc,1.0,3,595.0,11.0,1.0,4.0,3.0,0,1,1,0
1115,2024,charles-leclerc,sergio-perez,2.0,3,11.0,1.0,2.0,3.0,7.0,1,0,1,1
1115,2024,sergio-perez,lewis-hamilton,3.0,3,70.0,2.0,3.0,7.0,1.0,0,0,0,1
1115,2024,lewis-hamilton,lando-norris,4.0,3,146.0,3.0,4.0,1.0,5.0,1,0,1,0
1115,2024,lando-norris,oscar-piastri,5.0,3,46.0,4.0,5.0,5.0,2.0,0,0,0,1
1115,2024,carlos-sainz-jr,fernando-alonso,8.0,3,288.0,7.0,8.0,6.0,8.0,1,0,1,0
1115,2024,fernando-alonso,esteban-ocon,9.0,3,45.0,8.0,9.0,8.0,9.0,1,0,1,1
1115,2024,alexander-albon,pierre-gasly,11.0,2,162.0,10.0,12.0,12.0,13.0,1,0,1,0
1115,2024,pierre-gasly,daniel-ricciardo,12.0,2,47.0,12.0,13.0,13.0,10.0,0,0,0,1
1115,2024,daniel-ricciardo,valtteri-bottas,13.0,2,82.0,13.0,14.0,10.0,15.0,1,0,1,1
1115,2024,valtteri-bottas,lance-stroll,14.0,2,952.0,14.0,15.0,15.0,11.0,0,0,0,0
1115,2024,nico-hulkenberg,kevin-magnussen,16.0,1,192.0,16.0,17.0,18.0,14.0,0,0,0,0
1115,2024,kevin-magnussen,yuki-tsunoda,17.0,1,93.0,17.0,20.0,14.0,16.0,1,0,1,1
1115,2024,yuki-tsunoda,logan-sargeant,18.0,1,637.0,20.0,18.0,16.0,17.0,1,1,0,0
1116,2024,lando-norris,max-verstappen,1.0,3,356.0,1.0,2.0,1.0,2.0,1,0,1,0
1116,2024,max-verstappen,oscar-piastri,2.0,3,143.0,2.0,3.0,2.0,4.0,1,0,1,0
1116,2024,oscar-piastri,george-russell,3.0,3,72.0,3.0,4.0,4.0,7.0,1,0,1,1
1116,2024,george-russell,sergio-perez,4.0,3,172.0,4.0,5.0,7.0,6.0,0,0,0,0
1116,2024,sergio-perez,charles-leclerc,5.0,3,166.0,5.0,6.0,6.0,3.0,0,0,0,0
1116,2024,charles-leclerc,fernando-alonso,6.0,3,51.0,6.0,7.0,3.0,10.0,1,0,1,1
1116,2024,fernando-alonso,lance-stroll,7.0,3,224.0,7.0,8.0,10.0,13.0,1,0,1,0
1116,2024,lance-stroll,pierre-gasly,8.0,3,120.0,8.0,9.0,13.0,9.0,0,0,0,0
1116,2024,carlos-sainz-jr,lewis-hamilton,10.0,2,34.0,10.0,14.0,5.0,8.0,1,0,1,1
1116,2024,lewis-hamilton,yuki-tsunoda,11.0,2,7.0,14.0,11.0,8.0,17.0,1,1,0,1
1116,2024,yuki-tsunoda,nico-hulkenberg,12.0,2,260.0,11.0,12.0,17.0,11.0,0,0,0,0
1116,2024,nico-hulkenberg,kevin-magnussen,13.0,2,80.0,12.0,20.0,11.0,18.0,1,0,1,1
1116,2024,daniel-ricciardo,esteban-ocon,15.0,1,52.0,13.0,15.0,12.0,15.0,1,0,1,1
1116,2024,esteban-ocon,valtteri-bottas,16.0,1,173.0,15.0,16.0,15.0,19.0,1,0,1,0
1116,2024,valtteri-bottas,guanyu-zhou,17.0,1,1093.0,16.0,17.0,19.0,20.0,1,0,1,0
1117,2024,lando-norris,oscar-piastri,1.0,3,109.0,1.0,2.0,3.0,2.0,0,0,0,0
1117,2024,oscar-piastri,george-russell,2.0,3,4.0,2.0,3.0,2.0,7.0,1,0,1,1
1117,2024,george-russell,charles-leclerc,3.0,3,21.0,3.0,4.0,7.0,1.0,0,0,0,1
1117,2024,charles-leclerc,carlos-sainz-jr,4.0,3,6.0,4.0,5.0,1.0,4.0,1,0,1,1
1117,2024,carlos-sainz-jr,lewis-hamilton,5.0,3,46.0,5.0,6.0,4.0,5.0,1,0,1,1
1117,2024,lewis-hamilton,max-verstappen,6.0,3,509.0,6.0,7.0,5.0,6.0,1,0,1,0
1117,2024,max-verstappen,sergio-perez,7.0,3,40.0,7.0,8.0,6.0,8.0,1,0,1,1
1117,2024,sergio-perez,alexander-albon,8.0,3,237.0,8.0,9.0,8.0,9.0,1,0,1,0
1117,2024,alexander-albon,nico-hulkenberg,9.0,3,40.0,9.0,10.0,9.0,17.0,1,0,1,1
1117,2024,fernando-alonso,daniel-ricciardo,11.0,2,58.0,11.0,12.0,11.0,13.0,1,0,1,1
1117,2024,daniel-ricciardo,kevin-magnussen,12.0,2,219.0,12.0,13.0,13.0,10.0,0,0,0,0
1117,2024,kevin-magnussen,pierre-gasly,13.0,2,40.0,13.0,14.0,10.0,15.0,1,0,1,1
1117,2024,pierre-gasly,esteban-ocon,14.0,2,28.0,14.0,15.0,15.0,14.0,0,0,0,1
1117,2024,lance-stroll,franco-colapinto,17.0,1,48.0,17.0,18.0,19.0,12.0,0,0,0,1
1117,2024,franco-colapinto,valtteri-bottas,18.0,1,40.0,18.0,19.0,12.0,16.0,1,0,1,1
1117,2024,valtteri-bottas,guanyu-zhou,19.0,1,344.0,19.0,20.0,16.0,18.0,1,0,1,0
1118,2024,charles-leclerc,oscar-piastri,1.0,3,321.0,1.0,2.0,2.0,1.0,0,0,0,0
1118,2024,oscar-piastri,carlos-sainz-jr,2.0,3,119.0,2.0,3.0,1.0,18.0,1,0,1,0
1118,2024,carlos-sainz-jr,sergio-perez,3.0,3,8.0,3.0,4.0,18.0,17.0,0,0,0,1
1118,2024,sergio-perez,george-russell,4.0,3,61.0,4.0,5.0,17.0,3.0,0,0,0,1
1118,2024,george-russell,max-verstappen,5.0,3,149.0,5.0,6.0,3.0,5.0,1,0,1,0
1118,2024,max-verstappen,lewis-hamilton,6.0,3,266.0,6.0,19.0,5.0,9.0,1,0,1,0
1118,2024,lewis-hamilton,fernando-alonso,7.0,3,80.0,19.0,7.0,9.0,6.0,0,1,1,1
1118,2024,fernando-alonso,franco-colapinto,8.0,3,161.0,7.0,8.0,6.0,8.0,1,0,1,0
1118,2024,franco-colapinto,alexander-albon,9.0,3,329.0,8.0,9.0,8.0,7.0,0,0,0,0
1118,2024,nico-hulkenberg,lance-stroll,13.0,2,213.0,12.0,13.0,11.0,19.0,1,0,1,0
1118,2024,daniel-ricciardo,lando-norris,15.0,1,62.0,14.0,15.0,13.0,4.0,0,0,0,1
1118,2024,lando-norris,valtteri-bottas,16.0,1,9.0,15.0,16.0,4.0,16.0,1,0,1,1
1118,2024,valtteri-bottas,guanyu-zhou,17.0,1,628.0,16.0,17.0,16.0,14.0,0,0,0,0
1118,2024,guanyu-zhou,esteban-ocon,18.0,1,258.0,17.0,20.0,14.0,15.0,1,0,1,0
1119,2024,lando-norris,max-verstappen,1.0,3,203.0,1.0,2.0,1.0,2.0,1,0,1,0
1119,2024,max-verstappen,lewis-hamilton,2.0,3,113.0,2.0,3.0,2.0,6.0,1,0,1,0
1119,2024,lewis-hamilton,george-russell,3.0,3,26.0,3.0,4.0,6.0,4.0,0,0,0,1
1119,2024,george-russell,oscar-piastri,4.0,3,86.0,4.0,5.0,4.0,3.0,0,0,0,1
1119,2024,oscar-piastri,nico-hulkenberg,5.0,3,162.0,5.0,6.0,3.0,9.0,1,0,1,0
1119,2024,nico-hulkenberg,fernando-alonso,6.0,3,99.0,6.0,7.0,9.0,8.0,0,0,0,1
1119,2024,fernando-alonso,yuki-tsunoda,7.0,3,140.0,7.0,8.0,8.0,12.0,1,0,1,0
1119,2024,charles-leclerc,carlos-sainz-jr,9.0,2,361.0,9.0,10.0,5.0,7.0,1,0,1,0
1119,2024,franco-colapinto,sergio-perez,12.0,2,98.0,12.0,13.0,11.0,10.0,0,0,0,1
1119,2024,sergio-perez,kevin-magnussen,13.0,2,74.0,13.0,14.0,10.0,19.0,1,0,1,1
1119,2024,kevin-magnussen,esteban-ocon,14.0,2,116.0,14.0,15.0,19.0,13.0,0,0,0,0
1119,2024,daniel-ricciardo,lance-stroll,16.0,1,9.0,16.0,17.0,18.0,14.0,0,0,0,1
1119,2024,lance-stroll,pierre-gasly,17.0,1,218.0,17.0,18.0,14.0,17.0,1,0,1,0
1119,2024,pierre-gasly,valtteri-bottas,18.0,1,260.0,18.0,19.0,17.0,16.0,0,0,0,0
1119,2024,valtteri-bottas,guanyu-zhou,19.0,1,482.0,19.0,20.0,16.0,15.0,0,0,0,0
1120,2024,lando-norris,max-verstappen,1.0,3,31.0,1.0,2.0,4.0,3.0,0,0,0,1
1120,2024,max-verstappen,carlos-sainz-jr,2.0,3,291.0,2.0,3.0,3.0,2.0,0,0,0,0
1120,2024,carlos-sainz-jr,charles-leclerc,3.0,3,88.0,3.0,4.0,2.0,1.0,0,0,0,1
1120,2024,charles-leclerc,oscar-piastri,4.0,3,210.0,4.0,5.0,1.0,5.0,1,0,1,0
1120,2024,oscar-piastri,george-russell,5.0,3,24.0,5.0,20.0,5.0,6.0,1,0,1,1
1120,2024,george-russell,pierre-gasly,6.0,3,44.0,20.0,6.0,6.0,12.0,1,1,0,1
1120,2024,pierre-gasly,fernando-alonso,7.0,3,291.0,6.0,7.0,12.0,13.0,1,0,1,0
1120,2024,fernando-alonso,kevin-magnussen,8.0,3,172.0,7.0,8.0,13.0,11.0,0,0,0,0
1120,2024,sergio-perez,yuki-tsunoda,10.0,2,486.0,9.0,10.0,7.0,14.0,1,0,1,0
1120,2024,yuki-tsunoda,nico-hulkenberg,11.0,2,38.0,10.0,11.0,14.0,8.0,0,0,0,1
1120,2024,nico-hulkenberg,esteban-ocon,12.0,2,53.0,11.0,12.0,8.0,18.0,1,0,1,1
1120,2024,esteban-ocon,lance-stroll,13.0,2,162.0,12.0,13.0,18.0,15.0,0,0,0,0
1120,2024,liam-lawson,alexander-albon,15.0,1,712.0,19.0,14.0,9.0,16.0,1,1,0,0
1120,2024,alexander-albon,franco-colapinto,16.0,1,11.0,14.0,15.0,16.0,10.0,0,0,0,1
1120,2024,franco-colapinto,valtteri-bottas,17.0,1,90.0,15.0,16.0,10.0,17.0,1,0,1,1
1121,2024,carlos-sainz-jr,max-verstappen,1.0,3,225.0,1.0,2.0,1.0,6.0,1,0,1,0
1121,2024,max-verstappen,lando-norris,2.0,3,89.0,2.0,3.0,6.0,2.0,0,0,0,1
1121,2024,lando-norris,charles-leclerc,3.0,3,5.0,3.0,4.0,2.0,3.0,1,0,1,1
1121,2024,charles-leclerc,george-russell,4.0,3,91.0,4.0,5.0,3.0,5.0,1,0,1,1
1121,2024,george-russell,lewis-hamilton,5.0,3,295.0,5.0,6.0,5.0,4.0,0,0,0,0
1121,2024,lewis-hamilton,kevin-magnussen,6.0,3,235.0,6.0,7.0,4.0,7.0,1,0,1,0
1121,2024,kevin-magnussen,pierre-gasly,7.0,3,6.0,7.0,8.0,7.0,10.0,1,0,1,1
1121,2024,lance-stroll,valtteri-bottas,14.0,2,523.0,14.0,15.0,11.0,14.0,1,0,1,0
1121,2024,franco-colapinto,oscar-piastri,16.0,1,39.0,16.0,17.0,12.0,8.0,0,0,0,1
1121,2024,oscar-piastri,sergio-perez,17.0,1,14.0,17.0,18.0,8.0,17.0,1,0,1,1
1121,2024,sergio-perez,esteban-ocon,18.0,1,6.0,18.0,20.0,17.0,13.0,0,0,0,1
1121,2024,esteban-ocon,guanyu-zhou,19.0,1,455.0,20.0,19.0,13.0,15.0,1,1,0,0
1122,2024,lando-norris,george-russell,1.0,3,173.0,1.0,2.0,6.0,4.0,0,0,0,0
1122,2024,george-russell,yuki-tsunoda,2.0,3,533.0,2.0,3.0,4.0,7.0,1,0,1,0
1122,2024,yuki-tsunoda,esteban-ocon,3.0,3,364.0,3.0,4.0,7.0,2.0,0,0,0,0
1122,2024,esteban-ocon,liam-lawson,4.0,3,9.0,4.0,5.0,2.0,9.0,1,0,1,1
1122,2024,liam-lawson,charles-leclerc,5.0,3,41.0,5.0,6.0,9.0,5.0,0,0,0,1
1122,2024,oscar-piastri,fernando-alonso,8.0,3,4312.0,8.0,9.0,8.0,14.0,1,0,1,0
1122,2024,valtteri-bottas,max-verstappen,11.0,2,1299.0,11.0,17.0,13.0,1.0,0,0,0,0
1122,2024,max-verstappen,sergio-perez,12.0,2,387.0,17.0,12.0,1.0,11.0,1,1,0,0
1122,2024,lewis-hamilton,oliver-bearman,16.0,1,79.0,14.0,15.0,10.0,12.0,1,0,1,1
1123,2024,george-russell,carlos-sainz-jr,1.0,3,98.0,1.0,2.0,1.0,3.0,1,0,1,1
1123,2024,charles-leclerc,max-verstappen,4.0,3,14.0,4.0,5.0,4.0,5.0,1,0,1,1
1123,2024,max-verstappen,lando-norris,5.0,3,211.0,5.0,6.0,5.0,6.0,1,0,1,0
1123,2024,lando-norris,yuki-tsunoda,6.0,3,21.0,6.0,7.0,6.0,9.0,1,0,1,1
1123,2024,yuki-tsunoda,oscar-piastri,7.0,3,4.0,7.0,8.0,9.0,7.0,0,0,0,1
1123,2024,oscar-piastri,nico-hulkenberg,8.0,3,29.0,8.0,9.0,7.0,8.0,1,0,1,1
1123,2024,nico-hulkenberg,lewis-hamilton,9.0,3,15044.0,9.0,10.0,8.0,2.0,0,0,0,0
1123,2024,esteban-ocon,kevin-magnussen,11.0,2,76.0,11.0,12.0,17.0,12.0,0,0,0,1
1123,2024,kevin-magnussen,guanyu-zhou,12.0,2,269.0,12.0,13.0,12.0,13.0,1,0,1,0
1123,2024,guanyu-zhou,franco-colapinto,13.0,2,183.0,13.0,20.0,13.0,14.0,1,0,1,0
1123,2024,franco-colapinto,liam-lawson,14.0,2,508.0,20.0,14.0,14.0,16.0,1,1,0,0
1123,2024,sergio-perez,fernando-alonso,16.0,1,103.0,15.0,16.0,10.0,11.0,1,0,1,0
1123,2024,valtteri-bottas,lance-stroll,19.0,1,54.0,19.0,18.0,18.0,15.0,0,1,1,1
1124,2024,max-verstappen,george-russell,1.0,3,55.0,2.0,1.0,1.0,4.0,1,1,0,1
1124,2024,george-russell,lando-norris,2.0,3,197.0,1.0,3.0,4.0,10.0,1,0,1,0
1124,2024,lando-norris,oscar-piastri,3.0,3,57.0,3.0,4.0,10.0,3.0,0,0,0,1
1124,2024,oscar-piastri,charles-leclerc,4.0,3,23.0,4.0,5.0,3.0,2.0,0,0,0,1
1124,2024,charles-leclerc,lewis-hamilton,5.0,3,159.0,5.0,6.0,2.0,12.0,1,0,1,0
1124,2024,lewis-hamilton,carlos-sainz-jr,6.0,3,30.0,6.0,7.0,12.0,6.0,0,0,0,1
1124,2024,carlos-sainz-jr,fernando-alonso,7.0,3,210.0,7.0,8.0,6.0,7.0,1,0,1,0
1124,2024,pierre-gasly,guanyu-zhou,11.0,2,64.0,11.0,12.0,5.0,8.0,1,0,1,1
1124,2024,guanyu-zhou,valtteri-bottas,12.0,2,230.0,12.0,13.0,8.0,11.0,1,0,1,0
1124,2024,valtteri-bottas,yuki-tsunoda,13.0,2,40.0,13.0,14.0,11.0,13.0,1,0,1,1
1124,2024,alexander-albon,liam-lawson,16.0,1,21.0,16.0,17.0,15.0,14.0,0,0,0,1
1125,2024,lando-norris,oscar-piastri,1.0,3,209.0,1.0,2.0,1.0,10.0,1,0,1,0
1125,2024,oscar-piastri,carlos-sainz-jr,2.0,3,20.0,2.0,3.0,10.0,2.0,0,0,0,1
1125,2024,carlos-sainz-jr,nico-hulkenberg,3.0,3,62.0,3.0,7.0,2.0,8.0,1,0,1,1
1125,2024,nico-hulkenberg,max-verstappen,4.0,3,59.0,7.0,4.0,8.0,6.0,0,1,1,1
1125,2024,max-verstappen,pierre-gasly,5.0,3,39.0,4.0,5.0,6.0,7.0,1,0,1,1
1125,2024,pierre-gasly,george-russell,6.0,3,148.0,5.0,6.0,7.0,5.0,0,0,0,0
1125,2024,george-russell,fernando-alonso,7.0,3,64.0,6.0,8.0,5.0,9.0,1,0,1,1
1125,2024,yuki-tsunoda,liam-lawson,11.0,2,53.0,11.0,12.0,12.0,17.0,1,0,1,1
1125,2024,liam-lawson,lance-stroll,12.0,2,312.0,12.0,13.0,17.0,14.0,0,0,0,0
1125,2024,lance-stroll,charles-leclerc,13.0,2,49.0,13.0,19.0,14.0,3.0,0,0,0,1
1125,2024,charles-leclerc,kevin-magnussen,14.0,2,44.0,19.0,14.0,3.0,16.0,1,1,0,1
1125,2024,alexander-albon,guanyu-zhou,16.0,1,59.0,18.0,15.0,11.0,13.0,1,1,0,1
1125,2024,guanyu-zhou,lewis-hamilton,17.0,1,7.0,15.0,16.0,13.0,4.0,0,0,0,1
1126,2025,lando-norris,oscar-piastri,1.0,3,84.0,1.0,2.0,1.0,9.0,1,0,1,1
1126,2025,oscar-piastri,max-verstappen,2.0,3,301.0,2.0,3.0,9.0,2.0,0,0,0,0
1126,2025,max-verstappen,george-russell,3.0,3,65.0,3.0,4.0,2.0,3.0,1,0,1,1
1126,2025,george-russell,yuki-tsunoda,4.0,3,124.0,4.0,5.0,3.0,12.0,1,0,1,0
1126,2025,yuki-tsunoda,alexander-albon,5.0,3,67.0,5.0,6.0,12.0,5.0,0,0,0,1
1126,2025,alexander-albon,charles-leclerc,6.0,3,18.0,6.0,7.0,5.0,8.0,1,0,1,1
1126,2025,charles-leclerc,lewis-hamilton,7.0,3,218.0,7.0,8.0,8.0,10.0,1,0,1,0
1126,2025,lewis-hamilton,pierre-gasly,8.0,3,7.0,8.0,9.0,10.0,11.0,1,0,1,1
1126,2025,kimi-antonelli,nico-hulkenberg,16.0,1,54.0,16.0,17.0,4.0,7.0,1,0,1,1
1127,2025,oscar-piastri,george-russell,1.0,3,82.0,1.0,2.0,1.0,3.0,1,0,1,1
1127,2025,george-russell,lando-norris,2.0,3,70.0,2.0,3.0,3.0,2.0,0,0,0,1
1127,2025,lando-norris,max-verstappen,3.0,3,24.0,3.0,4.0,2.0,4.0,1,0,1,1
1127,2025,isack-hadjar,kimi-antonelli,7.0,3,24.0,7.0,8.0,11.0,6.0,0,0,0,1
1127,2025,kimi-antonelli,yuki-tsunoda,8.0,3,535.0,8.0,9.0,6.0,16.0,1,0,1,0
1127,2025,yuki-tsunoda,alexander-albon,9.0,3,68.0,9.0,10.0,16.0,7.0,0,0,0,1
1127,2025,esteban-ocon,nico-hulkenberg,11.0,2,7.0,11.0,12.0,5.0,15.0,1,0,1,1
1127,2025,lance-stroll,carlos-sainz-jr,14.0,2,67.0,14.0,15.0,9.0,10.0,1,0,1,1
1127,2025,oliver-bearman,jack-doohan,17.0,1,74.0,17.0,18.0,8.0,13.0,1,0,1,1
1127,2025,jack-doohan,gabriel-bortoleto,18.0,1,49.0,18.0,19.0,13.0,14.0,1,0,1,1
1127,2025,gabriel-bortoleto,liam-lawson,19.0,1,33.0,19.0,20.0,14.0,12.0,0,0,0,1
1128,2025,max-verstappen,lando-norris,1.0,3,12.0,1.0,2.0,1.0,2.0,1,0,1,1
1128,2025,lando-norris,oscar-piastri,2.0,3,32.0,2.0,3.0,2.0,3.0,1,0,1,1
1128,2025,oscar-piastri,charles-leclerc,3.0,3,272.0,3.0,4.0,3.0,4.0,1,0,1,0
1128,2025,charles-leclerc,george-russell,4.0,3,19.0,4.0,5.0,4.0,5.0,1,0,1,1
1128,2025,george-russell,kimi-antonelli,5.0,3,237.0,5.0,6.0,5.0,6.0,1,0,1,0
1128,2025,kimi-antonelli,isack-hadjar,6.0,3,14.0,6.0,7.0,6.0,8.0,1,0,1,1
1128,2025,isack-hadjar,lewis-hamilton,7.0,3,41.0,7.0,8.0,8.0,7.0,0,0,0,1
1128,2025,lewis-hamilton,alexander-albon,8.0,3,5.0,8.0,9.0,7.0,9.0,1,0,1,1
1128,2025,alexander-albon,oliver-bearman,9.0,3,252.0,9.0,10.0,9.0,10.0,1,0,1,0
1128,2025,pierre-gasly,carlos-sainz-jr,11.0,2,14.0,11.0,15.0,13.0,14.0,1,0,1,1
1128,2025,carlos-sainz-jr,fernando-alonso,12.0,2,61.0,15.0,12.0,14.0,11.0,0,1,1,1
1128,2025,fernando-alonso,liam-lawson,13.0,2,9.0,12.0,13.0,11.0,17.0,1,0,1,1
1128,2025,liam-lawson,yuki-tsunoda,14.0,2,94.0,13.0,14.0,17.0,12.0,0,0,0,1
1128,2025,nico-hulkenberg,gabriel-bortoleto,16.0,1,52.0,16.0,17.0,16.0,19.0,1,0,1,1
1128,2025,gabriel-bortoleto,esteban-ocon,17.0,1,74.0,17.0,18.0,19.0,18.0,0,0,0,1
1128,2025,esteban-ocon,jack-doohan,18.0,1,181.0,18.0,19.0,18.0,15.0,0,0,0,0
1128,2025,jack-doohan,lance-stroll,19.0,1,394.0,19.0,20.0,15.0,20.0,1,0,1,0
1129,2025,oscar-piastri,george-russell,1.0,3,168.0,1.0,3.0,1.0,2.0,1,0,1,0
1129,2025,george-russell,charles-leclerc,2.0,3,166.0,3.0,2.0,2.0,4.0,1,1,0,0
1129,2025,charles-leclerc,kimi-antonelli,3.0,3,38.0,2.0,5.0,4.0,11.0,1,0,1,1
1129,2025,kimi-antonelli,pierre-gasly,4.0,3,3.0,5.0,4.0,11.0,7.0,0,1,1,1
1129,2025,pierre-gasly,lando-norris,5.0,3,51.0,4.0,6.0,7.0,3.0,0,0,0,1
1129,2025,lando-norris,max-verstappen,6.0,3,156.0,6.0,7.0,3.0,6.0,1,0,1,0
1129,2025,lewis-hamilton,yuki-tsunoda,9.0,3,531.0,9.0,10.0,5.0,9.0,1,0,1,0
1129,2025,jack-doohan,isack-hadjar,11.0,2,26.0,11.0,12.0,14.0,13.0,0,0,0,1
1129,2025,isack-hadjar,fernando-alonso,12.0,2,615.0,12.0,13.0,13.0,15.0,1,0,1,0
1129,2025,esteban-ocon,alexander-albon,14.0,1,446.0,14.0,15.0,8.0,12.0,1,0,1,0
1129,2025,liam-lawson,gabriel-bortoleto,17.0,1,21.0,17.0,18.0,16.0,18.0,1,0,1,1
1129,2025,gabriel-bortoleto,lance-stroll,18.0,1,97.0,18.0,19.0,18.0,17.0,0,0,0,1
1129,2025,lance-stroll,oliver-bearman,19.0,1,90.0,19.0,20.0,17.0,10.0,0,0,0,1
1130,2025,max-verstappen,oscar-piastri,1.0,3,10.0,1.0,2.0,2.0,1.0,0,0,0,1
1130,2025,oscar-piastri,george-russell,2.0,3,103.0,2.0,3.0,1.0,5.0,1,0,1,0
1130,2025,george-russell,charles-leclerc,3.0,3,263.0,3.0,4.0,5.0,3.0,0,0,0,0
1130,2025,charles-leclerc,kimi-antonelli,4.0,3,196.0,4.0,5.0,3.0,6.0,1,0,1,0
1130,2025,kimi-antonelli,carlos-sainz-jr,5.0,3,298.0,5.0,6.0,6.0,8.0,1,0,1,0
1130,2025,carlos-sainz-jr,lewis-hamilton,6.0,3,37.0,6.0,7.0,8.0,7.0,0,0,0,1
1130,2025,lando-norris,alexander-albon,10.0,2,628.0,10.0,11.0,4.0,9.0,1,0,1,0
1130,2025,alexander-albon,liam-lawson,11.0,2,82.0,11.0,12.0,9.0,12.0,1,0,1,1
1130,2025,liam-lawson,fernando-alonso,12.0,2,112.0,12.0,13.0,12.0,11.0,0,0,0,0
1130,2025,fernando-alonso,isack-hadjar,13.0,2,115.0,13.0,14.0,11.0,10.0,0,0,0,0
1130,2025,isack-hadjar,oliver-bearman,14.0,2,230.0,14.0,15.0,10.0,13.0,1,0,1,0
1130,2025,lance-stroll,jack-doohan,16.0,1,94.0,16.0,17.0,16.0,17.0,1,0,1,1
1130,2025,jack-doohan,nico-hulkenberg,17.0,1,43.0,17.0,18.0,17.0,15.0,0,0,0,1
1130,2025,nico-hulkenberg,esteban-ocon,18.0,1,310.0,18.0,19.0,15.0,14.0,0,0,0,0
1130,2025,esteban-ocon,gabriel-bortoleto,19.0,1,370.0,19.0,20.0,14.0,18.0,1,0,1,0
1131,2025,max-verstappen,lando-norris,1.0,3,65.0,1.0,2.0,4.0,2.0,0,0,0,1
1131,2025,lando-norris,kimi-antonelli,2.0,3,2.0,2.0,3.0,2.0,6.0,1,0,1,1
1131,2025,kimi-antonelli,oscar-piastri,3.0,3,104.0,3.0,4.0,6.0,1.0,0,0,0,0
1131,2025,oscar-piastri,george-russell,4.0,3,10.0,4.0,5.0,1.0,3.0,1,0,1,1
1131,2025,george-russell,carlos-sainz-jr,5.0,3,184.0,5.0,6.0,3.0,9.0,1,0,1,0
1131,2025,carlos-sainz-jr,alexander-albon,6.0,3,113.0,6.0,7.0,9.0,5.0,0,0,0,0
1131,2025,alexander-albon,charles-leclerc,7.0,3,72.0,7.0,8.0,5.0,7.0,1,0,1,1
1131,2025,charles-leclerc,esteban-ocon,8.0,3,70.0,8.0,9.0,7.0,12.0,1,0,1,1
1131,2025,esteban-ocon,yuki-tsunoda,9.0,3,119.0,9.0,10.0,12.0,10.0,0,0,0,0
1131,2025,isack-hadjar,lewis-hamilton,11.0,2,19.0,11.0,12.0,11.0,8.0,0,0,0,1
1131,2025,nico-hulkenberg,fernando-alonso,16.0,1,131.0,16.0,17.0,14.0,15.0,1,0,1,0
1131,2025,fernando-alonso,pierre-gasly,17.0,1,106.0,17.0,20.0,15.0,13.0,0,0,0,0
1131,2025,pierre-gasly,lance-stroll,18.0,1,120.0,20.0,18.0,13.0,16.0,1,1,0,0
1132,2025,oscar-piastri,max-verstappen,1.0,3,34.0,1.0,2.0,3.0,1.0,0,0,0,1
1132,2025,max-verstappen,george-russell,2.0,3,103.0,2.0,3.0,1.0,7.0,1,0,1,0
1132,2025,george-russell,lando-norris,3.0,3,155.0,3.0,4.0,7.0,2.0,0,0,0,0
1132,2025,lando-norris,fernando-alonso,4.0,3,469.0,4.0,5.0,2.0,11.0,1,0,1,0
1132,2025,fernando-alonso,carlos-sainz-jr,5.0,3,1.0,5.0,6.0,11.0,8.0,0,0,0,1
1132,2025,carlos-sainz-jr,alexander-albon,6.0,3,41.0,6.0,7.0,8.0,5.0,0,0,0,1
1132,2025,alexander-albon,lance-stroll,7.0,3,108.0,7.0,8.0,5.0,15.0,1,0,1,0
1132,2025,lance-stroll,isack-hadjar,8.0,3,165.0,8.0,9.0,15.0,9.0,0,0,0,0
1132,2025,isack-hadjar,pierre-gasly,9.0,3,41.0,9.0,10.0,9.0,13.0,1,0,1,1
1132,2025,charles-leclerc,lewis-hamilton,11.0,2,161.0,11.0,12.0,6.0,4.0,0,0,0,0
1132,2025,franco-colapinto,liam-lawson,15.0,1,123.0,16.0,15.0,16.0,14.0,0,1,1,0
1132,2025,liam-lawson,nico-hulkenberg,16.0,1,139.0,15.0,17.0,14.0,12.0,0,0,0,0
1133,2025,lando-norris,charles-leclerc,1.0,3,109.0,1.0,2.0,1.0,2.0,1,0,1,0
1133,2025,charles-leclerc,oscar-piastri,2.0,3,66.0,2.0,3.0,2.0,3.0,1,0,1,1
1133,2025,oscar-piastri,lewis-hamilton,3.0,3,253.0,3.0,7.0,3.0,5.0,1,0,1,0
1133,2025,lewis-hamilton,max-verstappen,4.0,3,287.0,7.0,4.0,5.0,4.0,0,1,1,0
1133,2025,max-verstappen,isack-hadjar,5.0,3,254.0,4.0,5.0,4.0,6.0,1,0,1,0
1133,2025,esteban-ocon,liam-lawson,8.0,3,187.0,8.0,9.0,7.0,8.0,1,0,1,0
1133,2025,liam-lawson,alexander-albon,9.0,3,84.0,9.0,10.0,8.0,9.0,1,0,1,1
1133,2025,carlos-sainz-jr,yuki-tsunoda,11.0,2,53.0,11.0,12.0,10.0,17.0,1,0,1,1
1133,2025,yuki-tsunoda,nico-hulkenberg,12.0,2,181.0,12.0,13.0,17.0,16.0,0,0,0,0
1133,2025,george-russell,kimi-antonelli,14.0,1,373.0,14.0,15.0,11.0,18.0,1,0,1,0
1133,2025,kimi-antonelli,gabriel-bortoleto,15.0,1,22.0,15.0,16.0,18.0,14.0,0,0,0,1
1133,2025,gabriel-bortoleto,oliver-bearman,16.0,1,77.0,16.0,20.0,14.0,12.0,0,0,0,1
1133,2025,lance-stroll,franco-colapinto,19.0,1,34.0,19.0,18.0,15.0,13.0,0,1,1,1
1134,2025,oscar-piastri,lando-norris,1.0,3,209.0,1.0,2.0,1.0,2.0,1,0,1,0
1134,2025,lando-norris,max-verstappen,2.0,3,93.0,2.0,3.0,2.0,10.0,1,0,1,1
1134,2025,max-verstappen,george-russell,3.0,3,0.0,3.0,4.0,10.0,4.0,0,0,0,1
1134,2025,george-russell,lewis-hamilton,4.0,3,197.0,4.0,5.0,4.0,6.0,1,0,1,0
1134,2025,charles-leclerc,pierre-gasly,7.0,3,68.0,7.0,8.0,3.0,8.0,1,0,1,1
1134,2025,pierre-gasly,isack-hadjar,8.0,3,53.0,8.0,9.0,8.0,7.0,0,0,0,1
1134,2025,isack-hadjar,fernando-alonso,9.0,3,32.0,9.0,10.0,7.0,9.0,1,0,1,1
1134,2025,gabriel-bortoleto,liam-lawson,12.0,2,7.0,12.0,13.0,12.0,11.0,0,0,0,1
1134,2025,nico-hulkenberg,esteban-ocon,16.0,1,11.0,15.0,16.0,5.0,16.0,1,0,1,1
1134,2025,esteban-ocon,carlos-sainz-jr,17.0,1,2.0,16.0,17.0,16.0,14.0,0,0,0,1
1134,2025,carlos-sainz-jr,franco-colapinto,18.0,1,131.0,17.0,18.0,14.0,15.0,1,0,1,0
1134,2025,franco-colapinto,yuki-tsunoda,19.0,1,51.0,18.0,19.0,15.0,13.0,0,0,0,1
1135,2025,george-russell,max-verstappen,1.0,3,160.0,1.0,2.0,1.0,2.0,1,0,1,0
1135,2025,max-verstappen,oscar-piastri,2.0,3,61.0,2.0,3.0,2.0,4.0,1,0,1,1
1135,2025,oscar-piastri,kimi-antonelli,3.0,3,271.0,3.0,4.0,4.0,3.0,0,0,0,0
1135,2025,kimi-antonelli,lewis-hamilton,4.0,3,135.0,4.0,5.0,3.0,6.0,1,0,1,0
1135,2025,lewis-hamilton,fernando-alonso,5.0,3,60.0,5.0,6.0,6.0,7.0,1,0,1,1
1135,2025,fernando-alonso,lando-norris,6.0,3,39.0,6.0,7.0,7.0,18.0,1,0,1,1
1135,2025,lando-norris,charles-leclerc,7.0,3,57.0,7.0,8.0,18.0,5.0,0,0,0,1
1135,2025,charles-leclerc,isack-hadjar,8.0,3,185.0,8.0,12.0,5.0,16.0,1,0,1,0
1135,2025,yuki-tsunoda,franco-colapinto,11.0,2,40.0,18.0,10.0,12.0,13.0,1,1,0,1
1135,2025,franco-colapinto,nico-hulkenberg,12.0,2,41.0,10.0,11.0,13.0,8.0,0,0,0,1
1135,2025,nico-hulkenberg,oliver-bearman,13.0,2,157.0,11.0,13.0,8.0,11.0,1,0,1,0
1135,2025,oliver-bearman,esteban-ocon,14.0,2,294.0,13.0,14.0,11.0,9.0,0,0,0,0
1135,2025,gabriel-bortoleto,carlos-sainz-jr,16.0,1,13.0,15.0,16.0,14.0,10.0,0,0,0,1
1135,2025,carlos-sainz-jr,lance-stroll,17.0,1,119.0,16.0,17.0,10.0,17.0,1,0,1,0
1136,2025,lando-norris,charles-leclerc,1.0,3,521.0,1.0,2.0,1.0,3.0,1,0,1,0
1136,2025,charles-leclerc,oscar-piastri,2.0,3,62.0,2.0,3.0,3.0,2.0,0,0,0,1
1136,2025,oscar-piastri,lewis-hamilton,3.0,3,28.0,3.0,4.0,2.0,4.0,1,0,1,1
1136,2025,lewis-hamilton,george-russell,4.0,3,181.0,4.0,5.0,4.0,5.0,1,0,1,0
1136,2025,george-russell,liam-lawson,5.0,3,163.0,5.0,6.0,5.0,6.0,1,0,1,0
1136,2025,isack-hadjar,franco-colapinto,13.0,2,62.0,13.0,14.0,12.0,15.0,1,0,1,1
1136,2025,franco-colapinto,oliver-bearman,14.0,2,24.0,14.0,15.0,15.0,11.0,0,0,0,1
1136,2025,lance-stroll,esteban-ocon,16.0,1,35.0,16.0,17.0,14.0,10.0,0,0,0,1
1136,2025,esteban-ocon,yuki-tsunoda,17.0,1,5.0,17.0,18.0,10.0,16.0,1,0,1,1
1137,2025,max-verstappen,oscar-piastri,1.0,3,103.0,1.0,2.0,5.0,2.0,0,0,0,0
1137,2025,oscar-piastri,lando-norris,2.0,3,15.0,2.0,3.0,2.0,1.0,0,0,0,1
1137,2025,lando-norris,george-russell,3.0,3,19.0,3.0,4.0,1.0,10.0,1,0,1,1
1137,2025,george-russell,lewis-hamilton,4.0,3,66.0,4.0,5.0,10.0,4.0,0,0,0,1
1137,2025,lewis-hamilton,charles-leclerc,5.0,3,26.0,5.0,6.0,4.0,14.0,1,0,1,1
1137,2025,oliver-bearman,fernando-alonso,8.0,3,150.0,18.0,7.0,11.0,9.0,0,1,1,0
1137,2025,fernando-alonso,pierre-gasly,9.0,3,164.0,7.0,8.0,9.0,6.0,0,0,0,0
1137,2025,carlos-sainz-jr,yuki-tsunoda,11.0,2,80.0,9.0,11.0,12.0,15.0,1,0,1,1
1137,2025,alexander-albon,esteban-ocon,14.0,2,61.0,13.0,14.0,8.0,13.0,1,0,1,1
1137,2025,lance-stroll,nico-hulkenberg,18.0,1,70.0,17.0,19.0,7.0,3.0,0,0,0,1
1138,2025,lando-norris,oscar-piastri,1.0,3,85.0,1.0,2.0,2.0,1.0,0,0,0,1
1138,2025,oscar-piastri,charles-leclerc,2.0,3,253.0,2.0,3.0,1.0,3.0,1,0,1,0
1138,2025,charles-leclerc,max-verstappen,3.0,3,3.0,3.0,4.0,3.0,4.0,1,0,1,1
1138,2025,max-verstappen,alexander-albon,4.0,3,298.0,4.0,5.0,4.0,6.0,1,0,1,0
1138,2025,alexander-albon,george-russell,5.0,3,59.0,5.0,6.0,6.0,5.0,0,0,0,1
1138,2025,george-russell,yuki-tsunoda,6.0,3,24.0,6.0,7.0,5.0,13.0,1,0,1,1
1138,2025,yuki-tsunoda,isack-hadjar,7.0,3,26.0,7.0,8.0,13.0,20.0,1,0,1,1
1138,2025,isack-hadjar,liam-lawson,8.0,3,18.0,8.0,9.0,20.0,8.0,0,0,0,1
1138,2025,liam-lawson,gabriel-bortoleto,9.0,3,1059.0,9.0,10.0,8.0,9.0,1,0,1,0
1138,2025,esteban-ocon,oliver-bearman,11.0,2,92.0,11.0,12.0,15.0,11.0,0,0,0,1
1138,2025,oliver-bearman,pierre-gasly,12.0,2,16.0,12.0,13.0,11.0,10.0,0,0,0,1
1138,2025,pierre-gasly,nico-hulkenberg,13.0,2,74.0,13.0,14.0,10.0,12.0,1,0,1,1
1138,2025,nico-hulkenberg,carlos-sainz-jr,14.0,2,51.0,14.0,17.0,12.0,18.0,1,0,1,1
1138,2025,lewis-hamilton,franco-colapinto,16.0,1,83.0,18.0,15.0,7.0,19.0,1,1,0,1
1138,2025,franco-colapinto,kimi-antonelli,17.0,1,117.0,15.0,19.0,19.0,16.0,0,0,0,0
1138,2025,kimi-antonelli,fernando-alonso,18.0,1,246.0,19.0,20.0,16.0,17.0,1,0,1,0
1138,2025,fernando-alonso,lance-stroll,19.0,1,117.0,20.0,16.0,17.0,14.0,0,1,1,0
1139,2025,charles-leclerc,oscar-piastri,1.0,3,26.0,1.0,2.0,4.0,2.0,0,0,0,1
1139,2025,oscar-piastri,lando-norris,2.0,3,15.0,2.0,3.0,2.0,1.0,0,0,0,1
1139,2025,lando-norris,george-russell,3.0,3,12.0,3.0,4.0,1.0,3.0,1,0,1,1
1139,2025,george-russell,fernando-alonso,4.0,3,56.0,4.0,5.0,3.0,5.0,1,0,1,1
1139,2025,fernando-alonso,lance-stroll,5.0,3,17.0,5.0,6.0,5.0,7.0,1,0,1,1
1139,2025,lance-stroll,gabriel-bortoleto,6.0,3,227.0,6.0,7.0,7.0,6.0,0,0,0,0
1139,2025,gabriel-bortoleto,max-verstappen,7.0,3,3.0,7.0,8.0,6.0,9.0,1,0,1,1
1139,2025,max-verstappen,liam-lawson,8.0,3,93.0,8.0,9.0,9.0,8.0,0,0,0,1
1139,2025,liam-lawson,isack-hadjar,9.0,3,94.0,9.0,10.0,8.0,11.0,1,0,1,1
1139,2025,lewis-hamilton,carlos-sainz-jr,12.0,2,79.0,12.0,13.0,12.0,14.0,1,0,1,1
1139,2025,carlos-sainz-jr,franco-colapinto,13.0,2,378.0,13.0,14.0,14.0,18.0,1,0,1,0
1139,2025,franco-colapinto,kimi-antonelli,14.0,2,227.0,14.0,15.0,18.0,10.0,0,0,0,0
1139,2025,yuki-tsunoda,pierre-gasly,16.0,1,67.0,20.0,16.0,17.0,19.0,1,1,0,1
1139,2025,pierre-gasly,esteban-ocon,17.0,1,57.0,16.0,17.0,19.0,16.0,0,0,0,1
1139,2025,esteban-ocon,nico-hulkenberg,18.0,1,58.0,17.0,18.0,16.0,13.0,0,0,0,1
1139,2025,nico-hulkenberg,alexander-albon,19.0,1,142.0,18.0,19.0,13.0,15.0,1,0,1,0
1140,2025,oscar-piastri,lando-norris,1.0,3,12.0,1.0,2.0,1.0,18.0,1,0,1,1
1140,2025,lando-norris,max-verstappen,2.0,3,251.0,2.0,3.0,18.0,2.0,0,0,0,0
1140,2025,max-verstappen,isack-hadjar,3.0,3,283.0,3.0,4.0,2.0,3.0,1,0,1,0
1140,2025,isack-hadjar,george-russell,4.0,3,47.0,4.0,5.0,3.0,4.0,1,0,1,1
1140,2025,liam-lawson,carlos-sainz-jr,8.0,3,5.0,8.0,9.0,12.0,13.0,1,0,1,1
1140,2025,carlos-sainz-jr,fernando-alonso,9.0,3,125.0,9.0,10.0,13.0,8.0,0,0,0,0
1140,2025,kimi-antonelli,yuki-tsunoda,11.0,2,129.0,11.0,12.0,16.0,9.0,0,0,0,0
1140,2025,yuki-tsunoda,gabriel-bortoleto,12.0,2,0.0,12.0,13.0,9.0,15.0,1,0,1,1
1140,2025,gabriel-bortoleto,pierre-gasly,13.0,2,15.0,13.0,14.0,15.0,17.0,1,0,1,1
1140,2025,pierre-gasly,alexander-albon,14.0,2,15.0,14.0,15.0,17.0,5.0,0,0,0,1
1140,2025,franco-colapinto,nico-hulkenberg,16.0,1,91.0,16.0,17.0,11.0,14.0,1,0,1,1
1140,2025,nico-hulkenberg,esteban-ocon,17.0,1,2.0,17.0,18.0,14.0,10.0,0,0,0,1
1140,2025,esteban-ocon,oliver-bearman,18.0,1,65.0,18.0,20.0,10.0,6.0,0,0,0,1
1141,2025,max-verstappen,lando-norris,1.0,3,77.0,1.0,2.0,1.0,2.0,1,0,1,1
1141,2025,lando-norris,oscar-piastri,2.0,3,113.0,2.0,3.0,2.0,3.0,1,0,1,0
1141,2025,oscar-piastri,charles-leclerc,3.0,3,25.0,3.0,4.0,3.0,4.0,1,0,1,1
1141,2025,charles-leclerc,lewis-hamilton,4.0,3,117.0,4.0,10.0,4.0,6.0,1,0,1,0
1141,2025,lewis-hamilton,george-russell,5.0,3,33.0,10.0,5.0,6.0,5.0,0,1,1,1
1141,2025,george-russell,kimi-antonelli,6.0,3,43.0,5.0,6.0,5.0,9.0,1,0,1,1
1141,2025,kimi-antonelli,gabriel-bortoleto,7.0,3,190.0,6.0,7.0,9.0,8.0,0,0,0,0
1141,2025,carlos-sainz-jr,alexander-albon,13.0,2,55.0,13.0,14.0,11.0,7.0,0,0,0,1
1141,2025,alexander-albon,esteban-ocon,14.0,2,124.0,14.0,15.0,7.0,15.0,1,0,1,0
1141,2025,isack-hadjar,lance-stroll,16.0,1,31.0,19.0,16.0,10.0,18.0,1,1,0,1
1141,2025,lance-stroll,franco-colapinto,17.0,1,44.0,16.0,17.0,18.0,17.0,0,0,0,1
1141,2025,franco-colapinto,pierre-gasly,18.0,1,111.0,17.0,20.0,17.0,16.0,0,0,0,0
1141,2025,pierre-gasly,liam-lawson,19.0,1,176.0,20.0,18.0,16.0,14.0,0,1,1,0
1142,2025,max-verstappen,carlos-sainz-jr,1.0,3,478.0,1.0,2.0,1.0,3.0,1,0,1,0
1142,2025,carlos-sainz-jr,liam-lawson,2.0,3,112.0,2.0,3.0,3.0,5.0,1,0,1,0
1142,2025,liam-lawson,kimi-antonelli,3.0,3,10.0,3.0,4.0,5.0,4.0,0,0,0,1
1142,2025,kimi-antonelli,george-russell,4.0,3,353.0,4.0,5.0,4.0,2.0,0,0,0,0
1142,2025,george-russell,yuki-tsunoda,5.0,3,73.0,5.0,6.0,2.0,6.0,1,0,1,1
1142,2025,yuki-tsunoda,lando-norris,6.0,3,96.0,6.0,7.0,6.0,7.0,1,0,1,1
1142,2025,lando-norris,isack-hadjar,7.0,3,133.0,7.0,8.0,7.0,10.0,1,0,1,0
1142,2025,charles-leclerc,fernando-alonso,10.0,2,338.0,10.0,11.0,9.0,15.0,1,0,1,0
1142,2025,fernando-alonso,lewis-hamilton,11.0,2,326.0,11.0,12.0,15.0,8.0,0,0,0,0
1142,2025,lewis-hamilton,gabriel-bortoleto,12.0,2,94.0,12.0,13.0,8.0,11.0,1,0,1,1
1142,2025,gabriel-bortoleto,lance-stroll,13.0,2,784.0,13.0,14.0,11.0,17.0,1,0,1,0
1142,2025,oliver-bearman,franco-colapinto,15.0,1,113.0,15.0,16.0,12.0,19.0,1,0,1,0
1142,2025,franco-colapinto,nico-hulkenberg,16.0,1,137.0,16.0,17.0,19.0,16.0,0,0,0,0
1142,2025,nico-hulkenberg,pierre-gasly,17.0,1,223.0,17.0,18.0,16.0,18.0,1,0,1,0
1142,2025,pierre-gasly,alexander-albon,18.0,1,639.0,18.0,19.0,18.0,13.0,0,0,0,0
1143,2025,george-russell,max-verstappen,1.0,3,182.0,1.0,2.0,1.0,2.0,1,0,1,0
1143,2025,max-verstappen,oscar-piastri,2.0,3,184.0,2.0,3.0,2.0,4.0,1,0,1,0
1143,2025,oscar-piastri,kimi-antonelli,3.0,3,13.0,3.0,4.0,4.0,5.0,1,0,1,1
1143,2025,kimi-antonelli,lando-norris,4.0,3,49.0,4.0,5.0,5.0,3.0,0,0,0,1
1143,2025,lando-norris,lewis-hamilton,5.0,3,102.0,5.0,6.0,3.0,8.0,1,0,1,0
1143,2025,lewis-hamilton,charles-leclerc,6.0,3,96.0,6.0,7.0,8.0,6.0,0,0,0,1
1143,2025,charles-leclerc,isack-hadjar,7.0,3,62.0,7.0,8.0,6.0,11.0,1,0,1,1
1143,2025,isack-hadjar,oliver-bearman,8.0,3,22.0,8.0,9.0,11.0,9.0,0,0,0,1
1143,2025,oliver-bearman,fernando-alonso,9.0,3,87.0,9.0,10.0,9.0,7.0,0,0,0,1
1143,2025,nico-hulkenberg,liam-lawson,11.0,2,179.0,11.0,12.0,20.0,15.0,0,0,0,0
1143,2025,liam-lawson,yuki-tsunoda,12.0,2,33.0,12.0,13.0,15.0,12.0,0,0,0,1
1143,2025,gabriel-bortoleto,lance-stroll,14.0,1,129.0,14.0,15.0,17.0,13.0,0,0,0,0
1143,2025,lance-stroll,franco-colapinto,15.0,1,33.0,15.0,16.0,13.0,16.0,1,0,1,1
1143,2025,franco-colapinto,esteban-ocon,16.0,1,7.0,16.0,17.0,16.0,18.0,1,0,1,1
1143,2025,esteban-ocon,pierre-gasly,17.0,1,272.0,17.0,19.0,18.0,19.0,1,0,1,0
1144,2025,max-verstappen,lando-norris,1.0,3,291.0,1.0,2.0,1.0,2.0,1,0,1,0
1144,2025,lando-norris,charles-leclerc,2.0,3,6.0,2.0,3.0,2.0,3.0,1,0,1,1
1144,2025,charles-leclerc,george-russell,3.0,3,19.0,3.0,4.0,3.0,6.0,1,0,1,1
1144,2025,george-russell,lewis-hamilton,4.0,3,86.0,4.0,5.0,6.0,4.0,0,0,0,1
1144,2025,lewis-hamilton,oscar-piastri,5.0,3,172.0,5.0,6.0,4.0,5.0,1,0,1,0
1144,2025,oscar-piastri,kimi-antonelli,6.0,3,30.0,6.0,7.0,5.0,13.0,1,0,1,1
1144,2025,kimi-antonelli,oliver-bearman,7.0,3,25.0,7.0,8.0,13.0,9.0,0,0,0,1
1144,2025,nico-hulkenberg,liam-lawson,11.0,2,26.0,11.0,12.0,8.0,11.0,1,0,1,1
1144,2025,liam-lawson,yuki-tsunoda,12.0,2,106.0,12.0,13.0,11.0,7.0,0,0,0,0
1144,2025,yuki-tsunoda,pierre-gasly,13.0,2,185.0,13.0,14.0,7.0,19.0,1,0,1,0
1144,2025,pierre-gasly,franco-colapinto,14.0,2,393.0,14.0,15.0,19.0,17.0,0,0,0,0
1144,2025,gabriel-bortoleto,esteban-ocon,16.0,1,11.0,16.0,17.0,18.0,15.0,0,0,0,1
1144,2025,esteban-ocon,lance-stroll,17.0,1,404.0,17.0,19.0,15.0,12.0,0,0,0,0
1144,2025,lance-stroll,alexander-albon,18.0,1,150.0,19.0,18.0,12.0,14.0,1,1,0,0
1145,2025,lando-norris,charles-leclerc,1.0,3,262.0,1.0,2.0,1.0,2.0,1,0,1,0
1145,2025,charles-leclerc,lewis-hamilton,2.0,3,90.0,2.0,3.0,2.0,8.0,1,0,1,1
1145,2025,lewis-hamilton,george-russell,3.0,3,96.0,3.0,4.0,8.0,7.0,0,0,0,1
1145,2025,george-russell,max-verstappen,4.0,3,36.0,4.0,5.0,7.0,3.0,0,0,0,1
1145,2025,max-verstappen,kimi-antonelli,5.0,3,48.0,5.0,6.0,3.0,6.0,1,0,1,1
1145,2025,kimi-antonelli,carlos-sainz-jr,6.0,3,54.0,6.0,12.0,6.0,17.0,1,0,1,1
1145,2025,carlos-sainz-jr,oscar-piastri,7.0,3,2.0,12.0,7.0,17.0,5.0,0,1,1,1
1145,2025,oscar-piastri,isack-hadjar,8.0,3,78.0,7.0,8.0,5.0,13.0,1,0,1,1
1145,2025,isack-hadjar,oliver-bearman,9.0,3,208.0,8.0,9.0,13.0,4.0,0,0,0,0
1145,2025,yuki-tsunoda,esteban-ocon,11.0,2,21.0,10.0,11.0,11.0,9.0,0,0,0,1
1145,2025,gabriel-bortoleto,alexander-albon,16.0,1,78.0,16.0,17.0,10.0,12.0,1,0,1,1
1145,2025,alexander-albon,pierre-gasly,17.0,1,56.0,17.0,18.0,12.0,15.0,1,0,1,1
1145,2025,pierre-gasly,lance-stroll,18.0,1,60.0,18.0,19.0,15.0,14.0,0,0,0,1
1145,2025,lance-stroll,franco-colapinto,19.0,1,64.0,19.0,20.0,14.0,16.0,1,0,1,1
1146,2025,lando-norris,kimi-antonelli,1.0,3,174.0,1.0,2.0,1.0,2.0,1,0,1,0
1146,2025,oscar-piastri,isack-hadjar,4.0,3,45.0,4.0,5.0,5.0,8.0,1,0,1,1
1146,2025,isack-hadjar,george-russell,5.0,3,11.0,5.0,6.0,8.0,4.0,0,0,0,1
1146,2025,george-russell,liam-lawson,6.0,3,20.0,6.0,7.0,4.0,7.0,1,0,1,1
1146,2025,liam-lawson,oliver-bearman,7.0,3,15.0,7.0,8.0,7.0,6.0,0,0,0,1
1146,2025,oliver-bearman,pierre-gasly,8.0,3,25.0,8.0,9.0,6.0,10.0,1,0,1,1
1146,2025,pierre-gasly,nico-hulkenberg,9.0,3,37.0,9.0,10.0,10.0,9.0,0,0,0,1
1146,2025,fernando-alonso,alexander-albon,11.0,2,52.0,11.0,12.0,14.0,11.0,0,0,0,1
1146,2025,lance-stroll,carlos-sainz-jr,14.0,2,311.0,14.0,15.0,16.0,13.0,0,0,0,0
1146,2025,max-verstappen,esteban-ocon,16.0,1,35.0,19.0,20.0,3.0,12.0,1,0,1,1
1146,2025,esteban-ocon,franco-colapinto,17.0,1,194.0,20.0,16.0,12.0,15.0,1,1,0,0
1146,2025,franco-colapinto,yuki-tsunoda,18.0,1,79.0,16.0,17.0,15.0,17.0,1,0,1,1
1147,2025,max-verstappen,carlos-sainz-jr,2.0,3,39.0,2.0,3.0,1.0,5.0,1,0,1,1
1147,2025,carlos-sainz-jr,george-russell,3.0,3,507.0,3.0,4.0,5.0,2.0,0,0,0,0
1147,2025,liam-lawson,fernando-alonso,6.0,3,404.0,6.0,7.0,14.0,11.0,0,0,0,0
1147,2025,fernando-alonso,isack-hadjar,7.0,3,88.0,7.0,8.0,11.0,6.0,0,0,0,1
1147,2025,isack-hadjar,charles-leclerc,8.0,3,318.0,8.0,9.0,6.0,4.0,0,0,0,0
1147,2025,charles-leclerc,pierre-gasly,9.0,3,1668.0,9.0,10.0,4.0,13.0,1,0,1,0
1147,2025,esteban-ocon,oliver-bearman,13.0,2,107.0,13.0,14.0,9.0,10.0,1,0,1,0
1147,2025,oliver-bearman,franco-colapinto,14.0,2,589.0,14.0,15.0,10.0,15.0,1,0,1,0
1147,2025,yuki-tsunoda,lewis-hamilton,19.0,1,317.0,20.0,19.0,12.0,8.0,0,1,1,0
1148,2025,oscar-piastri,lando-norris,1.0,3,108.0,1.0,2.0,2.0,4.0,1,0,1,0
1148,2025,lando-norris,max-verstappen,2.0,3,156.0,2.0,3.0,4.0,1.0,0,0,0,0
1148,2025,max-verstappen,george-russell,3.0,3,11.0,3.0,4.0,1.0,6.0,1,0,1,1
1148,2025,george-russell,kimi-antonelli,4.0,3,184.0,4.0,5.0,6.0,5.0,0,0,0,0
1148,2025,kimi-antonelli,isack-hadjar,5.0,3,268.0,5.0,6.0,5.0,18.0,1,0,1,0
1148,2025,isack-hadjar,carlos-sainz-jr,6.0,3,173.0,6.0,7.0,18.0,3.0,0,0,0,0
1148,2025,carlos-sainz-jr,fernando-alonso,7.0,3,131.0,7.0,8.0,3.0,7.0,1,0,1,0
1148,2025,fernando-alonso,pierre-gasly,8.0,3,59.0,8.0,9.0,7.0,16.0,1,0,1,1
1148,2025,pierre-gasly,charles-leclerc,9.0,3,84.0,9.0,10.0,16.0,8.0,0,0,0,1
1148,2025,gabriel-bortoleto,alexander-albon,14.0,2,95.0,19.0,14.0,13.0,11.0,0,1,1,1
1148,2025,yuki-tsunoda,esteban-ocon,16.0,1,103.0,15.0,16.0,10.0,15.0,1,0,1,0
1148,2025,esteban-ocon,lewis-hamilton,17.0,1,43.0,16.0,17.0,15.0,12.0,0,0,0,1
1148,2025,lewis-hamilton,lance-stroll,18.0,1,151.0,17.0,18.0,12.0,17.0,1,0,1,0
1148,2025,lance-stroll,franco-colapinto,19.0,1,79.0,18.0,20.0,17.0,14.0,0,0,0,1
1149,2025,max-verstappen,lando-norris,1.0,3,201.0,1.0,2.0,1.0,3.0,1,0,1,0
1149,2025,lando-norris,oscar-piastri,2.0,3,29.0,2.0,3.0,3.0,2.0,0,0,0,1
1149,2025,oscar-piastri,george-russell,3.0,3,208.0,3.0,4.0,2.0,5.0,1,0,1,0
1149,2025,george-russell,charles-leclerc,4.0,3,85.0,4.0,5.0,5.0,4.0,0,0,0,1
1149,2025,charles-leclerc,fernando-alonso,5.0,3,172.0,5.0,6.0,4.0,6.0,1,0,1,0
1149,2025,fernando-alonso,gabriel-bortoleto,6.0,3,2.0,6.0,7.0,6.0,11.0,1,0,1,1
1149,2025,gabriel-bortoleto,esteban-ocon,7.0,3,9.0,7.0,8.0,11.0,7.0,0,0,0,1
1149,2025,esteban-ocon,isack-hadjar,8.0,3,159.0,8.0,9.0,7.0,17.0,1,0,1,0
1149,2025,yuki-tsunoda,oliver-bearman,10.0,2,7.0,10.0,11.0,14.0,12.0,0,0,0,1
1149,2025,oliver-bearman,carlos-sainz-jr,11.0,2,1.0,11.0,12.0,12.0,13.0,1,0,1,1
1149,2025,carlos-sainz-jr,liam-lawson,12.0,2,35.0,12.0,13.0,13.0,18.0,1,0,1,1
1149,2025,liam-lawson,kimi-antonelli,13.0,2,3.0,13.0,14.0,18.0,15.0,0,0,0,1
1149,2025,kimi-antonelli,lance-stroll,14.0,2,17.0,14.0,15.0,15.0,10.0,0,0,0,1
1149,2025,lewis-hamilton,alexander-albon,16.0,1,22.0,16.0,17.0,8.0,16.0,1,0,1,1
1149,2025,alexander-albon,nico-hulkenberg,17.0,1,34.0,17.0,18.0,16.0,9.0,0,0,0,1
1149,2025,nico-hulkenberg,pierre-gasly,18.0,1,18.0,18.0,19.0,9.0,19.0,1,0,1,1
1149,2025,pierre-gasly,franco-colapinto,19.0,1,422.0,19.0,20.0,19.0,20.0,1,0,1,0
